Mask ID,Cell ID,Z-plane,Z-span,Principal Plane,phox2b,ralyl,slc17a6,tenm2,ebf3,pcp4,slc32a1,tshz2,alcam,celf2,meis2,rph3a,robo1,slc5a7,syt1,zfhx3
1,MC_SC_17_s03L_1,1,2,1,0,0,0,0,0,0,0,0,0,0,0,0,0,0,0,0
2,MC_SC_17_s03L_2,1,6,4,110,16,30,44,0,3,16,24,15,8,14,24,43,63,45,38
3,MC_SC_17_s03L_3,1,4,4,1,2,3,21,0,42,13,1,0,4,1,2,5,0,3,0
4,MC_SC_17_s03L_4,1,10,5,0,0,13,18,1,20,2,0,0,14,13,17,0,4,0,0
5,MC_SC_17_s03L_5,1,7,6,4,31,15,62,2,475,16,33,3,66,11,41,6,0,0,8
6,MC_SC_17_s03L_6,1,1,1,0,0,0,0,0,0,0,0,0,2,0,0,47,2,7,4
7,MC_SC_17_s03L_7,1,1,1,0,0,0,0,0,0,0,0,0,0,0,0,0,0,0,0
8,MC_SC_17_s03L_8,1,8,5,99,46,110,122,5,40,95,10,0,16,55,164,108,116,4,49
9,MC_SC_17_s03L_9,2,12,8,85,0,8,61,11,7,26,13,3,13,11,28,4,21,0,3
10,MC_SC_17_s03L_10,2,3,2,0,6,0,8,4,0,49,1,2,6,15,2,0,0,0,0
11,MC_SC_17_s03L_11,2,5,3,81,4,35,21,0,26,41,4,1,0,20,29,4,3,0,4
12,MC_SC_17_s03L_12,2,6,3,61,35,42,58,4,31,90,5,1,4,13,45,21,45,0,13
13,MC_SC_17_s03L_13,2,7,4,148,13,98,106,2,23,64,0,2,7,27,102,46,50,4,40
14,MC_SC_17_s03L_14,2,7,4,3,31,3,98,8,31,250,1,2,30,43,198,98,62,6,56
15,MC_SC_17_s03L_15,2,5,4,43,23,74,83,0,21,54,10,1,3,23,31,14,45,0,6
16,MC_SC_17_s03L_16,2,2,2,5,0,0,9,0,0,0,0,0,2,1,0,0,0,0,0
17,MC_SC_17_s03L_17,2,5,3,81,44,31,19,0,8,57,8,1,6,29,45,19,13,1,10
18,MC_SC_17_s03L_18,2,8,5,16,58,6,69,47,121,255,31,14,17,28,105,50,14,6,7
19,MC_SC_17_s03L_19,2,7,5,0,6,1,89,0,0,101,3,11,5,15,13,36,12,3,11
20,MC_SC_17_s03L_20,2,6,4,90,6,35,39,0,0,5,2,0,1,13,36,13,6,0,0
21,MC_SC_17_s03L_21,2,8,5,192,35,112,112,9,80,99,22,5,51,127,292,138,169,46,25
22,MC_SC_17_s03L_22,2,6,4,0,25,0,75,5,5,94,7,1,21,61,91,83,29,4,7
23,MC_SC_17_s03L_23,2,7,4,1,0,0,40,2,0,0,0,2,2,0,0,0,0,0,2
24,MC_SC_17_s03L_24,2,4,4,1,38,35,81,5,7,0,5,0,0,3,1,3,0,0,0
25,MC_SC_17_s03L_25,2,4,3,0,8,9,31,0,0,0,0,2,0,0,0,2,0,0,0
26,MC_SC_17_s03L_26,2,9,6,1,1,3,187,36,255,383,23,111,25,41,3,19,52,9,8
27,MC_SC_17_s03L_27,2,6,4,81,27,34,41,0,56,11,0,2,4,34,66,41,13,0,17
28,MC_SC_17_s03L_28,2,10,6,0,4,7,48,67,208,267,8,74,18,23,2,34,22,9,5
29,MC_SC_17_s03L_29,2,6,6,5,42,2,38,36,336,106,24,1,39,55,65,153,51,2,15
30,MC_SC_17_s03L_30,2,4,3,6,31,4,46,9,178,29,28,15,18,48,65,0,0,0,5
31,MC_SC_17_s03L_31,2,10,8,0,4,0,30,2,39,7,6,3,18,2,5,1,4,22,0
32,MC_SC_17_s03L_32,2,10,6,90,29,0,50,5,19,13,44,182,42,64,244,32,194,12,21
33,MC_SC_17_s03L_33,3,4,2,0,3,0,22,4,0,16,0,4,0,3,4,0,0,0,0
34,MC_SC_17_s03L_34,3,6,4,17,3,14,17,0,13,27,27,1,6,19,57,10,61,10,5
35,MC_SC_17_s03L_35,3,5,4,0,4,0,38,4,5,19,0,8,1,22,10,1,12,12,15
36,MC_SC_17_s03L_36,3,2,2,4,6,0,7,0,2,2,0,0,6,4,1,1,0,0,1
37,MC_SC_17_s03L_37,3,5,3,60,2,0,56,0,0,0,10,48,6,39,0,0,0,0,0
38,MC_SC_17_s03L_38,3,6,3,166,7,4,49,7,2,25,8,12,19,4,93,54,42,2,9
39,MC_SC_17_s03L_39,3,2,1,1,1,0,11,2,0,0,0,0,1,0,0,0,0,0,0
40,MC_SC_17_s03L_40,3,7,3,0,0,2,70,14,1,1,4,12,14,33,36,44,42,8,13
41,MC_SC_17_s03L_41,3,6,4,3,1,5,107,17,1,20,25,9,14,46,46,48,46,5,12
42,MC_SC_17_s03L_42,3,3,2,1,6,1,5,14,13,37,0,0,5,5,0,0,0,0,0
43,MC_SC_17_s03L_43,3,4,3,142,10,42,51,0,54,33,6,27,25,50,102,50,3,14,51
44,MC_SC_17_s03L_44,3,2,2,9,0,0,10,0,0,8,0,0,1,0,0,3,11,0,1
45,MC_SC_17_s03L_45,3,15,7,27,17,1,50,1,145,35,5,0,11,81,219,47,49,3,19
46,MC_SC_17_s03L_46,3,4,3,6,4,0,36,56,4,45,3,4,6,30,18,12,6,14,31
47,MC_SC_17_s03L_47,3,4,3,0,0,1,18,0,61,0,2,1,7,3,54,3,2,4,14
48,MC_SC_17_s03L_48,3,2,2,0,1,0,2,0,0,0,0,0,0,0,1,1,0,0,0
49,MC_SC_17_s03L_49,3,1,1,4,6,0,3,1,11,4,0,0,0,0,0,0,0,2,0
50,MC_SC_17_s03L_50,3,1,1,0,2,0,6,0,0,0,0,0,0,0,0,0,0,0,0
51,MC_SC_17_s03L_51,3,3,2,38,2,0,9,1,0,0,3,0,0,0,0,0,0,0,0
52,MC_SC_17_s03L_52,3,5,3,2,1,0,8,15,16,16,3,6,4,0,0,4,2,1,2
53,MC_SC_17_s03L_53,3,4,3,1,2,28,85,1,6,21,5,0,5,10,57,5,16,2,15
54,MC_SC_17_s03L_54,3,1,1,0,0,0,0,13,1,6,3,2,13,6,2,6,1,2,25
55,MC_SC_17_s03L_55,3,9,6,3,1,12,104,3,30,23,9,1,13,28,49,28,28,4,29
56,MC_SC_17_s03L_56,3,10,4,2,3,6,55,0,7,5,2,4,2,1,7,8,12,59,23
57,MC_SC_17_s03L_57,3,6,5,275,42,112,102,5,70,72,9,2,8,41,110,125,50,0,12
58,MC_SC_17_s03L_58,3,3,2,49,24,0,18,3,10,24,4,0,10,1,0,12,1,0,9
59,MC_SC_17_s03L_59,3,4,2,117,11,76,111,1,0,0,0,0,5,1,4,0,0,0,1
60,MC_SC_17_s03L_60,3,10,5,0,27,0,67,27,15,128,3,0,18,10,28,87,9,3,0
61,MC_SC_17_s03L_61,3,9,5,2,103,14,112,1,32,359,2,3,20,48,230,74,81,3,51
62,MC_SC_17_s03L_62,3,7,4,1,28,11,115,0,77,7,10,1,32,0,23,30,0,5,20
63,MC_SC_17_s03L_63,3,3,3,3,3,0,76,13,0,58,1,2,1,23,0,1,0,0,2
64,MC_SC_17_s03L_64,3,8,5,0,14,48,90,0,16,15,6,0,16,47,25,2,12,5,30
65,MC_SC_17_s03L_65,3,5,3,118,24,78,72,3,51,24,3,13,2,41,12,110,12,6,28
66,MC_SC_17_s03L_66,3,4,2,132,10,32,53,0,9,44,3,0,5,34,23,52,28,15,14
67,MC_SC_17_s03L_67,3,7,5,124,32,25,66,2,23,8,9,22,6,25,9,10,3,13,2
68,MC_SC_17_s03L_68,3,3,2,90,148,7,90,0,0,3,0,1,0,0,0,0,0,0,4
69,MC_SC_17_s03L_69,3,7,3,79,12,8,25,0,6,11,2,7,9,27,7,32,18,2,8
70,MC_SC_17_s03L_70,3,4,3,154,5,54,105,0,5,9,12,2,4,37,0,40,8,0,52
71,MC_SC_17_s03L_71,3,6,4,59,30,86,123,0,38,46,7,0,10,37,34,37,29,17,11
72,MC_SC_17_s03L_72,3,9,4,4,88,17,37,2,15,173,3,0,10,5,38,36,62,0,6
73,MC_SC_17_s03L_73,3,1,1,0,1,0,0,0,0,0,0,0,0,0,0,0,0,0,1
74,MC_SC_17_s03L_74,3,4,3,114,12,23,52,0,0,0,0,0,2,0,0,0,0,0,0
75,MC_SC_17_s03L_75,3,8,5,4,136,13,94,4,50,352,17,0,24,16,62,82,80,35,11
76,MC_SC_17_s03L_76,3,1,1,0,0,0,0,1,0,7,0,0,2,5,0,15,2,0,0
77,MC_SC_17_s03L_77,3,7,5,0,11,0,70,1,3,2,9,1,9,1,9,8,0,106,9
78,MC_SC_17_s03L_78,3,5,4,3,3,0,24,9,30,18,10,3,3,1,2,6,0,15,0
79,MC_SC_17_s03L_79,3,5,4,0,41,0,49,1,36,9,25,2,29,25,3,41,47,13,18
80,MC_SC_17_s03L_80,3,8,6,1,18,0,74,4,9,32,49,36,5,8,10,6,0,45,32
81,MC_SC_17_s03L_81,3,7,5,2,5,0,44,0,9,57,16,6,20,26,27,19,4,9,1
82,MC_SC_17_s03L_82,3,4,4,0,8,0,8,1,17,70,9,8,13,28,56,37,7,8,1
83,MC_SC_17_s03L_83,3,4,3,4,17,2,43,32,27,163,1,14,11,31,77,68,26,4,11
84,MC_SC_17_s03L_84,3,4,3,100,20,0,63,13,22,61,13,3,18,13,40,34,4,1,30
85,MC_SC_17_s03L_85,3,6,5,4,20,4,31,19,75,162,18,9,11,57,62,48,36,1,7
86,MC_SC_17_s03L_86,3,1,1,0,0,0,0,0,0,0,0,0,0,0,0,1,0,0,0
87,MC_SC_17_s03L_87,3,5,4,3,20,5,57,40,8,0,12,13,0,21,0,2,0,3,0
88,MC_SC_17_s03L_88,3,4,3,0,4,0,25,14,4,0,1,1,0,1,0,0,0,0,0
89,MC_SC_17_s03L_89,3,3,2,1,3,0,16,4,28,27,5,12,3,2,0,1,0,1,0
90,MC_SC_17_s03L_90,3,1,1,0,0,0,0,0,0,0,0,0,0,0,0,0,0,0,0
91,MC_SC_17_s03L_91,3,1,1,0,7,0,0,1,0,0,0,0,0,0,0,0,0,0,0
92,MC_SC_17_s03L_92,3,1,1,0,0,0,0,2,0,0,0,1,1,1,0,0,1,0,0
93,MC_SC_17_s03L_93,3,4,3,66,2,5,41,13,31,3,8,12,2,11,29,11,0,0,0
94,MC_SC_17_s03L_94,3,2,2,1,5,9,13,0,0,0,0,0,0,0,0,4,0,0,0
95,MC_SC_17_s03L_95,3,1,1,0,0,0,0,0,0,0,0,0,0,0,0,0,0,0,0
96,MC_SC_17_s03L_96,3,5,3,3,6,14,30,0,0,0,0,0,0,0,0,0,0,2,0
97,MC_SC_17_s03L_97,3,4,2,1,10,8,34,0,2,12,7,0,0,0,0,0,0,0,1
98,MC_SC_17_s03L_98,3,2,2,1,4,5,27,0,0,0,0,0,0,0,0,0,0,0,0
99,MC_SC_17_s03L_99,3,3,2,0,0,0,0,0,1,0,0,0,0,0,0,0,0,0,0
100,MC_SC_17_s03L_100,3,4,3,2,12,0,6,12,0,25,1,7,1,10,0,7,0,0,3
101,MC_SC_17_s03L_101,3,5,3,2,2,3,16,1,41,41,7,17,0,17,0,12,3,0,4
102,MC_SC_17_s03L_102,3,3,2,5,28,2,43,0,0,0,0,0,0,1,0,0,0,0,0
103,MC_SC_17_s03L_103,3,7,3,0,11,0,4,9,9,41,0,32,4,24,0,29,2,0,0
104,MC_SC_17_s03L_104,3,6,4,4,19,0,65,1,16,152,11,6,10,50,60,57,10,7,32
105,MC_SC_17_s03L_105,3,5,3,0,4,0,21,50,41,66,31,125,19,49,0,35,2,3,4
106,MC_SC_17_s03L_106,3,3,2,0,3,13,14,0,0,0,0,0,0,0,0,0,0,0,0
107,MC_SC_17_s03L_107,3,4,3,28,2,0,20,1,0,0,2,15,2,11,0,14,0,0,7
108,MC_SC_17_s03L_108,3,6,3,0,15,4,39,34,2,38,1,33,5,27,0,11,31,4,6
109,MC_SC_17_s03L_109,3,5,4,6,8,0,14,20,23,20,3,39,5,14,0,20,6,0,4
110,MC_SC_17_s03L_110,3,5,3,135,93,13,64,2,0,0,1,0,22,59,76,16,7,5,7
111,MC_SC_17_s03L_111,3,3,3,5,24,0,21,22,8,9,12,2,9,0,9,7,3,6,6
112,MC_SC_17_s03L_112,3,5,4,8,4,0,18,19,39,6,2,65,4,39,6,20,2,3,0
113,MC_SC_17_s03L_113,3,8,4,8,5,0,38,25,253,142,22,40,12,21,3,18,12,3,2
114,MC_SC_17_s03L_114,3,10,4,0,3,0,84,11,32,14,6,1,8,46,8,4,7,5,3
115,MC_SC_17_s03L_115,3,17,6,0,27,0,30,2,10,31,4,1,17,33,20,32,0,9,39
116,MC_SC_17_s03L_116,3,5,4,5,19,35,2,56,59,17,1,16,16,4,9,18,2,16,10
117,MC_SC_17_s03L_117,3,1,1,0,0,0,0,0,0,0,0,0,0,0,0,0,0,0,0
118,MC_SC_17_s03L_118,3,4,3,3,8,0,24,1,0,4,2,0,11,0,0,0,0,0,0
119,MC_SC_17_s03L_119,3,3,3,30,12,14,13,4,15,8,3,0,1,3,20,7,2,1,11
120,MC_SC_17_s03L_120,3,3,3,0,3,0,6,0,0,3,0,0,0,0,0,0,0,0,0
121,MC_SC_17_s03L_121,3,7,5,100,36,45,34,19,31,12,16,19,7,4,56,20,8,5,10
122,MC_SC_17_s03L_122,3,5,3,0,15,15,38,9,24,6,6,20,11,7,11,56,0,4,30
123,MC_SC_17_s03L_123,3,4,3,1,6,0,23,28,27,24,6,17,13,13,16,2,0,19,3
124,MC_SC_17_s03L_124,3,6,3,3,14,15,24,22,17,4,19,6,9,3,2,2,0,8,1
125,MC_SC_17_s03L_125,3,5,4,0,1,4,2,27,7,4,0,12,11,17,0,31,2,3,5
126,MC_SC_17_s03L_126,3,3,2,3,2,0,4,0,0,2,0,0,5,0,0,0,0,0,0
127,MC_SC_17_s03L_127,3,3,2,0,0,0,0,23,6,2,0,1,5,3,0,3,0,0,0
128,MC_SC_17_s03L_128,3,5,4,0,15,20,6,21,27,6,3,22,6,18,13,9,7,0,2
129,MC_SC_17_s03L_129,3,4,3,38,11,8,0,5,25,0,0,4,3,0,1,0,0,0,0
130,MC_SC_17_s03L_130,3,3,3,2,24,0,4,0,0,1,1,3,2,1,0,0,0,4,0
131,MC_SC_17_s03L_131,3,6,4,78,26,23,49,11,62,0,8,23,14,38,12,51,6,4,12
132,MC_SC_17_s03L_132,3,4,3,2,10,0,15,26,37,0,3,21,7,3,3,4,0,2,24
133,MC_SC_17_s03L_133,3,6,3,1,2,0,1,25,6,0,6,6,10,4,2,9,4,1,4
134,MC_SC_17_s03L_134,3,8,5,4,3,6,5,17,75,5,3,27,8,7,21,30,5,6,16
135,MC_SC_17_s03L_135,3,7,5,7,61,15,36,5,8,13,11,15,23,53,37,18,17,11,4
136,MC_SC_17_s03L_136,3,7,5,1,101,5,13,9,4,364,146,60,42,152,221,114,84,12,41
137,MC_SC_17_s03L_137,3,2,2,1,2,0,0,13,15,0,6,4,6,4,3,6,0,5,3
138,MC_SC_17_s03L_138,3,4,3,0,43,28,41,14,47,19,10,12,15,27,26,57,32,1,19
139,MC_SC_17_s03L_139,3,7,5,77,49,28,31,67,88,11,22,49,26,1,33,37,15,25,62
140,MC_SC_17_s03L_140,3,18,9,133,56,44,7,54,22,20,2,1,25,3,71,39,25,5,30
141,MC_SC_17_s03L_141,3,3,3,0,7,8,3,22,7,0,0,10,4,13,0,4,0,19,0
142,MC_SC_17_s03L_142,3,2,1,0,0,0,0,0,0,0,0,0,0,1,0,0,0,0,0
143,MC_SC_17_s03L_143,3,3,2,0,6,0,6,0,0,0,0,0,0,0,0,0,0,3,0
144,MC_SC_17_s03L_144,3,5,3,1,11,8,36,34,12,1,5,0,5,3,0,14,11,12,43
145,MC_SC_17_s03L_145,3,10,8,0,2,16,29,67,99,24,34,28,16,14,50,36,20,18,37
146,MC_SC_17_s03L_146,3,1,1,0,0,0,0,0,0,0,0,0,0,0,0,0,0,0,0
147,MC_SC_17_s03L_147,3,5,3,0,1,0,12,16,2,16,7,3,6,0,0,10,1,0,1
148,MC_SC_17_s03L_148,3,6,4,0,18,4,44,0,105,187,23,1,5,30,35,24,28,6,1
149,MC_SC_17_s03L_149,3,6,4,1,18,0,60,1,166,104,12,1,11,74,85,47,16,2,5
150,MC_SC_17_s03L_150,3,6,3,4,11,0,31,1,76,50,8,25,10,34,36,39,24,0,1
151,MC_SC_17_s03L_151,3,4,3,0,8,0,15,33,58,3,14,35,16,22,33,30,9,10,19
152,MC_SC_17_s03L_152,3,4,3,1,12,0,29,69,70,3,61,59,40,9,77,29,0,10,17
153,MC_SC_17_s03L_153,3,3,1,0,0,0,0,11,118,154,10,151,123,13,25,0,0,0,0
154,MC_SC_17_s03L_154,3,6,5,1,32,0,116,8,9,112,41,76,27,103,167,69,10,13,64
155,MC_SC_17_s03L_155,3,7,4,12,4,0,86,1,2,0,5,55,7,12,39,14,7,0,6
156,MC_SC_17_s03L_156,3,5,4,0,28,0,48,5,134,134,30,34,32,50,89,66,7,25,0
157,MC_SC_17_s03L_157,4,6,5,0,2,39,88,3,43,0,1,1,11,40,13,13,0,77,35
158,MC_SC_17_s03L_158,4,5,3,0,6,21,35,14,64,13,6,4,15,38,16,1,0,0,0
159,MC_SC_17_s03L_159,4,5,3,0,1,0,49,8,37,53,1,0,7,0,21,2,0,3,1
160,MC_SC_17_s03L_160,4,2,2,5,0,0,1,0,3,0,0,5,19,4,1,0,0,1,0
161,MC_SC_17_s03L_161,4,7,3,6,8,2,29,31,105,13,7,2,10,20,80,12,16,48,7
162,MC_SC_17_s03L_162,4,4,3,130,23,45,109,27,16,76,3,0,11,7,12,34,13,3,27
163,MC_SC_17_s03L_163,4,4,3,88,1,0,33,8,32,7,0,6,10,26,8,32,13,10,5
164,MC_SC_17_s03L_164,4,9,5,3,4,0,34,45,74,75,8,4,8,33,14,35,20,4,7
165,MC_SC_17_s03L_165,4,2,1,0,0,0,0,0,0,0,0,0,0,0,0,0,0,0,0
166,MC_SC_17_s03L_166,4,5,3,0,0,7,47,1,32,12,5,3,15,2,15,5,1,27,5
167,MC_SC_17_s03L_167,4,3,2,17,1,0,7,0,4,19,4,0,0,4,6,2,3,0,5
168,MC_SC_17_s03L_168,4,3,2,39,0,0,1,0,8,7,0,0,3,3,15,15,18,6,3
169,MC_SC_17_s03L_169,4,6,4,0,10,0,18,39,48,39,6,15,18,36,15,27,3,8,4
170,MC_SC_17_s03L_170,4,2,1,0,6,0,1,0,3,5,2,2,1,6,4,0,0,0,0
171,MC_SC_17_s03L_171,4,8,4,113,11,36,35,7,16,9,10,1,15,20,8,40,12,4,23
172,MC_SC_17_s03L_172,4,8,4,221,9,77,85,7,130,90,13,8,51,99,244,116,109,7,64
173,MC_SC_17_s03L_173,4,6,4,0,2,89,68,1,8,47,3,0,32,6,83,15,10,28,20
174,MC_SC_17_s03L_174,4,9,6,1,3,0,20,40,0,52,37,4,6,8,12,8,2,7,0
175,MC_SC_17_s03L_175,4,8,4,0,10,1,29,32,90,158,29,16,37,51,106,24,31,8,1
176,MC_SC_17_s03L_176,4,6,4,0,18,4,40,26,0,56,2,3,8,6,23,0,0,4,0
177,MC_SC_17_s03L_177,4,1,1,9,0,3,3,0,0,3,0,0,1,0,0,0,0,0,0
178,MC_SC_17_s03L_178,4,6,4,1,3,3,10,33,33,60,2,1,9,19,2,30,7,7,4
179,MC_SC_17_s03L_179,4,7,4,134,3,14,45,11,19,28,6,5,20,20,84,25,8,0,1
180,MC_SC_17_s03L_180,4,5,3,80,8,36,40,1,50,73,8,1,15,32,33,7,0,6,2
181,MC_SC_17_s03L_181,4,2,2,0,0,0,7,0,7,3,4,1,2,9,1,0,0,0,0
182,MC_SC_17_s03L_182,4,6,4,62,11,33,44,7,43,74,19,2,6,27,22,13,0,0,10
183,MC_SC_17_s03L_183,4,6,4,0,3,0,14,14,44,36,7,10,17,12,45,16,30,10,3
184,MC_SC_17_s03L_184,4,3,2,24,7,1,30,31,46,73,3,4,10,37,11,0,0,0,0
185,MC_SC_17_s03L_185,4,6,5,0,0,39,14,14,32,34,1,1,3,22,17,0,0,0,0
186,MC_SC_17_s03L_186,4,1,1,14,25,0,0,0,0,0,0,0,0,0,0,9,0,0,0
187,MC_SC_17_s03L_187,4,16,6,0,21,2,45,2,0,121,32,25,20,25,46,16,0,39,1
188,MC_SC_17_s03L_188,4,1,1,0,3,0,0,0,4,0,0,0,0,5,7,0,0,0,0
189,MC_SC_17_s03L_189,4,7,5,0,1,0,35,58,11,73,1,0,12,23,7,9,4,1,18
190,MC_SC_17_s03L_190,4,6,4,7,34,15,92,9,0,165,11,7,18,28,24,11,0,78,0
191,MC_SC_17_s03L_191,4,10,3,17,45,115,56,2,153,233,11,0,11,26,175,0,0,0,0
192,MC_SC_17_s03L_192,4,6,3,103,114,52,111,7,35,9,3,3,13,6,15,5,5,69,5
193,MC_SC_17_s03L_193,4,5,3,2,3,53,101,0,28,49,9,1,7,4,47,13,14,0,22
194,MC_SC_17_s03L_194,4,9,7,0,2,1,23,3,38,2,2,1,2,2,35,3,3,3,5
195,MC_SC_17_s03L_195,4,3,2,1,1,0,25,1,1,5,0,0,6,0,25,0,0,7,6
196,MC_SC_17_s03L_196,4,6,4,15,55,16,38,3,25,294,24,9,6,40,88,40,54,4,18
197,MC_SC_17_s03L_197,4,6,4,0,18,0,30,8,4,106,11,28,3,18,39,8,3,5,17
198,MC_SC_17_s03L_198,4,5,3,7,12,3,42,23,21,65,18,0,0,2,20,35,24,3,4
199,MC_SC_17_s03L_199,4,7,4,10,88,24,164,8,38,292,13,1,14,8,35,31,30,1,15
200,MC_SC_17_s03L_200,4,4,3,8,20,0,56,31,44,77,4,15,2,15,10,5,0,11,1
201,MC_SC_17_s03L_201,4,6,3,5,37,11,90,1,11,157,3,0,1,9,9,21,10,0,14
202,MC_SC_17_s03L_202,4,4,3,1,10,1,84,0,0,115,0,18,3,19,18,15,3,0,0
203,MC_SC_17_s03L_203,4,1,1,0,4,0,5,0,0,0,0,0,0,0,0,0,0,0,0
204,MC_SC_17_s03L_204,4,2,1,0,0,0,1,0,0,0,0,0,0,0,0,0,0,0,0
205,MC_SC_17_s03L_205,4,3,3,1,22,8,56,10,0,87,6,1,6,1,7,0,0,10,0
206,MC_SC_17_s03L_206,4,3,2,1,13,15,36,0,7,8,0,0,4,4,18,5,0,20,17
207,MC_SC_17_s03L_207,4,4,3,0,1,0,5,4,10,26,0,0,1,9,0,0,0,0,0
208,MC_SC_17_s03L_208,4,6,4,1,14,3,46,30,26,0,4,0,11,10,0,6,0,29,0
209,MC_SC_17_s03L_209,4,2,2,66,12,15,23,2,34,8,8,0,5,2,6,19,6,0,7
210,MC_SC_17_s03L_210,4,5,4,2,1,1,75,0,0,52,5,9,1,7,0,9,7,3,10
211,MC_SC_17_s03L_211,4,2,2,65,4,1,37,0,0,0,0,6,0,8,0,2,0,9,16
212,MC_SC_17_s03L_212,4,5,3,1,8,0,21,16,0,14,24,8,3,11,2,6,0,2,0
213,MC_SC_17_s03L_213,4,5,4,122,27,41,102,0,104,2,13,8,20,68,3,0,0,0,0
214,MC_SC_17_s03L_214,4,3,2,4,7,0,10,0,2,0,5,0,1,3,0,0,0,0,0
215,MC_SC_17_s03L_215,4,1,1,0,0,0,0,0,0,0,0,1,0,0,0,0,0,0,0
216,MC_SC_17_s03L_216,4,8,5,158,4,2,51,16,38,9,10,0,11,20,25,58,8,2,5
217,MC_SC_17_s03L_217,4,14,5,0,12,0,80,1,19,62,19,0,18,76,25,67,6,34,7
218,MC_SC_17_s03L_218,4,1,1,0,0,0,0,0,0,0,0,0,0,0,0,0,0,0,0
219,MC_SC_17_s03L_219,4,4,3,51,6,0,41,7,8,0,2,5,1,0,0,14,0,1,1
220,MC_SC_17_s03L_220,4,4,2,5,18,1,11,8,9,18,2,6,4,19,11,10,6,0,1
221,MC_SC_17_s03L_221,4,5,4,1,0,1,20,32,21,24,2,9,6,23,2,17,12,6,4
222,MC_SC_17_s03L_222,4,1,1,0,0,0,0,0,0,0,0,0,0,0,0,0,0,0,0
223,MC_SC_17_s03L_223,4,2,1,12,4,0,5,1,8,0,0,0,0,0,0,2,0,3,3
224,MC_SC_17_s03L_224,4,5,5,117,19,4,44,1,25,17,0,12,4,33,63,15,18,4,22
225,MC_SC_17_s03L_225,4,2,2,64,2,0,17,0,1,0,0,0,3,4,1,1,0,0,0
226,MC_SC_17_s03L_226,4,8,3,2,27,0,97,0,10,116,40,77,7,3,62,6,0,22,26
227,MC_SC_17_s03L_227,4,2,1,0,0,0,2,4,1,0,0,2,6,1,0,1,3,0,1
228,MC_SC_17_s03L_228,4,5,4,204,5,0,57,25,52,6,3,24,39,47,0,54,13,15,3
229,MC_SC_17_s03L_229,4,3,2,83,20,2,37,0,64,24,11,1,3,18,28,21,21,0,5
230,MC_SC_17_s03L_230,4,4,2,12,18,0,34,30,6,2,18,6,19,19,0,8,3,27,22
231,MC_SC_17_s03L_231,4,1,1,0,0,0,0,0,2,0,0,0,1,1,3,1,0,0,0
232,MC_SC_17_s03L_232,4,4,2,63,13,0,30,11,23,0,2,15,8,20,0,24,0,0,14
233,MC_SC_17_s03L_233,4,5,3,0,19,0,96,33,43,43,2,14,9,47,6,2,0,0,0
234,MC_SC_17_s03L_234,4,5,4,1,21,0,47,0,5,61,25,9,2,7,28,21,0,9,7
235,MC_SC_17_s03L_235,4,1,1,2,0,5,2,0,0,0,0,0,0,0,0,0,0,0,0
236,MC_SC_17_s03L_236,4,3,2,0,5,1,39,0,0,0,0,0,4,1,0,0,0,0,5
237,MC_SC_17_s03L_237,4,3,3,1,12,18,53,0,0,0,0,0,0,0,0,0,0,0,0
238,MC_SC_17_s03L_238,4,2,2,0,0,0,1,0,0,0,0,0,1,0,0,0,0,0,0
239,MC_SC_17_s03L_239,4,1,1,0,6,0,4,1,0,31,0,14,2,5,0,0,0,0,17
240,MC_SC_17_s03L_240,4,4,2,157,96,2,28,1,47,0,13,7,4,26,0,6,0,0,2
241,MC_SC_17_s03L_241,4,4,3,4,20,0,29,1,1,20,3,8,2,5,0,12,0,14,1
242,MC_SC_17_s03L_242,4,7,5,111,45,0,24,1,28,5,4,0,7,11,0,6,0,3,1
243,MC_SC_17_s03L_243,4,4,3,9,24,8,31,2,9,2,20,3,1,20,19,6,0,1,3
244,MC_SC_17_s03L_244,4,1,1,0,0,0,1,2,8,2,0,0,0,4,0,2,0,3,3
245,MC_SC_17_s03L_245,4,3,2,0,2,0,29,2,0,0,0,0,2,0,0,0,0,0,0
246,MC_SC_17_s03L_246,4,3,2,1,2,1,3,17,3,2,0,3,5,1,0,7,0,1,0
247,MC_SC_17_s03L_247,4,4,3,1,11,4,25,1,2,0,40,33,16,32,7,16,0,2,18
248,MC_SC_17_s03L_248,4,4,3,1,8,1,31,0,0,0,0,0,2,9,0,4,0,19,3
249,MC_SC_17_s03L_249,4,3,2,36,5,0,28,0,0,0,10,0,15,6,0,2,0,10,16
250,MC_SC_17_s03L_250,4,1,1,0,0,0,4,0,0,0,0,0,0,0,0,0,0,0,0
251,MC_SC_17_s03L_251,4,3,2,5,12,0,8,9,7,0,0,10,1,1,0,5,0,0,5
252,MC_SC_17_s03L_252,4,4,2,63,34,0,31,2,25,0,13,1,9,17,2,13,0,20,37
253,MC_SC_17_s03L_253,4,2,2,0,2,0,1,0,0,2,0,0,0,0,0,0,0,0,0
254,MC_SC_17_s03L_254,4,1,1,0,0,0,0,0,31,38,0,0,2,13,21,20,2,6,5
255,MC_SC_17_s03L_255,4,7,5,0,13,0,18,3,15,12,22,4,4,19,5,39,11,9,23
256,MC_SC_17_s03L_256,4,1,1,0,0,0,1,0,8,0,0,8,9,2,2,13,0,0,0
257,MC_SC_17_s03L_257,4,5,4,1,3,0,4,65,61,4,3,12,15,4,14,10,3,2,9
258,MC_SC_17_s03L_258,4,1,1,1,6,0,13,0,0,0,0,0,2,0,0,0,2,6,0
259,MC_SC_17_s03L_259,4,3,2,42,7,0,12,11,5,2,4,12,4,0,6,7,0,3,28
260,MC_SC_17_s03L_260,4,4,3,13,16,0,14,3,0,4,1,0,9,5,12,4,11,0,5
261,MC_SC_17_s03L_261,4,7,3,0,7,3,18,22,81,37,7,34,9,16,38,40,21,6,15
262,MC_SC_17_s03L_262,4,3,2,9,13,3,21,7,114,13,4,0,12,1,2,2,4,1,2
263,MC_SC_17_s03L_263,4,1,1,0,8,2,11,0,0,11,1,2,2,2,4,0,2,0,1
264,MC_SC_17_s03L_264,4,2,2,51,4,0,6,7,9,2,9,5,4,12,15,7,0,0,10
265,MC_SC_17_s03L_265,4,8,2,8,33,0,9,5,0,73,26,13,3,34,49,19,11,1,11
266,MC_SC_17_s03L_266,4,2,2,66,4,0,11,6,9,0,0,7,13,2,4,4,0,3,27
267,MC_SC_17_s03L_267,4,1,1,1,1,0,1,0,19,0,2,0,2,1,0,1,0,0,0
268,MC_SC_17_s03L_268,4,2,1,8,1,0,2,2,5,0,0,0,1,2,1,6,1,2,11
269,MC_SC_17_s03L_269,4,8,7,210,61,17,28,24,171,25,60,2,68,17,52,53,11,6,44
270,MC_SC_17_s03L_270,4,6,3,1,3,15,0,59,2,7,7,40,5,1,0,9,1,0,0
271,MC_SC_17_s03L_271,4,5,4,0,15,2,14,1,56,11,4,1,39,31,4,9,9,6,8
272,MC_SC_17_s03L_272,4,4,4,1,6,6,0,27,15,7,0,4,5,1,0,8,2,0,2
273,MC_SC_17_s03L_273,4,4,3,127,38,42,30,18,78,29,25,1,25,3,48,38,22,7,41
274,MC_SC_17_s03L_274,4,2,1,0,0,0,0,20,2,0,8,8,6,0,0,5,0,0,0
275,MC_SC_17_s03L_275,4,4,2,0,0,0,1,23,0,0,6,11,5,0,0,0,0,0,0
276,MC_SC_17_s03L_276,4,4,2,0,0,1,0,4,0,2,4,2,0,0,0,2,3,0,2
277,MC_SC_17_s03L_277,4,1,1,0,0,0,0,3,0,0,0,0,2,0,0,11,0,0,1
278,MC_SC_17_s03L_278,4,3,2,51,27,7,11,18,27,1,1,7,6,0,5,7,2,13,14
279,MC_SC_17_s03L_279,4,4,3,49,18,8,37,15,8,8,18,0,13,8,13,12,0,11,17
280,MC_SC_17_s03L_280,4,5,4,85,20,2,30,1,3,0,0,0,4,8,4,5,4,7,27
281,MC_SC_17_s03L_281,4,3,3,14,15,0,0,1,0,58,2,2,0,0,28,4,6,3,0
282,MC_SC_17_s03L_282,4,4,2,55,23,1,18,3,6,0,13,7,16,11,1,24,0,6,18
283,MC_SC_17_s03L_283,4,2,2,7,41,6,14,0,8,67,8,3,9,1,19,1,9,1,0
284,MC_SC_17_s03L_284,4,7,5,84,6,4,2,4,20,5,1,1,10,1,11,5,0,4,56
285,MC_SC_17_s03L_285,4,1,1,0,0,0,0,0,0,0,0,0,1,0,0,0,0,0,0
286,MC_SC_17_s03L_286,4,2,1,0,0,0,0,0,0,0,0,0,0,0,0,0,0,0,1
287,MC_SC_17_s03L_287,4,9,5,172,28,30,18,108,79,16,47,76,44,28,87,30,4,18,54
288,MC_SC_17_s03L_288,4,5,3,10,88,15,62,3,5,18,7,0,5,16,0,11,5,0,1
289,MC_SC_17_s03L_289,4,3,2,53,17,0,12,1,0,1,1,1,0,1,6,0,0,0,0
290,MC_SC_17_s03L_290,4,2,1,5,15,0,0,0,0,0,0,0,5,0,0,2,3,5,4
291,MC_SC_17_s03L_291,4,4,3,2,15,0,9,0,0,0,1,1,0,3,0,7,0,0,15
292,MC_SC_17_s03L_292,4,7,3,14,205,87,74,6,33,51,22,14,30,75,103,74,57,5,10
293,MC_SC_17_s03L_293,4,2,2,22,2,0,7,1,5,0,0,0,4,0,0,0,0,1,7
294,MC_SC_17_s03L_294,4,5,4,4,77,29,18,1,20,0,0,40,15,46,6,19,6,1,5
295,MC_SC_17_s03L_295,4,4,3,0,10,1,2,0,1,0,0,7,2,4,2,3,8,0,1
296,MC_SC_17_s03L_296,4,4,3,0,16,0,10,0,0,4,4,11,0,4,0,17,2,9,0
297,MC_SC_17_s03L_297,4,5,4,0,11,16,4,70,46,9,0,14,14,23,2,21,7,0,1
298,MC_SC_17_s03L_298,4,7,5,85,8,9,11,17,28,3,6,11,4,9,25,16,2,7,15
299,MC_SC_17_s03L_299,4,4,2,0,1,0,15,0,0,1,0,0,1,2,2,4,3,0,1
300,MC_SC_17_s03L_300,4,7,5,3,41,8,40,1,16,123,31,7,15,58,137,52,17,5,24
301,MC_SC_17_s03L_301,4,3,2,0,4,0,0,27,1,0,5,6,13,1,0,0,0,0,0
302,MC_SC_17_s03L_302,4,5,2,74,10,1,7,5,7,2,1,2,13,0,3,13,0,18,27
303,MC_SC_17_s03L_303,4,5,3,104,12,16,11,22,27,4,17,13,14,5,1,28,2,1,3
304,MC_SC_17_s03L_304,4,5,3,1,4,0,8,15,17,2,7,10,0,0,4,21,3,10,16
305,MC_SC_17_s03L_305,4,2,2,0,5,8,26,0,0,0,9,1,2,0,0,0,0,3,0
306,MC_SC_17_s03L_306,4,4,3,13,12,10,3,20,3,0,4,0,4,19,0,0,0,1,0
307,MC_SC_17_s03L_307,4,1,1,0,0,0,0,2,0,0,0,2,0,2,0,2,4,9,4
308,MC_SC_17_s03L_308,4,4,3,8,5,4,7,24,20,0,7,10,7,1,0,6,0,1,3
309,MC_SC_17_s03L_309,4,5,4,65,16,0,14,19,34,0,9,11,5,3,5,25,0,8,10
310,MC_SC_17_s03L_310,4,3,3,2,2,0,9,34,8,0,3,0,6,7,0,3,0,1,1
311,MC_SC_17_s03L_311,4,1,1,0,0,0,0,0,0,0,0,0,0,0,0,0,0,0,0
312,MC_SC_17_s03L_312,4,3,2,0,1,0,0,0,0,0,0,0,0,0,0,0,0,0,0
313,MC_SC_17_s03L_313,4,6,4,0,39,0,32,1,8,33,46,38,15,46,5,16,0,12,5
314,MC_SC_17_s03L_314,4,5,3,2,7,0,3,58,62,0,11,2,36,56,3,14,0,1,5
315,MC_SC_17_s03L_315,4,5,3,3,10,0,7,5,2,0,0,6,6,18,0,11,0,32,0
316,MC_SC_17_s03L_316,4,4,3,88,26,0,33,5,36,0,23,2,4,19,29,7,0,1,9
317,MC_SC_17_s03L_317,4,5,3,3,91,0,51,9,2,116,39,2,15,18,50,55,28,9,26
318,MC_SC_17_s03L_318,4,1,1,0,0,0,0,0,6,0,1,0,6,0,2,3,0,3,6
319,MC_SC_17_s03L_319,4,3,2,47,12,0,3,5,0,0,0,0,1,0,0,0,0,0,0
320,MC_SC_17_s03L_320,4,2,1,0,0,0,4,0,0,0,0,0,0,0,0,0,1,4,3
321,MC_SC_17_s03L_321,4,4,3,6,4,0,3,24,16,0,1,7,5,4,2,7,0,6,0
322,MC_SC_17_s03L_322,4,2,2,67,24,2,12,0,0,0,0,0,0,0,0,0,0,0,0
323,MC_SC_17_s03L_323,4,4,3,3,2,0,6,9,0,30,0,3,7,13,0,0,2,43,0
324,MC_SC_17_s03L_324,4,6,3,98,27,0,5,3,30,0,14,2,32,2,23,24,0,16,30
325,MC_SC_17_s03L_325,4,1,1,0,0,0,0,12,7,0,0,2,2,0,0,3,0,0,3
326,MC_SC_17_s03L_326,4,1,1,0,0,0,0,3,0,0,0,4,0,1,0,3,0,2,0
327,MC_SC_17_s03L_327,4,2,1,8,4,0,0,0,0,0,0,0,1,4,16,0,2,0,0
328,MC_SC_17_s03L_328,4,6,3,11,14,0,44,44,50,70,15,85,17,34,0,31,11,5,0
329,MC_SC_17_s03L_329,4,7,3,4,45,0,39,4,28,77,1,8,10,47,52,36,10,10,40
330,MC_SC_17_s03L_330,4,4,3,0,21,0,22,2,2,65,17,2,6,26,9,16,2,22,11
331,MC_SC_17_s03L_331,4,3,2,8,14,0,19,25,10,23,12,0,8,0,6,3,2,2,2
332,MC_SC_17_s03L_332,4,3,2,0,5,0,1,48,12,0,0,25,26,0,0,7,0,2,4
333,MC_SC_17_s03L_333,4,7,3,8,19,6,34,2,26,145,10,13,2,39,64,7,9,1,6
334,MC_SC_17_s03L_334,4,3,2,45,19,0,14,27,27,6,5,5,8,1,1,2,2,12,7
335,MC_SC_17_s03L_335,4,6,4,7,105,13,35,37,74,21,5,10,15,66,7,48,17,1,18
336,MC_SC_17_s03L_336,4,3,2,2,6,7,3,3,0,6,1,1,7,1,0,0,9,2,3
337,MC_SC_17_s03L_337,4,1,1,0,0,0,0,17,18,3,1,0,5,10,0,1,0,0,0
338,MC_SC_17_s03L_338,4,6,4,0,26,22,34,61,74,12,81,28,42,17,28,19,8,32,30
339,MC_SC_17_s03L_339,4,4,2,3,9,1,16,46,9,0,41,15,12,8,2,10,2,23,15
340,MC_SC_17_s03L_340,4,3,2,3,12,0,11,16,3,0,26,6,20,16,6,7,0,10,6
341,MC_SC_17_s03L_341,4,2,2,0,4,0,4,7,8,0,1,3,1,1,0,3,0,0,0
342,MC_SC_17_s03L_342,4,4,2,7,38,1,26,14,6,39,18,1,9,0,5,10,0,11,9
343,MC_SC_17_s03L_343,4,3,2,0,2,6,25,14,11,0,3,0,0,0,0,32,4,3,21
344,MC_SC_17_s03L_344,4,2,2,15,7,0,8,2,17,0,5,0,1,5,4,1,0,1,0
345,MC_SC_17_s03L_345,4,2,2,0,0,0,2,23,17,0,3,0,7,1,0,2,0,1,2
346,MC_SC_17_s03L_346,4,7,4,26,48,1,9,5,1,11,8,57,8,20,150,35,249,7,13
347,MC_SC_17_s03L_347,4,1,1,0,0,0,1,0,0,0,0,0,0,0,0,9,0,0,8
348,MC_SC_17_s03L_348,4,3,3,2,43,59,23,21,103,30,36,0,22,42,43,34,30,0,19
349,MC_SC_17_s03L_349,4,5,4,2,64,2,82,30,5,195,43,4,37,8,41,55,14,1,11
350,MC_SC_17_s03L_350,4,6,4,0,41,0,61,4,72,39,16,3,14,26,0,42,6,2,24
351,MC_SC_17_s03L_351,4,5,3,1,8,7,2,32,8,2,19,5,13,2,0,11,2,6,8
352,MC_SC_17_s03L_352,4,3,2,11,9,0,15,15,6,8,3,0,2,0,0,11,0,2,1
353,MC_SC_17_s03L_353,4,4,3,45,13,6,35,0,30,5,12,0,0,16,0,8,0,0,12
354,MC_SC_17_s03L_354,4,5,3,0,1,3,0,45,7,0,3,4,10,3,0,6,0,0,2
355,MC_SC_17_s03L_355,4,7,4,13,48,12,133,32,93,3,36,12,9,35,2,34,10,0,1
356,MC_SC_17_s03L_356,4,4,3,0,8,10,39,3,1,0,3,0,4,37,22,9,0,0,16
357,MC_SC_17_s03L_357,4,4,3,4,3,0,14,5,0,0,0,3,1,3,0,5,0,0,0
358,MC_SC_17_s03L_358,4,3,2,0,12,0,23,5,115,12,5,6,19,46,22,55,18,2,0
359,MC_SC_17_s03L_359,4,3,2,5,11,0,20,1,0,8,4,11,0,14,15,22,3,0,17
360,MC_SC_17_s03L_360,4,5,3,0,10,0,18,50,26,0,6,8,10,3,0,8,0,2,5
361,MC_SC_17_s03L_361,4,4,3,71,15,0,15,28,39,2,5,12,23,3,18,6,0,41,29
362,MC_SC_17_s03L_362,4,4,2,82,19,0,9,2,17,0,0,7,10,27,2,1,8,109,44
363,MC_SC_17_s03L_363,4,3,2,1,35,0,36,12,22,25,14,43,17,38,9,5,2,33,34
364,MC_SC_17_s03L_364,4,2,2,0,2,2,31,7,4,98,10,0,30,0,0,0,0,0,0
365,MC_SC_17_s03L_365,4,8,4,95,33,0,129,3,12,7,24,125,21,41,97,37,160,4,7
366,MC_SC_17_s03L_366,4,9,3,0,27,0,63,4,225,145,34,6,44,87,153,63,19,19,8
367,MC_SC_17_s03L_367,4,5,3,58,82,1,36,3,11,0,7,27,9,1,48,15,85,7,14
368,MC_SC_17_s03L_368,4,8,4,159,43,2,118,18,15,8,36,12,10,17,28,56,107,21,13
369,MC_SC_17_s03L_369,4,2,2,0,0,2,8,5,1,32,5,1,7,0,0,0,0,0,0
370,MC_SC_17_s03L_370,4,9,6,308,148,0,157,19,23,4,49,72,61,32,335,123,338,21,15
371,MC_SC_17_s03L_371,4,2,2,0,6,11,32,29,52,17,8,8,27,0,2,0,0,0,0
372,MC_SC_17_s03L_372,4,8,5,73,72,11,217,27,27,57,37,197,58,102,343,30,372,31,27
373,MC_SC_17_s03L_373,4,5,4,114,44,0,14,3,45,6,23,25,13,24,82,20,225,15,38
374,MC_SC_17_s03L_374,4,3,3,0,9,0,39,3,1,39,2,26,0,0,17,8,1,0,8
375,MC_SC_17_s03L_375,4,2,2,0,5,16,21,9,89,15,5,9,10,0,0,0,0,0,0
376,MC_SC_17_s03L_376,4,2,2,3,11,9,4,17,52,14,35,26,11,10,30,0,0,1,0
377,MC_SC_17_s03L_377,4,5,4,81,66,4,24,3,2,6,29,14,8,48,103,6,254,2,26
378,MC_SC_17_s03L_378,4,5,4,95,69,0,8,16,42,31,28,61,16,34,150,32,262,17,35
379,MC_SC_17_s03L_379,4,4,4,1,24,4,61,8,2,201,14,18,21,20,103,32,51,15,11
380,MC_SC_17_s03L_380,4,5,4,100,61,1,16,0,0,0,2,0,11,0,0,0,1,0,0
381,MC_SC_17_s03L_381,4,9,6,187,67,1,9,7,3,13,60,123,24,46,117,78,310,18,22
382,MC_SC_17_s03L_382,4,10,7,0,38,7,120,8,23,33,29,142,22,35,171,54,185,36,24
383,MC_SC_17_s03L_383,4,7,4,12,32,2,112,5,7,3,8,67,6,21,60,5,92,0,9
384,MC_SC_17_s03L_384,4,3,3,8,16,0,33,1,0,2,7,17,1,3,15,9,25,0,2
385,MC_SC_17_s03L_385,4,7,4,87,67,2,67,15,6,5,20,62,28,65,168,26,285,48,47
386,MC_SC_17_s03L_386,4,7,3,73,78,0,123,10,5,6,14,136,12,34,58,19,184,48,15
387,MC_SC_17_s03L_387,4,7,3,84,71,0,86,1,2,3,7,63,26,48,37,5,152,24,26
388,MC_SC_17_s03L_388,4,5,3,0,12,0,66,43,8,114,15,2,16,0,0,10,1,7,6
389,MC_SC_17_s03L_389,4,10,4,224,61,2,17,16,0,0,49,13,16,43,19,205,317,59,36
390,MC_SC_17_s03L_390,4,7,4,69,34,2,215,11,4,2,11,39,13,66,15,11,120,36,21
391,MC_SC_17_s03L_391,4,8,4,54,14,0,128,4,3,4,12,52,17,39,89,28,15,2,22
392,MC_SC_17_s03L_392,4,5,4,50,19,0,84,1,18,0,2,19,5,9,14,1,48,5,10
393,MC_SC_17_s03L_393,4,1,1,0,0,0,0,0,0,0,0,0,0,0,0,0,0,0,0
394,MC_SC_17_s03L_394,4,8,4,102,50,0,133,24,9,6,37,169,26,120,52,41,50,26,29
395,MC_SC_17_s03L_395,4,9,6,0,73,3,321,15,350,254,79,8,24,172,19,105,9,39,90
396,MC_SC_17_s03L_396,4,5,4,69,29,0,60,0,0,0,0,0,1,0,0,0,0,1,0
397,MC_SC_17_s03L_397,4,17,13,96,83,1,188,10,38,38,22,22,33,44,208,41,41,25,21
398,MC_SC_17_s03L_398,4,9,7,79,45,3,114,5,6,22,14,35,27,37,167,16,32,32,15
399,MC_SC_17_s03L_399,4,8,5,62,35,0,67,9,23,13,30,100,23,44,166,21,30,7,21
400,MC_SC_17_s03L_400,4,8,5,126,61,0,83,24,13,18,52,51,22,75,118,58,165,4,23
401,MC_SC_17_s03L_401,4,7,4,110,41,0,107,10,8,9,23,49,23,62,122,59,120,15,20
402,MC_SC_17_s03L_402,4,5,4,57,29,2,26,1,23,14,18,27,3,64,126,2,147,12,1
403,MC_SC_17_s03L_403,4,6,3,62,45,0,42,1,8,17,10,25,19,49,75,0,0,0,0
404,MC_SC_17_s03L_404,4,11,7,126,69,3,27,27,8,21,26,8,40,89,169,135,180,73,38
405,MC_SC_17_s03L_405,4,6,4,34,44,0,48,5,9,12,5,13,9,15,85,0,9,0,2
406,MC_SC_17_s03L_406,4,5,4,42,7,0,54,0,0,0,5,16,3,5,21,16,0,0,0
407,MC_SC_17_s03L_407,5,3,2,1,2,0,7,13,2,67,3,0,2,2,12,1,0,0,0
408,MC_SC_17_s03L_408,5,3,2,1,3,0,22,23,0,21,0,7,8,3,2,0,3,0,0
409,MC_SC_17_s03L_409,5,12,7,0,7,0,87,3,2,104,9,2,3,60,43,11,6,46,0
410,MC_SC_17_s03L_410,5,1,1,40,2,10,21,0,3,1,0,1,0,5,0,0,24,0,0
411,MC_SC_17_s03L_411,5,1,1,0,0,0,10,6,2,0,1,0,0,0,0,0,0,7,0
412,MC_SC_17_s03L_412,5,3,2,1,4,0,18,3,0,64,7,11,3,13,0,0,5,0,0
413,MC_SC_17_s03L_413,5,9,7,0,1,0,39,104,1,106,75,21,22,29,41,3,2,51,3
414,MC_SC_17_s03L_414,5,3,2,0,8,0,15,7,1,59,2,1,8,3,16,0,0,3,1
415,MC_SC_17_s03L_415,5,4,3,59,5,30,58,2,50,55,44,3,23,40,15,2,0,3,2
416,MC_SC_17_s03L_416,5,3,2,45,2,0,44,0,25,3,11,0,22,27,13,17,1,3,27
417,MC_SC_17_s03L_417,5,3,1,26,1,4,5,0,8,1,3,0,0,0,0,2,0,0,0
418,MC_SC_17_s03L_418,5,9,3,58,3,0,7,6,21,0,2,2,7,23,18,24,4,3,15
419,MC_SC_17_s03L_419,5,9,4,0,5,39,109,2,74,21,5,1,22,52,77,3,1,40,21
420,MC_SC_17_s03L_420,5,10,3,1,5,0,22,3,72,39,0,0,30,19,6,0,13,82,3
421,MC_SC_17_s03L_421,5,6,4,0,1,2,76,1,0,114,8,48,13,70,23,29,38,10,24
422,MC_SC_17_s03L_422,5,4,3,9,9,25,75,17,17,8,8,26,14,50,57,3,5,18,3
423,MC_SC_17_s03L_423,5,1,1,0,1,0,1,9,3,30,7,0,4,4,3,0,0,12,0
424,MC_SC_17_s03L_424,5,10,5,0,7,1,26,50,3,134,38,4,6,37,62,2,0,34,1
425,MC_SC_17_s03L_425,5,4,2,3,2,0,61,0,0,113,20,11,10,9,11,1,0,16,11
426,MC_SC_17_s03L_426,5,5,4,0,6,0,40,21,2,44,6,0,15,3,10,2,0,19,0
427,MC_SC_17_s03L_427,5,5,3,1,1,0,18,50,28,35,0,11,8,37,9,12,0,9,2
428,MC_SC_17_s03L_428,5,3,2,25,4,2,12,4,16,9,1,0,2,11,9,4,16,1,2
429,MC_SC_17_s03L_429,5,5,4,0,1,0,93,1,1,33,16,25,8,50,5,4,10,21,12
430,MC_SC_17_s03L_430,5,3,2,2,11,2,33,20,1,40,7,2,9,4,13,1,1,19,0
431,MC_SC_17_s03L_431,5,3,2,1,5,7,106,2,4,98,29,15,10,31,0,0,0,3,6
432,MC_SC_17_s03L_432,5,4,3,0,25,0,66,1,0,59,0,4,26,12,5,30,16,110,4
433,MC_SC_17_s03L_433,5,3,2,0,5,0,8,4,0,24,0,1,0,2,16,0,0,0,0
434,MC_SC_17_s03L_434,5,1,1,0,0,0,0,0,0,0,0,1,0,2,0,0,0,0,2
435,MC_SC_17_s03L_435,5,3,2,0,9,8,38,0,1,24,0,0,13,1,0,3,21,7,5
436,MC_SC_17_s03L_436,5,5,5,1,3,0,16,31,63,56,0,18,8,26,10,0,3,6,0
437,MC_SC_17_s03L_437,5,6,4,0,17,17,59,2,24,19,0,9,11,41,2,4,10,139,6
438,MC_SC_17_s03L_438,5,5,3,10,9,37,74,7,71,32,5,3,18,8,33,10,0,11,1
439,MC_SC_17_s03L_439,5,7,7,24,8,8,13,0,15,5,4,2,0,6,5,1,0,0,0
440,MC_SC_17_s03L_440,5,3,2,2,3,0,23,4,1,38,0,1,2,2,0,2,0,0,0
441,MC_SC_17_s03L_441,5,3,2,1,6,0,24,1,0,33,0,4,3,4,0,9,2,17,1
442,MC_SC_17_s03L_442,5,5,4,165,7,38,83,0,8,40,21,50,17,29,25,0,31,1,0
443,MC_SC_17_s03L_443,5,2,1,0,0,0,4,10,0,10,1,1,8,0,1,6,0,15,0
444,MC_SC_17_s03L_444,5,14,5,0,7,37,36,0,203,55,5,2,32,62,4,3,18,105,10
445,MC_SC_17_s03L_445,5,13,4,0,6,2,43,3,2,133,4,3,7,23,23,23,9,9,0
446,MC_SC_17_s03L_446,5,1,1,0,7,0,3,5,14,10,1,6,1,2,6,2,0,0,0
447,MC_SC_17_s03L_447,5,1,1,0,0,0,1,1,5,0,0,0,0,0,0,0,0,29,0
448,MC_SC_17_s03L_448,5,5,3,7,4,26,79,0,104,0,15,2,28,6,29,16,0,32,14
449,MC_SC_17_s03L_449,5,8,6,0,12,0,50,0,2,213,27,26,15,33,69,7,0,53,0
450,MC_SC_17_s03L_450,5,2,2,0,0,0,2,0,0,3,0,0,0,0,2,0,0,0,0
451,MC_SC_17_s03L_451,5,6,4,1,6,35,61,3,36,3,0,5,15,33,5,23,6,71,48
452,MC_SC_17_s03L_452,5,1,1,1,2,0,16,17,0,14,8,1,0,0,0,0,0,2,1
453,MC_SC_17_s03L_453,5,3,2,1,2,0,36,9,0,0,14,5,11,39,14,16,0,0,2
454,MC_SC_17_s03L_454,5,6,5,0,10,0,69,1,1,124,31,26,39,67,93,5,14,121,0
455,MC_SC_17_s03L_455,5,2,2,1,6,8,34,1,2,23,0,0,1,2,3,0,0,1,2
456,MC_SC_17_s03L_456,5,2,2,0,1,0,18,0,0,34,1,9,1,13,4,0,0,0,0
457,MC_SC_17_s03L_457,5,5,3,3,25,0,74,5,1,71,19,18,11,22,42,10,9,75,5
458,MC_SC_17_s03L_458,5,5,3,0,9,2,45,27,0,69,8,2,7,10,17,3,2,25,0
459,MC_SC_17_s03L_459,5,3,2,0,0,0,24,3,0,2,3,3,7,9,4,4,2,22,0
460,MC_SC_17_s03L_460,5,4,3,102,23,82,88,10,80,23,35,0,10,24,52,48,1,1,22
461,MC_SC_17_s03L_461,5,9,7,0,14,1,55,0,1,255,31,34,15,29,49,6,6,54,3
462,MC_SC_17_s03L_462,5,2,1,0,2,0,17,4,0,27,2,0,5,0,2,1,0,0,0
463,MC_SC_17_s03L_463,5,2,1,6,0,2,18,1,0,0,3,2,1,8,8,2,0,0,3
464,MC_SC_17_s03L_464,5,6,5,66,26,3,24,18,4,34,0,0,7,8,42,9,9,0,7
465,MC_SC_17_s03L_465,5,2,1,3,7,0,102,4,26,2,0,7,2,23,22,11,2,69,25
466,MC_SC_17_s03L_466,5,6,5,1,7,0,27,13,0,52,3,9,6,27,6,1,0,34,0
467,MC_SC_17_s03L_467,5,5,4,0,24,1,72,40,0,109,14,2,13,14,39,4,0,40,0
468,MC_SC_17_s03L_468,5,1,1,0,0,0,13,0,0,0,1,1,1,2,0,0,0,1,1
469,MC_SC_17_s03L_469,5,3,3,0,8,0,12,7,0,49,0,0,4,3,16,1,0,12,0
470,MC_SC_17_s03L_470,5,5,3,1,24,1,56,57,195,161,5,35,43,120,77,1,10,3,0
471,MC_SC_17_s03L_471,5,4,3,3,7,7,48,1,0,45,4,10,4,3,2,8,0,27,2
472,MC_SC_17_s03L_472,5,13,5,2,28,1,57,0,0,77,6,14,13,26,22,1,0,35,0
473,MC_SC_17_s03L_473,5,3,2,1,1,0,17,3,5,15,6,8,3,13,0,4,0,0,2
474,MC_SC_17_s03L_474,5,3,2,8,15,2,38,10,0,58,3,0,4,2,9,1,0,9,2
475,MC_SC_17_s03L_475,5,3,2,5,25,35,79,1,10,0,0,2,25,19,11,5,0,9,16
476,MC_SC_17_s03L_476,5,3,2,24,12,1,38,5,8,0,4,1,5,3,0,22,1,6,4
477,MC_SC_17_s03L_477,5,5,3,10,62,20,150,3,5,216,47,37,42,40,77,9,0,70,2
478,MC_SC_17_s03L_478,5,6,3,109,19,57,101,12,44,41,26,0,5,5,25,33,13,3,10
479,MC_SC_17_s03L_479,5,2,1,0,0,0,4,6,0,3,1,1,2,1,0,0,0,0,0
480,MC_SC_17_s03L_480,5,7,5,3,15,0,39,1,1,62,4,12,10,21,20,6,3,50,0
481,MC_SC_17_s03L_481,5,6,4,73,21,13,58,11,55,30,7,15,17,46,48,40,28,4,14
482,MC_SC_17_s03L_482,5,1,1,0,3,0,3,0,0,0,2,4,3,2,0,4,0,8,1
483,MC_SC_17_s03L_483,5,6,6,83,20,24,57,2,26,5,42,11,11,8,14,22,0,1,1
484,MC_SC_17_s03L_484,5,1,1,0,0,0,2,0,0,0,0,0,4,3,0,0,0,2,11
485,MC_SC_17_s03L_485,5,7,6,1,7,27,47,2,90,11,10,3,5,2,62,14,16,0,11
486,MC_SC_17_s03L_486,5,3,2,1,26,4,97,0,0,155,21,20,8,28,42,15,10,27,7
487,MC_SC_17_s03L_487,5,6,5,1,16,101,111,11,38,36,2,2,23,56,46,40,16,5,41
488,MC_SC_17_s03L_488,5,3,2,0,10,0,40,38,0,49,1,9,10,26,0,4,0,0,2
489,MC_SC_17_s03L_489,5,2,1,0,0,0,0,0,3,14,0,0,6,2,0,4,0,10,0
490,MC_SC_17_s03L_490,5,7,5,1,29,2,77,0,2,123,9,15,18,30,45,3,0,83,5
491,MC_SC_17_s03L_491,5,3,2,71,19,17,85,0,18,2,24,11,3,1,6,16,0,3,4
492,MC_SC_17_s03L_492,5,8,6,0,10,0,63,2,1,102,5,13,4,20,1,16,11,2,4
493,MC_SC_17_s03L_493,5,3,2,6,8,5,51,19,0,56,3,0,2,0,15,0,0,6,0
494,MC_SC_17_s03L_494,5,6,4,5,18,12,42,1,7,18,0,0,20,15,0,1,2,80,1
495,MC_SC_17_s03L_495,5,3,2,5,10,3,30,6,0,3,0,0,5,2,0,0,0,6,0
496,MC_SC_17_s03L_496,5,1,1,13,3,0,11,0,0,0,1,0,4,3,0,1,0,0,1
497,MC_SC_17_s03L_497,5,2,2,6,15,0,60,0,14,0,0,0,72,39,0,2,0,138,8
498,MC_SC_17_s03L_498,5,3,2,0,4,1,33,4,0,38,2,21,9,24,2,5,1,46,18
499,MC_SC_17_s03L_499,5,3,2,114,47,33,114,4,64,10,35,1,14,1,5,23,0,1,5
500,MC_SC_17_s03L_500,5,5,4,0,8,44,115,2,11,29,0,1,15,24,72,11,6,9,31
501,MC_SC_17_s03L_501,5,1,1,0,5,0,4,3,1,0,0,0,5,16,0,0,0,51,0
502,MC_SC_17_s03L_502,5,1,1,0,0,0,0,0,0,0,0,0,0,0,0,2,0,1,1
503,MC_SC_17_s03L_503,5,4,3,3,10,1,65,0,81,4,8,16,19,0,26,32,10,3,14
504,MC_SC_17_s03L_504,5,4,3,8,12,17,75,16,9,5,0,1,8,8,7,10,0,3,22
505,MC_SC_17_s03L_505,5,7,3,0,3,0,110,0,12,80,0,17,23,1,23,26,16,78,12
506,MC_SC_17_s03L_506,5,5,3,2,19,52,63,15,37,12,10,3,20,14,9,7,4,37,3
507,MC_SC_17_s03L_507,5,2,2,4,48,13,62,15,8,177,5,12,1,10,28,18,19,5,19
508,MC_SC_17_s03L_508,5,6,3,4,22,6,91,39,34,75,34,17,6,21,7,12,4,24,17
509,MC_SC_17_s03L_509,5,1,1,0,0,0,0,0,0,0,0,0,7,3,0,0,0,42,1
510,MC_SC_17_s03L_510,5,2,2,0,4,0,44,0,0,0,0,1,1,6,0,2,3,0,5
511,MC_SC_17_s03L_511,5,4,2,0,11,0,23,0,3,0,0,0,8,14,0,8,2,113,4
512,MC_SC_17_s03L_512,5,4,3,0,19,4,19,1,11,4,0,0,6,10,0,1,0,91,0
513,MC_SC_17_s03L_513,5,1,1,5,3,0,2,0,1,0,1,4,0,5,0,5,0,0,1
514,MC_SC_17_s03L_514,5,3,2,2,3,1,80,1,3,0,0,1,3,4,0,2,2,0,12
515,MC_SC_17_s03L_515,5,5,3,0,5,23,95,0,15,5,1,0,14,17,32,9,8,18,23
516,MC_SC_17_s03L_516,5,1,1,0,0,0,0,0,0,0,0,1,3,4,1,5,15,12,9
517,MC_SC_17_s03L_517,5,7,4,3,23,25,19,1,38,18,0,0,7,7,0,0,9,84,8
518,MC_SC_17_s03L_518,5,1,1,84,5,4,75,30,0,0,0,17,18,17,0,8,0,43,2
519,MC_SC_17_s03L_519,5,6,5,98,23,50,43,22,8,38,14,0,4,1,20,11,3,0,2
520,MC_SC_17_s03L_520,5,9,6,1,12,0,43,38,1,117,17,8,15,7,45,4,0,6,1
521,MC_SC_17_s03L_521,5,2,2,39,13,1,56,4,5,3,9,11,2,2,3,8,0,0,0
522,MC_SC_17_s03L_522,5,2,2,0,0,0,5,0,0,0,0,0,0,0,0,0,0,0,0
523,MC_SC_17_s03L_523,5,3,3,0,11,0,60,3,0,59,5,25,12,5,17,0,6,30,24
524,MC_SC_17_s03L_524,5,4,3,137,43,29,95,1,14,5,21,38,16,76,32,70,4,21,5
525,MC_SC_17_s03L_525,5,3,2,2,4,0,80,3,0,12,0,4,2,7,0,9,5,20,0
526,MC_SC_17_s03L_526,5,1,1,0,0,0,2,0,0,0,0,0,0,0,0,0,0,0,0
527,MC_SC_17_s03L_527,5,4,3,0,1,0,42,0,0,0,0,0,4,3,0,4,2,2,15
528,MC_SC_17_s03L_528,5,4,3,56,10,4,49,20,15,0,1,4,7,3,0,10,0,7,0
529,MC_SC_17_s03L_529,5,5,3,7,32,17,66,5,40,4,7,0,16,0,2,18,0,8,12
530,MC_SC_17_s03L_530,5,2,2,0,0,0,1,0,0,0,0,0,0,0,0,0,0,0,0
531,MC_SC_17_s03L_531,5,1,1,44,132,3,15,2,0,0,0,0,0,0,0,3,6,0,0
532,MC_SC_17_s03L_532,5,2,2,82,13,0,20,2,6,0,6,10,1,3,0,0,5,25,8
533,MC_SC_17_s03L_533,5,4,3,59,19,11,39,8,1,3,9,0,13,9,2,38,6,0,4
534,MC_SC_17_s03L_534,5,2,1,6,34,0,2,3,9,21,0,0,2,6,3,7,0,0,0
535,MC_SC_17_s03L_535,5,4,3,0,20,5,89,0,50,6,5,0,9,0,2,9,11,10,6
536,MC_SC_17_s03L_536,5,2,1,0,0,0,0,0,0,0,0,3,0,11,0,0,0,0,0
537,MC_SC_17_s03L_537,5,4,2,2,27,0,29,3,7,3,2,6,9,12,0,25,5,7,10
538,MC_SC_17_s03L_538,5,1,1,7,3,0,13,2,3,0,0,2,6,0,0,3,0,3,0
539,MC_SC_17_s03L_539,5,2,2,39,10,14,19,3,7,6,1,0,1,1,2,3,4,0,0
540,MC_SC_17_s03L_540,5,3,2,43,15,3,40,4,6,0,6,11,17,5,1,8,0,1,0
541,MC_SC_17_s03L_541,5,1,1,14,0,0,1,0,0,0,1,0,5,2,0,0,2,1,0
542,MC_SC_17_s03L_542,5,7,3,212,18,158,140,0,79,61,18,1,27,91,54,110,100,56,6
543,MC_SC_17_s03L_543,5,2,1,0,3,0,21,1,0,0,1,4,0,1,0,4,2,2,0
544,MC_SC_17_s03L_544,5,2,2,40,9,1,65,2,2,0,1,4,5,0,0,4,0,1,0
545,MC_SC_17_s03L_545,5,4,2,3,7,0,38,5,5,0,3,0,14,3,0,7,2,3,23
546,MC_SC_17_s03L_546,5,3,2,79,13,2,31,21,2,0,7,1,12,20,0,13,0,7,1
547,MC_SC_17_s03L_547,5,2,1,38,1,6,9,2,2,8,0,0,0,7,0,10,7,0,0
548,MC_SC_17_s03L_548,5,1,1,22,2,0,0,3,4,0,2,1,4,0,0,0,0,3,1
549,MC_SC_17_s03L_549,5,4,3,0,17,0,47,1,3,7,4,4,7,14,1,21,0,3,11
550,MC_SC_17_s03L_550,5,2,1,1,0,0,10,0,3,0,0,0,0,9,2,0,0,3,4
551,MC_SC_17_s03L_551,5,1,1,0,0,0,0,1,0,0,0,0,0,0,0,9,11,16,11
552,MC_SC_17_s03L_552,5,6,4,0,0,0,58,1,20,27,5,27,20,15,2,27,13,29,13
553,MC_SC_17_s03L_553,5,4,3,0,19,0,23,28,80,15,0,22,4,29,4,8,2,19,1
554,MC_SC_17_s03L_554,5,1,1,5,9,0,7,21,14,9,0,3,0,18,0,2,0,3,0
555,MC_SC_17_s03L_555,5,4,3,3,4,0,143,4,0,128,15,41,14,72,2,25,8,30,1
556,MC_SC_17_s03L_556,5,4,3,4,23,0,63,3,3,114,10,1,4,8,7,25,2,2,7
557,MC_SC_17_s03L_557,5,2,2,65,12,0,11,14,1,0,6,0,6,5,1,6,0,8,0
558,MC_SC_17_s03L_558,5,7,4,0,26,0,73,0,72,217,30,23,19,69,137,22,5,3,20
559,MC_SC_17_s03L_559,5,5,4,3,28,0,102,4,9,169,11,18,14,3,0,19,4,47,9
560,MC_SC_17_s03L_560,5,2,1,52,1,0,50,69,1,0,1,1,9,2,0,33,0,84,0
561,MC_SC_17_s03L_561,5,1,1,0,0,0,0,0,0,0,0,0,0,0,0,0,0,0,0
562,MC_SC_17_s03L_562,5,5,4,1,6,1,66,0,4,5,0,0,5,2,12,10,0,6,26
563,MC_SC_17_s03L_563,5,4,3,5,7,0,58,5,0,76,15,11,4,4,21,13,5,13,2
564,MC_SC_17_s03L_564,5,4,3,1,12,0,46,2,0,17,7,1,1,6,0,10,0,2,6
565,MC_SC_17_s03L_565,5,1,1,0,0,0,0,8,0,0,0,0,0,0,2,32,57,74,8
566,MC_SC_17_s03L_566,5,2,2,3,9,0,32,5,22,2,2,8,8,10,8,0,0,3,16
567,MC_SC_17_s03L_567,5,6,2,128,25,0,85,20,10,8,5,6,25,28,41,37,16,3,0
568,MC_SC_17_s03L_568,5,2,1,0,0,0,5,2,0,9,2,1,5,0,2,6,9,7,2
569,MC_SC_17_s03L_569,5,4,2,1,12,0,34,1,0,5,0,6,8,1,0,38,37,51,24
570,MC_SC_17_s03L_570,5,1,1,6,9,0,1,4,4,0,1,0,1,7,0,4,0,17,0
571,MC_SC_17_s03L_571,5,4,3,1,12,0,69,4,0,69,22,4,8,22,17,4,3,0,2
572,MC_SC_17_s03L_572,5,4,2,0,11,0,21,0,0,2,2,12,15,8,0,28,12,37,16
573,MC_SC_17_s03L_573,5,1,1,0,0,0,0,0,0,0,0,0,0,0,0,0,0,0,0
574,MC_SC_17_s03L_574,5,6,3,0,15,8,42,16,20,2,2,6,2,31,1,2,0,8,0
575,MC_SC_17_s03L_575,5,2,1,1,0,0,21,24,7,8,1,11,11,12,0,19,0,0,3
576,MC_SC_17_s03L_576,5,2,1,1,2,0,18,3,1,14,0,18,5,1,6,0,0,16,1
577,MC_SC_17_s03L_577,5,6,3,8,34,0,37,4,0,62,15,18,10,25,26,45,10,16,55
578,MC_SC_17_s03L_578,5,1,1,0,0,0,4,0,0,0,0,0,0,0,0,0,0,0,0
579,MC_SC_17_s03L_579,5,1,1,18,2,0,10,14,0,0,4,0,0,1,0,0,2,7,1
580,MC_SC_17_s03L_580,5,7,5,1,26,3,53,15,16,7,4,8,20,18,35,32,5,14,26
581,MC_SC_17_s03L_581,5,4,2,0,24,65,75,50,98,2,11,19,9,32,36,8,4,0,0
582,MC_SC_17_s03L_582,5,3,2,1,72,1,72,7,2,31,15,50,2,16,20,1,0,6,12
583,MC_SC_17_s03L_583,5,5,3,1,73,51,110,34,19,13,12,11,42,27,98,40,9,10,46
584,MC_SC_17_s03L_584,5,2,2,3,1,0,7,0,0,16,0,0,0,16,2,0,0,0,0
585,MC_SC_17_s03L_585,5,3,2,12,39,7,52,6,19,2,1,4,1,3,7,9,7,1,1
586,MC_SC_17_s03L_586,5,5,2,1,2,0,2,0,1,23,1,3,7,10,47,10,0,5,8
587,MC_SC_17_s03L_587,5,2,2,9,13,1,32,2,0,20,0,20,3,2,0,1,0,28,13
588,MC_SC_17_s03L_588,5,2,2,2,7,3,41,0,5,2,12,0,1,7,1,1,0,1,11
589,MC_SC_17_s03L_589,5,2,2,36,12,0,10,11,2,0,0,12,7,2,0,0,0,0,0
590,MC_SC_17_s03L_590,5,2,2,18,5,0,8,1,3,2,0,11,8,9,0,8,0,7,7
591,MC_SC_17_s03L_591,5,5,3,0,7,1,20,0,53,6,5,1,14,1,0,7,0,0,9
592,MC_SC_17_s03L_592,5,2,2,0,0,4,13,1,0,0,0,0,0,1,0,0,0,0,0
593,MC_SC_17_s03L_593,5,4,3,0,58,0,62,3,5,47,45,28,15,7,10,11,4,18,25
594,MC_SC_17_s03L_594,5,1,1,4,9,3,25,3,2,7,10,29,23,15,0,4,0,0,9
595,MC_SC_17_s03L_595,5,1,1,0,5,0,4,0,0,0,0,0,0,0,0,0,0,0,2
596,MC_SC_17_s03L_596,5,2,2,0,2,2,4,0,0,0,0,0,0,0,0,0,0,0,0
597,MC_SC_17_s03L_597,5,1,1,0,0,0,0,0,0,0,0,0,0,0,0,0,0,0,0
598,MC_SC_17_s03L_598,5,4,3,2,14,15,62,8,38,0,18,9,13,39,12,22,0,3,22
599,MC_SC_17_s03L_599,5,2,2,14,1,3,7,1,0,8,3,5,4,4,0,1,3,5,1
600,MC_SC_17_s03L_600,5,3,2,2,43,0,40,3,3,10,5,8,9,22,0,16,0,23,0
601,MC_SC_17_s03L_601,5,2,1,59,149,0,4,2,0,0,0,0,4,0,0,0,0,0,0
602,MC_SC_17_s03L_602,5,3,3,8,7,0,8,4,7,2,0,4,0,3,0,6,0,3,7
603,MC_SC_17_s03L_603,5,4,4,50,11,0,0,23,9,0,4,17,13,3,0,2,0,19,0
604,MC_SC_17_s03L_604,5,2,2,2,3,0,3,0,12,0,6,1,1,0,0,2,0,0,0
605,MC_SC_17_s03L_605,5,1,1,0,0,0,2,0,0,0,0,0,0,0,0,0,0,0,0
606,MC_SC_17_s03L_606,5,4,4,15,9,0,0,0,1,0,0,10,11,9,0,0,0,9,7
607,MC_SC_17_s03L_607,5,3,2,97,35,1,14,3,36,0,7,0,9,41,0,25,2,17,16
608,MC_SC_17_s03L_608,5,1,1,7,5,0,1,0,0,0,1,4,0,0,0,0,0,0,0
609,MC_SC_17_s03L_609,5,1,1,0,0,0,0,0,0,0,0,0,0,0,0,0,0,0,0
610,MC_SC_17_s03L_610,5,5,3,103,20,9,15,1,49,2,55,0,13,30,0,27,0,10,21
611,MC_SC_17_s03L_611,5,3,2,78,18,1,12,6,9,0,7,39,11,27,7,35,0,27,10
612,MC_SC_17_s03L_612,5,1,1,3,1,0,2,0,2,0,0,1,4,0,0,0,0,0,1
613,MC_SC_17_s03L_613,5,5,2,144,25,0,82,0,20,2,17,9,8,1,1,20,18,188,31
614,MC_SC_17_s03L_614,5,5,4,81,21,0,24,4,6,0,6,0,14,33,2,2,2,22,26
615,MC_SC_17_s03L_615,5,4,3,76,23,0,15,1,3,0,3,4,14,18,0,19,2,15,34
616,MC_SC_17_s03L_616,5,5,4,0,16,0,6,35,28,22,23,24,27,15,1,30,6,17,20
617,MC_SC_17_s03L_617,5,2,1,5,5,0,1,0,0,0,0,0,2,3,0,1,0,0,0
618,MC_SC_17_s03L_618,5,4,3,1,12,0,9,4,19,14,1,19,5,7,0,13,0,4,10
619,MC_SC_17_s03L_619,5,1,1,10,0,0,2,0,0,0,1,0,0,0,0,0,0,2,1
620,MC_SC_17_s03L_620,5,1,1,11,3,0,1,5,0,0,0,2,2,0,0,3,0,9,0
621,MC_SC_17_s03L_621,5,3,2,13,13,0,7,2,0,0,0,10,4,9,0,2,0,3,1
622,MC_SC_17_s03L_622,5,2,2,25,25,0,4,24,4,0,0,16,7,0,0,0,0,17,2
623,MC_SC_17_s03L_623,5,7,2,1,9,13,24,41,89,2,13,31,23,54,67,31,21,9,21
624,MC_SC_17_s03L_624,5,5,3,90,5,0,5,1,5,2,16,12,18,24,0,10,6,26,13
625,MC_SC_17_s03L_625,5,1,1,0,9,0,0,1,2,6,0,5,3,11,0,3,4,0,0
626,MC_SC_17_s03L_626,5,3,3,91,15,0,5,3,68,0,9,7,36,26,0,9,0,3,23
627,MC_SC_17_s03L_627,5,1,1,0,0,0,0,6,0,0,0,0,1,0,0,0,0,4,1
628,MC_SC_17_s03L_628,5,7,3,117,104,7,46,4,93,14,10,0,17,61,22,76,16,12,49
629,MC_SC_17_s03L_629,5,3,2,34,24,2,1,11,22,0,11,2,8,11,5,16,0,6,25
630,MC_SC_17_s03L_630,5,3,2,25,2,0,13,6,4,0,11,16,14,15,5,5,2,9,9
631,MC_SC_17_s03L_631,5,2,1,7,17,0,3,29,0,0,11,0,10,2,0,2,0,10,8
632,MC_SC_17_s03L_632,5,3,3,1,21,0,0,12,0,4,0,30,1,17,0,0,0,1,16
633,MC_SC_17_s03L_633,5,1,1,0,2,0,4,17,2,15,11,0,14,1,7,10,0,12,5
634,MC_SC_17_s03L_634,5,2,2,5,11,0,2,0,0,0,1,0,7,7,0,9,0,1,0
635,MC_SC_17_s03L_635,5,5,4,3,13,4,87,4,33,12,9,18,19,35,31,8,7,2,3
636,MC_SC_17_s03L_636,5,2,2,46,9,0,3,0,0,0,1,3,10,1,0,2,0,9,13
637,MC_SC_17_s03L_637,5,3,3,92,10,0,6,0,13,0,4,8,7,3,1,3,2,20,6
638,MC_SC_17_s03L_638,5,4,3,8,13,0,64,5,0,37,5,5,12,22,3,37,9,11,27
639,MC_SC_17_s03L_639,5,6,2,97,40,4,42,34,169,6,49,58,50,54,112,80,14,41,43
640,MC_SC_17_s03L_640,5,2,2,2,2,0,8,31,19,0,6,22,10,0,0,3,0,1,0
641,MC_SC_17_s03L_641,5,3,2,12,0,0,3,0,0,0,2,5,4,7,0,0,0,10,2
642,MC_SC_17_s03L_642,5,3,2,24,0,0,4,0,12,0,12,0,2,4,6,5,3,0,2
643,MC_SC_17_s03L_643,5,3,2,55,28,0,20,5,15,0,9,12,4,0,10,20,0,2,21
644,MC_SC_17_s03L_644,5,1,1,3,0,0,0,0,1,0,0,0,0,0,0,0,0,0,0
645,MC_SC_17_s03L_645,5,2,1,2,7,0,2,2,2,4,0,4,6,15,2,3,8,21,2
646,MC_SC_17_s03L_646,5,1,1,9,1,0,0,0,0,0,4,2,1,1,0,1,6,5,2
647,MC_SC_17_s03L_647,5,3,2,58,13,0,7,3,4,0,1,16,3,0,7,4,0,3,11
648,MC_SC_17_s03L_648,5,4,3,85,23,0,45,10,56,0,6,28,11,37,20,29,8,7,40
649,MC_SC_17_s03L_649,5,4,4,130,7,0,10,3,39,0,48,31,6,20,13,17,0,21,46
650,MC_SC_17_s03L_650,5,2,1,3,19,0,5,15,2,0,1,8,1,8,0,17,0,0,15
651,MC_SC_17_s03L_651,5,3,3,0,9,3,28,24,3,12,15,10,10,15,3,9,2,3,15
652,MC_SC_17_s03L_652,5,5,4,5,54,30,65,33,120,36,15,9,13,34,105,59,24,24,4
653,MC_SC_17_s03L_653,5,3,1,4,17,0,30,33,10,49,9,0,13,1,0,5,0,3,5
654,MC_SC_17_s03L_654,5,3,2,5,15,0,28,2,0,23,2,7,2,3,6,2,0,0,1
655,MC_SC_17_s03L_655,5,4,3,0,0,0,0,37,20,0,1,2,14,0,0,2,0,0,0
656,MC_SC_17_s03L_656,5,1,1,0,0,0,0,0,0,0,0,0,0,0,0,0,0,0,0
657,MC_SC_17_s03L_657,5,1,1,0,3,0,2,1,5,1,2,0,0,0,8,1,0,0,0
658,MC_SC_17_s03L_658,5,5,3,3,159,5,18,16,3,333,131,72,13,99,158,112,44,6,14
659,MC_SC_17_s03L_659,5,1,1,31,1,0,3,0,0,4,3,0,2,2,9,3,2,2,5
660,MC_SC_17_s03L_660,5,6,2,97,8,0,7,4,23,2,6,1,31,2,1,23,5,34,68
661,MC_SC_17_s03L_661,5,7,3,14,197,96,82,12,99,50,69,14,22,125,175,67,30,12,7
662,MC_SC_17_s03L_662,5,3,2,1,25,0,8,2,44,96,9,7,6,15,49,18,4,0,19
663,MC_SC_17_s03L_663,5,3,2,15,12,1,38,0,0,0,0,0,1,0,0,2,0,1,4
664,MC_SC_17_s03L_664,5,1,1,0,5,0,2,0,1,2,0,5,3,11,1,2,0,0,0
665,MC_SC_17_s03L_665,5,4,2,9,23,0,10,0,0,0,0,20,15,17,0,5,0,7,2
666,MC_SC_17_s03L_666,5,3,2,5,1,0,45,8,16,0,31,2,32,26,18,21,5,0,12
667,MC_SC_17_s03L_667,5,4,2,113,37,16,9,6,31,15,1,21,32,37,31,8,2,14,37
668,MC_SC_17_s03L_668,5,1,1,21,13,0,6,1,7,0,0,6,5,4,5,0,0,10,14
669,MC_SC_17_s03L_669,5,3,3,36,3,0,13,1,3,0,15,0,19,14,3,3,0,16,19
670,MC_SC_17_s03L_670,5,2,2,51,17,0,7,6,3,0,0,12,8,16,0,10,0,17,5
671,MC_SC_17_s03L_671,5,4,3,2,41,2,9,1,3,0,20,8,12,9,0,1,0,3,1
672,MC_SC_17_s03L_672,5,4,3,39,11,0,2,0,59,0,7,7,17,10,0,34,4,4,24
673,MC_SC_17_s03L_673,5,2,1,37,2,0,0,0,0,0,0,2,2,0,0,5,0,3,19
674,MC_SC_17_s03L_674,5,2,1,1,9,3,6,34,4,1,5,4,6,1,1,3,0,0,1
675,MC_SC_17_s03L_675,5,2,1,29,9,0,6,4,3,0,7,0,2,3,0,23,0,3,8
676,MC_SC_17_s03L_676,5,2,1,0,0,0,0,0,0,0,4,2,1,1,0,4,0,5,0
677,MC_SC_17_s03L_677,5,3,2,0,7,3,1,50,19,15,9,8,14,2,0,9,0,0,2
678,MC_SC_17_s03L_678,5,5,3,1,24,3,11,1,8,0,0,27,26,21,0,12,5,16,3
679,MC_SC_17_s03L_679,5,4,3,0,6,2,0,3,3,2,3,0,1,0,0,4,0,13,3
680,MC_SC_17_s03L_680,5,6,4,1,79,24,10,0,5,10,0,11,9,35,25,17,6,6,0
681,MC_SC_17_s03L_681,5,3,2,5,35,0,26,1,0,2,1,9,9,0,3,9,4,2,13
682,MC_SC_17_s03L_682,5,1,1,0,0,0,0,0,0,1,0,0,0,0,0,0,0,0,0
683,MC_SC_17_s03L_683,5,7,5,2,68,57,199,8,6,12,39,32,13,40,46,44,4,1,24
684,MC_SC_17_s03L_684,5,5,3,2,24,0,12,1,0,18,2,12,10,7,0,6,0,13,11
685,MC_SC_17_s03L_685,5,3,2,305,282,80,60,4,27,4,13,1,21,1,2,10,4,30,22
686,MC_SC_17_s03L_686,5,3,3,2,17,8,29,1,0,0,0,0,1,7,6,7,2,0,14
687,MC_SC_17_s03L_687,5,3,2,0,9,0,4,2,9,0,1,0,21,16,0,12,0,14,21
688,MC_SC_17_s03L_688,5,7,2,12,116,42,40,3,30,6,7,4,8,47,59,21,9,7,4
689,MC_SC_17_s03L_689,5,2,2,50,21,0,17,4,20,0,1,7,5,5,0,11,0,6,18
690,MC_SC_17_s03L_690,5,4,4,1,0,1,7,31,3,0,14,4,11,0,0,0,0,1,0
691,MC_SC_17_s03L_691,5,1,1,2,1,0,1,0,1,0,3,0,0,0,2,0,0,0,0
692,MC_SC_17_s03L_692,5,4,3,78,26,0,7,4,8,0,2,22,6,0,1,5,2,0,29
693,MC_SC_17_s03L_693,5,4,3,7,30,19,27,1,3,9,1,35,7,28,26,27,5,4,2
694,MC_SC_17_s03L_694,5,1,1,8,4,2,0,0,0,0,0,0,0,0,0,0,0,0,0
695,MC_SC_17_s03L_695,5,5,2,132,11,19,7,1,62,5,35,0,31,2,1,17,0,16,26
696,MC_SC_17_s03L_696,5,1,1,35,11,0,5,0,24,0,11,0,6,0,0,7,0,8,4
697,MC_SC_17_s03L_697,5,9,8,173,36,84,28,12,213,42,44,20,26,26,12,86,25,8,37
698,MC_SC_17_s03L_698,5,4,2,61,42,3,28,13,10,2,2,4,14,14,8,25,0,8,2
699,MC_SC_17_s03L_699,5,2,2,0,3,0,23,0,0,0,1,0,1,0,0,0,0,0,0
700,MC_SC_17_s03L_700,5,3,3,7,9,0,17,5,2,0,8,5,6,1,3,7,0,0,0
701,MC_SC_17_s03L_701,5,3,3,70,26,4,29,12,25,2,9,18,11,16,3,8,0,4,9
702,MC_SC_17_s03L_702,5,2,2,20,5,0,4,0,4,0,1,5,6,4,0,11,0,0,1
703,MC_SC_17_s03L_703,5,6,2,85,28,0,0,13,62,0,18,0,18,47,5,26,0,12,38
704,MC_SC_17_s03L_704,5,2,1,4,27,0,7,0,0,8,1,0,0,0,0,3,0,0,0
705,MC_SC_17_s03L_705,5,4,2,63,22,1,8,8,8,0,9,3,20,17,0,9,0,1,3
706,MC_SC_17_s03L_706,5,3,2,5,10,0,13,0,0,0,1,4,15,7,0,2,0,1,0
707,MC_SC_17_s03L_707,5,7,4,202,100,52,54,9,95,9,66,1,38,13,8,45,2,1,53
708,MC_SC_17_s03L_708,5,1,1,4,7,0,1,4,0,0,0,4,1,4,0,3,0,4,0
709,MC_SC_17_s03L_709,5,6,4,1,20,0,49,8,13,15,34,7,11,48,3,17,0,24,32
710,MC_SC_17_s03L_710,5,4,2,5,54,0,9,2,0,23,23,2,2,15,5,9,0,0,1
711,MC_SC_17_s03L_711,5,1,1,0,0,0,0,0,0,0,0,0,0,1,0,0,0,3,0
712,MC_SC_17_s03L_712,5,3,2,18,8,1,12,0,25,0,4,0,1,5,0,0,0,1,1
713,MC_SC_17_s03L_713,5,5,4,3,8,2,33,54,272,250,57,41,9,68,0,14,5,5,3
714,MC_SC_17_s03L_714,5,2,1,0,0,0,0,0,0,0,0,0,2,3,0,6,3,4,0
715,MC_SC_17_s03L_715,5,3,2,1,25,6,10,4,13,9,1,0,4,15,6,3,7,0,0
716,MC_SC_17_s03L_716,5,2,1,0,0,0,0,0,0,0,1,5,0,7,0,1,2,5,0
717,MC_SC_17_s03L_717,5,7,5,6,221,73,31,2,177,17,10,1,19,109,2,34,15,6,4
718,MC_SC_17_s03L_718,5,3,2,2,31,0,6,1,0,0,1,1,0,11,2,1,0,0,0
719,MC_SC_17_s03L_719,5,3,3,2,9,6,9,11,4,6,1,0,4,27,19,8,7,1,1
720,MC_SC_17_s03L_720,5,4,2,154,15,0,60,1,14,0,6,3,3,1,2,3,5,137,15
721,MC_SC_17_s03L_721,5,3,2,0,8,0,1,24,34,0,3,6,8,1,0,3,0,0,0
722,MC_SC_17_s03L_722,5,6,3,2,110,33,41,0,35,3,10,11,8,33,25,14,4,6,2
723,MC_SC_17_s03L_723,5,4,3,2,40,20,22,14,14,3,2,1,2,21,0,12,2,1,0
724,MC_SC_17_s03L_724,5,2,2,0,28,0,1,0,0,5,6,4,4,16,6,2,3,0,0
725,MC_SC_17_s03L_725,5,9,6,2,66,29,56,60,37,28,19,3,22,63,24,45,7,2,24
726,MC_SC_17_s03L_726,5,5,3,0,75,11,27,16,88,2,14,27,12,61,0,23,5,2,2
727,MC_SC_17_s03L_727,5,2,1,16,5,0,2,0,3,0,1,2,5,1,0,1,0,4,5
728,MC_SC_17_s03L_728,5,1,1,0,1,0,1,12,2,0,5,0,1,2,2,0,0,10,1
729,MC_SC_17_s03L_729,5,3,2,0,7,0,11,5,3,12,8,0,0,3,0,1,0,0,0
730,MC_SC_17_s03L_730,5,5,3,0,3,1,0,22,12,2,0,5,18,5,0,11,4,0,0
731,MC_SC_17_s03L_731,5,1,1,33,7,0,10,5,2,0,0,5,7,15,0,9,2,1,2
732,MC_SC_17_s03L_732,5,4,3,0,17,9,15,9,49,14,14,10,28,44,30,9,17,1,4
733,MC_SC_17_s03L_733,5,4,3,114,50,9,18,1,50,2,6,36,7,0,13,20,3,22,18
734,MC_SC_17_s03L_734,5,2,1,0,2,0,0,0,3,0,0,8,5,18,0,0,0,25,0
735,MC_SC_17_s03L_735,5,4,3,3,26,4,4,0,0,2,6,3,2,21,0,6,0,6,28
736,MC_SC_17_s03L_736,5,3,3,5,5,0,5,0,0,8,1,6,0,0,2,0,2,0,0
737,MC_SC_17_s03L_737,5,4,2,0,6,0,19,0,6,17,9,26,11,31,5,29,2,3,24
738,MC_SC_17_s03L_738,5,3,2,47,3,0,4,0,2,0,11,5,5,22,5,14,0,20,26
739,MC_SC_17_s03L_739,5,4,3,4,26,0,25,7,5,45,34,2,11,25,6,6,2,3,15
740,MC_SC_17_s03L_740,5,5,2,1,4,0,9,84,78,2,45,2,60,46,10,42,6,53,32
741,MC_SC_17_s03L_741,5,3,2,3,6,0,12,2,4,19,0,0,4,0,0,0,0,2,3
742,MC_SC_17_s03L_742,5,3,2,2,20,0,6,1,0,0,20,8,1,16,0,0,0,27,0
743,MC_SC_17_s03L_743,5,6,5,0,11,0,100,1,9,5,51,17,21,64,5,31,2,14,54
744,MC_SC_17_s03L_744,5,3,2,0,0,0,0,30,15,0,0,4,13,1,0,4,2,1,2
745,MC_SC_17_s03L_745,5,1,1,0,0,0,0,0,0,0,0,0,1,0,0,2,0,0,0
746,MC_SC_17_s03L_746,5,3,2,0,5,0,0,37,39,2,16,15,3,0,4,3,2,5,9
747,MC_SC_17_s03L_747,5,4,3,1,11,0,21,47,17,67,21,9,32,12,17,33,1,36,30
748,MC_SC_17_s03L_748,5,5,4,10,24,0,23,7,7,37,3,13,13,29,0,3,2,64,0
749,MC_SC_17_s03L_749,5,5,3,107,24,0,27,78,92,2,10,38,19,4,12,18,5,36,42
750,MC_SC_17_s03L_750,5,2,1,0,0,0,0,3,13,0,4,0,1,12,2,11,0,2,0
751,MC_SC_17_s03L_751,5,1,1,0,0,0,0,0,0,0,0,4,2,7,0,1,0,2,5
752,MC_SC_17_s03L_752,5,4,3,2,8,0,7,2,0,48,12,5,9,30,0,13,2,42,0
753,MC_SC_17_s03L_753,5,1,1,0,1,0,1,2,0,0,0,0,0,0,0,0,0,1,0
754,MC_SC_17_s03L_754,5,1,1,7,2,0,1,2,0,0,0,9,3,0,9,0,0,0,0
755,MC_SC_17_s03L_755,5,1,1,0,2,0,0,0,0,0,0,0,0,0,0,0,0,0,0
756,MC_SC_17_s03L_756,5,3,3,2,15,1,14,3,0,0,11,5,6,15,0,1,0,2,1
757,MC_SC_17_s03L_757,5,1,1,0,0,0,0,0,0,0,0,0,0,0,0,0,0,0,0
758,MC_SC_17_s03L_758,5,4,3,10,20,1,52,5,15,58,16,22,5,3,16,2,3,15,37
759,MC_SC_17_s03L_759,5,3,3,2,46,0,7,32,12,56,8,17,8,17,1,4,0,15,18
760,MC_SC_17_s03L_760,5,2,1,1,11,0,12,20,0,2,1,10,9,1,2,20,2,13,0
761,MC_SC_17_s03L_761,5,1,1,25,16,0,12,2,13,2,0,5,3,2,0,1,3,17,2
762,MC_SC_17_s03L_762,5,8,5,69,5,3,7,32,12,11,11,2,4,4,15,5,0,0,13
763,MC_SC_17_s03L_763,5,8,5,5,9,4,4,0,1,39,1,32,8,10,115,26,167,26,5
764,MC_SC_17_s03L_764,5,2,1,17,8,0,8,3,4,0,5,3,1,4,0,3,0,0,7
765,MC_SC_17_s03L_765,5,4,3,0,23,0,3,2,14,0,0,1,13,21,0,31,1,10,33
766,MC_SC_17_s03L_766,5,6,6,2,51,0,66,7,12,122,5,50,33,55,51,17,2,43,56
767,MC_SC_17_s03L_767,5,2,1,0,2,0,0,5,1,1,0,9,23,62,9,22,76,43,19
768,MC_SC_17_s03L_768,5,4,2,4,29,0,10,2,2,92,1,40,42,37,7,14,4,40,31
769,MC_SC_17_s03L_769,5,1,1,0,27,0,1,10,2,5,0,7,12,9,2,1,0,7,9
770,MC_SC_17_s03L_770,5,5,3,0,7,4,52,8,27,22,1,2,6,33,15,2,81,11,2
771,MC_SC_17_s03L_771,5,1,1,5,1,0,1,4,12,0,0,0,0,0,1,3,0,0,1
772,MC_SC_17_s03L_772,5,3,2,1,78,0,14,48,7,59,18,30,12,24,5,14,0,51,44
773,MC_SC_17_s03L_773,5,3,3,2,60,1,5,28,5,26,23,21,13,11,0,1,3,24,22
774,MC_SC_17_s03L_774,5,2,1,3,0,0,10,4,0,0,2,5,8,0,0,0,0,1,2
775,MC_SC_17_s03L_775,5,3,2,56,26,3,28,1,11,0,0,4,2,14,2,18,3,7,12
776,MC_SC_17_s03L_776,5,5,3,0,49,67,147,0,24,7,52,19,32,55,4,38,17,5,71
777,MC_SC_17_s03L_777,5,4,3,0,24,1,39,2,3,0,0,5,12,24,0,0,21,31,3
778,MC_SC_17_s03L_778,5,4,3,82,35,14,40,42,3,5,4,0,9,4,37,16,4,7,38
779,MC_SC_17_s03L_779,5,4,2,28,17,0,14,14,19,0,2,1,6,0,0,2,0,8,7
780,MC_SC_17_s03L_780,5,2,2,0,0,0,0,0,0,0,0,1,2,6,1,4,1,0,3
781,MC_SC_17_s03L_781,5,2,2,2,8,0,2,5,7,0,0,4,0,0,0,0,0,8,9
782,MC_SC_17_s03L_782,5,2,2,0,10,0,15,0,0,3,5,6,0,2,0,1,0,1,6
783,MC_SC_17_s03L_783,5,5,3,152,66,56,26,50,47,13,11,0,8,6,32,48,10,13,45
784,MC_SC_17_s03L_784,5,1,1,0,0,0,0,0,0,0,0,0,0,0,0,0,0,0,0
785,MC_SC_17_s03L_785,5,2,2,0,8,0,0,0,0,5,0,8,1,0,0,0,0,13,0
786,MC_SC_17_s03L_786,5,1,1,0,0,0,15,14,4,0,0,0,1,0,0,2,0,0,0
787,MC_SC_17_s03L_787,5,3,2,0,14,0,5,18,3,0,1,2,4,1,0,6,0,0,2
788,MC_SC_17_s03L_788,5,7,5,34,27,0,41,1,34,2,9,3,7,29,44,11,62,4,9
789,MC_SC_17_s03L_789,5,4,3,0,23,0,6,0,0,0,1,18,0,7,12,3,88,7,5
790,MC_SC_17_s03L_790,5,3,2,1,0,2,3,20,14,3,0,0,1,3,0,3,0,0,0
791,MC_SC_17_s03L_791,5,4,3,1,11,3,50,19,60,19,13,1,25,66,0,62,8,7,16
792,MC_SC_17_s03L_792,5,1,1,4,5,0,4,8,39,8,13,8,2,2,2,0,0,0,2
793,MC_SC_17_s03L_793,5,5,4,2,15,0,3,2,1,20,25,35,24,0,4,6,0,75,1
794,MC_SC_17_s03L_794,5,4,3,0,1,0,6,38,13,0,9,7,0,0,0,0,0,0,0
795,MC_SC_17_s03L_795,5,1,1,3,6,0,15,14,4,0,16,10,20,14,1,19,0,4,9
796,MC_SC_17_s03L_796,5,9,5,6,13,40,183,2,230,23,71,1,14,59,50,65,14,6,18
797,MC_SC_17_s03L_797,5,3,3,1,5,0,20,2,6,0,9,0,1,4,0,2,0,9,5
798,MC_SC_17_s03L_798,5,2,2,2,11,0,1,27,13,0,4,15,12,6,11,12,0,0,0
799,MC_SC_17_s03L_799,5,1,1,0,0,0,0,0,0,0,0,0,0,0,0,1,0,0,0
800,MC_SC_17_s03L_800,5,1,1,10,11,0,11,7,4,0,1,0,6,0,2,0,0,3,0
801,MC_SC_17_s03L_801,5,1,1,1,5,0,9,0,0,3,0,1,2,1,0,0,0,17,4
802,MC_SC_17_s03L_802,5,3,2,0,0,0,0,46,34,4,0,7,15,1,0,4,0,1,1
803,MC_SC_17_s03L_803,5,3,3,16,4,0,1,0,3,0,11,5,2,5,12,3,27,1,7
804,MC_SC_17_s03L_804,5,5,3,54,32,0,6,9,37,3,16,2,9,45,37,17,132,38,60
805,MC_SC_17_s03L_805,5,2,1,1,5,0,26,18,0,19,4,3,3,0,1,1,0,0,0
806,MC_SC_17_s03L_806,5,2,2,5,15,0,4,66,50,4,4,1,14,28,0,20,0,1,0
807,MC_SC_17_s03L_807,5,2,1,1,5,0,3,50,29,3,4,1,20,30,1,3,0,0,2
808,MC_SC_17_s03L_808,5,3,2,2,16,0,68,4,39,130,46,43,41,5,11,8,0,55,32
809,MC_SC_17_s03L_809,5,3,2,134,13,0,5,6,37,2,4,13,4,20,1,18,67,54,46
810,MC_SC_17_s03L_810,5,1,1,0,4,0,3,13,3,6,26,0,1,10,0,0,0,0,0
811,MC_SC_17_s03L_811,5,5,4,0,4,0,33,0,5,8,0,4,3,12,0,1,0,17,2
812,MC_SC_17_s03L_812,5,6,6,1,59,68,131,5,5,22,63,33,23,40,168,50,8,6,22
813,MC_SC_17_s03L_813,5,6,5,2,26,44,84,105,135,32,9,44,33,66,78,97,16,45,13
814,MC_SC_17_s03L_814,5,10,6,1,43,0,55,53,43,147,8,4,27,6,44,15,0,63,5
815,MC_SC_17_s03L_815,5,3,2,6,24,0,43,0,0,0,0,0,1,0,0,2,0,0,2
816,MC_SC_17_s03L_816,5,5,3,1,14,0,2,10,6,82,29,4,22,11,16,16,0,3,0
817,MC_SC_17_s03L_817,5,4,2,5,45,38,53,54,118,14,38,43,3,10,57,28,7,9,10
818,MC_SC_17_s03L_818,5,5,2,8,59,34,77,49,113,8,80,2,17,26,0,12,3,9,6
819,MC_SC_17_s03L_819,5,3,2,5,25,4,55,21,2,40,6,2,6,0,4,5,0,0,1
820,MC_SC_17_s03L_820,5,10,4,1,30,4,78,8,2,250,6,56,43,80,39,54,42,239,98
821,MC_SC_17_s03L_821,5,2,1,1,5,0,4,3,0,21,0,8,5,7,3,4,0,4,0
822,MC_SC_17_s03L_822,5,4,3,96,41,0,7,8,21,1,17,14,22,38,62,10,134,22,40
823,MC_SC_17_s03L_823,5,1,1,0,1,0,1,0,0,0,0,0,0,0,0,0,0,0,0
824,MC_SC_17_s03L_824,5,1,1,1,13,2,8,0,16,20,5,0,0,0,0,0,0,0,0
825,MC_SC_17_s03L_825,5,7,5,4,61,75,150,117,225,58,126,7,16,65,61,16,0,0,18
826,MC_SC_17_s03L_826,5,4,3,41,60,0,11,6,3,4,2,42,22,21,75,31,181,13,37
827,MC_SC_17_s03L_827,5,5,3,61,27,0,6,1,2,5,4,1,9,12,32,24,36,7,16
828,MC_SC_17_s03L_828,5,5,3,79,29,1,13,0,0,4,25,38,9,24,69,18,105,1,9
829,MC_SC_17_s03L_829,5,2,2,22,15,0,1,0,0,0,7,0,1,0,1,0,15,0,1
830,MC_SC_17_s03L_830,5,7,4,63,52,2,10,20,17,12,47,64,30,29,141,10,138,13,41
831,MC_SC_17_s03L_831,5,3,2,6,25,0,52,24,5,47,9,2,6,0,0,1,0,6,2
832,MC_SC_17_s03L_832,5,7,5,84,45,0,8,9,12,3,21,21,11,29,88,52,173,18,53
833,MC_SC_17_s03L_833,5,1,1,1,22,14,1,0,0,0,0,0,7,2,0,3,0,0,0
834,MC_SC_17_s03L_834,5,4,2,1,17,4,8,85,65,0,14,1,23,53,2,0,0,0,0
835,MC_SC_17_s03L_835,5,4,2,30,37,0,7,0,0,6,11,0,15,13,18,28,133,2,6
836,MC_SC_17_s03L_836,5,1,1,0,1,0,0,1,0,2,1,0,0,0,0,0,0,0,0
837,MC_SC_17_s03L_837,5,1,1,0,0,0,1,0,0,0,0,0,2,0,0,0,0,0,0
838,MC_SC_17_s03L_838,5,3,2,13,14,0,26,0,0,0,2,0,1,9,11,3,7,0,0
839,MC_SC_17_s03L_839,5,1,1,0,0,0,0,0,0,1,0,0,0,0,0,0,0,0,5
840,MC_SC_17_s03L_840,5,3,2,46,12,0,9,5,3,0,0,26,9,16,30,24,76,0,3
841,MC_SC_17_s03L_841,5,6,4,93,33,0,10,4,2,3,8,27,24,18,39,0,0,0,0
842,MC_SC_17_s03L_842,5,4,3,147,65,0,188,0,5,2,29,76,8,56,24,0,0,0,0
843,MC_SC_17_s03L_843,5,1,1,0,0,0,0,0,0,0,0,0,0,0,0,0,0,0,0
844,MC_SC_17_s03L_844,5,6,3,34,35,0,8,1,1,0,12,39,5,11,27,13,104,3,5
845,MC_SC_17_s03L_845,5,3,3,33,10,0,1,3,7,0,4,7,7,2,0,2,24,0,0
846,MC_SC_17_s03L_846,5,9,5,55,40,0,72,20,13,25,36,112,38,45,91,14,217,43,36
847,MC_SC_17_s03L_847,5,6,5,0,16,0,37,7,0,62,0,45,14,60,17,30,0,7,2
848,MC_SC_17_s03L_848,5,6,3,67,36,0,12,9,5,15,6,42,14,19,0,0,0,0,0
849,MC_SC_17_s03L_849,5,7,4,114,43,0,9,11,5,2,31,81,30,22,55,49,71,3,19
850,MC_SC_17_s03L_850,5,8,5,47,21,0,70,4,4,17,5,2,4,22,60,12,44,3,4
851,MC_SC_17_s03L_851,5,3,2,12,4,0,12,0,1,0,1,6,1,2,11,0,0,0,0
852,MC_SC_17_s03L_852,5,1,1,10,12,6,10,0,0,0,0,0,0,0,0,0,0,0,0
853,MC_SC_17_s03L_853,5,1,1,0,0,0,0,0,0,0,0,0,1,0,0,0,0,0,0
854,MC_SC_17_s03L_854,5,8,5,0,227,1,244,10,63,471,105,126,12,111,109,59,81,30,81
855,MC_SC_17_s03L_855,5,5,4,78,48,1,14,4,0,32,32,13,17,37,87,46,107,14,19
856,MC_SC_17_s03L_856,5,9,7,56,41,3,40,4,2,27,9,34,10,44,85,11,53,1,9
857,MC_SC_17_s03L_857,5,14,12,36,74,6,44,4,13,33,25,59,15,11,149,10,29,7,6
858,MC_SC_17_s03L_858,5,4,2,58,1,0,15,12,19,0,4,6,16,0,3,0,0,0,0
859,MC_SC_17_s03L_859,5,1,1,9,25,22,2,1,0,0,3,0,0,0,0,0,0,0,0
860,MC_SC_17_s03L_860,5,4,3,40,18,0,19,0,3,10,1,8,6,14,39,1,35,1,7
861,MC_SC_17_s03L_861,5,6,5,0,16,0,69,7,5,109,43,3,11,65,10,5,4,30,12
862,MC_SC_17_s03L_862,5,5,4,0,67,0,72,7,8,146,13,32,25,46,62,7,4,47,6
863,MC_SC_17_s03L_863,5,1,1,0,0,0,0,0,0,0,0,0,0,0,0,0,0,0,0
864,MC_SC_17_s03L_864,5,5,3,98,80,0,69,19,9,8,43,99,24,37,143,0,165,2,19
865,MC_SC_17_s03L_865,5,3,2,13,11,0,21,0,0,0,2,2,8,7,38,5,64,1,12
866,MC_SC_17_s03L_866,5,10,4,79,58,3,87,11,5,29,39,53,14,54,170,71,358,18,33
867,MC_SC_17_s03L_867,5,6,4,37,17,4,6,1,19,20,25,83,14,43,140,0,0,0,0
868,MC_SC_17_s03L_868,5,5,4,59,55,2,62,6,0,5,28,58,25,20,200,0,7,0,0
869,MC_SC_17_s03L_869,5,7,4,118,68,0,92,7,21,17,19,20,22,45,139,67,349,5,25
870,MC_SC_17_s03L_870,5,2,2,0,0,0,0,2,3,0,7,20,15,10,33,3,20,0,5
871,MC_SC_17_s03L_871,6,3,2,66,3,27,32,6,57,82,6,2,21,20,22,10,6,1,12
872,MC_SC_17_s03L_872,6,1,1,0,4,0,19,4,0,21,2,0,1,2,9,0,0,14,3
873,MC_SC_17_s03L_873,6,1,1,13,3,0,5,1,7,0,0,0,0,5,0,2,0,1,1
874,MC_SC_17_s03L_874,6,4,2,2,9,1,36,26,1,92,6,1,22,11,37,1,2,48,0
875,MC_SC_17_s03L_875,6,8,5,0,4,0,33,21,8,133,16,6,0,19,28,12,11,7,28
876,MC_SC_17_s03L_876,6,4,2,0,2,0,16,0,0,7,13,9,13,82,29,16,5,46,41
877,MC_SC_17_s03L_877,6,17,6,1,15,31,105,23,99,24,3,0,34,27,6,30,17,448,5
878,MC_SC_17_s03L_878,6,6,2,0,4,0,40,0,0,40,5,2,11,51,2,15,8,42,32
879,MC_SC_17_s03L_879,6,5,5,60,9,0,26,33,45,5,31,25,14,12,25,21,2,13,22
880,MC_SC_17_s03L_880,6,1,1,0,1,0,1,0,6,0,0,0,2,1,0,0,0,1,0
881,MC_SC_17_s03L_881,6,7,5,0,13,45,70,7,27,23,12,29,11,48,60,18,0,10,0
882,MC_SC_17_s03L_882,6,5,3,0,6,0,23,0,0,52,1,22,12,76,30,6,4,44,25
883,MC_SC_17_s03L_883,6,3,2,3,15,14,65,0,52,24,18,2,27,17,0,6,2,59,0
884,MC_SC_17_s03L_884,6,8,3,0,9,23,75,7,50,29,0,0,13,16,46,0,0,45,0
885,MC_SC_17_s03L_885,6,5,2,1,11,0,39,21,0,66,4,0,8,5,26,2,0,8,0
886,MC_SC_17_s03L_886,6,8,4,1,14,8,84,11,20,29,6,2,16,2,146,12,8,15,8
887,MC_SC_17_s03L_887,6,6,5,0,10,21,39,1,17,3,0,0,11,27,0,0,11,142,2
888,MC_SC_17_s03L_888,6,2,2,0,4,10,28,1,16,3,1,13,0,13,4,6,0,22,5
889,MC_SC_17_s03L_889,6,2,1,1,4,0,14,33,32,0,13,1,10,25,0,2,0,21,25
890,MC_SC_17_s03L_890,6,4,2,0,8,2,34,28,0,75,6,0,9,6,28,0,0,23,0
891,MC_SC_17_s03L_891,6,1,1,0,2,10,11,0,2,9,0,0,0,1,0,0,0,0,0
892,MC_SC_17_s03L_892,6,1,1,0,5,1,5,0,1,10,0,2,2,7,4,0,0,0,0
893,MC_SC_17_s03L_893,6,1,1,12,1,7,5,0,10,0,5,0,0,2,2,0,0,3,1
894,MC_SC_17_s03L_894,6,5,4,0,7,3,22,56,5,89,10,2,14,8,30,0,0,31,0
895,MC_SC_17_s03L_895,6,2,1,0,1,0,17,3,0,3,0,3,0,14,3,62,145,121,32
896,MC_SC_17_s03L_896,6,2,1,63,5,2,30,19,7,37,1,21,6,25,6,8,78,9,7
897,MC_SC_17_s03L_897,6,9,7,0,5,11,14,1,134,27,8,4,29,44,2,2,5,62,2
898,MC_SC_17_s03L_898,6,1,1,0,0,2,25,0,14,0,2,3,1,1,7,0,0,4,0
899,MC_SC_17_s03L_899,6,4,3,3,11,9,46,27,1,118,9,0,8,7,40,1,0,22,1
900,MC_SC_17_s03L_900,6,2,2,1,4,2,38,0,0,48,0,9,6,20,3,0,0,5,0
901,MC_SC_17_s03L_901,6,1,1,0,0,0,0,0,0,0,0,0,0,0,0,0,0,0,0
902,MC_SC_17_s03L_902,6,9,8,1,11,0,15,14,26,83,8,1,6,23,108,11,29,0,1
903,MC_SC_17_s03L_903,6,5,2,0,24,1,46,0,0,70,5,5,20,28,10,3,0,53,0
904,MC_SC_17_s03L_904,6,4,2,118,17,33,37,5,50,8,22,0,12,3,26,24,3,0,0
905,MC_SC_17_s03L_905,6,6,3,0,5,0,48,0,1,49,0,14,12,17,7,3,0,3,15
906,MC_SC_17_s03L_906,6,3,2,0,4,0,31,2,0,16,0,3,1,34,9,7,25,35,5
907,MC_SC_17_s03L_907,6,1,1,0,2,0,3,0,0,0,0,0,0,0,0,0,0,0,0
908,MC_SC_17_s03L_908,6,3,2,0,10,0,27,0,2,20,22,1,4,26,11,10,2,8,1
909,MC_SC_17_s03L_909,6,6,5,0,11,0,43,0,0,33,6,5,14,36,29,0,0,18,0
910,MC_SC_17_s03L_910,6,3,2,0,2,0,46,1,0,49,10,8,9,27,14,0,7,29,1
911,MC_SC_17_s03L_911,6,1,1,0,12,0,12,1,0,27,1,3,3,2,2,4,1,18,0
912,MC_SC_17_s03L_912,6,1,1,0,2,0,3,1,0,0,0,0,0,0,0,0,0,0,0
913,MC_SC_17_s03L_913,6,20,9,0,35,2,113,1,5,269,17,8,12,89,148,48,28,38,2
914,MC_SC_17_s03L_914,6,3,2,0,2,8,101,4,34,10,1,0,14,27,24,9,4,33,29
915,MC_SC_17_s03L_915,6,15,13,0,4,0,69,1,9,6,0,2,45,47,2,1,0,112,3
916,MC_SC_17_s03L_916,6,5,2,0,3,0,52,1,1,46,4,24,14,25,55,39,43,14,7
917,MC_SC_17_s03L_917,6,4,2,1,8,0,55,0,0,14,15,10,20,33,22,6,19,52,10
918,MC_SC_17_s03L_918,6,2,1,3,7,0,20,0,0,28,1,12,4,9,4,3,0,6,15
919,MC_SC_17_s03L_919,6,2,1,0,5,0,19,1,3,56,3,4,3,1,0,5,0,11,0
920,MC_SC_17_s03L_920,6,13,7,0,20,0,46,0,1,34,6,5,6,23,14,3,0,37,2
921,MC_SC_17_s03L_921,6,5,4,0,33,25,80,5,66,35,7,2,24,4,108,31,37,26,17
922,MC_SC_17_s03L_922,6,6,2,7,44,9,96,2,2,95,1,11,29,13,2,35,2,87,8
923,MC_SC_17_s03L_923,6,2,1,43,3,0,13,28,10,0,1,14,6,28,2,10,1,49,0
924,MC_SC_17_s03L_924,6,2,2,3,8,28,74,2,4,37,0,1,19,17,7,6,2,29,9
925,MC_SC_17_s03L_925,6,8,6,1,45,2,88,53,4,179,13,26,15,35,48,21,13,8,52
926,MC_SC_17_s03L_926,6,2,2,0,16,0,64,0,0,7,4,3,6,8,0,19,35,77,13
927,MC_SC_17_s03L_927,6,5,4,3,17,34,104,1,12,38,0,2,30,17,14,6,4,31,32
928,MC_SC_17_s03L_928,6,10,7,0,10,6,31,0,26,1,1,0,10,18,0,0,2,73,5
929,MC_SC_17_s03L_929,6,6,4,0,27,2,57,37,0,119,25,4,22,9,38,7,4,17,2
930,MC_SC_17_s03L_930,6,3,2,95,53,52,70,20,36,18,17,25,30,30,31,35,2,10,38
931,MC_SC_17_s03L_931,6,1,1,0,1,0,23,0,4,3,0,0,2,0,0,17,3,51,2
932,MC_SC_17_s03L_932,6,5,4,0,6,0,24,27,0,4,4,3,15,27,2,1,1,20,0
933,MC_SC_17_s03L_933,6,8,5,223,12,202,112,8,63,46,18,11,32,104,217,154,66,5,75
934,MC_SC_17_s03L_934,6,2,2,0,2,1,52,2,0,67,3,2,12,1,10,17,2,48,6
935,MC_SC_17_s03L_935,6,8,6,0,75,10,119,4,63,244,39,0,19,50,56,32,25,8,4
936,MC_SC_17_s03L_936,6,1,1,0,10,0,9,0,0,25,3,1,1,14,0,0,3,0,0
937,MC_SC_17_s03L_937,6,2,2,5,8,18,60,1,9,23,2,2,6,13,1,5,2,11,19
938,MC_SC_17_s03L_938,6,1,1,3,2,0,10,2,0,14,0,0,1,1,0,3,0,12,2
939,MC_SC_17_s03L_939,6,3,2,1,0,0,82,2,1,64,0,18,8,36,19,11,13,67,5
940,MC_SC_17_s03L_940,6,14,6,0,64,0,60,0,0,177,21,8,13,113,65,3,0,62,39
941,MC_SC_17_s03L_941,6,1,1,1,2,0,7,2,8,27,1,0,0,2,0,0,0,0,1
942,MC_SC_17_s03L_942,6,1,1,2,25,3,22,0,3,16,2,2,3,11,8,15,12,12,0
943,MC_SC_17_s03L_943,6,3,1,7,8,20,62,52,30,1,25,16,5,28,10,3,0,23,16
944,MC_SC_17_s03L_944,6,8,6,0,11,14,29,5,54,14,0,0,27,26,0,1,9,119,9
945,MC_SC_17_s03L_945,6,3,2,106,3,18,39,59,34,11,6,28,28,43,4,17,11,131,1
946,MC_SC_17_s03L_946,6,1,1,0,3,0,10,0,4,10,2,4,0,0,0,0,0,8,1
947,MC_SC_17_s03L_947,6,3,2,4,13,8,64,3,0,76,0,7,2,22,2,6,6,42,0
948,MC_SC_17_s03L_948,6,4,3,98,12,24,65,25,34,15,3,7,19,8,29,19,3,0,11
949,MC_SC_17_s03L_949,6,4,3,1,29,13,49,3,133,23,2,0,21,35,0,3,23,115,4
950,MC_SC_17_s03L_950,6,11,9,0,11,1,137,2,22,138,2,2,18,11,28,19,12,124,7
951,MC_SC_17_s03L_951,6,5,2,1,21,0,72,6,3,6,8,26,16,6,2,17,18,30,11
952,MC_SC_17_s03L_952,6,1,1,0,1,0,4,0,0,1,1,0,2,5,4,2,5,16,0
953,MC_SC_17_s03L_953,6,3,2,1,6,6,11,0,3,8,0,1,1,13,0,1,2,26,0
954,MC_SC_17_s03L_954,6,6,3,0,7,0,50,2,1,67,38,9,23,55,24,17,6,20,10
955,MC_SC_17_s03L_955,6,5,3,2,45,2,112,0,4,98,1,2,16,3,5,12,5,98,8
956,MC_SC_17_s03L_956,6,8,6,1,47,3,87,13,34,144,32,16,7,18,24,10,9,7,34
957,MC_SC_17_s03L_957,6,4,2,8,27,2,64,1,0,91,0,10,2,16,6,6,4,11,1
958,MC_SC_17_s03L_958,6,2,2,0,12,4,64,52,87,92,4,28,24,25,1,12,5,17,2
959,MC_SC_17_s03L_959,6,6,3,0,8,18,18,5,0,12,0,2,19,6,0,0,6,82,3
960,MC_SC_17_s03L_960,6,1,1,0,1,0,3,0,0,2,0,3,5,2,4,5,1,29,1
961,MC_SC_17_s03L_961,6,3,3,1,18,0,58,2,3,81,0,3,15,5,23,57,40,84,30
962,MC_SC_17_s03L_962,6,1,1,0,0,0,3,1,0,0,0,8,5,13,2,4,0,49,6
963,MC_SC_17_s03L_963,6,3,2,3,27,0,44,0,1,8,1,12,2,0,0,2,0,24,4
964,MC_SC_17_s03L_964,6,3,2,0,13,0,101,0,7,13,1,26,16,21,27,39,4,75,14
965,MC_SC_17_s03L_965,6,5,3,0,12,1,25,29,6,90,77,13,6,14,21,13,4,9,3
966,MC_SC_17_s03L_966,6,6,5,1,7,16,75,0,13,9,2,0,6,7,28,9,0,2,19
967,MC_SC_17_s03L_967,6,2,1,0,0,0,7,0,0,0,0,0,1,0,3,0,1,3,9
968,MC_SC_17_s03L_968,6,1,1,2,1,0,11,0,1,0,0,0,9,13,10,7,3,7,12
969,MC_SC_17_s03L_969,6,1,1,0,2,0,2,0,0,2,0,1,1,1,0,1,0,0,0
970,MC_SC_17_s03L_970,6,2,1,5,13,0,21,0,0,5,2,0,0,8,0,2,0,3,0
971,MC_SC_17_s03L_971,6,2,1,0,2,0,10,0,0,4,0,1,1,2,0,4,5,8,1
972,MC_SC_17_s03L_972,6,1,1,0,0,0,6,2,0,15,1,0,0,1,0,0,0,0,0
973,MC_SC_17_s03L_973,6,2,2,0,8,0,32,3,0,10,2,0,3,5,18,3,4,4,1
974,MC_SC_17_s03L_974,6,4,3,0,17,0,62,4,0,37,5,12,8,33,0,7,0,59,2
975,MC_SC_17_s03L_975,6,3,2,6,18,5,46,2,3,33,10,0,1,6,6,8,2,0,3
976,MC_SC_17_s03L_976,6,5,3,201,25,44,53,10,17,20,10,5,15,34,4,32,29,41,4
977,MC_SC_17_s03L_977,6,3,2,5,6,0,24,3,1,10,2,2,10,7,0,11,0,0,4
978,MC_SC_17_s03L_978,6,3,3,3,16,4,106,3,1,48,0,7,14,15,8,6,2,46,1
979,MC_SC_17_s03L_979,6,1,1,0,0,0,1,0,0,0,0,0,0,0,0,0,0,0,0
980,MC_SC_17_s03L_980,6,1,1,1,9,0,8,0,0,0,4,0,10,1,0,4,0,16,0
981,MC_SC_17_s03L_981,6,4,2,5,71,1,100,2,3,13,42,6,16,22,4,10,5,7,10
982,MC_SC_17_s03L_982,6,4,2,3,4,0,57,2,0,33,13,6,9,3,1,15,9,72,1
983,MC_SC_17_s03L_983,6,3,3,0,5,0,77,0,0,10,0,2,2,10,0,4,0,51,0
984,MC_SC_17_s03L_984,6,3,2,6,13,0,32,5,1,11,5,13,2,3,3,0,0,19,16
985,MC_SC_17_s03L_985,6,1,1,3,1,0,0,0,0,0,0,0,1,0,0,0,0,0,0
986,MC_SC_17_s03L_986,6,1,1,0,3,0,14,1,0,0,0,1,0,0,0,1,0,0,0
987,MC_SC_17_s03L_987,6,6,3,0,24,10,57,68,28,2,12,26,20,50,7,28,0,101,2
988,MC_SC_17_s03L_988,6,5,3,204,19,24,51,20,33,44,2,0,29,28,120,76,42,0,14
989,MC_SC_17_s03L_989,6,1,1,58,9,0,35,4,3,0,0,3,11,4,0,12,2,4,0
990,MC_SC_17_s03L_990,6,5,3,85,23,5,24,10,21,10,18,14,12,18,10,24,0,10,25
991,MC_SC_17_s03L_991,6,4,3,0,4,0,42,27,6,90,7,4,12,17,18,17,0,12,13
992,MC_SC_17_s03L_992,6,1,1,0,3,0,1,0,0,5,0,0,7,4,2,7,0,0,0
993,MC_SC_17_s03L_993,6,1,1,0,6,0,6,5,8,0,0,3,1,0,3,32,41,46,18
994,MC_SC_17_s03L_994,6,6,4,248,75,62,71,10,254,133,76,3,52,76,202,218,175,25,40
995,MC_SC_17_s03L_995,6,1,1,5,16,0,0,0,0,0,0,0,0,0,0,0,0,0,0
996,MC_SC_17_s03L_996,6,2,1,7,2,0,40,5,0,0,3,1,1,9,7,6,0,14,3
997,MC_SC_17_s03L_997,6,4,2,0,6,0,28,0,0,30,0,2,5,0,4,0,0,1,4
998,MC_SC_17_s03L_998,6,5,3,135,22,22,53,15,85,46,15,35,29,66,165,93,28,5,33
999,MC_SC_17_s03L_999,6,6,4,226,24,18,53,22,219,89,39,1,41,80,94,138,59,17,62
1000,MC_SC_17_s03L_1000,6,2,1,1,3,0,14,4,14,0,10,8,18,2,0,24,0,30,3
1001,MC_SC_17_s03L_1001,6,3,1,57,10,0,26,11,7,0,7,10,12,16,0,23,0,8,3
1002,MC_SC_17_s03L_1002,6,1,1,0,3,0,3,1,0,5,0,0,7,0,1,66,50,67,47
1003,MC_SC_17_s03L_1003,6,3,1,1,1,0,14,0,0,0,0,0,1,0,0,0,0,0,0
1004,MC_SC_17_s03L_1004,6,3,2,2,17,0,46,1,0,40,5,3,14,1,12,17,2,25,1
1005,MC_SC_17_s03L_1005,6,3,1,1,34,16,132,88,47,5,10,22,33,61,26,0,0,39,3
1006,MC_SC_17_s03L_1006,6,5,3,317,7,47,58,12,3,36,1,8,21,35,72,31,18,10,60
1007,MC_SC_17_s03L_1007,6,3,2,123,25,13,91,0,19,4,2,65,25,40,15,36,6,54,38
1008,MC_SC_17_s03L_1008,6,3,2,0,17,7,11,40,20,11,4,1,4,2,0,3,0,0,0
1009,MC_SC_17_s03L_1009,6,4,3,0,2,0,41,5,3,45,2,8,38,1,0,20,0,73,5
1010,MC_SC_17_s03L_1010,6,3,2,0,13,2,45,0,14,4,18,0,4,5,3,6,0,7,10
1011,MC_SC_17_s03L_1011,6,1,1,1,1,0,5,0,0,14,0,3,0,0,0,0,0,0,0
1012,MC_SC_17_s03L_1012,6,2,2,0,7,4,5,0,0,0,0,0,2,0,0,0,0,0,0
1013,MC_SC_17_s03L_1013,6,2,2,0,1,2,4,1,0,0,2,0,1,0,0,1,0,0,0
1014,MC_SC_17_s03L_1014,6,2,2,0,11,0,51,0,0,17,1,9,10,13,0,0,0,5,0
1015,MC_SC_17_s03L_1015,6,4,3,1,20,11,102,1,2,6,3,26,7,14,12,12,2,14,23
1016,MC_SC_17_s03L_1016,6,4,2,1,3,0,43,0,0,38,0,4,3,9,0,2,0,25,0
1017,MC_SC_17_s03L_1017,6,3,2,0,14,0,29,0,0,9,3,15,7,10,0,15,0,39,27
1018,MC_SC_17_s03L_1018,6,2,1,39,27,0,10,1,11,0,0,2,0,1,0,3,0,3,5
1019,MC_SC_17_s03L_1019,6,2,1,27,16,0,2,5,2,0,6,11,11,0,0,1,0,4,0
1020,MC_SC_17_s03L_1020,6,1,1,24,2,0,9,9,0,0,4,0,4,1,0,3,0,11,0
1021,MC_SC_17_s03L_1021,6,4,3,2,63,0,112,43,1,154,11,1,20,48,103,67,16,13,30
1022,MC_SC_17_s03L_1022,6,1,1,0,0,0,0,0,0,8,0,0,0,4,0,2,0,0,0
1023,MC_SC_17_s03L_1023,6,3,1,45,25,0,8,0,2,0,3,0,10,0,0,0,0,5,16
1024,MC_SC_17_s03L_1024,6,2,2,5,21,0,13,2,1,0,5,8,6,6,2,2,0,3,2
1025,MC_SC_17_s03L_1025,6,5,5,0,3,0,20,0,6,5,1,3,5,0,4,7,3,27,1
1026,MC_SC_17_s03L_1026,6,1,1,34,107,0,8,0,0,0,0,0,0,0,0,0,1,0,0
1027,MC_SC_17_s03L_1027,6,2,2,0,6,0,3,0,0,0,1,3,3,1,0,4,0,3,1
1028,MC_SC_17_s03L_1028,6,5,1,0,11,0,3,1,1,3,0,8,3,14,0,1,0,0,14
1029,MC_SC_17_s03L_1029,6,3,2,229,35,0,2,2,45,0,28,70,6,38,7,9,16,186,60
1030,MC_SC_17_s03L_1030,6,3,2,0,2,0,1,0,0,8,0,2,5,0,2,8,0,24,0
1031,MC_SC_17_s03L_1031,6,1,1,0,2,0,3,1,0,0,0,0,3,2,0,0,0,1,8
1032,MC_SC_17_s03L_1032,6,2,2,59,7,0,1,0,7,0,4,7,12,28,0,3,0,8,27
1033,MC_SC_17_s03L_1033,6,7,6,99,53,5,31,0,64,4,17,0,7,20,6,14,0,7,7
1034,MC_SC_17_s03L_1034,6,1,1,0,2,0,3,0,1,14,1,0,0,2,0,0,0,1,0
1035,MC_SC_17_s03L_1035,6,3,1,0,1,0,31,11,2,10,5,3,14,1,0,0,0,0,1
1036,MC_SC_17_s03L_1036,6,1,1,0,4,0,1,1,0,0,0,0,26,0,0,3,6,0,4
1037,MC_SC_17_s03L_1037,6,2,1,0,7,0,12,0,7,0,14,5,4,18,0,3,0,6,3
1038,MC_SC_17_s03L_1038,6,4,3,0,25,0,8,50,37,88,2,91,6,75,0,22,4,14,0
1039,MC_SC_17_s03L_1039,6,1,1,3,20,0,34,3,0,9,1,15,3,2,0,0,0,13,5
1040,MC_SC_17_s03L_1040,6,2,1,58,13,1,2,0,6,0,0,7,8,10,0,5,0,4,16
1041,MC_SC_17_s03L_1041,6,5,4,23,21,0,11,1,108,0,28,2,16,31,0,17,3,11,2
1042,MC_SC_17_s03L_1042,6,3,2,1,18,0,30,9,1,29,3,3,7,19,13,9,0,1,3
1043,MC_SC_17_s03L_1043,6,2,1,66,37,1,3,3,17,0,14,4,20,14,0,16,0,5,34
1044,MC_SC_17_s03L_1044,6,9,1,0,9,0,22,32,4,0,0,22,16,4,3,11,0,27,0
1045,MC_SC_17_s03L_1045,6,8,4,65,41,3,23,0,9,0,0,0,5,18,1,6,2,1,4
1046,MC_SC_17_s03L_1046,6,3,2,80,16,0,18,0,0,4,13,0,20,26,0,12,5,12,23
1047,MC_SC_17_s03L_1047,6,5,2,13,42,4,64,9,1,14,3,2,5,16,10,33,11,14,40
1048,MC_SC_17_s03L_1048,6,2,2,34,5,0,6,1,0,0,4,0,3,13,0,0,0,0,0
1049,MC_SC_17_s03L_1049,6,1,1,0,1,0,1,0,5,22,0,0,2,6,6,1,0,0,4
1050,MC_SC_17_s03L_1050,6,3,1,1,18,0,26,32,29,25,14,12,23,3,27,21,7,12,14
1051,MC_SC_17_s03L_1051,6,4,2,1,20,0,33,45,14,13,10,1,28,4,29,35,2,41,13
1052,MC_SC_17_s03L_1052,6,6,5,80,26,0,23,0,45,6,27,1,5,26,28,17,4,6,21
1053,MC_SC_17_s03L_1053,6,2,1,3,4,0,9,0,0,0,0,0,2,1,0,0,0,2,0
1054,MC_SC_17_s03L_1054,6,1,1,0,2,0,2,0,8,5,1,5,1,19,12,9,7,0,5
1055,MC_SC_17_s03L_1055,6,4,2,0,25,2,35,5,61,6,7,1,25,43,52,22,3,2,5
1056,MC_SC_17_s03L_1056,6,3,2,0,1,0,14,0,0,0,0,0,0,0,0,0,0,0,0
1057,MC_SC_17_s03L_1057,6,1,1,37,8,0,5,1,41,0,2,7,13,15,0,5,0,2,8
1058,MC_SC_17_s03L_1058,6,1,1,0,9,0,11,2,0,0,2,6,5,13,0,1,0,0,0
1059,MC_SC_17_s03L_1059,6,4,4,98,6,0,32,13,121,4,18,29,6,38,15,36,2,8,41
1060,MC_SC_17_s03L_1060,6,8,5,1,36,0,43,8,2,312,36,45,53,113,116,69,19,21,45
1061,MC_SC_17_s03L_1061,6,5,3,1,20,0,32,24,103,6,8,6,28,40,70,22,4,25,14
1062,MC_SC_17_s03L_1062,6,5,4,2,4,0,7,0,32,2,23,2,10,39,30,9,6,8,10
1063,MC_SC_17_s03L_1063,6,6,4,0,13,0,27,4,14,94,3,2,14,43,15,15,27,33,41
1064,MC_SC_17_s03L_1064,6,1,1,1,1,0,5,0,11,0,4,0,1,1,12,1,0,0,0
1065,MC_SC_17_s03L_1065,6,1,1,1,0,0,3,0,1,1,4,0,0,0,2,0,0,0,0
1066,MC_SC_17_s03L_1066,6,2,2,3,5,0,11,0,3,2,0,0,4,4,2,0,0,0,3
1067,MC_SC_17_s03L_1067,6,4,3,45,4,0,2,1,29,0,1,4,16,30,0,3,0,2,4
1068,MC_SC_17_s03L_1068,6,5,4,0,0,0,0,22,23,2,0,0,2,7,0,5,0,0,0
1069,MC_SC_17_s03L_1069,6,4,2,69,2,0,17,4,3,3,17,0,21,32,6,7,0,8,26
1070,MC_SC_17_s03L_1070,6,1,1,0,1,0,0,18,5,0,0,2,1,0,0,1,0,2,0
1071,MC_SC_17_s03L_1071,6,2,2,1,3,0,18,0,0,23,2,0,0,10,0,2,0,9,0
1072,MC_SC_17_s03L_1072,6,4,4,0,34,2,9,2,6,202,47,1,2,30,58,15,28,0,2
1073,MC_SC_17_s03L_1073,6,5,5,0,5,2,2,2,23,11,4,2,8,13,11,0,7,3,6
1074,MC_SC_17_s03L_1074,6,2,1,0,12,0,9,9,0,0,12,7,3,9,0,5,0,7,0
1075,MC_SC_17_s03L_1075,6,1,1,48,110,0,9,0,0,0,0,0,8,0,0,0,0,0,0
1076,MC_SC_17_s03L_1076,6,4,3,2,36,22,3,25,76,20,4,1,31,67,76,44,14,6,10
1077,MC_SC_17_s03L_1077,6,1,1,33,8,0,17,12,49,3,13,21,5,18,3,8,2,8,15
1078,MC_SC_17_s03L_1078,6,7,3,0,0,0,6,54,7,5,15,4,27,1,5,2,3,7,1
1079,MC_SC_17_s03L_1079,6,5,1,3,9,5,6,0,13,12,9,0,7,17,15,1,7,5,2
1080,MC_SC_17_s03L_1080,6,6,5,49,42,37,27,7,32,16,16,15,30,61,84,63,9,21,11
1081,MC_SC_17_s03L_1081,6,4,2,3,67,22,51,2,83,2,6,47,34,30,52,76,13,2,12
1082,MC_SC_17_s03L_1082,6,3,1,0,9,4,6,7,5,0,55,19,17,19,0,22,0,17,10
1083,MC_SC_17_s03L_1083,6,2,2,1,7,0,28,0,0,4,4,1,2,1,4,1,2,0,6
1084,MC_SC_17_s03L_1084,6,3,2,0,23,4,44,52,26,168,34,0,35,2,23,41,11,23,14
1085,MC_SC_17_s03L_1085,6,5,2,2,25,3,6,38,21,117,12,0,21,7,19,14,2,12,4
1086,MC_SC_17_s03L_1086,6,5,3,145,15,12,7,30,23,8,34,2,28,27,37,24,2,11,41
1087,MC_SC_17_s03L_1087,6,1,1,0,0,0,0,0,0,0,0,0,0,0,0,0,0,0,0
1088,MC_SC_17_s03L_1088,6,2,2,1,1,0,0,27,5,0,0,7,5,7,0,5,0,2,3
1089,MC_SC_17_s03L_1089,6,5,2,35,17,5,12,2,26,4,4,1,24,0,19,17,6,18,2
1090,MC_SC_17_s03L_1090,6,5,3,64,6,3,3,25,25,2,32,22,6,10,36,23,0,15,3
1091,MC_SC_17_s03L_1091,6,9,5,1,13,4,12,77,199,334,29,96,20,71,55,44,19,2,10
1092,MC_SC_17_s03L_1092,6,1,1,27,8,0,0,18,12,0,8,1,10,3,0,11,0,3,10
1093,MC_SC_17_s03L_1093,6,5,4,103,21,20,2,19,63,4,32,9,54,8,21,3,0,26,41
1094,MC_SC_17_s03L_1094,6,5,3,0,1,0,0,55,5,5,6,1,10,0,0,2,6,0,4
1095,MC_SC_17_s03L_1095,6,3,1,0,15,13,30,32,2,14,8,16,17,9,1,3,1,14,7
1096,MC_SC_17_s03L_1096,6,11,3,137,25,7,34,2,14,4,37,39,44,22,16,20,0,19,58
1097,MC_SC_17_s03L_1097,6,4,3,1,6,0,6,0,2,20,3,6,7,8,0,1,0,0,2
1098,MC_SC_17_s03L_1098,6,5,2,5,35,2,35,33,17,147,21,1,12,5,31,26,6,22,7
1099,MC_SC_17_s03L_1099,6,4,2,2,20,0,44,2,18,88,5,22,4,29,68,21,9,0,12
1100,MC_SC_17_s03L_1100,6,3,2,71,19,1,0,5,8,1,2,0,34,19,0,2,6,50,26
1101,MC_SC_17_s03L_1101,6,3,1,6,15,11,3,39,5,0,11,10,31,20,0,15,0,8,14
1102,MC_SC_17_s03L_1102,6,2,1,13,38,0,35,24,6,43,11,3,14,0,2,10,0,18,7
1103,MC_SC_17_s03L_1103,6,1,1,3,7,0,0,11,0,34,1,0,2,1,2,6,0,3,0
1104,MC_SC_17_s03L_1104,6,4,2,12,161,31,51,3,37,25,0,26,7,44,41,20,9,14,5
1105,MC_SC_17_s03L_1105,6,1,1,0,2,0,6,18,1,0,3,9,3,4,0,0,2,2,4
1106,MC_SC_17_s03L_1106,6,5,4,0,16,4,0,44,46,2,0,0,4,19,0,3,0,1,0
1107,MC_SC_17_s03L_1107,6,6,3,0,0,0,0,63,0,0,10,10,7,0,0,0,0,0,0
1108,MC_SC_17_s03L_1108,6,3,2,46,23,4,15,1,8,2,5,41,15,30,1,37,0,29,49
1109,MC_SC_17_s03L_1109,6,4,3,6,5,3,95,7,0,72,14,23,2,21,13,12,8,26,6
1110,MC_SC_17_s03L_1110,6,5,3,3,13,2,25,0,36,85,0,0,5,5,14,4,8,14,38
1111,MC_SC_17_s03L_1111,6,3,2,3,7,0,8,7,0,27,8,5,4,12,2,9,5,2,14
1112,MC_SC_17_s03L_1112,6,5,3,96,5,3,2,9,38,0,6,18,29,1,51,20,0,3,43
1113,MC_SC_17_s03L_1113,6,1,1,34,18,1,12,4,8,0,1,7,1,7,0,2,0,3,22
1114,MC_SC_17_s03L_1114,6,5,4,103,18,16,26,3,93,11,22,48,12,32,54,50,9,42,42
1115,MC_SC_17_s03L_1115,6,6,5,0,36,0,35,1,1,88,16,1,6,11,52,20,2,4,17
1116,MC_SC_17_s03L_1116,6,3,2,0,4,0,10,45,14,0,21,8,9,17,0,9,0,3,5
1117,MC_SC_17_s03L_1117,6,3,2,10,22,4,13,2,3,16,3,14,2,12,0,12,7,51,5
1118,MC_SC_17_s03L_1118,6,1,1,20,0,0,4,0,2,0,1,4,0,0,0,0,0,0,3
1119,MC_SC_17_s03L_1119,6,1,1,1,21,0,0,4,7,24,2,2,5,12,2,0,0,0,0
1120,MC_SC_17_s03L_1120,6,1,1,25,2,0,3,0,0,0,0,0,0,0,0,0,0,0,0
1121,MC_SC_17_s03L_1121,6,1,1,0,8,0,1,0,0,0,0,6,6,6,0,0,3,1,0
1122,MC_SC_17_s03L_1122,6,5,3,0,19,16,1,72,57,25,1,25,17,51,19,62,12,11,6
1123,MC_SC_17_s03L_1123,6,1,1,1,20,0,1,1,0,21,3,0,3,2,1,1,0,0,0
1124,MC_SC_17_s03L_1124,6,3,2,26,23,3,19,0,24,3,1,27,14,19,2,25,0,4,3
1125,MC_SC_17_s03L_1125,6,7,5,0,57,2,47,9,0,110,15,2,18,20,56,48,4,12,17
1126,MC_SC_17_s03L_1126,6,2,1,1,3,0,10,0,3,0,0,0,2,1,0,0,2,0,3
1127,MC_SC_17_s03L_1127,6,2,2,49,4,10,8,1,45,0,4,0,0,6,0,10,0,1,2
1128,MC_SC_17_s03L_1128,6,5,4,0,12,0,11,0,4,0,47,8,9,34,2,12,2,24,2
1129,MC_SC_17_s03L_1129,6,5,4,3,90,6,36,10,0,180,59,0,18,23,58,25,13,0,13
1130,MC_SC_17_s03L_1130,6,3,2,0,6,0,35,0,0,3,0,2,1,4,0,14,8,9,0
1131,MC_SC_17_s03L_1131,6,3,2,70,17,4,22,1,16,3,30,21,10,26,0,31,4,9,17
1132,MC_SC_17_s03L_1132,6,4,2,112,11,7,35,1,81,8,7,29,34,39,22,51,0,7,15
1133,MC_SC_17_s03L_1133,6,3,2,0,20,0,36,1,2,25,2,7,3,19,3,0,0,0,0
1134,MC_SC_17_s03L_1134,6,9,4,71,31,16,4,40,78,6,13,8,14,20,0,36,5,15,26
1135,MC_SC_17_s03L_1135,6,6,4,0,26,15,147,2,3,2,25,11,5,28,17,35,5,5,45
1136,MC_SC_17_s03L_1136,6,1,1,26,8,0,8,3,7,2,0,5,6,7,0,1,0,1,8
1137,MC_SC_17_s03L_1137,6,3,2,0,6,2,1,37,20,0,0,10,13,8,0,16,0,0,2
1138,MC_SC_17_s03L_1138,6,10,2,91,66,42,55,66,113,14,41,59,48,36,47,73,2,21,50
1139,MC_SC_17_s03L_1139,6,1,1,45,4,4,7,0,24,2,5,0,2,4,9,9,0,0,7
1140,MC_SC_17_s03L_1140,6,1,1,0,0,0,0,0,0,0,0,0,21,14,0,0,0,3,1
1141,MC_SC_17_s03L_1141,6,3,1,135,68,37,14,43,77,9,9,1,33,5,34,30,0,2,51
1142,MC_SC_17_s03L_1142,6,5,3,2,31,0,40,2,91,18,16,13,9,57,2,71,2,2,25
1143,MC_SC_17_s03L_1143,6,4,3,0,17,0,2,14,0,2,10,0,10,25,0,6,0,31,1
1144,MC_SC_17_s03L_1144,6,3,2,2,17,0,0,10,4,21,2,32,13,25,0,15,0,1,21
1145,MC_SC_17_s03L_1145,6,2,1,38,23,0,13,2,3,0,0,13,17,18,0,5,0,9,23
1146,MC_SC_17_s03L_1146,6,1,1,0,0,0,2,1,2,0,0,0,1,0,0,0,0,0,0
1147,MC_SC_17_s03L_1147,6,3,2,80,23,4,20,10,16,0,1,41,18,26,3,11,3,38,21
1148,MC_SC_17_s03L_1148,6,4,2,0,22,0,10,0,1,3,2,1,2,15,0,3,0,32,8
1149,MC_SC_17_s03L_1149,6,3,2,0,15,0,6,10,0,26,3,1,8,15,2,0,2,1,2
1150,MC_SC_17_s03L_1150,6,5,4,2,26,0,12,64,34,40,4,23,19,39,10,12,0,26,31
1151,MC_SC_17_s03L_1151,6,2,1,2,13,0,2,1,16,3,5,0,0,2,0,2,0,0,0
1152,MC_SC_17_s03L_1152,6,4,3,1,12,0,3,5,2,8,22,47,38,0,5,31,0,27,10
1153,MC_SC_17_s03L_1153,6,4,4,84,20,0,15,40,48,0,5,7,47,29,10,9,0,74,4
1154,MC_SC_17_s03L_1154,6,3,2,9,28,0,8,5,1,1,2,3,4,15,4,14,0,4,19
1155,MC_SC_17_s03L_1155,6,5,2,52,18,1,34,9,33,0,2,24,24,20,21,16,2,23,30
1156,MC_SC_17_s03L_1156,6,2,1,65,21,0,14,1,17,0,3,1,37,1,13,16,2,9,19
1157,MC_SC_17_s03L_1157,6,4,3,1,18,0,14,23,65,4,17,21,24,36,51,17,1,3,7
1158,MC_SC_17_s03L_1158,6,3,1,50,5,0,33,6,10,0,3,18,32,20,0,28,0,14,8
1159,MC_SC_17_s03L_1159,6,3,2,2,15,0,8,0,0,0,1,1,0,8,0,6,0,5,14
1160,MC_SC_17_s03L_1160,6,2,2,0,5,0,22,0,1,13,0,2,1,0,0,0,0,1,0
1161,MC_SC_17_s03L_1161,6,10,5,0,5,0,64,18,69,234,55,11,12,50,3,40,7,9,9
1162,MC_SC_17_s03L_1162,6,1,1,1,24,0,0,2,0,0,1,4,1,14,4,1,2,7,1
1163,MC_SC_17_s03L_1163,6,5,3,0,12,0,18,5,2,85,7,2,11,7,38,18,2,66,4
1164,MC_SC_17_s03L_1164,6,8,2,2,2,2,9,45,72,4,24,28,20,10,6,10,7,12,19
1165,MC_SC_17_s03L_1165,6,3,2,0,0,0,0,31,23,2,4,3,13,1,0,1,3,0,3
1166,MC_SC_17_s03L_1166,6,2,2,3,1,0,5,0,0,0,0,0,1,3,0,0,0,2,0
1167,MC_SC_17_s03L_1167,6,4,3,0,2,0,0,63,29,0,2,4,23,8,0,12,0,0,0
1168,MC_SC_17_s03L_1168,6,4,2,1,17,1,41,0,14,6,13,26,16,33,45,28,3,8,2
1169,MC_SC_17_s03L_1169,6,1,1,0,0,0,1,1,2,7,1,6,12,5,25,41,6,10,2
1170,MC_SC_17_s03L_1170,6,3,3,37,1,0,0,2,12,0,8,15,30,28,18,7,0,8,22
1171,MC_SC_17_s03L_1171,6,2,1,37,5,0,0,3,17,0,13,3,11,23,0,8,0,15,43
1172,MC_SC_17_s03L_1172,6,3,2,0,5,0,3,54,12,0,7,12,36,26,0,11,1,2,0
1173,MC_SC_17_s03L_1173,6,3,2,3,1,0,16,3,3,17,0,3,5,9,0,0,0,0,1
1174,MC_SC_17_s03L_1174,6,7,5,134,44,16,29,52,134,58,12,1,54,52,212,83,50,27,51
1175,MC_SC_17_s03L_1175,6,1,1,0,0,0,2,1,5,16,0,3,4,3,23,17,0,0,0
1176,MC_SC_17_s03L_1176,6,7,2,0,14,3,9,36,38,11,3,23,14,32,18,8,9,8,0
1177,MC_SC_17_s03L_1177,6,5,3,0,6,0,34,7,1,154,1,4,8,15,69,10,0,9,16
1178,MC_SC_17_s03L_1178,6,4,2,6,8,0,4,2,0,10,3,5,7,29,0,19,0,67,2
1179,MC_SC_17_s03L_1179,6,1,1,0,2,1,0,0,7,0,1,2,0,1,0,3,0,0,4
1180,MC_SC_17_s03L_1180,6,2,2,7,30,1,21,39,10,13,24,24,24,17,9,8,11,13,32
1181,MC_SC_17_s03L_1181,6,3,2,12,29,7,33,15,65,23,1,3,10,23,1,38,22,11,1
1182,MC_SC_17_s03L_1182,6,1,1,5,4,0,10,0,0,1,1,0,0,6,2,2,0,0,2
1183,MC_SC_17_s03L_1183,6,6,1,1,5,1,13,22,57,18,1,10,7,6,16,6,14,1,8
1184,MC_SC_17_s03L_1184,6,2,1,0,1,0,1,63,27,2,2,2,16,10,0,12,0,0,0
1185,MC_SC_17_s03L_1185,6,3,2,87,20,5,14,91,62,9,0,7,23,3,2,17,0,47,44
1186,MC_SC_17_s03L_1186,6,2,2,8,8,0,22,2,3,4,4,2,2,5,0,4,0,3,4
1187,MC_SC_17_s03L_1187,6,2,1,0,3,2,0,33,26,4,0,3,15,18,2,7,3,0,0
1188,MC_SC_17_s03L_1188,6,3,2,0,17,0,18,44,9,73,14,3,21,1,9,24,8,32,16
1189,MC_SC_17_s03L_1189,6,1,1,0,0,0,0,2,0,0,0,0,1,0,0,2,0,0,0
1190,MC_SC_17_s03L_1190,6,8,6,1,4,2,0,70,21,11,1,13,19,10,0,7,0,0,1
1191,MC_SC_17_s03L_1191,6,1,1,4,6,0,2,2,2,0,0,0,0,5,3,13,2,4,0
1192,MC_SC_17_s03L_1192,6,5,3,3,10,3,0,32,10,2,0,11,13,2,23,14,1,1,1
1193,MC_SC_17_s03L_1193,6,2,2,54,17,2,5,39,19,2,1,6,7,0,0,4,2,16,30
1194,MC_SC_17_s03L_1194,6,1,1,11,13,0,4,3,0,2,0,5,8,0,0,0,3,0,1
1195,MC_SC_17_s03L_1195,6,5,4,4,7,4,36,2,16,5,8,4,5,24,10,13,13,3,21
1196,MC_SC_17_s03L_1196,6,1,1,6,13,0,6,36,2,0,0,7,19,1,0,4,0,18,0
1197,MC_SC_17_s03L_1197,6,6,5,107,45,26,20,45,20,12,2,0,16,4,54,23,6,0,40
1198,MC_SC_17_s03L_1198,6,10,6,0,36,5,71,24,53,259,39,17,55,72,28,41,14,28,44
1199,MC_SC_17_s03L_1199,6,2,1,0,2,0,7,0,0,0,0,0,0,0,0,10,0,1,0
1200,MC_SC_17_s03L_1200,6,2,2,0,27,0,69,18,7,66,8,0,4,1,6,7,1,84,18
1201,MC_SC_17_s03L_1201,6,3,2,0,9,4,2,41,28,0,20,44,40,46,7,7,85,46,9
1202,MC_SC_17_s03L_1202,6,5,4,0,1,2,4,9,3,2,6,14,4,10,7,6,0,0,2
1203,MC_SC_17_s03L_1203,6,3,2,0,3,0,0,27,13,0,0,3,14,5,0,7,0,0,0
1204,MC_SC_17_s03L_1204,6,5,4,1,45,39,120,67,73,4,29,41,44,27,21,30,14,10,4
1205,MC_SC_17_s03L_1205,6,3,1,85,55,25,52,20,69,9,25,3,17,24,81,66,10,4,21
1206,MC_SC_17_s03L_1206,6,4,2,2,62,1,56,4,18,56,61,0,7,2,14,12,7,7,4
1207,MC_SC_17_s03L_1207,6,5,3,1,7,2,83,75,205,325,92,168,36,112,1,75,9,31,8
1208,MC_SC_17_s03L_1208,6,4,3,1,2,3,58,4,28,5,7,1,4,1,15,6,0,5,8
1209,MC_SC_17_s03L_1209,6,3,2,2,33,5,27,0,6,2,12,3,1,10,0,7,2,8,3
1210,MC_SC_17_s03L_1210,6,4,3,3,60,0,15,35,12,83,21,36,8,30,12,19,0,28,58
1211,MC_SC_17_s03L_1211,6,2,1,3,6,0,5,1,6,17,2,0,2,0,0,1,2,5,4
1212,MC_SC_17_s03L_1212,6,3,2,0,9,0,9,0,0,64,10,3,7,36,7,10,2,55,5
1213,MC_SC_17_s03L_1213,6,4,3,129,17,6,35,50,11,0,3,1,20,16,24,21,0,2,7
1214,MC_SC_17_s03L_1214,6,4,2,4,27,0,54,9,3,135,2,21,5,37,0,17,0,39,3
1215,MC_SC_17_s03L_1215,6,5,4,1,38,0,63,7,15,131,20,1,7,1,64,38,6,17,7
1216,MC_SC_17_s03L_1216,6,4,2,3,15,0,12,5,0,41,11,29,21,30,0,1,7,78,1
1217,MC_SC_17_s03L_1217,6,1,1,0,0,0,0,5,0,0,0,0,2,0,3,0,0,0,0
1218,MC_SC_17_s03L_1218,6,7,4,40,17,0,5,2,6,8,6,54,5,23,69,17,153,6,6
1219,MC_SC_17_s03L_1219,6,4,3,97,29,7,33,38,14,15,10,0,13,4,40,15,2,4,25
1220,MC_SC_17_s03L_1220,6,4,4,0,6,0,24,25,27,72,43,0,14,8,0,4,0,7,1
1221,MC_SC_17_s03L_1221,6,4,2,3,6,0,9,1,7,2,4,4,13,11,0,9,0,4,22
1222,MC_SC_17_s03L_1222,6,5,3,0,35,11,66,10,8,0,7,38,12,38,0,12,0,1,36
1223,MC_SC_17_s03L_1223,6,2,1,0,3,0,3,4,6,4,1,0,1,5,0,5,0,0,5
1224,MC_SC_17_s03L_1224,6,4,3,125,22,6,72,25,18,3,1,9,31,23,23,38,5,10,1
1225,MC_SC_17_s03L_1225,6,9,6,106,50,34,18,44,49,16,16,0,18,5,44,86,11,15,44
1226,MC_SC_17_s03L_1226,6,4,2,0,38,1,17,11,20,0,5,18,10,61,7,35,0,2,26
1227,MC_SC_17_s03L_1227,6,8,6,0,28,9,149,8,65,3,11,43,20,43,8,16,4,20,0
1228,MC_SC_17_s03L_1228,6,3,2,0,10,1,25,62,29,0,85,1,9,1,0,5,0,4,9
1229,MC_SC_17_s03L_1229,6,7,4,0,14,0,5,2,0,95,35,10,7,59,62,25,5,80,17
1230,MC_SC_17_s03L_1230,6,3,2,0,18,0,27,0,24,0,15,2,4,19,0,7,2,0,14
1231,MC_SC_17_s03L_1231,6,4,2,16,19,1,59,19,25,3,18,10,9,37,0,10,0,0,1
1232,MC_SC_17_s03L_1232,6,3,1,0,0,0,9,37,16,2,7,17,8,2,1,4,0,0,0
1233,MC_SC_17_s03L_1233,6,3,2,18,43,0,22,7,18,28,6,7,18,55,0,11,0,40,1
1234,MC_SC_17_s03L_1234,6,3,2,0,8,0,17,2,1,29,0,30,20,38,4,8,0,33,17
1235,MC_SC_17_s03L_1235,6,5,4,0,36,14,118,2,15,6,37,5,39,21,2,59,17,22,32
1236,MC_SC_17_s03L_1236,6,5,4,0,11,3,16,21,71,11,18,30,29,17,49,17,19,17,30
1237,MC_SC_17_s03L_1237,6,9,7,0,3,0,140,43,419,156,45,205,45,123,46,90,9,68,9
1238,MC_SC_17_s03L_1238,6,6,4,1,10,0,1,4,1,59,40,19,13,90,0,5,0,102,17
1239,MC_SC_17_s03L_1239,6,3,2,0,6,0,8,1,0,0,0,6,4,14,0,5,0,3,0
1240,MC_SC_17_s03L_1240,6,3,2,0,14,0,2,0,0,2,2,0,0,2,0,0,0,0,1
1241,MC_SC_17_s03L_1241,6,4,2,0,0,0,0,47,21,0,5,19,30,2,0,8,0,0,0
1242,MC_SC_17_s03L_1242,6,3,1,1,3,0,1,44,24,0,1,1,14,21,0,3,0,0,1
1243,MC_SC_17_s03L_1243,6,2,1,8,18,0,12,1,0,0,1,2,5,4,0,6,0,0,0
1244,MC_SC_17_s03L_1244,6,3,2,3,20,0,63,7,2,91,10,5,14,21,0,3,0,23,8
1245,MC_SC_17_s03L_1245,6,1,1,0,0,0,0,3,0,0,0,0,3,0,0,0,0,0,0
1246,MC_SC_17_s03L_1246,6,1,1,1,5,0,28,16,26,4,42,19,1,20,4,12,7,1,11
1247,MC_SC_17_s03L_1247,6,2,1,0,1,0,0,52,41,0,0,2,22,23,0,10,3,0,0
1248,MC_SC_17_s03L_1248,6,3,2,13,7,0,44,4,3,43,4,1,5,0,0,1,0,18,0
1249,MC_SC_17_s03L_1249,6,3,2,6,15,0,70,21,21,11,33,19,13,5,3,17,6,8,0
1250,MC_SC_17_s03L_1250,6,4,3,0,5,0,93,10,8,167,40,16,49,35,97,68,13,23,8
1251,MC_SC_17_s03L_1251,6,7,4,23,9,0,22,8,48,11,42,4,52,93,7,66,5,49,59
1252,MC_SC_17_s03L_1252,6,3,2,0,10,0,36,0,0,0,0,0,9,0,0,0,3,0,0
1253,MC_SC_17_s03L_1253,6,4,3,1,0,0,65,0,0,18,1,3,0,4,0,3,2,2,0
1254,MC_SC_17_s03L_1254,6,3,2,7,16,3,36,4,11,8,32,5,6,38,19,9,3,1,8
1255,MC_SC_17_s03L_1255,6,3,2,0,1,0,21,0,0,1,0,2,0,9,8,3,0,24,1
1256,MC_SC_17_s03L_1256,6,9,5,0,19,0,66,6,47,160,57,25,13,14,32,28,10,5,46
1257,MC_SC_17_s03L_1257,6,5,3,1,12,0,73,1,0,25,0,6,4,10,0,9,0,20,5
1258,MC_SC_17_s03L_1258,6,7,5,2,10,5,1,44,38,11,5,35,16,10,52,23,4,16,9
1259,MC_SC_17_s03L_1259,6,8,6,2,38,0,101,6,8,23,30,141,25,23,164,57,144,2,24
1260,MC_SC_17_s03L_1260,6,5,3,98,14,18,40,28,27,13,0,9,6,16,41,20,7,12,1
1261,MC_SC_17_s03L_1261,6,6,2,2,4,4,46,31,28,0,1,4,16,21,0,1,5,8,9
1262,MC_SC_17_s03L_1262,6,3,2,0,4,0,26,3,1,31,1,14,19,38,0,3,0,15,1
1263,MC_SC_17_s03L_1263,6,3,2,0,11,0,27,4,0,0,1,5,14,14,0,5,0,74,0
1264,MC_SC_17_s03L_1264,6,1,1,0,0,0,1,3,0,0,0,0,0,0,0,1,0,0,2
1265,MC_SC_17_s03L_1265,6,7,3,2,37,6,98,33,22,200,30,24,41,19,98,90,9,12,7
1266,MC_SC_17_s03L_1266,6,1,1,0,0,0,0,0,0,2,0,1,22,0,0,0,0,3,0
1267,MC_SC_17_s03L_1267,6,1,1,0,0,0,0,0,0,0,0,0,0,0,0,0,0,0,0
1268,MC_SC_17_s03L_1268,6,1,1,0,0,0,0,0,12,0,2,1,0,6,0,3,0,0,1
1269,MC_SC_17_s03L_1269,6,8,6,1,12,7,37,27,83,441,125,60,27,92,196,90,42,48,37
1270,MC_SC_17_s03L_1270,6,1,1,0,0,0,0,2,0,2,0,0,2,2,0,2,0,0,1
1271,MC_SC_17_s03L_1271,6,9,7,129,85,0,72,14,17,11,54,58,34,25,244,70,252,26,19
1272,MC_SC_17_s03L_1272,6,5,3,0,68,36,85,82,195,3,153,4,36,43,4,37,0,19,38
1273,MC_SC_17_s03L_1273,6,3,2,0,19,0,83,3,3,11,19,57,18,40,1,10,0,34,18
1274,MC_SC_17_s03L_1274,6,7,5,178,123,0,31,24,10,18,25,2,34,110,337,50,424,78,69
1275,MC_SC_17_s03L_1275,6,6,4,92,55,5,17,19,5,47,13,56,23,20,159,29,281,29,13
1276,MC_SC_17_s03L_1276,6,3,2,14,16,0,31,7,0,36,6,10,5,16,0,6,3,9,0
1277,MC_SC_17_s03L_1277,6,2,2,0,7,6,35,51,1,20,47,5,18,6,1,7,67,0,33
1278,MC_SC_17_s03L_1278,6,7,4,3,56,0,79,122,149,186,108,30,22,0,7,16,6,125,1
1279,MC_SC_17_s03L_1279,6,6,4,0,1,0,23,16,20,36,22,16,3,0,0,4,2,11,15
1280,MC_SC_17_s03L_1280,6,3,2,1,14,0,71,4,1,6,11,20,14,22,0,7,0,7,0
1281,MC_SC_17_s03L_1281,6,2,2,0,1,0,0,0,0,11,0,3,0,5,5,0,0,0,0
1282,MC_SC_17_s03L_1282,6,6,4,3,55,104,85,97,332,287,55,119,72,161,226,96,60,11,45
1283,MC_SC_17_s03L_1283,6,4,3,1,29,9,45,54,57,3,52,0,19,26,5,15,2,13,19
1284,MC_SC_17_s03L_1284,6,8,3,47,9,0,1,0,1,6,3,22,6,2,56,6,61,0,4
1285,MC_SC_17_s03L_1285,6,1,1,0,0,0,0,1,0,0,0,0,4,0,0,3,0,3,1
1286,MC_SC_17_s03L_1286,6,7,5,2,70,0,110,25,6,402,16,6,37,74,118,34,16,127,93
1287,MC_SC_17_s03L_1287,6,6,3,0,2,0,35,1,0,8,17,31,15,26,8,5,5,65,3
1288,MC_SC_17_s03L_1288,6,2,2,0,4,1,5,19,7,0,9,3,30,44,0,0,8,0,0
1289,MC_SC_17_s03L_1289,6,1,1,0,15,0,72,2,0,0,7,5,15,1,3,0,0,0,0
1290,MC_SC_17_s03L_1290,6,1,1,38,11,0,7,2,2,0,3,6,9,18,14,0,0,0,0
1291,MC_SC_17_s03L_1291,6,3,2,0,21,16,89,45,107,5,94,2,33,81,16,4,0,0,0
1292,MC_SC_17_s03L_1292,6,3,2,0,7,6,2,72,36,0,0,0,47,55,0,5,0,2,2
1293,MC_SC_17_s03L_1293,6,3,3,0,13,0,47,57,39,72,25,3,22,2,9,10,0,19,11
1294,MC_SC_17_s03L_1294,6,5,4,65,16,0,1,2,31,5,8,11,3,8,0,30,67,8,13
1295,MC_SC_17_s03L_1295,6,6,3,99,30,3,1,4,22,2,16,116,16,44,162,54,180,18,43
1296,MC_SC_17_s03L_1296,6,5,4,1,23,2,53,10,24,78,30,17,14,17,23,24,14,2,46
1297,MC_SC_17_s03L_1297,6,7,3,0,87,0,99,0,50,217,15,47,6,54,108,61,10,11,12
1298,MC_SC_17_s03L_1298,6,5,4,18,26,0,21,3,10,0,5,33,15,38,108,9,121,9,26
1299,MC_SC_17_s03L_1299,6,4,2,32,1,0,1,0,0,0,0,3,1,4,1,6,15,9,5
1300,MC_SC_17_s03L_1300,6,13,2,76,19,6,10,74,50,0,11,25,23,3,4,46,0,101,84
1301,MC_SC_17_s03L_1301,6,6,5,0,11,0,22,1,50,39,11,10,3,30,20,10,0,27,12
1302,MC_SC_17_s03L_1302,6,8,5,76,8,0,1,3,22,8,33,38,10,29,91,32,169,13,22
1303,MC_SC_17_s03L_1303,6,10,6,0,169,24,363,19,328,634,60,22,47,155,443,239,140,81,108
1304,MC_SC_17_s03L_1304,6,1,1,3,6,0,0,0,0,0,1,3,1,8,5,2,14,4,1
1305,MC_SC_17_s03L_1305,6,5,4,86,68,0,97,5,36,9,14,12,7,86,8,71,288,52,37
1306,MC_SC_17_s03L_1306,6,5,3,94,10,0,4,1,15,3,10,22,5,8,7,10,54,9,31
1307,MC_SC_17_s03L_1307,6,6,4,41,22,0,32,1,5,9,16,24,3,3,0,6,141,4,4
1308,MC_SC_17_s03L_1308,6,10,3,101,59,0,118,1,5,17,14,133,29,56,29,16,158,2,13
1309,MC_SC_17_s03L_1309,6,7,4,101,46,0,75,9,28,14,23,38,8,40,7,62,303,26,42
1310,MC_SC_17_s03L_1310,6,6,3,53,35,0,69,15,2,2,22,52,25,18,2,24,154,25,34
1311,MC_SC_17_s03L_1311,6,7,3,99,17,0,11,7,16,4,10,2,7,17,5,52,132,35,27
1312,MC_SC_17_s03L_1312,6,3,2,0,8,0,6,0,0,4,2,32,12,35,2,0,2,54,0
1313,MC_SC_17_s03L_1313,6,4,3,0,0,0,1,1,2,3,0,0,8,15,0,20,0,31,18
1314,MC_SC_17_s03L_1314,6,5,2,34,12,0,4,0,0,8,20,33,3,19,4,14,132,0,1
1315,MC_SC_17_s03L_1315,6,1,1,3,1,0,0,0,0,0,0,1,0,2,0,0,0,0,0
1316,MC_SC_17_s03L_1316,6,6,4,0,114,8,225,5,72,245,27,11,11,47,112,80,54,17,63
1317,MC_SC_17_s03L_1317,6,5,3,0,9,0,8,0,2,24,0,0,0,3,0,0,2,0,1
1318,MC_SC_17_s03L_1318,6,3,2,0,0,0,26,1,5,6,0,21,11,9,7,0,0,47,0
1319,MC_SC_17_s03L_1319,6,4,3,0,12,0,14,0,8,34,1,1,0,7,0,4,0,1,8
1320,MC_SC_17_s03L_1320,6,2,2,50,5,0,15,0,0,0,0,0,1,11,0,0,3,9,1
1321,MC_SC_17_s03L_1321,6,9,5,75,26,2,45,11,14,15,16,31,22,11,0,12,136,17,21
1322,MC_SC_17_s03L_1322,6,5,3,1,25,0,73,2,16,55,2,12,7,45,16,9,0,45,3
1323,MC_SC_17_s03L_1323,6,1,1,0,0,0,0,0,0,0,0,5,60,7,0,3,0,1,9
1324,MC_SC_17_s03L_1324,6,8,3,56,37,0,69,13,4,8,10,48,15,15,90,26,10,11,10
1325,MC_SC_17_s03L_1325,6,7,5,0,90,0,112,13,0,99,23,67,13,83,9,75,12,66,118
1326,MC_SC_17_s03L_1326,6,6,4,2,5,0,117,6,0,90,8,13,9,60,9,12,0,16,4
1327,MC_SC_17_s03L_1327,6,11,3,106,28,0,14,16,3,1,28,99,35,28,119,34,66,27,23
1328,MC_SC_17_s03L_1328,6,3,2,0,12,0,27,1,0,0,0,0,33,0,0,0,0,0,0
1329,MC_SC_17_s03L_1329,6,6,3,0,28,0,7,6,109,295,60,45,15,123,0,3,9,262,37
1330,MC_SC_17_s03L_1330,6,13,10,134,74,1,252,20,9,22,32,51,40,117,226,71,88,47,43
1331,MC_SC_17_s03L_1331,6,5,3,1,70,0,160,18,29,213,34,31,27,117,34,0,0,0,0
1332,MC_SC_17_s03L_1332,6,8,5,56,42,4,78,6,5,21,16,59,20,65,153,15,62,14,24
1333,MC_SC_17_s03L_1333,6,8,7,0,39,3,27,9,105,295,64,80,15,175,52,6,7,165,32
1334,MC_SC_17_s03L_1334,6,4,3,0,129,0,4,3,123,226,46,26,10,118,6,2,10,207,19
1335,MC_SC_17_s03L_1335,6,1,1,26,126,14,33,16,0,0,28,54,142,1,0,0,0,0,0
1336,MC_SC_17_s03L_1336,6,1,1,12,0,0,4,2,0,0,1,0,0,0,4,0,0,0,0
1337,MC_SC_17_s03L_1337,6,9,7,55,23,0,70,8,8,16,12,30,14,43,152,25,157,12,6
1338,MC_SC_17_s03L_1338,6,6,4,0,109,0,2,5,137,152,35,62,8,62,48,1,0,173,19
1339,MC_SC_17_s03L_1339,6,5,4,66,24,2,106,8,11,20,11,36,18,45,47,33,174,58,32
1340,MC_SC_17_s03L_1340,6,1,1,3,22,2,12,0,0,0,2,0,44,0,0,0,0,0,0
1341,MC_SC_17_s03L_1341,6,7,5,83,50,6,184,10,3,13,30,13,25,46,81,54,237,11,36
1342,MC_SC_17_s03L_1342,6,1,1,2,1,0,0,0,0,0,0,0,1,0,0,0,0,0,0
1343,MC_SC_17_s03L_1343,7,13,10,0,14,0,50,36,1,115,6,0,12,7,40,2,0,32,1
1344,MC_SC_17_s03L_1344,7,8,7,108,40,5,31,58,13,21,11,2,38,29,107,39,38,6,24
1345,MC_SC_17_s03L_1345,7,8,5,65,15,0,26,75,41,4,5,7,5,0,0,8,0,16,0
1346,MC_SC_17_s03L_1346,7,1,1,23,0,0,16,2,1,0,0,0,3,1,0,0,0,7,0
1347,MC_SC_17_s03L_1347,7,5,3,0,4,0,50,18,1,89,3,4,20,10,40,0,0,32,0
1348,MC_SC_17_s03L_1348,7,9,6,1,4,38,95,3,84,11,2,1,23,56,52,5,7,56,31
1349,MC_SC_17_s03L_1349,7,4,3,0,8,0,24,1,16,72,4,21,11,56,10,5,1,7,2
1350,MC_SC_17_s03L_1350,7,2,1,0,6,1,73,43,0,102,6,6,9,0,31,0,0,29,3
1351,MC_SC_17_s03L_1351,7,4,3,0,18,13,39,2,69,24,6,2,36,39,0,9,4,57,0
1352,MC_SC_17_s03L_1352,7,4,2,0,0,0,28,2,3,48,1,13,5,23,0,5,0,24,0
1353,MC_SC_17_s03L_1353,7,14,11,0,19,124,154,15,118,63,21,0,22,79,194,22,8,51,35
1354,MC_SC_17_s03L_1354,7,3,2,0,15,0,61,6,0,69,7,20,21,10,0,4,0,0,1
1355,MC_SC_17_s03L_1355,7,5,3,58,6,0,28,30,11,0,5,11,32,9,1,7,4,14,2
1356,MC_SC_17_s03L_1356,7,8,6,101,19,38,59,10,69,82,25,1,6,32,53,13,0,2,2
1357,MC_SC_17_s03L_1357,7,2,2,0,8,4,6,1,12,3,10,11,19,30,24,0,2,0,0
1358,MC_SC_17_s03L_1358,7,3,2,3,2,22,89,4,21,3,0,19,18,33,13,11,0,33,16
1359,MC_SC_17_s03L_1359,7,4,2,0,5,22,37,0,36,2,3,1,6,1,31,3,0,24,0
1360,MC_SC_17_s03L_1360,7,1,1,2,2,3,19,0,6,19,0,5,3,18,2,6,3,15,9
1361,MC_SC_17_s03L_1361,7,4,3,0,6,0,19,34,6,49,6,14,7,12,40,0,0,7,0
1362,MC_SC_17_s03L_1362,7,1,1,1,4,1,7,18,35,65,0,12,14,11,10,10,9,11,8
1363,MC_SC_17_s03L_1363,7,5,3,84,9,4,28,27,5,4,19,16,13,3,1,7,0,8,0
1364,MC_SC_17_s03L_1364,7,11,7,83,12,3,47,49,1,5,9,5,15,8,27,37,13,7,9
1365,MC_SC_17_s03L_1365,7,13,9,4,14,15,16,64,85,219,13,7,12,31,88,12,17,0,0
1366,MC_SC_17_s03L_1366,7,5,4,95,1,0,33,1,1,9,2,1,14,21,35,45,12,96,7
1367,MC_SC_17_s03L_1367,7,9,2,0,0,0,7,0,8,0,0,0,0,1,0,0,0,0,0
1368,MC_SC_17_s03L_1368,7,3,3,0,1,13,12,0,32,20,0,0,3,24,0,0,8,26,2
1369,MC_SC_17_s03L_1369,7,2,1,56,8,0,5,4,0,0,1,12,8,0,4,1,0,0,0
1370,MC_SC_17_s03L_1370,7,1,1,1,2,9,11,0,36,8,0,2,3,13,0,0,5,32,1
1371,MC_SC_17_s03L_1371,7,5,2,0,2,0,24,13,0,7,6,4,3,15,0,9,15,28,0
1372,MC_SC_17_s03L_1372,7,5,3,0,9,0,54,7,0,20,5,21,22,60,37,2,1,76,0
1373,MC_SC_17_s03L_1373,7,4,2,0,4,30,78,2,16,24,0,0,14,10,13,3,0,10,17
1374,MC_SC_17_s03L_1374,7,5,1,74,14,8,41,0,27,0,19,14,3,2,5,46,1,21,2
1375,MC_SC_17_s03L_1375,7,1,1,0,0,1,0,0,0,0,0,0,0,0,0,0,0,0,0
1376,MC_SC_17_s03L_1376,7,9,3,0,15,0,32,18,32,86,3,4,8,5,85,26,27,0,0
1377,MC_SC_17_s03L_1377,7,2,1,0,5,0,0,0,45,6,0,6,30,55,15,0,0,0,0
1378,MC_SC_17_s03L_1378,7,3,1,0,4,22,56,0,2,20,2,1,3,12,10,5,2,11,16
1379,MC_SC_17_s03L_1379,7,3,2,0,6,0,44,6,0,32,13,5,10,26,0,7,0,29,0
1380,MC_SC_17_s03L_1380,7,6,3,0,0,0,29,11,0,44,8,8,6,13,5,0,0,20,3
1381,MC_SC_17_s03L_1381,7,3,2,3,7,0,52,0,2,8,8,1,3,11,0,3,0,24,2
1382,MC_SC_17_s03L_1382,7,3,1,1,21,6,43,0,0,69,0,23,12,47,0,2,0,9,0
1383,MC_SC_17_s03L_1383,7,2,1,0,12,0,75,0,4,19,7,12,20,11,0,6,6,17,7
1384,MC_SC_17_s03L_1384,7,4,2,3,4,0,124,0,0,39,31,39,25,70,13,13,3,29,92
1385,MC_SC_17_s03L_1385,7,6,3,0,61,0,41,12,4,99,6,2,23,55,63,31,3,7,6
1386,MC_SC_17_s03L_1386,7,3,3,0,23,10,124,0,31,15,0,8,11,18,18,6,2,51,18
1387,MC_SC_17_s03L_1387,7,5,1,81,3,6,12,0,10,0,1,11,6,29,34,17,4,1,2
1388,MC_SC_17_s03L_1388,7,8,6,0,17,0,99,2,0,65,41,23,28,63,97,5,0,77,0
1389,MC_SC_17_s03L_1389,7,2,2,6,37,8,64,7,0,58,0,5,4,2,1,21,4,64,2
1390,MC_SC_17_s03L_1390,7,5,4,2,15,31,87,0,91,15,15,3,20,9,32,18,7,11,37
1391,MC_SC_17_s03L_1391,7,1,1,3,8,1,30,1,1,36,0,6,10,21,2,10,0,8,9
1392,MC_SC_17_s03L_1392,7,6,5,50,18,36,38,9,64,5,39,0,11,2,35,24,0,0,4
1393,MC_SC_17_s03L_1393,7,4,2,5,45,8,85,1,5,73,0,9,19,29,1,14,0,78,2
1394,MC_SC_17_s03L_1394,7,11,7,0,33,23,48,6,44,276,3,0,8,23,74,17,79,0,9
1395,MC_SC_17_s03L_1395,7,6,3,0,11,0,90,52,28,99,48,27,18,34,0,4,2,20,45
1396,MC_SC_17_s03L_1396,7,6,6,0,4,4,10,0,35,1,0,0,22,14,0,0,0,45,3
1397,MC_SC_17_s03L_1397,7,3,1,2,43,7,60,2,7,38,0,0,7,12,0,4,10,72,0
1398,MC_SC_17_s03L_1398,7,3,1,4,26,4,41,0,0,19,6,4,3,12,8,14,39,75,9
1399,MC_SC_17_s03L_1399,7,6,5,0,0,11,52,2,21,27,2,2,12,1,55,2,49,3,6
1400,MC_SC_17_s03L_1400,7,1,1,1,1,3,13,0,36,12,1,0,3,0,2,0,18,34,0
1401,MC_SC_17_s03L_1401,7,6,4,0,16,46,45,2,151,68,1,0,32,66,2,3,31,151,14
1402,MC_SC_17_s03L_1402,7,1,1,0,3,3,4,0,0,8,0,0,13,10,0,0,0,27,2
1403,MC_SC_17_s03L_1403,7,2,2,1,2,9,18,0,42,12,0,0,5,20,0,0,2,41,1
1404,MC_SC_17_s03L_1404,7,2,1,0,14,5,42,35,34,46,0,2,6,22,0,3,2,7,0
1405,MC_SC_17_s03L_1405,7,2,1,1,38,0,59,3,2,28,0,4,16,11,0,0,0,0,0
1406,MC_SC_17_s03L_1406,7,1,1,5,11,0,56,1,0,71,1,1,14,5,0,9,2,49,1
1407,MC_SC_17_s03L_1407,7,3,2,0,23,0,50,0,6,0,3,0,15,3,0,4,2,57,0
1408,MC_SC_17_s03L_1408,7,4,4,0,22,0,61,0,0,121,8,28,17,95,40,9,0,50,44
1409,MC_SC_17_s03L_1409,7,1,1,0,5,5,6,0,2,0,0,0,5,9,0,0,0,63,1
1410,MC_SC_17_s03L_1410,7,2,1,1,12,0,71,3,0,17,0,11,5,5,2,6,3,10,14
1411,MC_SC_17_s03L_1411,7,3,1,1,5,0,35,12,0,0,9,3,1,25,3,13,6,32,6
1412,MC_SC_17_s03L_1412,7,6,2,3,33,5,113,4,0,54,0,22,0,47,7,5,2,28,0
1413,MC_SC_17_s03L_1413,7,1,1,9,29,20,68,5,18,17,0,0,17,25,0,1,10,113,6
1414,MC_SC_17_s03L_1414,7,10,7,6,72,43,140,2,98,604,21,0,5,18,70,60,46,1,16
1415,MC_SC_17_s03L_1415,7,1,1,0,6,0,49,2,0,5,2,2,16,12,0,6,0,27,0
1416,MC_SC_17_s03L_1416,7,2,1,0,11,21,2,2,0,34,0,0,6,0,0,0,0,0,2
1417,MC_SC_17_s03L_1417,7,4,2,0,12,0,47,1,0,73,9,26,28,24,14,12,1,3,5
1418,MC_SC_17_s03L_1418,7,5,4,0,23,5,78,0,0,136,46,4,16,28,40,18,8,6,5
1419,MC_SC_17_s03L_1419,7,2,2,124,0,11,51,2,4,4,0,29,8,4,10,1,0,0,2
1420,MC_SC_17_s03L_1420,7,10,6,0,19,3,166,1,2,215,61,4,18,31,69,30,12,73,2
1421,MC_SC_17_s03L_1421,7,1,1,3,17,0,57,3,0,12,0,1,7,8,0,8,12,13,11
1422,MC_SC_17_s03L_1422,7,2,1,2,51,2,92,0,2,71,1,10,37,38,17,8,0,65,33
1423,MC_SC_17_s03L_1423,7,5,4,0,38,0,129,2,1,133,50,26,17,61,57,11,0,98,3
1424,MC_SC_17_s03L_1424,7,6,5,3,18,56,162,8,69,19,17,1,16,20,75,25,8,37,49
1425,MC_SC_17_s03L_1425,7,2,1,1,4,0,56,1,0,0,0,11,12,9,0,0,0,7,4
1426,MC_SC_17_s03L_1426,7,2,2,0,15,0,37,0,0,16,1,2,2,1,0,1,0,8,18
1427,MC_SC_17_s03L_1427,7,11,8,0,16,6,83,7,1,208,7,1,7,12,42,33,21,1,4
1428,MC_SC_17_s03L_1428,7,2,1,12,34,42,1,0,0,3,0,0,1,0,0,0,0,0,0
1429,MC_SC_17_s03L_1429,7,2,1,80,23,4,53,11,25,1,6,12,10,0,4,28,0,3,0
1430,MC_SC_17_s03L_1430,7,1,1,0,0,0,1,0,0,0,0,0,0,0,0,0,0,0,0
1431,MC_SC_17_s03L_1431,7,1,1,0,9,0,44,0,0,5,0,7,5,13,0,12,0,1,0
1432,MC_SC_17_s03L_1432,7,1,1,0,5,2,6,0,5,0,0,0,3,1,0,1,4,1,1
1433,MC_SC_17_s03L_1433,7,1,1,0,4,0,14,0,0,0,0,0,0,0,0,0,0,0,0
1434,MC_SC_17_s03L_1434,7,4,2,0,6,0,52,0,0,4,17,4,9,21,11,40,4,17,25
1435,MC_SC_17_s03L_1435,7,1,1,0,0,0,0,0,0,0,0,0,0,0,0,0,0,0,0
1436,MC_SC_17_s03L_1436,7,3,2,0,31,2,97,21,27,26,27,20,19,34,14,39,12,3,32
1437,MC_SC_17_s03L_1437,7,2,1,0,5,0,3,0,0,0,0,0,5,0,0,0,0,0,0
1438,MC_SC_17_s03L_1438,7,1,1,0,0,0,0,0,0,0,0,0,0,0,0,0,0,0,0
1439,MC_SC_17_s03L_1439,7,1,1,0,0,0,0,0,0,0,0,0,0,0,0,0,0,0,0
1440,MC_SC_17_s03L_1440,7,1,1,0,0,0,0,0,0,0,0,0,0,0,0,0,0,0,1
1441,MC_SC_17_s03L_1441,7,1,1,0,0,0,0,0,0,0,0,0,0,0,0,0,0,0,0
1442,MC_SC_17_s03L_1442,7,1,1,0,0,0,0,0,0,0,0,0,0,0,0,0,0,0,0
1443,MC_SC_17_s03L_1443,7,1,1,0,0,0,0,0,0,0,0,0,0,0,0,0,0,0,0
1444,MC_SC_17_s03L_1444,7,3,3,77,8,3,65,32,22,0,2,10,14,9,0,19,0,16,6
1445,MC_SC_17_s03L_1445,7,1,1,0,0,0,0,0,0,0,0,0,15,2,0,0,0,0,0
1446,MC_SC_17_s03L_1446,7,4,3,0,4,0,53,40,41,2,5,3,9,54,0,23,0,22,17
1447,MC_SC_17_s03L_1447,7,1,1,0,0,0,0,0,0,0,0,0,0,0,0,2,0,0,0
1448,MC_SC_17_s03L_1448,7,5,3,2,12,0,100,49,7,124,17,4,18,78,37,22,14,4,62
1449,MC_SC_17_s03L_1449,7,1,1,62,9,2,37,3,13,2,9,0,1,3,0,7,0,0,23
1450,MC_SC_17_s03L_1450,7,1,1,0,0,0,6,0,0,0,0,0,0,0,0,0,0,0,0
1451,MC_SC_17_s03L_1451,7,4,3,85,4,0,28,19,3,4,0,3,9,8,9,20,0,3,0
1452,MC_SC_17_s03L_1452,7,1,1,0,0,0,0,0,0,0,0,0,0,0,0,0,0,0,0
1453,MC_SC_17_s03L_1453,7,1,1,0,0,0,0,0,0,0,0,0,0,0,0,0,0,0,0
1454,MC_SC_17_s03L_1454,7,1,1,0,0,0,0,0,0,0,0,0,0,0,0,0,0,0,0
1455,MC_SC_17_s03L_1455,7,1,1,0,0,0,0,0,0,0,0,0,0,0,0,0,0,0,0
1456,MC_SC_17_s03L_1456,7,4,2,63,9,0,27,3,6,0,11,22,12,20,0,24,2,12,3
1457,MC_SC_17_s03L_1457,7,1,1,0,0,0,0,0,0,0,0,0,0,0,0,0,0,0,0
1458,MC_SC_17_s03L_1458,7,1,1,0,0,0,0,0,0,0,0,0,0,0,0,0,0,0,0
1459,MC_SC_17_s03L_1459,7,1,1,0,0,0,0,2,0,0,0,0,0,0,0,0,0,0,0
1460,MC_SC_17_s03L_1460,7,1,1,0,0,0,0,0,0,0,0,0,0,0,0,0,0,0,0
1461,MC_SC_17_s03L_1461,7,1,1,0,0,0,0,0,0,0,0,0,0,0,0,0,0,0,0
1462,MC_SC_17_s03L_1462,7,1,1,0,0,0,0,0,0,0,0,0,0,0,0,0,0,0,0
1463,MC_SC_17_s03L_1463,7,1,1,0,2,0,0,1,0,0,0,0,0,0,0,0,0,0,0
1464,MC_SC_17_s03L_1464,7,1,1,0,0,0,0,0,0,0,0,0,0,0,0,0,0,0,0
1465,MC_SC_17_s03L_1465,7,1,1,0,0,0,0,0,0,0,0,0,0,0,0,0,0,0,0
1466,MC_SC_17_s03L_1466,7,1,1,0,0,0,0,0,0,0,0,0,0,0,0,0,0,0,0
1467,MC_SC_17_s03L_1467,7,3,1,0,2,0,12,0,0,0,0,0,0,0,0,0,0,0,0
1468,MC_SC_17_s03L_1468,7,1,1,0,0,0,0,0,1,0,0,0,0,0,0,0,0,0,0
1469,MC_SC_17_s03L_1469,7,1,1,0,0,0,0,1,0,0,0,0,0,0,0,0,0,0,0
1470,MC_SC_17_s03L_1470,7,1,1,0,0,0,0,0,0,2,0,0,0,0,0,0,0,0,0
1471,MC_SC_17_s03L_1471,7,1,1,0,0,0,0,0,0,0,0,0,0,0,0,0,0,0,0
1472,MC_SC_17_s03L_1472,7,1,1,0,0,0,0,0,0,0,0,0,0,0,3,0,0,0,0
1473,MC_SC_17_s03L_1473,7,4,4,0,4,0,41,1,13,3,0,1,32,9,1,0,0,8,4
1474,MC_SC_17_s03L_1474,7,10,3,72,15,25,81,2,60,70,29,1,8,55,166,103,75,9,5
1475,MC_SC_17_s03L_1475,7,1,1,0,0,0,0,0,0,0,0,0,0,0,0,0,0,0,0
1476,MC_SC_17_s03L_1476,7,8,4,1,2,23,135,56,2,49,6,5,33,52,17,73,29,48,15
1477,MC_SC_17_s03L_1477,7,2,1,28,7,0,11,30,1,0,1,0,13,4,0,4,0,0,0
1478,MC_SC_17_s03L_1478,7,1,1,2,10,0,10,0,0,5,0,0,7,15,0,1,0,31,2
1479,MC_SC_17_s03L_1479,7,4,2,0,4,0,13,33,42,95,4,27,18,37,2,0,2,29,1
1480,MC_SC_17_s03L_1480,7,1,1,1,0,0,0,0,0,0,0,0,0,0,0,0,0,0,0
1481,MC_SC_17_s03L_1481,7,1,1,0,0,0,0,0,0,0,0,0,0,0,0,0,2,0,0
1482,MC_SC_17_s03L_1482,7,3,2,0,11,0,49,59,82,86,0,25,18,41,8,1,0,20,0
1483,MC_SC_17_s03L_1483,7,3,2,0,3,0,67,71,59,108,2,0,8,28,12,27,6,5,29
1484,MC_SC_17_s03L_1484,7,1,1,0,0,0,0,0,0,0,0,0,0,0,0,0,0,0,0
1485,MC_SC_17_s03L_1485,7,1,1,3,1,0,7,0,1,0,0,0,4,7,0,3,2,1,0
1486,MC_SC_17_s03L_1486,7,2,2,60,13,0,34,0,0,0,0,5,16,6,2,54,2,22,3
1487,MC_SC_17_s03L_1487,7,1,1,0,0,0,0,0,0,0,0,0,0,0,0,0,0,0,0
1488,MC_SC_17_s03L_1488,7,5,3,0,83,0,146,8,39,208,57,85,39,9,112,24,7,77,51
1489,MC_SC_17_s03L_1489,7,2,1,109,16,4,60,7,45,1,33,21,11,24,5,48,4,20,6
1490,MC_SC_17_s03L_1490,7,2,2,105,13,2,10,8,8,5,0,7,7,9,16,21,0,0,2
1491,MC_SC_17_s03L_1491,7,1,1,0,1,0,12,1,0,0,2,0,0,0,0,0,0,0,0
1492,MC_SC_17_s03L_1492,7,6,4,238,20,37,107,17,169,55,25,3,31,61,70,129,18,15,56
1493,MC_SC_17_s03L_1493,7,2,1,1,21,3,87,23,10,6,23,29,30,4,0,21,0,10,1
1494,MC_SC_17_s03L_1494,7,1,1,1,9,0,20,0,0,2,2,8,7,7,0,6,0,26,38
1495,MC_SC_17_s03L_1495,7,2,2,0,2,0,9,0,0,0,0,0,2,0,0,0,0,0,0
1496,MC_SC_17_s03L_1496,7,1,1,0,0,0,5,0,0,2,0,0,0,0,0,0,0,0,0
1497,MC_SC_17_s03L_1497,7,3,3,1,16,0,8,5,1,10,3,19,10,24,0,7,0,14,1
1498,MC_SC_17_s03L_1498,7,1,1,0,2,0,8,0,0,0,0,0,0,0,0,0,0,0,2
1499,MC_SC_17_s03L_1499,7,2,1,0,3,0,0,34,0,16,11,1,5,0,0,0,0,8,0
1500,MC_SC_17_s03L_1500,7,2,2,1,10,26,59,2,1,0,6,2,0,0,0,2,0,4,0
1501,MC_SC_17_s03L_1501,7,1,1,0,4,0,15,0,0,6,3,0,2,7,0,1,0,0,0
1502,MC_SC_17_s03L_1502,7,2,1,1,5,0,0,0,0,13,6,0,2,7,3,20,6,18,6
1503,MC_SC_17_s03L_1503,7,3,2,2,24,1,201,4,118,255,64,14,41,99,42,87,16,15,3
1504,MC_SC_17_s03L_1504,7,3,2,33,8,0,1,0,12,0,13,3,14,11,0,7,0,6,6
1505,MC_SC_17_s03L_1505,7,2,2,0,21,0,1,0,2,16,0,18,5,19,2,4,0,0,21
1506,MC_SC_17_s03L_1506,7,3,2,56,12,0,4,20,4,0,6,21,17,0,0,1,0,1,3
1507,MC_SC_17_s03L_1507,7,5,4,0,58,1,90,8,0,155,16,0,18,35,64,71,7,14,36
1508,MC_SC_17_s03L_1508,7,3,2,58,54,0,35,9,29,0,27,4,4,30,0,10,0,29,22
1509,MC_SC_17_s03L_1509,7,2,1,0,0,0,8,0,0,0,0,0,0,0,0,0,0,3,0
1510,MC_SC_17_s03L_1510,7,5,3,0,20,1,104,58,14,121,9,10,28,29,43,29,0,22,9
1511,MC_SC_17_s03L_1511,7,5,3,213,19,0,105,3,19,0,29,23,12,2,5,11,13,257,90
1512,MC_SC_17_s03L_1512,7,4,2,0,6,0,70,47,10,0,17,7,19,13,0,2,0,12,0
1513,MC_SC_17_s03L_1513,7,5,3,10,99,6,77,11,196,330,81,3,48,91,222,167,30,31,9
1514,MC_SC_17_s03L_1514,7,1,1,1,3,0,0,1,0,10,0,9,0,3,0,6,0,0,20
1515,MC_SC_17_s03L_1515,7,1,1,2,3,0,1,3,4,0,0,0,0,1,0,0,0,0,0
1516,MC_SC_17_s03L_1516,7,6,5,0,74,59,117,37,47,17,14,19,36,58,133,43,19,15,46
1517,MC_SC_17_s03L_1517,7,3,2,0,8,0,31,39,9,18,21,5,34,0,3,15,2,24,4
1518,MC_SC_17_s03L_1518,7,3,1,7,10,0,1,1,13,0,7,7,21,10,0,5,0,2,0
1519,MC_SC_17_s03L_1519,7,6,3,1,8,1,25,0,0,42,9,18,10,8,21,33,2,21,2
1520,MC_SC_17_s03L_1520,7,2,2,35,8,0,6,3,13,0,12,7,6,14,0,11,0,25,4
1521,MC_SC_17_s03L_1521,7,6,4,3,0,0,23,57,183,279,21,132,36,102,0,22,0,5,2
1522,MC_SC_17_s03L_1522,7,1,1,0,1,0,1,2,1,6,11,0,3,1,0,0,0,0,0
1523,MC_SC_17_s03L_1523,7,1,1,0,26,6,31,0,0,0,0,19,9,0,2,7,0,39,0
1524,MC_SC_17_s03L_1524,7,3,2,0,18,0,30,1,2,15,5,1,6,4,7,22,0,1,8
1525,MC_SC_17_s03L_1525,7,3,1,50,14,0,0,11,14,0,5,24,13,0,0,1,0,0,0
1526,MC_SC_17_s03L_1526,7,3,2,0,14,0,3,0,1,5,1,7,5,4,0,13,0,18,0
1527,MC_SC_17_s03L_1527,7,5,4,1,14,0,8,30,31,8,5,20,1,26,0,13,2,1,1
1528,MC_SC_17_s03L_1528,7,1,1,3,11,0,1,0,0,0,2,8,6,16,0,0,0,6,2
1529,MC_SC_17_s03L_1529,7,3,2,31,12,0,0,1,36,0,1,5,22,0,0,7,0,30,12
1530,MC_SC_17_s03L_1530,7,4,3,0,7,0,2,34,17,4,18,0,2,2,0,4,2,8,2
1531,MC_SC_17_s03L_1531,7,5,2,6,30,1,85,1,159,167,29,15,39,79,86,87,24,17,43
1532,MC_SC_17_s03L_1532,7,3,2,31,3,0,12,1,5,0,3,10,8,15,0,10,0,5,7
1533,MC_SC_17_s03L_1533,7,3,2,0,9,0,4,34,9,5,11,27,21,4,4,24,4,8,24
1534,MC_SC_17_s03L_1534,7,3,2,1,11,4,28,35,26,0,11,19,19,13,0,6,0,12,4
1535,MC_SC_17_s03L_1535,7,3,3,2,29,0,22,58,53,33,15,55,25,64,24,22,0,43,43
1536,MC_SC_17_s03L_1536,7,3,1,0,5,0,12,0,6,3,17,3,4,15,1,8,0,13,3
1537,MC_SC_17_s03L_1537,7,5,3,0,9,0,2,47,3,0,3,35,3,0,0,6,0,2,2
1538,MC_SC_17_s03L_1538,7,1,1,40,4,0,0,0,20,0,1,2,1,26,0,7,0,2,7
1539,MC_SC_17_s03L_1539,7,13,2,132,53,10,76,5,342,9,63,18,57,72,228,130,22,32,17
1540,MC_SC_17_s03L_1540,7,7,3,0,19,4,19,3,214,28,8,1,49,13,10,33,41,73,6
1541,MC_SC_17_s03L_1541,7,4,3,1,14,0,13,4,10,37,13,2,31,10,0,8,7,19,10
1542,MC_SC_17_s03L_1542,7,4,2,0,48,0,12,82,36,31,34,19,43,1,48,20,7,93,30
1543,MC_SC_17_s03L_1543,7,3,2,79,8,0,17,1,77,0,2,44,26,25,3,27,0,8,11
1544,MC_SC_17_s03L_1544,7,1,1,0,30,0,2,0,3,0,0,0,5,6,3,0,0,0,2
1545,MC_SC_17_s03L_1545,7,2,2,4,4,0,18,0,0,13,0,1,0,4,2,0,0,0,0
1546,MC_SC_17_s03L_1546,7,3,1,2,14,5,20,14,72,9,16,57,16,44,39,38,15,24,21
1547,MC_SC_17_s03L_1547,7,3,2,63,4,0,0,1,4,0,2,4,26,8,0,14,3,47,49
1548,MC_SC_17_s03L_1548,7,4,3,0,6,0,19,3,42,7,99,2,19,50,55,15,6,9,28
1549,MC_SC_17_s03L_1549,7,1,1,0,4,0,47,0,0,0,0,0,1,0,0,5,0,0,3
1550,MC_SC_17_s03L_1550,7,4,2,0,14,0,19,43,89,120,21,48,14,53,27,76,15,17,34
1551,MC_SC_17_s03L_1551,7,3,1,52,10,0,8,7,109,4,13,63,35,16,16,21,13,24,30
1552,MC_SC_17_s03L_1552,7,4,2,1,1,8,26,58,89,16,27,26,40,46,63,19,16,14,21
1553,MC_SC_17_s03L_1553,7,3,1,55,8,0,0,15,2,0,4,3,26,7,0,4,0,15,1
1554,MC_SC_17_s03L_1554,7,4,3,48,10,0,0,3,22,0,5,3,16,4,4,8,2,11,24
1555,MC_SC_17_s03L_1555,7,4,2,0,3,0,1,16,34,44,14,25,12,32,1,26,0,3,29
1556,MC_SC_17_s03L_1556,7,5,3,0,17,0,83,5,11,177,11,19,28,67,35,26,3,55,0
1557,MC_SC_17_s03L_1557,7,2,2,26,18,1,2,2,6,2,12,1,19,32,0,7,1,17,42
1558,MC_SC_17_s03L_1558,7,3,2,63,16,0,3,4,8,4,2,18,13,0,6,10,0,22,36
1559,MC_SC_17_s03L_1559,7,7,2,1,89,12,58,14,142,615,17,3,36,9,240,106,92,87,4
1560,MC_SC_17_s03L_1560,7,4,2,75,9,0,8,7,34,2,15,11,15,41,15,47,0,16,37
1561,MC_SC_17_s03L_1561,7,4,2,35,14,2,1,1,52,2,27,5,10,23,0,12,2,2,6
1562,MC_SC_17_s03L_1562,7,1,1,0,8,0,5,0,0,20,0,1,2,7,0,0,1,18,0
1563,MC_SC_17_s03L_1563,7,4,2,49,2,0,21,20,1,6,36,4,15,27,16,14,2,25,38
1564,MC_SC_17_s03L_1564,7,1,1,7,18,19,3,1,0,21,0,0,1,0,6,1,31,0,11
1565,MC_SC_17_s03L_1565,7,3,2,137,35,2,27,6,51,3,24,23,27,34,9,41,4,14,22
1566,MC_SC_17_s03L_1566,7,5,3,80,8,0,29,9,3,3,37,6,40,28,25,12,8,37,42
1567,MC_SC_17_s03L_1567,7,1,1,1,6,0,13,0,3,3,0,0,2,5,0,0,0,18,0
1568,MC_SC_17_s03L_1568,7,2,1,19,22,0,0,2,15,0,0,4,11,0,0,1,0,3,13
1569,MC_SC_17_s03L_1569,7,3,2,46,14,3,1,1,22,2,22,15,21,27,10,16,0,13,32
1570,MC_SC_17_s03L_1570,7,3,2,53,15,3,13,5,25,0,7,28,34,33,24,16,1,39,41
1571,MC_SC_17_s03L_1571,7,1,1,41,7,0,0,2,8,0,0,1,3,6,0,2,0,5,6
1572,MC_SC_17_s03L_1572,7,4,2,0,17,0,30,4,15,124,16,30,9,49,27,18,4,31,27
1573,MC_SC_17_s03L_1573,7,2,1,0,16,2,1,20,11,53,3,23,14,9,5,22,1,6,8
1574,MC_SC_17_s03L_1574,7,2,2,118,12,3,9,3,44,3,10,14,31,17,4,20,0,25,24
1575,MC_SC_17_s03L_1575,7,5,3,3,113,2,5,19,6,255,162,47,24,88,123,82,10,14,28
1576,MC_SC_17_s03L_1576,7,5,3,153,13,36,24,50,92,26,26,4,25,7,85,56,21,8,6
1577,MC_SC_17_s03L_1577,7,4,2,0,27,11,7,16,5,11,1,0,25,33,68,27,7,3,4
1578,MC_SC_17_s03L_1578,7,2,1,1,3,0,0,65,27,3,0,0,42,27,4,8,0,1,0
1579,MC_SC_17_s03L_1579,7,3,2,0,24,13,92,11,1,2,5,25,22,29,12,13,2,7,15
1580,MC_SC_17_s03L_1580,7,5,3,0,0,0,0,63,7,0,7,5,9,0,0,8,0,0,0
1581,MC_SC_17_s03L_1581,7,8,3,1,6,0,33,3,4,169,13,2,3,22,113,32,10,2,20
1582,MC_SC_17_s03L_1582,7,2,1,89,17,10,1,4,17,13,8,19,33,34,12,15,5,28,28
1583,MC_SC_17_s03L_1583,7,7,4,2,117,4,13,12,2,270,121,24,14,73,123,78,14,5,10
1584,MC_SC_17_s03L_1584,7,4,3,0,21,2,28,10,4,141,46,32,17,43,73,40,20,13,14
1585,MC_SC_17_s03L_1585,7,3,1,73,52,12,30,6,65,23,4,19,17,9,19,38,21,1,6
1586,MC_SC_17_s03L_1586,7,4,1,0,5,0,2,2,9,21,0,4,9,19,4,13,0,4,2
1587,MC_SC_17_s03L_1587,7,1,1,0,7,0,15,0,0,0,1,0,1,0,0,1,0,0,0
1588,MC_SC_17_s03L_1588,7,2,1,6,8,2,20,1,0,23,0,8,4,7,0,2,7,8,2
1589,MC_SC_17_s03L_1589,7,5,4,50,22,14,7,10,11,7,8,9,8,2,30,9,3,0,6
1590,MC_SC_17_s03L_1590,7,5,3,0,68,53,25,26,140,28,38,5,7,50,67,28,15,2,24
1591,MC_SC_17_s03L_1591,7,4,2,0,50,0,8,1,2,25,58,49,18,48,8,29,0,7,17
1592,MC_SC_17_s03L_1592,7,7,3,0,31,27,18,3,18,17,3,22,17,24,36,18,10,10,0
1593,MC_SC_17_s03L_1593,7,3,2,0,21,0,1,0,0,0,9,2,3,12,1,7,0,4,20
1594,MC_SC_17_s03L_1594,7,5,3,0,35,0,9,3,0,99,10,23,25,25,3,33,3,10,12
1595,MC_SC_17_s03L_1595,7,1,1,0,0,0,0,0,0,0,0,0,0,0,0,0,0,0,0
1596,MC_SC_17_s03L_1596,7,4,2,5,46,14,5,1,4,5,60,11,9,61,0,17,0,52,3
1597,MC_SC_17_s03L_1597,7,4,2,76,16,5,31,21,44,0,1,39,53,40,0,26,0,29,10
1598,MC_SC_17_s03L_1598,7,2,2,3,12,0,8,0,0,0,1,4,0,1,0,7,2,4,4
1599,MC_SC_17_s03L_1599,7,1,1,0,3,0,0,0,0,0,1,0,0,0,0,0,0,0,0
1600,MC_SC_17_s03L_1600,7,6,2,2,6,40,19,100,152,20,66,0,71,69,0,26,0,49,35
1601,MC_SC_17_s03L_1601,7,1,1,22,4,0,0,1,0,0,0,9,6,7,0,0,0,12,12
1602,MC_SC_17_s03L_1602,7,5,4,0,34,12,10,4,5,6,3,14,16,22,0,9,4,5,12
1603,MC_SC_17_s03L_1603,7,2,2,0,32,0,0,0,1,33,14,7,0,14,0,2,6,0,6
1604,MC_SC_17_s03L_1604,7,1,1,0,42,0,68,0,0,1,3,31,2,2,14,1,0,35,20
1605,MC_SC_17_s03L_1605,7,3,2,0,22,0,32,0,0,0,15,5,5,23,0,6,0,0,3
1606,MC_SC_17_s03L_1606,7,5,3,0,92,0,13,0,14,22,97,57,22,92,2,54,8,13,18
1607,MC_SC_17_s03L_1607,7,5,3,1,26,9,4,0,27,11,7,10,18,56,2,3,4,77,0
1608,MC_SC_17_s03L_1608,7,5,4,0,16,0,0,15,0,4,3,7,8,3,0,1,0,2,2
1609,MC_SC_17_s03L_1609,7,3,2,0,3,1,0,33,5,0,5,5,8,0,0,5,0,1,0
1610,MC_SC_17_s03L_1610,7,5,2,200,40,12,40,1,161,24,31,1,37,14,28,47,20,10,45
1611,MC_SC_17_s03L_1611,7,3,2,0,1,0,7,84,27,0,0,15,38,64,0,8,0,9,1
1612,MC_SC_17_s03L_1612,7,4,1,1,12,6,6,1,2,3,1,12,8,10,0,7,0,1,18
1613,MC_SC_17_s03L_1613,7,7,6,3,11,24,7,6,110,63,11,1,9,2,5,12,48,20,6
1614,MC_SC_17_s03L_1614,7,3,2,46,4,0,0,1,14,0,3,12,8,0,0,9,0,19,25
1615,MC_SC_17_s03L_1615,7,4,2,0,9,4,12,0,0,0,0,2,1,3,0,0,0,0,0
1616,MC_SC_17_s03L_1616,7,1,1,49,2,0,14,1,8,0,5,0,1,1,0,2,0,43,3
1617,MC_SC_17_s03L_1617,7,4,3,0,88,16,15,8,27,5,0,10,20,85,19,13,8,34,3
1618,MC_SC_17_s03L_1618,7,4,3,58,36,0,7,4,38,0,8,24,10,2,9,14,0,29,27
1619,MC_SC_17_s03L_1619,7,5,3,0,2,0,15,2,23,11,29,3,10,41,0,24,13,8,34
1620,MC_SC_17_s03L_1620,7,5,2,0,66,9,16,0,54,4,2,31,18,36,3,11,2,4,9
1621,MC_SC_17_s03L_1621,7,6,3,4,102,1,7,2,9,92,92,23,11,73,7,53,21,15,12
1622,MC_SC_17_s03L_1622,7,3,2,0,26,0,45,0,0,0,0,0,5,0,0,0,0,56,1
1623,MC_SC_17_s03L_1623,7,3,2,0,19,0,33,1,0,67,3,7,2,12,0,0,5,17,4
1624,MC_SC_17_s03L_1624,7,7,4,3,62,9,29,1,153,79,12,7,46,23,20,65,29,17,2
1625,MC_SC_17_s03L_1625,7,5,3,2,54,0,238,3,227,209,30,37,28,96,115,41,9,16,12
1626,MC_SC_17_s03L_1626,7,3,2,0,9,1,15,1,12,15,6,8,3,0,0,2,2,0,0
1627,MC_SC_17_s03L_1627,7,3,2,24,1,0,0,1,10,0,2,7,13,10,9,12,0,24,18
1628,MC_SC_17_s03L_1628,7,5,3,129,26,1,26,4,166,22,31,16,22,52,62,66,15,37,26
1629,MC_SC_17_s03L_1629,7,5,3,1,27,0,30,2,8,17,70,35,24,71,3,26,0,44,18
1630,MC_SC_17_s03L_1630,7,4,3,0,12,0,46,3,2,102,40,41,22,59,0,18,12,95,18
1631,MC_SC_17_s03L_1631,7,4,2,2,48,6,32,8,23,7,7,25,21,70,47,24,9,3,57
1632,MC_SC_17_s03L_1632,7,8,3,0,3,0,20,55,127,23,0,3,21,1,16,26,2,5,6
1633,MC_SC_17_s03L_1633,7,5,3,2,7,0,20,63,24,55,32,12,23,1,13,33,0,33,13
1634,MC_SC_17_s03L_1634,7,3,2,0,19,0,4,1,15,121,81,59,9,36,48,13,0,6,18
1635,MC_SC_17_s03L_1635,7,2,2,1,7,0,9,3,1,5,0,23,12,16,5,9,0,48,51
1636,MC_SC_17_s03L_1636,7,6,4,0,9,0,0,2,15,65,16,8,9,87,0,13,2,159,11
1637,MC_SC_17_s03L_1637,7,3,2,1,3,0,17,2,5,21,8,16,0,0,0,0,0,3,14
1638,MC_SC_17_s03L_1638,7,1,1,4,3,0,15,0,2,0,1,4,0,0,0,0,0,0,0
1639,MC_SC_17_s03L_1639,7,3,2,0,3,0,7,1,0,33,1,0,2,1,0,0,2,31,0
1640,MC_SC_17_s03L_1640,7,5,3,3,18,7,9,91,121,10,19,41,24,11,95,28,6,17,8
1641,MC_SC_17_s03L_1641,7,4,3,1,21,3,42,5,0,0,19,31,8,33,5,5,0,6,6
1642,MC_SC_17_s03L_1642,7,5,3,131,27,0,19,8,75,0,2,31,38,56,40,16,2,14,29
1643,MC_SC_17_s03L_1643,7,3,2,0,4,0,1,1,0,6,0,0,4,4,0,0,4,55,0
1644,MC_SC_17_s03L_1644,7,3,2,33,12,0,6,2,27,0,7,25,25,38,0,19,2,20,29
1645,MC_SC_17_s03L_1645,7,1,1,2,7,0,44,22,1,2,8,18,19,16,0,1,0,3,3
1646,MC_SC_17_s03L_1646,7,5,4,0,27,4,3,7,7,17,4,1,19,50,82,18,16,5,1
1647,MC_SC_17_s03L_1647,7,6,4,93,13,2,28,30,71,0,5,54,44,37,1,33,0,53,22
1648,MC_SC_17_s03L_1648,7,3,2,1,8,0,22,9,15,171,5,14,20,46,0,20,13,67,54
1649,MC_SC_17_s03L_1649,7,1,1,0,4,1,4,0,3,0,4,4,4,11,7,3,0,0,0
1650,MC_SC_17_s03L_1650,7,2,2,2,9,0,14,3,8,10,2,14,7,20,5,7,0,38,31
1651,MC_SC_17_s03L_1651,7,1,1,1,6,0,17,3,0,8,0,4,10,22,1,2,0,15,4
1652,MC_SC_17_s03L_1652,7,4,2,2,62,71,111,136,269,54,103,19,71,109,69,117,14,42,68
1653,MC_SC_17_s03L_1653,7,4,1,1,4,9,14,21,49,10,19,24,17,21,33,18,11,2,8
1654,MC_SC_17_s03L_1654,7,4,2,46,41,15,26,47,107,1,21,35,41,21,11,19,3,49,6
1655,MC_SC_17_s03L_1655,7,5,1,3,1,0,14,3,0,7,1,5,18,4,0,17,0,39,2
1656,MC_SC_17_s03L_1656,7,5,3,132,59,77,27,98,59,55,9,0,30,18,168,85,53,3,43
1657,MC_SC_17_s03L_1657,7,1,1,31,4,0,4,7,24,0,2,0,3,3,17,6,1,0,6
1658,MC_SC_17_s03L_1658,7,4,1,0,13,0,16,2,0,3,5,13,13,22,0,13,6,9,7
1659,MC_SC_17_s03L_1659,7,5,4,1,31,1,87,4,36,317,52,24,18,85,5,30,12,2,60
1660,MC_SC_17_s03L_1660,7,4,2,4,9,14,5,27,10,7,0,23,22,39,45,6,8,1,4
1661,MC_SC_17_s03L_1661,7,3,1,0,20,0,34,18,2,98,8,0,11,0,19,32,14,7,7
1662,MC_SC_17_s03L_1662,7,5,3,0,36,0,60,61,11,178,22,2,32,0,48,24,12,57,12
1663,MC_SC_17_s03L_1663,7,3,2,120,31,6,22,68,66,9,8,20,24,3,7,26,5,47,56
1664,MC_SC_17_s03L_1664,7,4,3,1,64,57,85,3,23,4,16,27,13,54,59,40,7,2,54
1665,MC_SC_17_s03L_1665,7,1,1,0,2,0,3,1,2,0,0,0,0,0,0,0,0,16,0
1666,MC_SC_17_s03L_1666,7,6,2,0,6,4,2,20,28,7,7,3,3,0,9,3,6,0,3
1667,MC_SC_17_s03L_1667,7,6,2,130,50,34,59,134,181,17,28,36,9,0,84,67,16,26,68
1668,MC_SC_17_s03L_1668,7,3,2,8,18,0,49,7,1,48,5,14,13,34,1,6,0,14,15
1669,MC_SC_17_s03L_1669,7,2,2,0,13,0,30,4,0,27,3,17,18,6,0,1,0,43,25
1670,MC_SC_17_s03L_1670,7,12,4,143,46,52,12,50,27,59,8,2,34,0,111,45,46,16,50
1671,MC_SC_17_s03L_1671,7,3,2,4,27,19,86,1,4,0,28,38,11,26,45,30,4,6,26
1672,MC_SC_17_s03L_1672,7,4,3,0,7,3,7,6,21,3,9,21,23,37,15,17,20,8,24
1673,MC_SC_17_s03L_1673,7,3,2,0,38,2,56,6,1,99,38,4,29,43,39,37,9,44,23
1674,MC_SC_17_s03L_1674,7,2,2,0,6,0,9,13,0,0,1,8,13,13,0,6,0,3,2
1675,MC_SC_17_s03L_1675,7,2,2,1,1,2,8,29,2,8,10,14,9,0,0,3,0,0,1
1676,MC_SC_17_s03L_1676,7,2,2,85,27,15,27,72,67,4,22,24,18,3,2,35,0,32,49
1677,MC_SC_17_s03L_1677,7,2,1,0,0,2,1,43,16,1,0,3,8,0,0,8,0,0,2
1678,MC_SC_17_s03L_1678,7,4,2,1,47,0,71,1,22,58,35,29,21,32,11,14,5,70,31
1679,MC_SC_17_s03L_1679,7,3,1,1,13,0,16,4,0,28,11,12,7,34,0,24,2,79,0
1680,MC_SC_17_s03L_1680,7,1,1,0,4,0,0,0,0,0,0,0,0,0,0,22,48,44,7
1681,MC_SC_17_s03L_1681,7,4,2,26,82,1,54,40,10,87,26,33,15,32,4,37,9,31,48
1682,MC_SC_17_s03L_1682,7,1,1,4,6,0,14,0,5,19,9,1,5,10,7,1,0,0,3
1683,MC_SC_17_s03L_1683,7,3,3,0,2,0,0,39,25,0,1,7,8,1,0,1,0,0,3
1684,MC_SC_17_s03L_1684,7,1,1,21,2,38,12,1,0,0,0,0,0,0,0,0,35,6,0
1685,MC_SC_17_s03L_1685,7,6,3,0,21,45,104,91,104,35,75,10,22,25,13,40,37,32,40
1686,MC_SC_17_s03L_1686,7,7,6,1,25,0,31,5,19,67,56,12,10,27,8,15,0,84,27
1687,MC_SC_17_s03L_1687,7,3,1,0,3,0,1,0,0,2,0,0,0,0,0,0,0,0,0
1688,MC_SC_17_s03L_1688,7,7,2,0,44,3,37,2,20,0,0,30,14,80,4,18,0,38,6
1689,MC_SC_17_s03L_1689,7,4,2,7,10,0,7,7,0,20,5,6,4,44,9,9,8,32,4
1690,MC_SC_17_s03L_1690,7,1,1,0,0,0,0,0,0,0,0,0,0,0,0,0,0,4,0
1691,MC_SC_17_s03L_1691,7,4,2,1,20,1,51,5,7,0,11,23,20,1,2,0,0,0,0
1692,MC_SC_17_s03L_1692,7,4,2,0,13,0,67,1,14,27,12,12,20,5,3,18,0,43,1
1693,MC_SC_17_s03L_1693,7,7,3,48,38,3,16,1,6,6,13,60,8,37,72,41,192,31,10
1694,MC_SC_17_s03L_1694,7,1,1,0,1,0,5,0,0,0,0,0,5,2,0,0,1,0,0
1695,MC_SC_17_s03L_1695,7,3,2,0,2,0,1,48,58,3,0,1,5,35,0,7,0,0,0
1696,MC_SC_17_s03L_1696,7,6,3,0,4,5,1,54,34,0,4,26,14,23,6,17,0,0,2
1697,MC_SC_17_s03L_1697,7,4,3,0,27,0,45,1,9,69,17,38,26,47,11,20,10,9,32
1698,MC_SC_17_s03L_1698,7,1,1,0,0,0,25,1,6,5,2,16,11,15,0,4,0,37,25
1699,MC_SC_17_s03L_1699,7,8,5,0,22,1,105,4,18,51,16,9,12,82,77,27,3,20,3
1700,MC_SC_17_s03L_1700,7,6,3,0,12,0,51,57,53,57,30,3,34,11,8,20,0,34,10
1701,MC_SC_17_s03L_1701,7,3,2,0,34,0,107,0,1,8,3,5,16,46,16,8,2,60,1
1702,MC_SC_17_s03L_1702,7,2,2,0,9,1,4,59,11,0,7,11,12,4,0,5,0,0,1
1703,MC_SC_17_s03L_1703,7,4,2,1,35,19,57,22,21,0,8,27,7,1,0,36,3,0,2
1704,MC_SC_17_s03L_1704,7,8,6,0,10,0,132,3,4,75,44,44,12,57,0,22,15,28,15
1705,MC_SC_17_s03L_1705,7,6,3,0,7,0,37,1,5,23,1,3,3,21,0,12,0,18,2
1706,MC_SC_17_s03L_1706,7,3,2,0,0,0,4,75,24,0,0,4,9,27,0,6,0,6,0
1707,MC_SC_17_s03L_1707,7,8,6,0,53,123,233,33,264,2,149,3,37,130,30,105,15,25,20
1708,MC_SC_17_s03L_1708,7,4,3,0,37,0,13,0,14,13,18,0,8,3,0,7,0,6,0
1709,MC_SC_17_s03L_1709,7,5,2,0,8,0,1,16,21,0,1,0,3,1,0,1,0,0,0
1710,MC_SC_17_s03L_1710,7,1,1,1,1,0,29,0,0,0,0,0,0,0,0,0,0,0,0
1711,MC_SC_17_s03L_1711,7,2,2,0,9,0,9,15,12,3,7,12,45,16,0,6,2,5,6
1712,MC_SC_17_s03L_1712,7,5,4,0,7,0,12,2,0,42,6,12,1,23,13,1,2,16,6
1713,MC_SC_17_s03L_1713,7,6,6,0,10,12,17,17,16,22,48,39,28,59,48,19,40,17,23
1714,MC_SC_17_s03L_1714,7,6,3,0,5,0,0,43,62,0,2,8,6,11,0,8,0,0,1
1715,MC_SC_17_s03L_1715,7,4,1,0,2,0,3,13,9,0,0,5,6,17,9,2,0,0,0
1716,MC_SC_17_s03L_1716,7,2,2,1,4,0,15,0,0,6,1,0,0,4,0,0,0,1,0
1717,MC_SC_17_s03L_1717,7,2,1,0,20,0,31,46,29,3,25,40,56,48,8,16,0,21,11
1718,MC_SC_17_s03L_1718,7,3,2,2,1,0,13,6,4,14,13,21,8,31,0,0,0,83,1
1719,MC_SC_17_s03L_1719,7,7,5,0,14,0,23,8,7,9,43,12,32,28,45,30,9,56,36
1720,MC_SC_17_s03L_1720,7,3,1,0,5,0,1,11,5,0,23,1,3,0,0,9,0,8,7
1721,MC_SC_17_s03L_1721,7,4,3,0,11,2,1,100,67,2,11,1,62,36,4,8,0,2,0
1722,MC_SC_17_s03L_1722,7,3,2,0,12,0,25,16,10,3,0,3,9,16,4,6,0,0,13
1723,MC_SC_17_s03L_1723,7,6,4,0,15,16,4,66,34,2,4,16,15,11,10,7,3,0,6
1724,MC_SC_17_s03L_1724,7,6,4,0,21,0,65,17,5,176,15,5,27,13,90,33,1,26,2
1725,MC_SC_17_s03L_1725,7,1,1,0,11,5,4,84,55,7,0,0,22,27,3,2,1,0,1
1726,MC_SC_17_s03L_1726,7,2,1,0,9,0,21,15,6,7,0,0,7,12,2,0,6,4,14
1727,MC_SC_17_s03L_1727,7,2,2,0,9,11,46,0,4,0,8,7,1,3,8,6,0,0,0
1728,MC_SC_17_s03L_1728,7,6,3,50,31,0,7,5,26,0,8,0,11,54,39,17,65,31,51
1729,MC_SC_17_s03L_1729,7,2,1,0,4,0,15,0,5,0,1,1,3,0,5,0,4,2,3
1730,MC_SC_17_s03L_1730,7,3,2,1,35,30,148,1,109,8,29,25,9,30,96,60,2,3,25
1731,MC_SC_17_s03L_1731,7,3,2,8,30,17,66,4,40,5,10,4,13,21,34,8,2,6,18
1732,MC_SC_17_s03L_1732,7,5,2,2,17,13,12,43,25,6,6,17,21,11,25,40,4,1,1
1733,MC_SC_17_s03L_1733,7,3,2,6,94,7,75,12,44,126,0,11,14,42,3,11,6,54,20
1734,MC_SC_17_s03L_1734,7,2,1,0,12,0,14,4,0,0,0,0,0,0,0,0,2,3,0
1735,MC_SC_17_s03L_1735,7,10,7,28,51,7,59,8,8,50,15,45,3,0,45,37,80,2,6
1736,MC_SC_17_s03L_1736,7,3,2,0,11,0,6,0,0,58,3,6,15,22,23,3,16,62,11
1737,MC_SC_17_s03L_1737,7,6,4,0,11,36,63,67,170,11,38,31,17,28,96,35,7,7,21
1738,MC_SC_17_s03L_1738,7,3,2,0,7,0,22,1,18,2,4,13,12,11,8,4,0,2,1
1739,MC_SC_17_s03L_1739,7,4,3,0,5,0,113,4,44,12,28,3,25,8,2,12,6,30,10
1740,MC_SC_17_s03L_1740,7,10,3,35,20,1,11,6,5,17,10,11,21,6,94,22,113,12,13
1741,MC_SC_17_s03L_1741,7,10,4,191,84,6,51,20,25,62,71,181,27,46,188,54,83,8,19
1742,MC_SC_17_s03L_1742,7,3,2,1,18,0,65,10,5,92,40,14,11,47,33,15,6,84,71
1743,MC_SC_17_s03L_1743,7,1,1,9,3,0,3,1,0,0,1,0,2,1,1,0,0,0,0
1744,MC_SC_17_s03L_1744,7,6,3,1,126,0,147,5,6,296,19,23,13,74,49,121,38,49,96
1745,MC_SC_17_s03L_1745,7,7,6,86,62,0,15,6,1,1,7,66,8,7,121,15,167,12,9
1746,MC_SC_17_s03L_1746,7,1,1,0,4,0,9,0,0,0,1,4,10,2,0,8,0,3,4
1747,MC_SC_17_s03L_1747,7,8,5,0,57,0,13,12,51,300,47,4,30,201,25,79,2,259,5
1748,MC_SC_17_s03L_1748,7,1,1,0,3,0,0,0,0,4,5,1,0,0,0,0,0,9,0
1749,MC_SC_17_s03L_1749,7,1,1,0,3,0,1,0,0,0,0,0,0,11,3,10,7,5,8
1750,MC_SC_17_s03L_1750,7,6,4,0,1,0,41,10,16,254,69,57,34,82,146,63,12,19,36
1751,MC_SC_17_s03L_1751,7,7,3,77,20,0,0,1,38,0,13,13,6,33,82,20,79,9,28
1752,MC_SC_17_s03L_1752,7,3,1,25,40,0,4,1,0,0,4,33,5,15,39,0,0,0,1
1753,MC_SC_17_s03L_1753,7,3,2,2,23,0,27,7,3,25,7,18,7,31,2,3,4,69,16
1754,MC_SC_17_s03L_1754,7,2,2,0,6,0,36,3,1,55,0,11,49,16,14,4,4,3,0
1755,MC_SC_17_s03L_1755,7,4,2,0,75,2,162,1,0,205,14,30,40,49,61,12,12,53,19
1756,MC_SC_17_s03L_1756,7,2,1,0,3,0,6,0,0,2,0,7,21,3,0,9,7,23,7
1757,MC_SC_17_s03L_1757,7,4,3,0,14,0,21,0,3,21,0,14,9,16,2,14,0,3,0
1758,MC_SC_17_s03L_1758,7,3,2,0,17,0,53,1,12,20,20,3,29,22,2,27,0,72,14
1759,MC_SC_17_s03L_1759,7,5,3,0,46,1,101,4,64,176,33,56,20,71,110,13,0,13,4
1760,MC_SC_17_s03L_1760,7,4,3,0,21,0,41,9,5,196,39,22,31,44,50,22,22,177,75
1761,MC_SC_17_s03L_1761,7,2,2,0,94,0,2,0,34,159,23,19,1,35,18,5,3,89,16
1762,MC_SC_17_s03L_1762,7,3,2,1,32,0,63,1,0,9,0,6,5,7,0,8,2,6,3
1763,MC_SC_17_s03L_1763,7,6,4,0,99,0,158,6,1,291,17,54,25,85,111,63,11,9,85
1764,MC_SC_17_s03L_1764,7,1,1,0,0,0,1,0,0,0,0,0,0,0,0,0,0,0,0
1765,MC_SC_17_s03L_1765,7,6,2,62,30,0,171,1,38,11,18,15,7,30,30,4,74,10,10
1766,MC_SC_17_s03L_1766,7,6,4,51,32,0,70,0,14,22,3,7,9,43,77,40,70,16,42
1767,MC_SC_17_s03L_1767,7,9,5,0,125,6,208,2,54,152,11,11,15,43,175,91,49,43,46
1768,MC_SC_17_s03L_1768,7,8,6,0,34,34,120,5,62,6,32,7,39,23,122,34,3,8,43
1769,MC_SC_17_s03L_1769,7,9,4,125,34,0,219,10,22,21,21,53,17,48,74,13,65,20,42
1770,MC_SC_17_s03L_1770,7,1,1,3,12,0,7,0,0,0,1,5,0,3,0,0,4,0,3
1771,MC_SC_17_s03L_1771,7,2,1,0,5,0,20,22,0,2,3,3,6,15,0,5,0,0,2
1772,MC_SC_17_s03L_1772,7,4,2,0,11,0,45,0,5,26,1,22,17,36,52,28,0,21,4
1773,MC_SC_17_s03L_1773,7,10,3,57,51,0,6,4,3,24,25,9,35,84,147,77,143,8,25
1774,MC_SC_17_s03L_1774,7,1,1,5,18,15,3,0,0,0,0,0,0,0,0,0,0,0,0
1775,MC_SC_17_s03L_1775,7,18,6,125,38,0,21,12,3,8,12,1,10,9,56,26,23,55,26
1776,MC_SC_17_s03L_1776,7,5,3,0,14,0,0,8,5,62,20,12,4,64,0,9,2,80,19
1777,MC_SC_17_s03L_1777,7,1,1,0,2,0,1,0,0,0,0,0,0,0,0,0,0,0,0
1778,MC_SC_17_s03L_1778,7,3,2,3,2,0,18,48,1,54,0,5,13,25,3,18,2,0,0
1779,MC_SC_17_s03L_1779,7,3,1,28,20,5,30,4,23,72,5,1,11,29,82,0,0,0,0
1780,MC_SC_17_s03L_1780,7,11,9,0,129,3,13,3,79,420,50,49,19,147,80,9,3,259,35
1781,MC_SC_17_s03L_1781,7,2,1,0,13,0,7,19,6,2,13,1,25,12,10,4,2,3,1
1782,MC_SC_17_s03L_1782,7,3,3,0,49,0,36,2,44,111,20,3,6,33,16,26,4,52,0
1783,MC_SC_17_s03L_1783,7,1,1,0,3,0,3,0,0,4,0,5,11,28,4,23,0,49,14
1784,MC_SC_17_s03L_1784,7,4,2,0,4,0,21,39,4,24,27,1,10,3,20,6,0,2,0
1785,MC_SC_17_s03L_1785,7,5,3,1,35,1,0,2,65,244,56,29,18,86,20,4,2,147,30
1786,MC_SC_17_s03L_1786,7,5,2,0,48,0,80,4,6,85,4,7,52,68,17,4,0,14,42
1787,MC_SC_17_s03L_1787,7,1,1,7,8,0,0,1,2,2,1,0,1,0,2,0,0,0,4
1788,MC_SC_17_s03L_1788,7,3,3,0,19,0,26,15,12,69,11,19,17,35,4,42,0,18,2
1789,MC_SC_17_s03L_1789,7,8,6,0,134,0,229,4,129,337,23,48,3,82,162,7,9,80,6
1790,MC_SC_17_s03L_1790,7,3,2,0,10,0,20,0,16,54,5,5,12,40,6,3,0,23,13
1791,MC_SC_17_s03L_1791,7,4,2,0,63,0,2,3,0,0,0,0,16,0,0,0,0,0,0
1792,MC_SC_17_s03L_1792,7,10,7,106,76,11,19,9,6,85,15,70,29,51,120,58,130,39,12
1793,MC_SC_17_s03L_1793,7,2,1,0,5,0,13,1,0,18,0,3,10,0,7,3,0,15,8
1794,MC_SC_17_s03L_1794,7,3,2,2,26,0,43,4,0,2,0,0,2,0,0,0,0,4,2
1795,MC_SC_17_s03L_1795,7,4,2,0,12,0,51,44,0,69,0,2,7,18,12,8,4,27,2
1796,MC_SC_17_s03L_1796,7,2,1,0,14,0,4,0,0,0,0,2,26,5,0,8,0,0,2
1797,MC_SC_17_s03L_1797,7,1,1,19,12,0,0,0,1,0,0,0,5,2,1,0,4,0,0
1798,MC_SC_17_s03L_1798,7,1,1,5,0,0,1,0,0,0,0,1,0,0,2,0,0,0,0
1799,MC_SC_17_s03L_1799,7,2,2,0,19,0,24,0,0,70,6,7,15,12,8,0,0,26,8
1800,MC_SC_17_s03L_1800,7,3,2,0,45,0,26,1,1,73,8,8,9,9,5,28,2,13,0
1801,MC_SC_17_s03L_1801,7,4,3,0,14,0,34,2,4,13,0,13,9,25,20,1,0,0,0
1802,MC_SC_17_s03L_1802,7,4,2,54,75,2,139,4,8,23,31,26,34,70,131,24,79,10,18
1803,MC_SC_17_s03L_1803,7,5,3,124,53,0,103,33,15,22,22,88,28,57,193,28,216,11,42
1804,MC_SC_17_s03L_1804,7,3,3,0,13,0,9,7,3,31,17,10,14,23,0,13,6,11,1
1805,MC_SC_17_s03L_1805,7,3,3,0,10,7,3,0,0,0,0,4,1,10,8,0,0,0,0
1806,MC_SC_17_s03L_1806,7,2,1,22,5,0,16,0,0,0,3,1,3,2,5,4,48,0,7
1807,MC_SC_17_s03L_1807,7,3,2,0,14,0,0,0,0,2,0,1,0,5,0,0,0,0,0
1808,MC_SC_17_s03L_1808,7,5,2,57,22,2,113,4,1,14,8,45,17,32,57,45,251,38,32
1809,MC_SC_17_s03L_1809,7,5,3,85,38,5,109,8,14,13,22,24,16,13,136,46,337,26,70
1810,MC_SC_17_s03L_1810,7,7,3,0,7,67,32,3,0,5,150,4,13,94,63,12,51,165,54
1811,MC_SC_17_s03L_1811,7,3,3,0,5,0,23,0,0,22,0,0,0,0,6,8,0,1,12
1812,MC_SC_17_s03L_1812,7,11,3,25,23,0,67,3,5,2,9,21,5,33,72,27,89,2,8
1813,MC_SC_17_s03L_1813,7,3,2,5,10,0,39,0,0,0,3,10,17,2,30,11,41,0,1
1814,MC_SC_17_s03L_1814,7,4,3,23,14,0,6,0,0,0,7,18,0,12,38,4,84,0,6
1815,MC_SC_17_s03L_1815,7,5,3,0,4,10,33,50,61,4,14,3,30,32,35,19,5,12,30
1816,MC_SC_17_s03L_1816,7,5,3,37,31,0,1,1,8,43,15,67,10,2,85,21,125,1,8
1817,MC_SC_17_s03L_1817,7,8,3,1,9,29,18,2,1,36,100,4,15,44,53,14,31,139,68
1818,MC_SC_17_s03L_1818,8,1,1,0,0,0,4,0,2,2,2,7,0,15,2,1,0,32,0
1819,MC_SC_17_s03L_1819,8,1,1,31,2,0,2,19,0,0,0,6,3,24,0,0,0,0,0
1820,MC_SC_17_s03L_1820,8,13,7,37,2,2,11,36,4,3,2,13,5,0,5,6,5,5,2
1821,MC_SC_17_s03L_1821,8,5,4,50,2,1,6,20,18,0,0,2,9,4,0,2,2,9,0
1822,MC_SC_17_s03L_1822,8,4,3,0,15,0,50,93,9,159,3,13,22,7,31,0,0,0,0
1823,MC_SC_17_s03L_1823,8,5,3,0,8,0,81,2,5,124,7,35,46,51,28,0,0,25,31
1824,MC_SC_17_s03L_1824,8,5,2,0,5,0,32,0,3,112,16,14,13,22,27,7,0,32,9
1825,MC_SC_17_s03L_1825,8,1,1,0,0,1,10,4,6,0,1,0,0,4,1,1,0,33,0
1826,MC_SC_17_s03L_1826,8,1,1,0,0,0,7,1,2,0,1,0,0,0,0,1,0,50,0
1827,MC_SC_17_s03L_1827,8,12,8,0,2,54,99,2,59,9,1,0,4,25,43,2,2,29,20
1828,MC_SC_17_s03L_1828,8,9,8,5,15,51,57,9,68,28,17,2,4,40,74,0,0,9,0
1829,MC_SC_17_s03L_1829,8,5,4,0,14,0,118,35,79,195,56,46,33,86,41,10,9,116,48
1830,MC_SC_17_s03L_1830,8,4,3,0,1,1,66,27,3,17,16,3,15,45,20,49,29,13,19
1831,MC_SC_17_s03L_1831,8,1,1,0,0,0,7,0,0,5,3,0,0,1,4,1,4,0,0
1832,MC_SC_17_s03L_1832,8,4,3,0,1,0,24,1,1,41,0,7,4,34,10,4,2,5,1
1833,MC_SC_17_s03L_1833,8,4,1,1,40,5,24,1,60,6,15,20,22,44,34,0,2,0,0
1834,MC_SC_17_s03L_1834,8,4,3,52,12,8,21,61,5,2,2,18,22,2,0,19,0,8,1
1835,MC_SC_17_s03L_1835,8,9,4,0,20,83,89,10,37,58,7,0,18,55,55,14,0,9,13
1836,MC_SC_17_s03L_1836,8,5,3,0,8,28,51,3,30,45,1,1,12,20,31,5,0,7,18
1837,MC_SC_17_s03L_1837,8,6,3,149,22,44,61,57,6,17,24,0,20,38,11,40,10,6,34
1838,MC_SC_17_s03L_1838,8,6,5,0,11,0,61,13,19,60,6,17,12,34,7,3,0,18,6
1839,MC_SC_17_s03L_1839,8,8,5,2,12,7,54,8,87,27,6,0,12,13,3,9,12,141,4
1840,MC_SC_17_s03L_1840,8,4,3,1,6,0,60,1,1,91,2,8,11,54,0,3,2,39,0
1841,MC_SC_17_s03L_1841,8,5,3,195,42,80,111,20,93,20,47,0,21,8,52,46,5,3,13
1842,MC_SC_17_s03L_1842,8,5,2,0,14,27,50,0,17,26,0,0,10,25,13,2,0,4,9
1843,MC_SC_17_s03L_1843,8,19,2,0,22,0,116,0,0,116,1,17,9,50,17,1,5,121,0
1844,MC_SC_17_s03L_1844,8,3,1,0,0,0,31,2,0,11,1,7,10,11,1,7,0,10,13
1845,MC_SC_17_s03L_1845,8,2,1,64,1,0,7,27,8,0,3,7,6,22,3,2,0,34,1
1846,MC_SC_17_s03L_1846,8,11,4,1,11,12,48,12,8,31,6,0,13,1,38,14,39,17,23
1847,MC_SC_17_s03L_1847,8,8,6,0,14,0,52,1,0,51,14,7,7,25,24,0,0,36,0
1848,MC_SC_17_s03L_1848,8,6,2,0,16,0,34,39,2,50,39,14,2,18,12,1,0,41,0
1849,MC_SC_17_s03L_1849,8,4,1,1,13,2,70,2,0,63,6,3,13,12,3,4,11,42,0
1850,MC_SC_17_s03L_1850,8,7,5,0,43,0,101,0,0,115,17,6,3,44,45,2,0,69,0
1851,MC_SC_17_s03L_1851,8,3,2,2,2,1,43,1,2,49,0,9,7,37,0,10,4,34,5
1852,MC_SC_17_s03L_1852,8,6,3,0,24,0,71,6,3,98,3,6,16,12,6,20,3,75,6
1853,MC_SC_17_s03L_1853,8,2,1,1,16,0,68,10,0,2,6,0,4,28,0,5,5,41,2
1854,MC_SC_17_s03L_1854,8,5,4,0,4,5,8,3,2,12,0,0,7,24,0,0,0,42,2
1855,MC_SC_17_s03L_1855,8,5,3,239,18,63,41,36,69,62,10,4,31,17,126,97,23,2,12
1856,MC_SC_17_s03L_1856,8,2,1,0,28,14,180,4,43,10,2,4,52,62,2,14,2,236,11
1857,MC_SC_17_s03L_1857,8,1,1,0,1,2,0,0,5,2,0,0,4,6,0,0,0,9,0
1858,MC_SC_17_s03L_1858,8,3,2,0,5,0,23,0,0,1,0,0,6,1,1,1,0,19,0
1859,MC_SC_17_s03L_1859,8,16,11,0,14,18,80,6,44,32,2,3,55,36,0,1,1,197,4
1860,MC_SC_17_s03L_1860,8,2,1,1,6,0,30,2,1,45,0,10,21,11,2,19,0,10,17
1861,MC_SC_17_s03L_1861,8,4,2,0,12,29,82,0,17,26,0,0,14,6,12,6,2,4,14
1862,MC_SC_17_s03L_1862,8,8,5,0,1,9,57,2,16,39,4,2,14,24,117,20,41,11,33
1863,MC_SC_17_s03L_1863,8,1,1,16,37,57,7,1,0,0,0,3,2,3,0,0,0,0,0
1864,MC_SC_17_s03L_1864,8,1,1,0,5,0,8,8,0,16,12,0,0,4,0,0,0,5,0
1865,MC_SC_17_s03L_1865,8,3,2,0,18,0,76,0,4,28,1,7,23,7,13,11,0,86,12
1866,MC_SC_17_s03L_1866,8,5,2,2,24,0,123,2,0,94,13,10,15,49,42,6,0,98,6
1867,MC_SC_17_s03L_1867,8,6,4,1,20,139,115,17,132,126,8,1,21,25,163,56,44,6,30
1868,MC_SC_17_s03L_1868,8,1,1,17,51,65,11,2,0,0,0,5,3,2,0,0,0,0,0
1869,MC_SC_17_s03L_1869,8,4,1,0,14,19,82,1,11,5,8,27,12,24,3,1,0,13,16
1870,MC_SC_17_s03L_1870,8,4,3,0,23,36,133,0,17,20,4,2,19,40,49,1,0,98,5
1871,MC_SC_17_s03L_1871,8,2,1,0,10,15,11,1,5,13,2,1,17,14,1,0,0,104,3
1872,MC_SC_17_s03L_1872,8,5,4,1,20,1,44,1,0,90,21,17,8,72,38,2,0,40,17
1873,MC_SC_17_s03L_1873,8,9,6,0,45,0,176,1,1,233,28,4,17,76,138,48,19,45,1
1874,MC_SC_17_s03L_1874,8,15,6,0,45,0,101,9,14,128,3,4,16,9,38,13,3,108,5
1875,MC_SC_17_s03L_1875,8,1,1,13,23,27,1,0,0,2,2,0,1,0,0,0,0,0,0
1876,MC_SC_17_s03L_1876,8,3,2,0,6,0,58,0,0,30,1,12,8,51,2,5,2,26,5
1877,MC_SC_17_s03L_1877,8,5,4,0,4,15,63,2,14,5,0,4,18,17,44,3,1,5,30
1878,MC_SC_17_s03L_1878,8,4,4,0,32,0,80,4,0,37,2,17,11,24,3,19,0,23,35
1879,MC_SC_17_s03L_1879,8,5,3,2,13,6,53,56,2,233,24,2,3,47,4,29,12,0,28
1880,MC_SC_17_s03L_1880,8,2,1,6,21,48,2,0,0,0,3,1,0,0,0,0,0,0,0
1881,MC_SC_17_s03L_1881,8,1,1,7,21,22,1,0,0,3,1,0,2,3,0,0,0,0,0
1882,MC_SC_17_s03L_1882,8,2,2,0,9,0,17,0,0,17,2,0,2,1,0,2,0,18,0
1883,MC_SC_17_s03L_1883,8,2,1,2,13,5,60,2,2,4,8,18,10,16,0,2,0,6,22
1884,MC_SC_17_s03L_1884,8,2,1,17,26,46,1,1,0,0,2,4,1,1,0,0,0,0,0
1885,MC_SC_17_s03L_1885,8,3,1,12,23,61,3,0,0,9,0,0,0,1,0,0,0,0,0
1886,MC_SC_17_s03L_1886,8,1,1,0,12,0,28,1,3,66,0,0,1,1,10,15,0,0,1
1887,MC_SC_17_s03L_1887,8,8,6,0,52,0,138,2,0,217,48,20,22,39,125,12,3,88,3
1888,MC_SC_17_s03L_1888,8,2,2,0,11,1,103,10,0,37,21,7,5,45,11,0,2,37,0
1889,MC_SC_17_s03L_1889,8,5,4,1,3,11,31,0,9,0,0,0,2,3,0,2,0,3,19
1890,MC_SC_17_s03L_1890,8,6,4,0,34,0,53,0,2,29,0,16,17,9,0,5,0,45,16
1891,MC_SC_17_s03L_1891,8,1,1,15,54,91,2,0,0,0,0,0,5,0,0,0,0,0,0
1892,MC_SC_17_s03L_1892,8,1,1,9,24,23,0,2,0,0,0,1,0,0,0,0,0,0,0
1893,MC_SC_17_s03L_1893,8,2,1,0,3,0,49,1,0,7,0,4,5,20,17,1,2,44,1
1894,MC_SC_17_s03L_1894,8,1,1,0,1,0,24,0,0,0,0,4,3,5,0,0,0,1,7
1895,MC_SC_17_s03L_1895,8,1,1,13,22,39,4,0,0,0,0,0,0,0,0,0,0,0,0
1896,MC_SC_17_s03L_1896,8,3,2,0,9,0,60,3,0,24,0,9,11,8,0,8,0,15,23
1897,MC_SC_17_s03L_1897,8,4,2,1,17,1,167,6,26,128,0,9,17,21,37,31,10,162,7
1898,MC_SC_17_s03L_1898,8,3,2,0,21,0,168,0,28,74,1,64,51,59,64,68,30,222,44
1899,MC_SC_17_s03L_1899,8,8,5,0,28,0,91,2,18,103,6,12,20,0,0,9,0,55,4
1900,MC_SC_17_s03L_1900,8,3,2,1,25,1,53,5,3,66,37,1,15,25,23,19,2,0,5
1901,MC_SC_17_s03L_1901,8,1,1,0,15,0,93,0,0,12,7,6,4,11,0,1,0,29,0
1902,MC_SC_17_s03L_1902,8,1,1,0,12,3,61,1,1,42,2,16,7,8,5,0,0,27,3
1903,MC_SC_17_s03L_1903,8,6,2,0,15,2,22,22,44,40,10,13,8,51,52,20,13,1,0
1904,MC_SC_17_s03L_1904,8,6,2,0,26,3,164,4,3,113,65,4,20,31,54,60,25,87,2
1905,MC_SC_17_s03L_1905,8,8,3,0,10,0,44,0,2,95,4,3,2,20,25,9,6,0,4
1906,MC_SC_17_s03L_1906,8,9,7,0,19,0,66,4,8,109,42,16,23,32,43,17,0,13,10
1907,MC_SC_17_s03L_1907,8,4,2,1,11,38,123,1,25,8,0,1,12,14,43,14,2,9,29
1908,MC_SC_17_s03L_1908,8,3,2,0,12,0,54,0,1,28,3,8,3,33,2,4,0,39,2
1909,MC_SC_17_s03L_1909,8,6,3,1,22,5,40,61,61,100,8,12,10,8,6,23,11,6,8
1910,MC_SC_17_s03L_1910,8,3,3,1,7,16,29,39,40,8,32,17,9,26,12,2,0,5,22
1911,MC_SC_17_s03L_1911,8,8,3,0,33,1,51,1,9,198,16,1,10,46,0,31,4,5,0
1912,MC_SC_17_s03L_1912,8,2,2,56,3,3,20,11,11,7,3,0,1,0,0,1,8,0,1
1913,MC_SC_17_s03L_1913,8,7,4,0,18,0,40,32,12,76,4,0,3,6,14,56,21,6,2
1914,MC_SC_17_s03L_1914,8,3,2,4,11,0,33,25,37,14,4,5,5,10,0,12,0,2,0
1915,MC_SC_17_s03L_1915,8,3,2,45,13,0,23,29,19,2,6,14,15,0,2,23,0,0,3
1916,MC_SC_17_s03L_1916,8,6,5,2,25,2,101,38,10,25,21,27,21,32,51,39,19,19,41
1917,MC_SC_17_s03L_1917,8,4,2,0,7,0,37,1,0,8,1,4,3,9,0,0,2,19,2
1918,MC_SC_17_s03L_1918,8,1,1,0,6,0,4,0,0,0,0,0,5,0,0,0,0,0,0
1919,MC_SC_17_s03L_1919,8,7,5,2,33,17,94,75,62,225,15,0,23,27,112,43,41,17,4
1920,MC_SC_17_s03L_1920,8,6,4,3,45,16,59,73,110,144,25,7,20,63,83,24,37,18,3
1921,MC_SC_17_s03L_1921,8,6,2,0,4,6,15,0,3,0,0,0,1,8,0,1,0,2,2
1922,MC_SC_17_s03L_1922,8,2,2,0,16,0,34,3,1,8,4,3,10,17,0,11,0,13,2
1923,MC_SC_17_s03L_1923,8,2,1,0,0,4,0,0,0,2,0,0,0,0,0,0,1,0,0
1924,MC_SC_17_s03L_1924,8,2,1,118,20,1,43,92,3,0,5,0,22,12,0,33,0,86,0
1925,MC_SC_17_s03L_1925,8,2,1,0,6,0,23,0,4,36,2,2,12,0,0,11,0,28,1
1926,MC_SC_17_s03L_1926,8,1,1,0,1,0,0,0,0,0,0,0,0,0,0,0,0,0,0
1927,MC_SC_17_s03L_1927,8,1,1,1,6,0,23,4,1,12,4,8,7,4,0,4,0,16,11
1928,MC_SC_17_s03L_1928,8,9,5,0,6,0,65,99,68,110,65,20,47,50,12,8,5,52,42
1929,MC_SC_17_s03L_1929,8,2,1,51,3,0,7,0,0,4,0,9,7,0,3,7,0,7,0
1930,MC_SC_17_s03L_1930,8,3,1,53,7,0,17,14,25,7,25,12,16,12,11,23,3,0,2
1931,MC_SC_17_s03L_1931,8,5,2,0,1,0,57,0,35,14,5,29,17,20,7,20,0,84,3
1932,MC_SC_17_s03L_1932,8,1,1,0,0,0,2,0,0,0,0,0,0,0,0,0,0,0,0
1933,MC_SC_17_s03L_1933,8,5,4,0,19,0,82,1,4,20,33,10,21,11,13,13,2,81,1
1934,MC_SC_17_s03L_1934,8,2,1,0,0,0,0,0,0,0,0,0,0,0,0,0,0,0,0
1935,MC_SC_17_s03L_1935,8,3,2,1,36,0,101,39,0,5,0,63,77,4,29,23,2,165,0
1936,MC_SC_17_s03L_1936,8,3,3,1,14,0,15,2,0,27,1,8,17,11,0,15,4,35,5
1937,MC_SC_17_s03L_1937,8,2,2,1,3,0,50,0,0,33,1,5,8,11,0,7,0,51,0
1938,MC_SC_17_s03L_1938,8,1,1,0,0,0,2,0,2,0,0,0,0,0,0,0,0,0,0
1939,MC_SC_17_s03L_1939,8,1,1,0,0,0,1,0,4,3,0,0,5,1,0,1,0,17,6
1940,MC_SC_17_s03L_1940,8,8,5,0,62,0,135,6,28,307,76,1,23,78,105,47,5,19,8
1941,MC_SC_17_s03L_1941,8,2,1,0,0,0,2,0,0,0,1,0,0,0,0,0,0,0,0
1942,MC_SC_17_s03L_1942,8,1,1,0,0,0,3,0,0,21,2,1,1,1,13,3,0,4,0
1943,MC_SC_17_s03L_1943,8,4,3,0,11,0,45,3,1,94,31,21,7,38,43,18,2,38,41
1944,MC_SC_17_s03L_1944,8,7,5,4,14,0,46,66,157,199,58,24,15,30,50,25,29,6,5
1945,MC_SC_17_s03L_1945,8,4,2,0,19,0,54,4,7,84,38,35,12,1,47,30,4,77,35
1946,MC_SC_17_s03L_1946,8,5,2,0,21,0,55,2,0,221,33,13,36,22,111,52,26,33,4
1947,MC_SC_17_s03L_1947,8,11,3,0,39,44,121,0,88,86,25,1,18,30,94,55,71,2,24
1948,MC_SC_17_s03L_1948,8,1,1,5,0,0,1,0,0,7,1,2,0,4,0,3,0,0,0
1949,MC_SC_17_s03L_1949,8,2,1,17,0,0,6,0,1,0,0,14,8,5,0,0,0,1,8
1950,MC_SC_17_s03L_1950,8,3,2,0,17,0,40,2,11,55,16,7,6,11,29,25,0,11,16
1951,MC_SC_17_s03L_1951,8,1,1,0,0,0,0,0,0,0,0,0,0,0,0,0,0,0,0
1952,MC_SC_17_s03L_1952,8,3,2,72,15,0,33,33,26,0,9,14,18,0,0,27,0,0,0
1953,MC_SC_17_s03L_1953,8,7,5,0,8,5,26,1,116,18,4,0,17,0,0,5,6,22,12
1954,MC_SC_17_s03L_1954,8,5,2,0,6,0,28,0,3,0,1,2,6,15,6,6,0,0,8
1955,MC_SC_17_s03L_1955,8,7,4,2,48,1,152,65,39,258,26,3,46,54,169,82,22,20,36
1956,MC_SC_17_s03L_1956,8,1,1,0,0,0,0,0,0,0,0,3,0,0,0,5,0,0,2
1957,MC_SC_17_s03L_1957,8,4,2,0,5,0,40,32,25,42,0,4,7,16,0,5,0,4,0
1958,MC_SC_17_s03L_1958,8,2,1,0,4,0,5,9,3,0,4,0,3,1,2,0,0,0,0
1959,MC_SC_17_s03L_1959,8,2,1,1,5,0,28,2,1,3,4,18,6,1,0,10,0,58,32
1960,MC_SC_17_s03L_1960,8,3,2,0,23,0,55,0,0,65,3,6,17,0,0,15,2,45,4
1961,MC_SC_17_s03L_1961,8,5,2,0,16,0,28,21,7,38,7,5,12,4,15,0,0,0,0
1962,MC_SC_17_s03L_1962,8,4,3,12,30,13,28,5,7,6,57,43,16,28,41,13,6,7,18
1963,MC_SC_17_s03L_1963,8,1,1,0,5,0,6,1,6,1,1,0,10,2,0,2,2,0,3
1964,MC_SC_17_s03L_1964,8,4,1,56,9,0,1,14,8,0,18,16,7,0,1,3,0,5,2
1965,MC_SC_17_s03L_1965,8,2,1,0,12,0,16,8,6,0,0,4,17,3,0,25,4,0,4
1966,MC_SC_17_s03L_1966,8,1,1,45,11,0,7,0,23,0,18,4,15,32,0,2,0,12,0
1967,MC_SC_17_s03L_1967,8,3,2,1,24,2,27,6,50,0,38,13,17,39,11,19,2,12,35
1968,MC_SC_17_s03L_1968,8,2,1,0,4,0,11,0,0,0,0,0,0,0,0,0,0,0,0
1969,MC_SC_17_s03L_1969,8,8,6,52,5,0,11,1,3,10,6,0,8,4,0,3,2,5,7
1970,MC_SC_17_s03L_1970,8,5,2,159,20,0,73,3,27,0,24,60,10,8,0,0,34,113,27
1971,MC_SC_17_s03L_1971,8,3,2,0,4,0,17,1,1,25,8,2,3,1,0,3,0,16,1
1972,MC_SC_17_s03L_1972,8,1,1,0,13,0,5,2,1,0,16,5,6,3,0,1,0,0,3
1973,MC_SC_17_s03L_1973,8,3,2,42,13,0,8,1,2,0,21,14,14,21,0,1,0,38,11
1974,MC_SC_17_s03L_1974,8,5,4,31,15,2,22,1,0,0,1,0,4,3,0,6,0,8,15
1975,MC_SC_17_s03L_1975,8,2,2,15,10,0,13,4,3,0,38,16,12,27,0,3,0,8,2
1976,MC_SC_17_s03L_1976,8,1,1,2,15,0,55,2,2,0,14,7,8,25,4,12,3,12,23
1977,MC_SC_17_s03L_1977,8,2,2,0,18,0,93,1,1,43,0,13,10,13,15,5,0,16,17
1978,MC_SC_17_s03L_1978,8,3,2,45,21,0,22,4,22,0,19,4,12,18,0,11,0,35,11
1979,MC_SC_17_s03L_1979,8,1,1,0,0,0,0,0,1,4,2,2,0,3,0,1,0,0,1
1980,MC_SC_17_s03L_1980,8,10,5,71,22,13,5,1,48,0,39,1,2,24,4,5,2,2,2
1981,MC_SC_17_s03L_1981,8,4,2,0,15,0,44,0,0,6,2,6,10,2,0,10,0,59,5
1982,MC_SC_17_s03L_1982,8,3,2,4,11,0,7,24,11,24,3,22,10,25,0,25,2,4,43
1983,MC_SC_17_s03L_1983,8,1,1,0,2,0,0,0,0,0,0,0,2,2,0,8,0,0,1
1984,MC_SC_17_s03L_1984,8,2,1,12,2,0,0,0,5,0,0,0,2,1,0,0,0,0,0
1985,MC_SC_17_s03L_1985,8,2,1,1,4,0,6,1,2,4,3,25,5,4,0,5,3,5,30
1986,MC_SC_17_s03L_1986,8,1,1,0,0,0,1,0,0,0,0,0,0,0,0,0,0,0,0
1987,MC_SC_17_s03L_1987,8,1,1,0,0,0,1,0,0,0,0,0,0,0,0,0,0,0,0
1988,MC_SC_17_s03L_1988,8,1,1,3,11,0,0,55,22,0,7,14,16,0,0,0,0,0,5
1989,MC_SC_17_s03L_1989,8,4,3,238,61,0,63,2,98,0,45,75,20,14,2,10,17,291,58
1990,MC_SC_17_s03L_1990,8,4,3,2,33,1,23,6,21,0,21,17,19,57,0,12,0,72,4
1991,MC_SC_17_s03L_1991,8,9,5,437,99,0,19,10,212,0,53,75,31,25,2,5,24,469,110
1992,MC_SC_17_s03L_1992,8,1,1,0,15,3,20,2,0,0,0,7,6,0,0,0,0,6,0
1993,MC_SC_17_s03L_1993,8,5,3,0,18,0,18,49,37,20,27,5,37,12,24,26,2,29,16
1994,MC_SC_17_s03L_1994,8,7,6,149,32,0,16,2,54,0,16,19,0,0,2,1,2,108,4
1995,MC_SC_17_s03L_1995,8,1,1,0,2,0,12,2,16,8,2,0,0,0,0,0,0,1,0
1996,MC_SC_17_s03L_1996,8,6,4,3,34,6,17,1,1,19,1,2,2,55,19,6,12,28,3
1997,MC_SC_17_s03L_1997,8,3,2,0,7,0,10,1,1,0,3,11,15,14,0,7,0,37,6
1998,MC_SC_17_s03L_1998,8,5,4,102,49,3,17,0,73,4,49,1,4,45,24,22,3,6,14
1999,MC_SC_17_s03L_1999,8,3,2,0,16,0,5,0,0,13,0,1,5,33,0,2,3,41,12
2000,MC_SC_17_s03L_2000,8,4,2,0,13,0,31,3,0,18,2,21,6,17,0,12,3,46,39
2001,MC_SC_17_s03L_2001,8,2,1,55,10,0,0,43,21,2,7,9,14,14,0,11,6,6,19
2002,MC_SC_17_s03L_2002,8,1,1,1,9,0,63,4,3,14,11,2,11,7,6,15,10,41,24
2003,MC_SC_17_s03L_2003,8,3,2,1,17,0,18,4,4,55,1,7,9,12,0,20,0,40,4
2004,MC_SC_17_s03L_2004,8,5,3,2,18,1,24,14,3,294,12,7,11,70,176,64,41,23,44
2005,MC_SC_17_s03L_2005,8,3,2,0,19,0,45,1,13,10,1,17,20,27,6,9,9,15,2
2006,MC_SC_17_s03L_2006,8,6,3,0,2,6,6,45,53,23,12,11,19,15,33,15,14,1,14
2007,MC_SC_17_s03L_2007,8,4,3,120,11,0,1,2,22,3,3,5,37,8,7,9,9,73,61
2008,MC_SC_17_s03L_2008,8,5,3,0,0,0,0,65,29,7,0,9,10,0,0,1,2,2,0
2009,MC_SC_17_s03L_2009,8,7,5,1,21,9,41,6,24,24,13,27,33,39,80,45,20,20,6
2010,MC_SC_17_s03L_2010,8,4,2,47,14,0,10,1,21,0,9,5,41,0,0,7,0,20,27
2011,MC_SC_17_s03L_2011,8,5,2,1,49,31,113,3,1,27,77,37,23,109,155,38,15,19,79
2012,MC_SC_17_s03L_2012,8,5,2,0,0,0,0,47,11,2,2,1,12,0,0,8,0,0,0
2013,MC_SC_17_s03L_2013,8,3,2,0,20,0,60,30,18,0,9,14,24,2,0,15,0,6,2
2014,MC_SC_17_s03L_2014,8,2,2,0,24,11,43,2,18,4,29,14,5,40,49,15,5,1,50
2015,MC_SC_17_s03L_2015,8,8,2,0,4,3,14,86,44,10,52,24,43,25,13,13,4,18,16
2016,MC_SC_17_s03L_2016,8,3,2,0,7,0,1,9,26,4,1,9,16,8,9,7,2,5,7
2017,MC_SC_17_s03L_2017,8,6,3,0,37,34,140,6,13,4,40,18,10,67,60,26,6,7,46
2018,MC_SC_17_s03L_2018,8,2,2,1,9,0,5,52,43,73,22,40,28,8,3,12,4,16,17
2019,MC_SC_17_s03L_2019,8,6,3,1,5,2,109,11,14,197,33,62,18,33,19,52,15,46,12
2020,MC_SC_17_s03L_2020,8,1,1,0,12,5,32,0,6,6,12,9,5,21,29,6,7,0,5
2021,MC_SC_17_s03L_2021,8,2,1,84,15,0,6,3,34,14,2,13,20,9,10,18,1,1,5
2022,MC_SC_17_s03L_2022,8,7,4,1,148,1,10,56,22,377,121,4,20,72,144,76,25,3,19
2023,MC_SC_17_s03L_2023,8,2,2,0,18,0,1,15,6,1,6,3,6,4,0,4,0,4,11
2024,MC_SC_17_s03L_2024,8,3,2,0,16,1,12,0,3,0,4,10,6,23,0,3,0,0,0
2025,MC_SC_17_s03L_2025,8,3,2,0,20,0,12,2,11,5,4,1,12,22,0,38,5,16,11
2026,MC_SC_17_s03L_2026,8,3,2,4,35,30,2,63,31,14,8,4,33,46,0,20,5,48,19
2027,MC_SC_17_s03L_2027,8,5,3,0,42,0,104,3,3,178,7,3,46,4,9,35,16,91,5
2028,MC_SC_17_s03L_2028,8,6,5,145,69,66,57,19,195,39,38,50,11,57,98,84,25,25,119
2029,MC_SC_17_s03L_2029,8,1,1,0,6,0,26,1,5,12,3,0,2,5,1,11,4,22,0
2030,MC_SC_17_s03L_2030,8,4,3,0,17,0,49,4,1,54,6,15,19,9,1,19,3,60,6
2031,MC_SC_17_s03L_2031,8,3,3,59,15,2,9,3,73,4,19,28,21,25,10,6,0,15,17
2032,MC_SC_17_s03L_2032,8,4,3,0,58,0,52,6,6,140,10,4,19,32,36,37,0,15,20
2033,MC_SC_17_s03L_2033,8,2,2,2,5,3,3,53,60,10,25,10,30,10,0,6,3,19,4
2034,MC_SC_17_s03L_2034,8,3,2,0,6,0,40,2,28,82,3,0,6,25,0,26,2,23,4
2035,MC_SC_17_s03L_2035,8,2,1,0,3,0,0,5,4,7,5,14,4,7,0,11,0,0,19
2036,MC_SC_17_s03L_2036,8,4,3,0,54,20,46,4,5,7,13,13,11,45,18,12,3,1,51
2037,MC_SC_17_s03L_2037,8,3,2,1,22,0,69,2,2,66,0,0,10,39,2,11,0,47,35
2038,MC_SC_17_s03L_2038,8,3,2,0,22,0,0,1,1,0,45,11,11,18,0,3,0,17,0
2039,MC_SC_17_s03L_2039,8,2,2,0,27,21,23,0,21,17,10,1,1,17,29,10,17,0,0
2040,MC_SC_17_s03L_2040,8,5,3,88,32,2,13,98,41,4,9,3,33,13,21,34,7,4,15
2041,MC_SC_17_s03L_2041,8,2,2,0,30,8,15,2,13,20,9,0,2,11,25,9,15,0,1
2042,MC_SC_17_s03L_2042,8,4,3,0,3,0,20,11,89,21,8,16,13,46,36,35,15,14,50
2043,MC_SC_17_s03L_2043,8,10,7,156,11,54,13,35,70,42,18,22,22,13,72,26,12,30,6
2044,MC_SC_17_s03L_2044,8,4,2,5,38,1,12,6,2,0,2,54,37,40,1,48,13,32,7
2045,MC_SC_17_s03L_2045,8,4,3,0,15,1,12,0,1,57,4,5,5,23,0,9,0,9,5
2046,MC_SC_17_s03L_2046,8,2,1,80,6,0,0,5,8,4,5,2,8,1,2,10,0,4,13
2047,MC_SC_17_s03L_2047,8,7,5,85,11,26,16,5,31,3,24,2,57,5,27,30,8,7,48
2048,MC_SC_17_s03L_2048,8,7,4,3,55,5,7,28,62,24,8,15,12,67,70,30,5,13,20
2049,MC_SC_17_s03L_2049,8,5,5,17,38,3,3,13,13,0,14,2,1,0,11,3,0,0,7
2050,MC_SC_17_s03L_2050,8,2,1,0,9,1,29,0,1,0,4,13,4,14,2,7,0,0,3
2051,MC_SC_17_s03L_2051,8,5,3,149,18,17,10,9,57,16,34,13,61,21,71,23,7,27,36
2052,MC_SC_17_s03L_2052,8,6,4,1,107,2,30,11,1,302,45,0,16,11,114,42,8,1,9
2053,MC_SC_17_s03L_2053,8,3,2,0,13,13,2,23,0,2,10,0,9,14,2,13,0,63,1
2054,MC_SC_17_s03L_2054,8,5,3,53,25,16,12,34,36,6,18,16,11,18,31,25,2,14,12
2055,MC_SC_17_s03L_2055,8,11,9,112,58,49,58,46,112,9,34,41,21,29,43,47,6,27,45
2056,MC_SC_17_s03L_2056,8,5,4,0,41,0,1,6,5,49,22,0,12,5,0,3,1,17,2
2057,MC_SC_17_s03L_2057,8,5,3,72,56,21,30,83,66,0,33,17,25,6,58,30,0,12,29
2058,MC_SC_17_s03L_2058,8,6,4,4,74,10,5,7,88,304,18,2,26,13,38,56,26,37,1
2059,MC_SC_17_s03L_2059,8,4,2,0,100,1,12,1,4,69,84,35,10,82,14,65,19,13,32
2060,MC_SC_17_s03L_2060,8,6,2,6,43,3,13,3,11,0,3,17,14,19,0,20,0,21,2
2061,MC_SC_17_s03L_2061,8,6,3,0,24,0,61,78,16,154,29,13,39,1,13,6,0,45,19
2062,MC_SC_17_s03L_2062,8,4,2,1,20,0,3,4,14,55,6,0,12,12,2,9,2,1,2
2063,MC_SC_17_s03L_2063,8,1,1,0,7,0,26,0,0,0,0,21,2,4,13,0,0,7,7
2064,MC_SC_17_s03L_2064,8,10,9,0,20,14,39,15,115,17,19,4,9,31,0,35,19,16,17
2065,MC_SC_17_s03L_2065,8,2,1,21,7,0,2,5,5,2,6,8,12,13,3,3,1,6,12
2066,MC_SC_17_s03L_2066,8,4,3,0,20,0,20,4,45,41,10,11,12,81,17,32,6,125,3
2067,MC_SC_17_s03L_2067,8,1,1,0,10,0,14,0,3,5,6,0,2,5,0,0,0,0,0
2068,MC_SC_17_s03L_2068,8,1,1,19,0,0,0,1,4,0,0,0,0,0,0,0,0,0,3
2069,MC_SC_17_s03L_2069,8,1,1,0,2,0,2,0,4,2,4,0,0,14,0,6,0,26,0
2070,MC_SC_17_s03L_2070,8,3,2,0,9,0,52,5,0,5,9,8,3,9,0,7,0,75,0
2071,MC_SC_17_s03L_2071,8,6,4,0,14,2,36,7,64,64,35,4,12,55,0,42,5,19,6
2072,MC_SC_17_s03L_2072,8,7,3,0,19,0,18,5,22,7,7,4,5,24,0,30,3,4,8
2073,MC_SC_17_s03L_2073,8,4,3,1,65,0,62,2,17,27,8,7,22,63,0,21,2,59,4
2074,MC_SC_17_s03L_2074,8,4,2,169,56,33,26,67,103,5,4,2,22,3,60,31,7,12,64
2075,MC_SC_17_s03L_2075,8,3,2,1,15,0,3,26,11,9,2,12,6,19,0,4,0,19,11
2076,MC_SC_17_s03L_2076,8,5,3,0,83,36,183,57,174,4,19,9,37,2,49,37,11,24,9
2077,MC_SC_17_s03L_2077,8,3,1,0,31,0,39,8,31,39,31,1,14,17,0,12,0,7,19
2078,MC_SC_17_s03L_2078,8,7,3,0,73,29,36,32,110,16,23,1,20,71,0,31,7,3,22
2079,MC_SC_17_s03L_2079,8,1,1,0,5,0,17,0,0,20,7,15,0,17,0,15,7,29,5
2080,MC_SC_17_s03L_2080,8,4,2,0,4,0,25,1,1,4,3,0,5,22,2,19,0,17,6
2081,MC_SC_17_s03L_2081,8,2,1,2,6,0,13,5,2,2,16,14,12,30,2,6,2,2,2
2082,MC_SC_17_s03L_2082,8,4,3,83,23,0,10,51,126,4,2,19,18,37,21,37,0,28,23
2083,MC_SC_17_s03L_2083,8,4,3,0,3,0,4,69,39,2,1,24,37,28,26,47,6,31,5
2084,MC_SC_17_s03L_2084,8,2,2,21,2,3,11,0,32,3,8,0,6,8,9,9,6,0,3
2085,MC_SC_17_s03L_2085,8,2,1,98,15,0,4,3,25,4,20,17,38,32,35,19,11,29,33
2086,MC_SC_17_s03L_2086,8,3,2,0,0,0,0,55,23,0,0,3,9,15,0,8,2,0,6
2087,MC_SC_17_s03L_2087,8,1,1,0,0,1,0,0,0,4,0,0,0,0,0,0,6,0,5
2088,MC_SC_17_s03L_2088,8,8,5,105,39,0,25,29,74,3,5,0,12,8,63,23,5,14,23
2089,MC_SC_17_s03L_2089,8,7,5,1,35,0,47,17,90,352,14,7,12,49,186,39,4,7,28
2090,MC_SC_17_s03L_2090,8,4,2,3,26,7,194,9,243,671,30,19,26,24,281,119,97,26,4
2091,MC_SC_17_s03L_2091,8,4,2,0,0,0,0,61,41,1,1,2,9,4,0,15,0,4,0
2092,MC_SC_17_s03L_2092,8,5,2,0,20,0,7,2,80,143,24,3,8,33,4,42,4,10,19
2093,MC_SC_17_s03L_2093,8,3,2,2,15,0,5,6,77,95,0,0,17,9,31,18,4,27,33
2094,MC_SC_17_s03L_2094,8,2,2,124,32,0,36,45,81,0,3,76,79,50,0,47,2,80,21
2095,MC_SC_17_s03L_2095,8,5,3,1,23,0,58,17,39,123,17,3,46,55,0,33,11,70,61
2096,MC_SC_17_s03L_2096,8,1,1,0,24,6,92,0,129,326,16,3,4,7,110,19,40,2,3
2097,MC_SC_17_s03L_2097,8,3,2,0,0,0,0,49,42,6,0,6,10,7,0,13,7,1,0
2098,MC_SC_17_s03L_2098,8,1,1,0,1,0,7,0,1,0,3,0,0,0,0,0,0,1,1
2099,MC_SC_17_s03L_2099,8,4,3,0,50,0,20,7,12,9,2,12,8,6,45,35,4,1,70
2100,MC_SC_17_s03L_2100,8,7,6,117,24,3,18,3,60,6,4,46,42,40,0,25,8,81,12
2101,MC_SC_17_s03L_2101,8,4,2,82,30,0,54,10,111,6,95,17,49,63,38,64,0,26,14
2102,MC_SC_17_s03L_2102,8,2,2,0,5,4,20,0,0,8,4,2,1,2,0,8,21,1,0
2103,MC_SC_17_s03L_2103,8,6,5,2,16,1,190,5,37,337,12,9,12,60,153,43,24,32,12
2104,MC_SC_17_s03L_2104,8,4,3,0,58,0,81,6,5,260,29,43,7,56,87,50,9,21,43
2105,MC_SC_17_s03L_2105,8,4,2,0,15,0,36,3,33,81,24,28,13,3,19,16,5,45,57
2106,MC_SC_17_s03L_2106,8,6,4,85,18,3,7,10,60,4,25,3,24,45,11,17,0,5,10
2107,MC_SC_17_s03L_2107,8,5,3,4,84,0,56,10,7,93,20,20,31,66,20,27,2,76,65
2108,MC_SC_17_s03L_2108,8,4,2,21,11,0,9,0,53,2,5,3,8,11,0,25,3,12,3
2109,MC_SC_17_s03L_2109,8,4,1,51,18,0,0,15,15,0,1,15,16,10,2,24,0,21,9
2110,MC_SC_17_s03L_2110,8,3,3,0,19,10,24,7,7,5,12,22,14,27,24,15,11,4,1
2111,MC_SC_17_s03L_2111,8,1,1,0,9,0,8,0,0,16,0,0,0,1,0,1,2,5,9
2112,MC_SC_17_s03L_2112,8,4,2,0,18,0,15,7,0,84,4,12,16,34,0,50,12,99,0
2113,MC_SC_17_s03L_2113,8,3,1,0,22,0,46,2,0,177,4,34,12,60,0,18,6,118,1
2114,MC_SC_17_s03L_2114,8,2,1,0,3,0,8,0,1,12,2,8,4,1,2,3,0,26,0
2115,MC_SC_17_s03L_2115,8,2,1,5,19,6,1,84,42,9,8,9,10,25,0,10,2,0,0
2116,MC_SC_17_s03L_2116,8,4,2,0,29,4,22,90,12,2,47,10,30,7,0,47,0,20,3
2117,MC_SC_17_s03L_2117,8,4,2,1,34,1,67,5,0,169,10,44,11,48,69,39,7,9,35
2118,MC_SC_17_s03L_2118,8,1,1,0,4,0,6,32,1,0,16,10,20,18,3,9,1,4,11
2119,MC_SC_17_s03L_2119,8,5,3,70,27,4,12,7,26,8,5,0,36,13,22,27,0,42,27
2120,MC_SC_17_s03L_2120,8,2,2,2,0,2,19,12,17,2,49,14,19,23,3,11,4,13,18
2121,MC_SC_17_s03L_2121,8,5,3,1,36,23,19,24,45,33,5,2,28,81,74,45,11,20,14
2122,MC_SC_17_s03L_2122,8,5,4,0,30,10,70,4,3,4,57,27,9,36,44,30,3,5,64
2123,MC_SC_17_s03L_2123,8,4,2,1,13,14,38,13,0,393,121,26,33,101,24,56,49,29,34
2124,MC_SC_17_s03L_2124,8,1,1,0,0,0,0,0,0,0,0,0,0,0,0,0,0,0,0
2125,MC_SC_17_s03L_2125,8,3,1,0,26,0,13,30,5,39,10,8,11,7,4,7,0,11,20
2126,MC_SC_17_s03L_2126,8,3,2,0,5,0,10,3,4,8,1,7,8,38,0,1,0,5,13
2127,MC_SC_17_s03L_2127,8,4,3,0,23,12,38,14,20,27,3,0,34,31,60,38,15,30,3
2128,MC_SC_17_s03L_2128,8,4,3,23,83,0,20,3,3,10,14,127,13,13,206,111,264,24,20
2129,MC_SC_17_s03L_2129,8,4,2,0,3,0,48,5,30,32,44,5,12,34,15,16,5,1,29
2130,MC_SC_17_s03L_2130,8,6,4,0,74,18,298,17,297,685,47,10,31,35,323,91,141,28,7
2131,MC_SC_17_s03L_2131,8,5,2,1,38,0,31,1,11,155,12,4,13,51,0,14,10,82,1
2132,MC_SC_17_s03L_2132,8,3,3,86,49,13,16,55,21,4,7,0,30,3,30,22,2,3,39
2133,MC_SC_17_s03L_2133,8,7,3,95,38,0,4,4,5,9,10,65,12,21,129,37,151,10,7
2134,MC_SC_17_s03L_2134,8,14,9,1,21,0,50,3,152,156,47,7,4,65,0,56,2,13,9
2135,MC_SC_17_s03L_2135,8,2,2,1,22,0,22,6,1,42,0,2,5,15,0,0,0,5,10
2136,MC_SC_17_s03L_2136,8,1,1,0,0,0,1,0,0,1,1,0,0,0,0,3,0,2,2
2137,MC_SC_17_s03L_2137,8,3,2,0,10,0,26,1,0,16,0,1,8,19,3,8,0,0,0
2138,MC_SC_17_s03L_2138,8,1,1,1,5,0,5,1,0,17,1,16,5,23,2,16,0,13,13
2139,MC_SC_17_s03L_2139,8,4,2,0,27,0,49,90,9,99,21,8,39,1,14,19,0,59,6
2140,MC_SC_17_s03L_2140,8,3,2,0,19,0,22,5,2,40,3,14,20,34,2,23,0,23,23
2141,MC_SC_17_s03L_2141,8,3,2,0,1,1,0,58,34,4,5,16,11,49,7,23,0,7,4
2142,MC_SC_17_s03L_2142,8,6,3,0,46,0,18,4,7,109,17,37,23,77,33,29,4,27,56
2143,MC_SC_17_s03L_2143,8,6,4,0,13,0,30,11,2,66,7,0,16,0,2,6,6,1,0
2144,MC_SC_17_s03L_2144,8,2,1,0,2,0,1,0,4,0,0,0,0,0,0,1,0,0,0
2145,MC_SC_17_s03L_2145,8,5,3,1,41,0,11,23,36,22,14,24,23,36,0,11,0,53,35
2146,MC_SC_17_s03L_2146,8,1,1,0,0,0,0,1,1,3,0,0,3,0,0,0,1,0,6
2147,MC_SC_17_s03L_2147,8,6,4,0,14,0,53,4,5,9,3,14,3,54,0,19,0,85,3
2148,MC_SC_17_s03L_2148,8,5,3,0,38,0,22,0,0,6,1,3,15,18,0,8,0,103,53
2149,MC_SC_17_s03L_2149,8,3,2,2,11,0,61,4,52,6,66,2,11,32,0,14,0,12,34
2150,MC_SC_17_s03L_2150,8,2,2,0,7,0,29,2,0,2,1,16,14,3,0,3,0,37,31
2151,MC_SC_17_s03L_2151,8,4,3,0,12,3,27,51,26,0,35,19,9,35,0,26,0,1,0
2152,MC_SC_17_s03L_2152,8,1,1,6,16,0,60,2,4,0,7,4,14,16,0,1,0,1,13
2153,MC_SC_17_s03L_2153,8,1,1,0,13,0,1,10,0,10,12,2,1,10,0,0,0,0,0
2154,MC_SC_17_s03L_2154,8,2,1,3,2,0,5,1,34,2,4,5,2,25,0,5,0,33,0
2155,MC_SC_17_s03L_2155,8,6,2,0,12,0,27,51,22,25,17,3,43,3,48,9,0,23,1
2156,MC_SC_17_s03L_2156,8,4,2,4,75,0,167,5,308,74,52,63,83,112,112,123,13,22,0
2157,MC_SC_17_s03L_2157,8,1,1,0,0,0,0,0,0,0,0,0,0,0,0,0,0,0,0
2158,MC_SC_17_s03L_2158,8,6,3,0,7,0,43,73,84,54,36,3,48,6,67,42,2,47,4
2159,MC_SC_17_s03L_2159,8,1,1,0,1,0,3,0,0,0,2,0,0,0,3,0,0,0,0
2160,MC_SC_17_s03L_2160,8,2,2,0,3,0,8,0,47,7,8,0,5,22,25,18,0,0,2
2161,MC_SC_17_s03L_2161,8,5,3,0,14,0,58,1,19,2,36,4,13,13,0,11,0,8,10
2162,MC_SC_17_s03L_2162,8,3,2,0,3,0,0,56,37,0,0,6,31,47,0,21,5,0,0
2163,MC_SC_17_s03L_2163,8,1,1,0,1,0,3,0,0,0,4,0,1,3,13,4,0,0,0
2164,MC_SC_17_s03L_2164,8,4,2,0,23,0,88,23,28,177,54,76,46,102,176,97,3,44,88
2165,MC_SC_17_s03L_2165,8,8,2,0,51,34,117,128,295,21,74,11,143,144,221,137,42,39,72
2166,MC_SC_17_s03L_2166,8,1,1,8,0,0,0,6,13,1,3,2,3,0,7,4,0,9,6
2167,MC_SC_17_s03L_2167,8,7,3,0,25,0,142,4,23,129,17,34,10,73,30,38,2,12,4
2168,MC_SC_17_s03L_2168,8,1,1,0,0,0,22,0,3,5,5,5,0,12,21,2,0,1,9
2169,MC_SC_17_s03L_2169,8,2,1,1,2,0,67,9,2,0,3,5,23,17,0,2,0,0,3
2170,MC_SC_17_s03L_2170,8,3,3,0,14,0,32,6,14,67,0,11,1,36,2,13,0,42,18
2171,MC_SC_17_s03L_2171,8,4,3,0,1,2,0,49,74,7,0,0,24,31,0,2,3,1,0
2172,MC_SC_17_s03L_2172,8,1,1,0,0,0,0,0,0,0,0,0,0,0,0,0,0,0,0
2173,MC_SC_17_s03L_2173,8,5,2,0,4,0,0,52,34,0,2,10,20,2,4,8,1,0,0
2174,MC_SC_17_s03L_2174,8,7,3,1,45,0,58,18,14,289,27,61,30,80,122,71,29,39,86
2175,MC_SC_17_s03L_2175,8,7,3,0,8,2,68,25,9,11,114,52,60,81,51,28,6,37,56
2176,MC_SC_17_s03L_2176,8,2,1,0,11,0,21,3,0,45,0,13,0,14,0,0,0,18,0
2177,MC_SC_17_s03L_2177,8,5,3,0,32,0,80,15,17,143,78,20,16,63,68,29,0,106,65
2178,MC_SC_17_s03L_2178,8,8,4,71,23,5,116,10,1,26,5,0,29,9,97,38,86,30,17
2179,MC_SC_17_s03L_2179,8,2,1,0,5,0,0,0,0,13,4,7,14,32,0,3,0,50,0
2180,MC_SC_17_s03L_2180,8,1,1,14,5,0,8,0,0,0,0,3,0,4,17,8,28,2,1
2181,MC_SC_17_s03L_2181,8,5,4,0,5,19,36,4,6,1,52,4,19,3,1,19,1,5,14
2182,MC_SC_17_s03L_2182,8,7,3,1,107,0,147,18,27,296,35,43,36,95,104,16,19,113,35
2183,MC_SC_17_s03L_2183,8,4,2,1,27,0,72,31,62,82,33,24,24,21,4,12,0,29,0
2184,MC_SC_17_s03L_2184,8,2,1,0,0,0,25,4,12,12,3,2,8,4,0,3,0,8,9
2185,MC_SC_17_s03L_2185,8,1,1,0,0,0,2,0,3,9,5,3,4,6,3,8,0,16,0
2186,MC_SC_17_s03L_2186,8,4,2,0,16,0,41,2,5,2,40,5,9,18,0,35,11,13,35
2187,MC_SC_17_s03L_2187,8,5,3,1,20,1,54,7,0,187,49,44,29,71,101,65,3,17,43
2188,MC_SC_17_s03L_2188,8,4,3,0,43,31,65,7,92,2,33,5,40,38,67,32,0,13,17
2189,MC_SC_17_s03L_2189,8,1,1,0,1,1,12,23,1,11,8,0,3,11,0,1,0,0,0
2190,MC_SC_17_s03L_2190,8,8,6,124,90,1,117,6,17,26,39,18,26,20,298,82,231,27,43
2191,MC_SC_17_s03L_2191,8,5,3,58,30,1,6,8,10,7,13,3,22,13,105,58,78,23,26
2192,MC_SC_17_s03L_2192,8,3,2,61,42,2,1,7,27,7,22,12,20,13,40,24,88,9,35
2193,MC_SC_17_s03L_2193,8,4,3,0,48,21,26,100,171,11,22,25,7,53,34,14,3,86,0
2194,MC_SC_17_s03L_2194,8,7,1,0,24,0,0,0,1,37,0,6,8,22,16,1,0,32,5
2195,MC_SC_17_s03L_2195,8,2,2,0,12,3,32,4,2,0,2,0,5,3,1,0,0,0,0
2196,MC_SC_17_s03L_2196,8,6,3,0,32,0,26,11,1,148,6,41,23,84,53,24,0,136,36
2197,MC_SC_17_s03L_2197,8,5,3,0,20,0,27,0,0,61,0,22,17,37,51,18,0,0,0
2198,MC_SC_17_s03L_2198,8,3,2,0,19,0,47,0,0,18,12,18,24,52,1,26,2,61,47
2199,MC_SC_17_s03L_2199,8,2,1,0,32,0,62,0,0,0,0,2,36,0,0,0,0,0,3
2200,MC_SC_17_s03L_2200,8,6,5,0,23,1,59,8,0,207,9,22,29,57,47,31,19,123,91
2201,MC_SC_17_s03L_2201,8,5,3,78,20,0,3,4,21,0,15,0,5,19,19,4,11,10,22
2202,MC_SC_17_s03L_2202,8,8,3,154,78,5,174,6,34,59,33,100,13,53,90,29,112,4,16
2203,MC_SC_17_s03L_2203,8,9,6,131,64,0,56,2,10,0,10,73,7,20,52,47,204,6,21
2204,MC_SC_17_s03L_2204,8,4,2,0,8,0,29,2,12,18,3,11,14,9,25,17,6,11,18
2205,MC_SC_17_s03L_2205,8,6,4,63,52,0,10,8,6,7,11,3,1,18,2,39,74,22,20
2206,MC_SC_17_s03L_2206,8,7,5,27,20,0,6,0,3,10,2,0,2,16,35,2,21,0,4
2207,MC_SC_17_s03L_2207,8,2,2,0,4,0,15,0,4,9,1,4,0,25,2,3,2,9,34
2208,MC_SC_17_s03L_2208,8,5,3,0,39,1,60,1,21,106,7,28,22,39,76,27,7,2,47
2209,MC_SC_17_s03L_2209,8,3,1,0,9,0,27,4,1,23,4,21,19,6,12,20,0,0,3
2210,MC_SC_17_s03L_2210,8,5,4,0,57,0,133,5,0,103,8,4,18,75,8,25,3,142,82
2211,MC_SC_17_s03L_2211,8,5,4,0,54,29,191,2,143,19,21,2,30,58,54,42,25,72,158
2212,MC_SC_17_s03L_2212,8,5,3,113,15,0,0,10,9,6,32,0,7,23,1,5,7,24,22
2213,MC_SC_17_s03L_2213,8,3,2,0,6,0,39,2,2,85,9,18,9,93,0,27,4,123,39
2214,MC_SC_17_s03L_2214,8,1,1,0,1,0,5,0,0,0,0,0,0,0,0,0,0,0,0
2215,MC_SC_17_s03L_2215,8,10,8,58,42,3,0,10,27,18,1,21,16,17,54,44,38,47,18
2216,MC_SC_17_s03L_2216,8,8,5,86,40,0,99,8,3,11,11,102,32,22,135,39,7,25,13
2217,MC_SC_17_s03L_2217,8,1,1,0,0,0,18,0,0,2,6,1,0,1,2,3,0,0,2
2218,MC_SC_17_s03L_2218,8,1,1,0,12,0,15,71,3,2,13,12,7,17,0,0,0,2,0
2219,MC_SC_17_s03L_2219,8,3,2,0,6,0,12,88,3,36,20,1,11,28,0,12,0,0,1
2220,MC_SC_17_s03L_2220,8,16,11,112,72,8,42,21,11,14,40,8,54,105,232,161,77,67,19
2221,MC_SC_17_s03L_2221,8,9,7,0,105,0,133,11,2,277,26,28,18,78,51,70,3,16,78
2222,MC_SC_17_s03L_2222,8,9,3,101,61,0,61,17,9,5,20,22,44,25,143,47,34,17,12
2223,MC_SC_17_s03L_2223,8,6,3,89,40,0,65,13,6,11,13,8,14,33,22,18,3,8,17
2224,MC_SC_17_s03L_2224,8,1,1,11,0,0,0,0,0,0,1,0,2,0,9,1,0,0,1
2225,MC_SC_17_s03L_2225,8,4,2,0,100,0,8,4,93,256,41,37,15,92,8,11,3,162,30
2226,MC_SC_17_s03L_2226,8,1,1,28,22,0,19,4,0,8,4,3,15,23,55,21,10,1,3
2227,MC_SC_17_s03L_2227,8,5,3,142,64,2,145,10,10,20,34,36,29,68,131,78,75,51,34
2228,MC_SC_17_s03L_2228,8,1,1,0,24,0,0,0,5,52,6,3,1,5,3,0,0,5,0
2229,MC_SC_17_s03L_2229,8,5,3,1,55,0,145,23,212,300,35,37,41,143,89,72,15,34,78
2230,MC_SC_17_s03L_2230,8,6,4,58,34,0,66,13,12,5,14,28,21,76,47,5,32,37,62
2231,MC_SC_17_s03L_2231,8,3,2,0,15,0,24,86,1,63,25,24,24,52,1,8,0,25,1
2232,MC_SC_17_s03L_2232,8,5,3,17,17,0,32,2,20,14,5,37,17,23,85,6,133,7,22
2233,MC_SC_17_s03L_2233,8,8,5,61,40,1,107,12,10,34,14,28,46,52,201,76,229,45,37
2234,MC_SC_17_s03L_2234,8,2,2,31,15,0,21,3,0,0,2,10,4,16,32,7,64,15,7
2235,MC_SC_17_s03L_2235,8,8,6,111,87,7,45,10,7,29,30,30,13,43,207,105,386,41,29
2236,MC_SC_17_s03L_2236,8,4,2,62,27,0,150,8,5,2,42,16,23,9,38,31,208,20,45
2237,MC_SC_17_s03L_2237,8,1,1,10,8,0,12,0,1,0,0,3,2,1,0,1,28,2,2
2238,MC_SC_17_s03L_2238,8,6,5,0,3,0,8,4,0,28,2,1,0,3,14,1,0,0,0
2239,MC_SC_17_s03L_2239,8,6,2,0,23,1,144,10,2,182,15,16,35,3,57,6,14,102,87
2240,MC_SC_17_s03L_2240,8,3,2,0,25,0,17,1,6,25,2,25,8,12,0,14,1,12,3
2241,MC_SC_17_s03L_2241,8,1,1,3,28,0,7,8,3,2,4,4,1,19,6,6,0,10,0
2242,MC_SC_17_s03L_2242,8,9,3,72,49,3,116,16,11,36,42,110,23,43,237,55,358,25,34
2243,MC_SC_17_s03L_2243,8,1,1,0,9,0,7,14,0,5,4,22,26,11,4,7,0,3,1
2244,MC_SC_17_s03L_2244,8,7,4,0,24,2,11,1,19,120,42,9,12,70,17,11,15,151,32
2245,MC_SC_17_s03L_2245,8,3,2,0,5,0,32,13,0,60,1,28,9,18,18,3,5,12,2
2246,MC_SC_17_s03L_2246,8,1,1,0,3,0,8,3,0,10,0,0,4,2,0,0,0,0,1
2247,MC_SC_17_s03L_2247,8,2,2,0,10,0,36,44,0,6,13,27,24,17,0,14,0,4,4
2248,MC_SC_17_s03L_2248,8,6,3,28,4,0,88,3,6,12,13,11,13,29,48,28,140,32,61
2249,MC_SC_17_s03L_2249,8,4,3,0,6,0,23,2,17,65,1,16,9,1,27,1,0,28,0
2250,MC_SC_17_s03L_2250,8,3,1,4,13,0,13,0,0,14,14,32,25,0,3,15,19,38,56
2251,MC_SC_17_s03L_2251,8,2,1,96,83,30,46,3,4,0,2,0,0,0,2,0,0,0,10
2252,MC_SC_17_s03L_2252,8,3,2,0,3,21,20,0,0,20,22,0,6,12,21,6,6,37,29
2253,MC_SC_17_s03L_2253,9,4,2,0,1,0,15,25,1,37,5,2,8,10,15,0,0,14,0
2254,MC_SC_17_s03L_2254,9,4,2,35,13,9,8,1,23,5,40,11,17,20,5,26,2,32,19
2255,MC_SC_17_s03L_2255,9,2,1,50,0,1,13,1,8,0,1,10,4,2,1,0,0,0,1
2256,MC_SC_17_s03L_2256,9,2,2,15,1,5,4,5,5,4,0,3,2,2,0,12,6,3,0
2257,MC_SC_17_s03L_2257,9,5,2,0,6,3,42,0,17,1,0,10,0,15,2,2,11,32,8
2258,MC_SC_17_s03L_2258,9,1,1,28,4,0,9,8,14,1,2,5,0,2,0,4,0,2,0
2259,MC_SC_17_s03L_2259,9,1,1,28,3,0,0,6,0,0,1,1,3,6,26,9,3,0,4
2260,MC_SC_17_s03L_2260,9,3,2,0,1,0,16,44,5,73,0,3,3,18,9,2,23,0,0
2261,MC_SC_17_s03L_2261,9,5,2,1,3,0,31,18,0,57,7,0,8,10,24,0,0,19,0
2262,MC_SC_17_s03L_2262,9,4,2,0,16,0,16,49,16,112,2,6,17,11,27,0,2,4,0
2263,MC_SC_17_s03L_2263,9,3,1,0,0,0,6,0,3,0,0,0,1,31,1,0,0,14,2
2264,MC_SC_17_s03L_2264,9,12,9,0,7,13,39,15,44,19,1,0,10,4,40,2,0,101,0
2265,MC_SC_17_s03L_2265,9,9,7,0,10,2,38,4,2,153,8,0,13,31,73,21,7,10,4
2266,MC_SC_17_s03L_2266,9,8,6,0,3,92,63,10,106,70,5,0,17,23,78,14,34,3,12
2267,MC_SC_17_s03L_2267,9,3,2,1,10,0,14,48,43,26,1,6,4,15,0,1,0,24,0
2268,MC_SC_17_s03L_2268,9,5,3,1,6,1,146,3,1,186,64,26,21,36,34,3,2,4,26
2269,MC_SC_17_s03L_2269,9,2,2,0,0,22,19,1,15,27,2,2,5,9,26,4,0,0,1
2270,MC_SC_17_s03L_2270,9,4,3,4,10,0,56,16,5,117,13,2,16,1,58,0,0,36,0
2271,MC_SC_17_s03L_2271,9,4,3,0,2,0,37,5,3,76,2,40,8,37,65,2,0,0,0
2272,MC_SC_17_s03L_2272,9,6,5,0,8,23,37,0,4,12,0,0,8,10,15,0,0,0,2
2273,MC_SC_17_s03L_2273,9,6,5,0,46,0,120,1,16,184,1,28,15,86,105,22,14,98,3
2274,MC_SC_17_s03L_2274,9,4,3,0,22,0,22,2,43,91,8,7,8,75,0,22,0,31,15
2275,MC_SC_17_s03L_2275,9,4,3,0,20,0,59,1,1,115,21,8,5,45,31,1,20,56,3
2276,MC_SC_17_s03L_2276,9,1,1,0,2,0,0,0,0,0,0,0,2,0,0,0,0,0,0
2277,MC_SC_17_s03L_2277,9,10,4,0,13,0,105,0,1,166,28,21,12,20,27,5,5,105,0
2278,MC_SC_17_s03L_2278,9,8,5,0,8,0,107,23,87,35,4,5,15,48,49,13,0,89,29
2279,MC_SC_17_s03L_2279,9,6,2,2,6,0,71,0,0,116,13,18,26,29,21,1,1,57,0
2280,MC_SC_17_s03L_2280,9,5,4,0,20,0,68,4,3,88,4,0,6,28,14,0,0,1,0
2281,MC_SC_17_s03L_2281,9,6,2,0,2,0,32,0,0,24,4,14,18,31,6,0,0,15,5
2282,MC_SC_17_s03L_2282,9,10,7,0,4,2,46,3,4,164,4,1,5,9,14,0,0,0,1
2283,MC_SC_17_s03L_2283,9,6,4,2,12,0,121,39,2,143,25,39,29,33,23,7,3,114,46
2284,MC_SC_17_s03L_2284,9,11,6,0,13,0,78,1,0,165,34,24,17,39,86,2,4,78,0
2285,MC_SC_17_s03L_2285,9,7,3,0,22,1,83,1,1,137,33,28,18,29,36,0,0,29,0
2286,MC_SC_17_s03L_2286,9,1,1,0,12,0,4,5,1,0,0,0,0,0,0,0,0,0,0
2287,MC_SC_17_s03L_2287,9,6,3,6,1,95,115,19,225,135,15,3,47,18,203,65,127,0,25
2288,MC_SC_17_s03L_2288,9,5,2,0,24,0,105,1,6,111,1,19,36,65,1,16,2,67,56
2289,MC_SC_17_s03L_2289,9,2,2,0,0,3,8,0,22,1,0,0,2,0,0,0,0,0,0
2290,MC_SC_17_s03L_2290,9,5,4,0,18,0,58,7,0,124,21,12,33,15,25,3,0,37,0
2291,MC_SC_17_s03L_2291,9,1,1,0,0,0,0,0,0,0,0,0,0,0,0,0,0,0,0
2292,MC_SC_17_s03L_2292,9,3,2,165,15,18,83,5,9,13,3,15,24,24,50,25,4,8,39
2293,MC_SC_17_s03L_2293,9,1,1,0,3,2,9,0,0,46,3,8,10,10,14,5,0,18,0
2294,MC_SC_17_s03L_2294,9,3,2,0,8,0,50,4,0,46,0,15,27,26,11,8,0,4,15
2295,MC_SC_17_s03L_2295,9,5,2,5,3,15,51,5,54,16,0,0,17,35,29,5,0,28,12
2296,MC_SC_17_s03L_2296,9,1,1,0,0,0,1,0,0,0,1,0,0,0,0,0,0,0,0
2297,MC_SC_17_s03L_2297,9,4,2,0,28,1,87,1,14,104,3,13,13,1,0,24,0,112,0
2298,MC_SC_17_s03L_2298,9,4,2,2,24,0,78,3,1,53,11,4,9,16,0,12,2,69,2
2299,MC_SC_17_s03L_2299,9,8,6,0,65,3,126,113,13,205,15,37,32,36,96,16,17,25,6
2300,MC_SC_17_s03L_2300,9,2,1,1,20,2,96,9,4,89,0,2,11,3,1,43,4,89,3
2301,MC_SC_17_s03L_2301,9,12,7,2,26,20,85,47,69,17,6,3,31,37,74,10,6,152,9
2302,MC_SC_17_s03L_2302,9,1,1,1,23,1,38,0,2,45,3,0,1,0,0,2,0,79,0
2303,MC_SC_17_s03L_2303,9,1,1,1,19,1,53,2,3,58,5,1,8,15,17,4,2,28,0
2304,MC_SC_17_s03L_2304,9,4,4,0,25,0,64,1,0,25,7,0,9,16,8,2,0,19,0
2305,MC_SC_17_s03L_2305,9,9,4,0,44,0,128,1,1,158,47,12,44,89,68,23,4,158,1
2306,MC_SC_17_s03L_2306,9,9,2,0,7,21,28,1,23,27,1,0,15,10,0,1,7,84,1
2307,MC_SC_17_s03L_2307,9,11,6,0,14,0,72,0,1,73,0,19,16,22,25,1,0,23,11
2308,MC_SC_17_s03L_2308,9,2,1,0,3,0,33,2,1,43,0,8,12,12,1,11,0,11,20
2309,MC_SC_17_s03L_2309,9,2,2,0,5,0,52,0,0,6,14,2,13,22,0,6,0,32,0
2310,MC_SC_17_s03L_2310,9,5,3,0,4,29,81,78,66,18,19,17,19,21,57,0,2,0,0
2311,MC_SC_17_s03L_2311,9,5,2,0,14,0,22,1,4,98,24,7,24,25,43,9,0,3,0
2312,MC_SC_17_s03L_2312,9,2,1,0,0,0,1,0,0,0,0,0,0,0,0,0,0,0,0
2313,MC_SC_17_s03L_2313,9,4,3,0,16,0,73,5,0,104,1,0,28,5,19,36,0,83,5
2314,MC_SC_17_s03L_2314,9,3,2,0,29,1,132,3,10,88,0,3,24,3,6,19,1,115,9
2315,MC_SC_17_s03L_2315,9,2,2,0,10,0,52,0,0,12,0,16,18,34,13,5,0,11,15
2316,MC_SC_17_s03L_2316,9,4,1,0,1,0,7,0,0,31,2,11,3,14,0,6,0,9,0
2317,MC_SC_17_s03L_2317,9,2,2,0,6,0,33,8,0,0,16,0,5,10,3,24,2,8,0
2318,MC_SC_17_s03L_2318,9,5,5,1,13,16,48,35,6,196,10,1,8,29,55,14,36,1,18
2319,MC_SC_17_s03L_2319,9,2,1,0,26,8,80,8,1,81,24,7,54,38,13,9,0,49,3
2320,MC_SC_17_s03L_2320,9,5,3,0,27,19,138,4,193,35,0,4,52,99,2,16,9,227,18
2321,MC_SC_17_s03L_2321,9,6,4,2,8,10,39,1,178,6,2,2,27,4,6,1,5,155,9
2322,MC_SC_17_s03L_2322,9,4,3,0,1,0,69,7,8,77,0,6,10,2,14,14,0,53,2
2323,MC_SC_17_s03L_2323,9,8,6,2,27,7,29,76,60,237,14,6,20,7,19,18,21,4,8
2324,MC_SC_17_s03L_2324,9,1,1,0,11,0,16,5,4,20,7,15,5,9,0,1,0,29,38
2325,MC_SC_17_s03L_2325,9,4,1,0,8,0,75,1,3,52,0,0,11,1,20,17,4,67,1
2326,MC_SC_17_s03L_2326,9,1,1,0,3,0,8,0,0,0,0,0,0,0,0,0,0,0,0
2327,MC_SC_17_s03L_2327,9,3,2,0,33,7,99,2,0,0,0,31,14,15,5,7,0,10,16
2328,MC_SC_17_s03L_2328,9,5,3,0,9,0,87,0,0,182,6,13,13,19,22,30,8,0,13
2329,MC_SC_17_s03L_2329,9,2,1,0,8,15,53,34,2,6,8,8,8,17,0,6,0,35,34
2330,MC_SC_17_s03L_2330,9,3,2,0,17,21,27,1,17,13,0,0,36,32,0,0,0,202,6
2331,MC_SC_17_s03L_2331,9,1,1,0,11,0,4,0,7,25,4,0,0,0,3,2,0,0,0
2332,MC_SC_17_s03L_2332,9,5,3,0,26,0,77,2,4,133,17,39,23,30,39,10,3,76,51
2333,MC_SC_17_s03L_2333,9,3,2,0,9,0,37,0,0,15,1,13,13,17,8,10,0,8,26
2334,MC_SC_17_s03L_2334,9,4,3,0,35,0,111,3,1,94,14,13,9,53,11,18,0,79,1
2335,MC_SC_17_s03L_2335,9,5,4,0,7,0,132,4,15,101,20,3,21,15,40,23,2,107,9
2336,MC_SC_17_s03L_2336,9,2,1,0,13,0,42,2,0,38,2,12,12,9,2,6,0,8,25
2337,MC_SC_17_s03L_2337,9,2,1,0,0,0,1,0,0,0,0,0,0,0,0,0,0,0,0
2338,MC_SC_17_s03L_2338,9,1,1,1,7,1,18,18,1,33,0,1,9,20,1,3,0,0,1
2339,MC_SC_17_s03L_2339,9,8,5,0,82,1,43,3,7,156,42,23,19,99,104,16,7,56,43
2340,MC_SC_17_s03L_2340,9,1,1,0,3,5,14,0,0,18,2,3,1,18,0,1,0,4,1
2341,MC_SC_17_s03L_2341,9,3,2,1,27,0,79,0,2,54,4,18,17,4,10,2,0,24,7
2342,MC_SC_17_s03L_2342,9,6,3,3,11,37,120,10,73,47,2,0,25,34,58,18,5,11,23
2343,MC_SC_17_s03L_2343,9,4,2,0,20,0,47,0,7,40,2,14,18,2,0,25,1,64,4
2344,MC_SC_17_s03L_2344,9,5,3,0,25,53,169,0,1,2,10,56,18,44,25,5,0,40,42
2345,MC_SC_17_s03L_2345,9,6,3,0,26,1,109,7,7,278,35,0,31,34,89,47,13,15,0
2346,MC_SC_17_s03L_2346,9,1,1,0,0,0,0,0,0,0,0,0,0,0,0,0,0,0,0
2347,MC_SC_17_s03L_2347,9,3,2,1,24,1,40,30,50,102,0,4,14,15,0,1,0,26,1
2348,MC_SC_17_s03L_2348,9,4,3,106,31,22,91,4,8,8,23,22,4,30,8,34,0,17,0
2349,MC_SC_17_s03L_2349,9,7,4,0,8,0,54,1,8,84,4,8,29,0,0,24,2,72,1
2350,MC_SC_17_s03L_2350,9,9,6,1,13,62,56,4,74,47,1,0,9,18,13,23,38,0,15
2351,MC_SC_17_s03L_2351,9,3,2,0,23,0,67,1,8,93,17,9,21,53,9,10,0,20,11
2352,MC_SC_17_s03L_2352,9,9,5,0,27,57,58,5,57,38,7,1,20,44,84,21,12,11,44
2353,MC_SC_17_s03L_2353,9,5,3,152,13,18,51,29,16,23,16,0,5,7,0,54,21,2,1
2354,MC_SC_17_s03L_2354,9,3,2,0,19,0,106,1,0,58,0,16,3,38,2,2,0,65,1
2355,MC_SC_17_s03L_2355,9,2,1,0,9,0,38,0,10,64,6,17,14,2,0,18,2,74,1
2356,MC_SC_17_s03L_2356,9,4,4,0,16,0,51,0,2,18,8,5,16,3,7,10,0,45,2
2357,MC_SC_17_s03L_2357,9,3,2,0,6,0,74,69,44,78,5,0,10,57,0,7,2,17,36
2358,MC_SC_17_s03L_2358,9,6,4,0,27,43,19,2,59,28,8,0,3,3,1,7,2,6,5
2359,MC_SC_17_s03L_2359,9,3,1,0,20,0,34,0,0,0,2,13,8,10,0,11,2,84,2
2360,MC_SC_17_s03L_2360,9,2,1,0,9,0,19,1,0,11,2,2,15,8,2,5,0,6,17
2361,MC_SC_17_s03L_2361,9,2,1,0,7,0,33,0,0,3,0,14,17,3,0,6,0,9,11
2362,MC_SC_17_s03L_2362,9,1,1,0,0,0,7,0,2,0,0,0,0,0,0,7,0,24,0
2363,MC_SC_17_s03L_2363,9,3,2,0,2,0,42,1,0,3,1,10,2,34,1,0,2,72,0
2364,MC_SC_17_s03L_2364,9,2,1,0,70,5,101,22,1,2,0,45,58,1,2,25,0,126,0
2365,MC_SC_17_s03L_2365,9,3,2,40,8,0,11,28,0,0,10,0,6,2,0,4,0,0,3
2366,MC_SC_17_s03L_2366,9,5,2,79,11,4,66,25,69,5,1,25,39,0,4,0,3,0,5
2367,MC_SC_17_s03L_2367,9,6,3,229,5,70,50,5,26,56,7,0,25,49,7,89,57,27,90
2368,MC_SC_17_s03L_2368,9,7,5,0,10,17,61,2,120,52,0,0,22,50,2,6,44,200,6
2369,MC_SC_17_s03L_2369,9,3,2,0,6,0,31,0,2,5,6,7,44,0,0,14,0,62,1
2370,MC_SC_17_s03L_2370,9,6,4,0,1,2,29,0,7,0,0,1,2,5,9,2,0,1,10
2371,MC_SC_17_s03L_2371,9,5,3,159,18,38,50,46,77,6,21,3,35,28,26,49,6,10,13
2372,MC_SC_17_s03L_2372,9,2,2,0,11,0,26,1,3,17,5,8,27,15,0,7,0,15,28
2373,MC_SC_17_s03L_2373,9,3,2,0,1,0,80,1,0,68,2,20,4,57,0,0,5,44,1
2374,MC_SC_17_s03L_2374,9,2,1,0,0,0,46,2,4,5,3,9,20,28,0,6,2,23,22
2375,MC_SC_17_s03L_2375,9,4,1,136,9,1,13,14,44,5,16,0,8,8,4,6,4,0,10
2376,MC_SC_17_s03L_2376,9,1,1,0,3,0,20,19,36,7,0,5,2,11,8,82,42,120,47
2377,MC_SC_17_s03L_2377,9,3,2,0,21,0,57,0,0,5,0,0,1,0,0,13,0,150,2
2378,MC_SC_17_s03L_2378,9,1,1,33,2,0,0,20,2,0,3,3,6,0,4,2,0,0,0
2379,MC_SC_17_s03L_2379,9,4,3,132,22,12,59,5,159,65,25,3,22,34,131,183,70,21,34
2380,MC_SC_17_s03L_2380,9,5,3,0,2,0,14,0,0,0,0,0,0,0,0,0,0,0,0
2381,MC_SC_17_s03L_2381,9,3,2,0,17,9,78,2,7,0,8,0,16,14,14,21,5,18,49
2382,MC_SC_17_s03L_2382,9,4,1,19,8,0,34,63,49,68,17,4,26,19,35,6,5,41,9
2383,MC_SC_17_s03L_2383,9,2,1,62,1,0,20,0,3,0,0,10,6,10,0,4,3,5,23
2384,MC_SC_17_s03L_2384,9,1,1,0,0,0,3,0,0,0,0,0,0,0,0,0,0,0,0
2385,MC_SC_17_s03L_2385,9,5,3,0,24,13,61,59,16,13,2,3,10,12,11,0,0,2,2
2386,MC_SC_17_s03L_2386,9,3,2,47,12,8,24,114,7,10,40,0,15,12,0,26,0,128,0
2387,MC_SC_17_s03L_2387,9,3,1,0,10,0,105,0,1,26,0,18,9,20,4,4,0,27,17
2388,MC_SC_17_s03L_2388,9,2,2,0,9,4,40,27,10,0,4,6,7,8,0,0,0,3,1
2389,MC_SC_17_s03L_2389,9,5,3,5,42,15,89,72,119,23,52,26,35,32,48,52,20,33,16
2390,MC_SC_17_s03L_2390,9,3,3,0,3,0,71,0,0,74,1,2,5,9,4,4,2,27,0
2391,MC_SC_17_s03L_2391,9,1,1,0,0,0,8,0,0,15,4,1,0,2,0,2,0,9,1
2392,MC_SC_17_s03L_2392,9,2,1,1,11,7,42,11,18,6,1,8,30,0,2,0,0,0,0
2393,MC_SC_17_s03L_2393,9,3,2,0,4,0,41,1,0,29,8,9,5,20,0,7,0,47,37
2394,MC_SC_17_s03L_2394,9,6,3,6,47,15,165,110,384,420,73,63,31,26,9,69,32,32,5
2395,MC_SC_17_s03L_2395,9,6,2,0,21,2,69,5,4,104,17,43,29,40,18,8,5,22,19
2396,MC_SC_17_s03L_2396,9,3,2,1,15,1,121,2,1,113,9,42,36,54,26,7,2,87,77
2397,MC_SC_17_s03L_2397,9,4,2,1,35,4,17,3,1,2,6,4,29,22,5,19,0,19,17
2398,MC_SC_17_s03L_2398,9,8,5,1,3,1,37,82,271,262,47,29,34,42,0,21,7,8,4
2399,MC_SC_17_s03L_2399,9,1,1,47,26,0,0,3,8,0,18,8,7,28,0,4,0,11,4
2400,MC_SC_17_s03L_2400,9,3,2,0,13,0,56,1,6,58,11,8,7,9,39,21,0,7,19
2401,MC_SC_17_s03L_2401,9,4,3,0,2,0,0,0,2,0,0,0,0,0,0,0,0,0,0
2402,MC_SC_17_s03L_2402,9,2,1,77,38,0,18,3,19,0,0,2,9,0,0,4,0,11,22
2403,MC_SC_17_s03L_2403,9,3,2,0,4,4,69,12,3,3,13,11,10,18,0,13,0,28,25
2404,MC_SC_17_s03L_2404,9,3,2,1,2,0,4,34,1,16,6,2,9,0,3,0,0,9,0
2405,MC_SC_17_s03L_2405,9,3,2,0,24,0,24,0,3,38,11,2,7,10,18,9,2,46,19
2406,MC_SC_17_s03L_2406,9,4,2,2,2,2,46,1,34,0,42,1,8,27,3,11,0,14,20
2407,MC_SC_17_s03L_2407,9,3,2,0,11,0,62,0,5,70,14,9,12,3,2,7,0,48,1
2408,MC_SC_17_s03L_2408,9,3,2,2,7,0,0,2,5,30,0,10,2,9,0,9,0,0,11
2409,MC_SC_17_s03L_2409,9,4,2,24,7,2,8,4,5,0,50,20,16,44,0,16,0,16,10
2410,MC_SC_17_s03L_2410,9,4,3,97,39,0,20,3,66,4,26,0,2,24,0,6,0,0,7
2411,MC_SC_17_s03L_2411,9,2,2,51,10,0,8,0,3,0,41,21,23,25,0,0,0,30,10
2412,MC_SC_17_s03L_2412,9,2,1,51,18,0,10,54,14,0,21,15,11,0,0,0,0,17,1
2413,MC_SC_17_s03L_2413,9,4,2,37,8,0,14,2,17,0,40,24,16,37,0,11,0,32,8
2414,MC_SC_17_s03L_2414,9,7,6,0,22,0,20,2,4,38,4,14,30,23,8,14,2,56,11
2415,MC_SC_17_s03L_2415,9,5,3,1,21,0,10,9,2,28,4,17,21,2,0,8,0,32,6
2416,MC_SC_17_s03L_2416,9,2,2,0,7,0,20,8,10,0,0,4,2,5,0,7,3,0,2
2417,MC_SC_17_s03L_2417,9,4,3,55,11,0,20,1,3,0,21,17,14,26,0,12,0,45,17
2418,MC_SC_17_s03L_2418,9,7,2,0,18,0,18,29,0,2,10,11,24,12,1,11,0,10,35
2419,MC_SC_17_s03L_2419,9,4,3,216,37,0,20,1,54,0,24,24,5,0,6,1,15,220,55
2420,MC_SC_17_s03L_2420,9,1,1,84,16,0,3,0,36,0,0,14,17,15,0,8,0,55,15
2421,MC_SC_17_s03L_2421,9,2,1,5,0,0,3,1,6,3,5,3,1,16,0,0,0,11,5
2422,MC_SC_17_s03L_2422,9,3,2,0,3,0,30,0,1,2,1,2,7,0,0,9,0,41,2
2423,MC_SC_17_s03L_2423,9,1,1,15,10,0,3,0,10,0,0,0,10,0,0,2,0,1,5
2424,MC_SC_17_s03L_2424,9,4,2,0,38,1,17,104,19,1,8,19,23,53,0,9,4,153,7
2425,MC_SC_17_s03L_2425,9,3,2,0,18,0,65,1,3,2,5,2,16,0,0,10,0,65,0
2426,MC_SC_17_s03L_2426,9,9,5,0,40,11,40,4,199,247,21,11,16,14,166,70,43,22,6
2427,MC_SC_17_s03L_2427,9,3,2,0,18,0,4,4,3,16,5,49,20,41,0,12,0,0,33
2428,MC_SC_17_s03L_2428,9,2,1,0,1,0,0,0,13,0,0,0,0,3,0,4,0,0,0
2429,MC_SC_17_s03L_2429,9,1,1,54,4,0,0,5,18,0,7,3,0,0,0,0,5,75,13
2430,MC_SC_17_s03L_2430,9,2,2,2,2,0,34,1,4,0,10,2,1,7,0,6,0,15,7
2431,MC_SC_17_s03L_2431,9,4,1,0,54,9,24,5,9,13,1,1,42,82,52,29,35,78,0
2432,MC_SC_17_s03L_2432,9,1,1,3,14,0,4,4,3,2,0,18,8,11,2,2,0,33,25
2433,MC_SC_17_s03L_2433,9,1,1,0,0,0,1,1,0,1,0,1,3,0,0,0,7,3,2
2434,MC_SC_17_s03L_2434,9,2,2,0,4,0,0,33,5,0,0,4,15,13,0,5,0,12,4
2435,MC_SC_17_s03L_2435,9,1,1,0,1,0,7,0,55,2,0,0,3,2,15,16,0,0,1
2436,MC_SC_17_s03L_2436,9,4,3,1,10,0,0,31,2,9,7,0,6,32,0,7,7,61,0
2437,MC_SC_17_s03L_2437,9,4,2,0,9,0,14,62,17,44,12,0,28,3,15,12,2,22,9
2438,MC_SC_17_s03L_2438,9,8,3,1,25,0,43,2,9,88,16,9,10,17,33,18,2,6,7
2439,MC_SC_17_s03L_2439,9,8,3,10,207,2,56,40,7,577,186,7,44,70,269,120,38,3,25
2440,MC_SC_17_s03L_2440,9,11,9,0,10,0,26,18,1,13,2,2,11,28,7,8,16,50,0
2441,MC_SC_17_s03L_2441,9,3,1,1,13,0,17,3,24,146,21,11,17,50,14,33,12,158,4
2442,MC_SC_17_s03L_2442,9,4,3,0,13,0,13,58,19,81,14,4,21,1,19,22,4,21,9
2443,MC_SC_17_s03L_2443,9,4,2,50,0,0,19,2,1,0,10,0,9,27,8,9,0,6,23
2444,MC_SC_17_s03L_2444,9,3,2,0,36,1,0,6,6,7,5,7,10,49,9,18,16,52,6
2445,MC_SC_17_s03L_2445,9,4,3,0,11,1,66,6,12,276,7,4,11,21,102,31,19,8,28
2446,MC_SC_17_s03L_2446,9,1,1,0,10,0,3,1,0,15,0,0,5,8,0,1,0,17,1
2447,MC_SC_17_s03L_2447,9,2,1,52,1,0,9,47,71,0,6,6,29,8,0,3,0,8,4
2448,MC_SC_17_s03L_2448,9,1,1,0,0,0,1,0,2,0,1,0,0,2,0,0,0,0,0
2449,MC_SC_17_s03L_2449,9,5,3,117,27,1,14,54,97,1,37,27,65,42,16,11,3,30,45
2450,MC_SC_17_s03L_2450,9,2,1,0,10,2,7,69,5,15,24,19,52,21,6,19,1,7,25
2451,MC_SC_17_s03L_2451,9,4,3,87,10,4,29,6,29,15,44,21,28,42,20,17,0,13,16
2452,MC_SC_17_s03L_2452,9,4,3,3,30,0,37,11,13,261,18,11,20,53,192,49,33,11,46
2453,MC_SC_17_s03L_2453,9,7,4,0,8,0,3,25,34,39,9,17,25,4,4,14,2,19,4
2454,MC_SC_17_s03L_2454,9,3,2,0,9,4,11,68,2,7,3,33,21,11,4,26,1,38,4
2455,MC_SC_17_s03L_2455,9,10,6,1,64,0,54,30,10,233,28,3,20,52,58,41,5,8,25
2456,MC_SC_17_s03L_2456,9,2,2,1,20,0,8,18,1,0,0,8,8,1,0,2,0,7,7
2457,MC_SC_17_s03L_2457,9,4,2,0,40,0,17,4,2,162,57,0,13,27,27,29,6,26,16
2458,MC_SC_17_s03L_2458,9,1,1,0,3,0,1,13,66,112,7,34,13,10,8,8,1,0,1
2459,MC_SC_17_s03L_2459,9,4,2,0,16,0,5,8,1,88,22,0,29,4,12,10,1,5,3
2460,MC_SC_17_s03L_2460,9,6,4,0,1,6,0,86,3,17,8,11,7,0,0,3,0,0,0
2461,MC_SC_17_s03L_2461,9,7,3,4,220,88,49,14,104,41,44,21,44,122,148,103,37,25,22
2462,MC_SC_17_s03L_2462,9,3,2,2,28,6,20,2,0,0,45,17,14,54,2,24,5,1,2
2463,MC_SC_17_s03L_2463,9,7,5,1,12,12,0,60,7,17,18,0,10,24,0,1,4,10,3
2464,MC_SC_17_s03L_2464,9,1,1,0,4,0,4,5,3,28,2,0,1,0,0,1,0,2,1
2465,MC_SC_17_s03L_2465,9,4,3,1,53,12,12,6,2,5,12,6,22,17,61,18,3,0,54
2466,MC_SC_17_s03L_2466,9,5,2,0,5,0,0,33,15,6,1,1,6,1,0,8,0,0,0
2467,MC_SC_17_s03L_2467,9,4,3,138,11,25,19,7,59,8,10,1,48,0,5,13,1,44,41
2468,MC_SC_17_s03L_2468,9,6,4,247,91,92,80,20,399,46,69,21,38,16,191,151,54,32,48
2469,MC_SC_17_s03L_2469,9,2,2,0,5,0,0,3,8,0,0,0,0,11,18,2,0,0,0
2470,MC_SC_17_s03L_2470,9,6,3,1,7,32,85,7,23,11,3,2,16,8,73,15,6,6,42
2471,MC_SC_17_s03L_2471,9,3,2,118,70,41,7,92,98,11,6,0,32,0,25,37,3,2,56
2472,MC_SC_17_s03L_2472,9,3,2,4,26,0,26,2,14,159,23,15,17,31,86,37,0,3,33
2473,MC_SC_17_s03L_2473,9,1,1,50,9,5,1,9,35,2,1,0,2,0,0,6,0,0,1
2474,MC_SC_17_s03L_2474,9,3,1,0,1,2,3,72,29,2,1,0,10,17,0,12,2,0,0
2475,MC_SC_17_s03L_2475,9,3,2,0,22,0,42,5,10,71,14,28,8,29,8,23,2,2,32
2476,MC_SC_17_s03L_2476,9,6,4,142,6,9,6,3,84,9,33,0,16,3,19,25,4,4,43
2477,MC_SC_17_s03L_2477,9,1,1,0,14,0,4,1,0,0,5,7,7,4,0,2,0,0,1
2478,MC_SC_17_s03L_2478,9,4,2,0,3,3,0,60,35,8,0,2,5,10,0,6,2,4,0
2479,MC_SC_17_s03L_2479,9,1,1,0,2,0,0,1,2,1,0,0,0,3,0,0,0,0,0
2480,MC_SC_17_s03L_2480,9,5,3,1,16,0,25,8,19,92,16,17,9,59,39,29,1,29,1
2481,MC_SC_17_s03L_2481,9,3,2,53,21,2,10,4,26,0,5,17,17,28,2,15,0,7,17
2482,MC_SC_17_s03L_2482,9,8,2,86,41,17,12,6,41,0,13,2,13,20,28,18,4,6,20
2483,MC_SC_17_s03L_2483,9,5,3,0,30,0,0,0,2,0,16,4,0,13,0,15,0,14,38
2484,MC_SC_17_s03L_2484,9,6,3,4,178,11,357,5,95,556,103,87,46,120,294,130,34,16,11
2485,MC_SC_17_s03L_2485,9,3,2,2,17,9,4,4,25,8,2,13,12,66,0,18,2,107,2
2486,MC_SC_17_s03L_2486,9,4,3,0,11,9,5,60,45,5,38,8,18,0,0,0,4,27,10
2487,MC_SC_17_s03L_2487,9,7,5,1,25,0,8,0,4,0,1,7,6,6,3,13,0,4,32
2488,MC_SC_17_s03L_2488,9,2,2,0,6,0,13,0,1,0,12,5,1,18,0,9,0,1,2
2489,MC_SC_17_s03L_2489,9,3,2,0,10,0,15,0,0,9,6,12,7,48,0,5,0,2,10
2490,MC_SC_17_s03L_2490,9,4,3,46,5,0,0,24,11,0,0,0,6,1,0,8,0,5,24
2491,MC_SC_17_s03L_2491,9,4,2,0,4,0,18,0,2,0,2,4,2,30,0,13,0,19,0
2492,MC_SC_17_s03L_2492,9,4,2,0,30,2,2,4,29,12,1,16,15,67,3,6,5,81,2
2493,MC_SC_17_s03L_2493,9,11,6,66,12,5,19,1,52,5,10,20,14,18,11,11,3,4,7
2494,MC_SC_17_s03L_2494,9,6,4,0,83,66,111,64,218,14,26,0,8,53,10,116,14,8,19
2495,MC_SC_17_s03L_2495,9,4,3,0,88,34,20,5,36,1,26,31,26,94,0,1,2,53,0
2496,MC_SC_17_s03L_2496,9,1,1,0,0,0,0,0,0,0,0,0,0,0,0,0,0,0,1
2497,MC_SC_17_s03L_2497,9,1,1,0,0,0,1,1,0,0,1,0,1,0,0,0,2,0,0
2498,MC_SC_17_s03L_2498,9,4,3,1,16,0,3,1,2,37,8,10,11,60,6,13,2,99,5
2499,MC_SC_17_s03L_2499,9,4,2,0,67,11,13,2,4,2,8,10,9,48,0,11,2,0,35
2500,MC_SC_17_s03L_2500,9,2,2,16,2,0,2,0,16,0,6,4,6,14,0,6,0,3,9
2501,MC_SC_17_s03L_2501,9,5,3,33,12,0,5,0,16,0,5,2,21,1,3,7,0,6,9
2502,MC_SC_17_s03L_2502,9,5,3,0,46,0,20,4,18,37,79,42,9,46,8,18,0,12,9
2503,MC_SC_17_s03L_2503,9,4,2,0,8,0,12,18,54,3,16,36,26,4,0,30,2,50,5
2504,MC_SC_17_s03L_2504,9,1,1,0,4,0,24,0,1,0,6,5,3,14,4,6,0,5,19
2505,MC_SC_17_s03L_2505,9,2,1,0,27,0,0,0,8,0,6,3,3,19,0,11,0,2,30
2506,MC_SC_17_s03L_2506,9,3,2,0,8,0,61,1,32,18,34,8,4,23,0,25,0,11,38
2507,MC_SC_17_s03L_2507,9,2,2,0,13,0,104,0,1,38,7,9,6,18,0,1,2,11,17
2508,MC_SC_17_s03L_2508,9,4,3,1,4,0,0,5,1,4,2,18,29,9,7,4,0,6,1
2509,MC_SC_17_s03L_2509,9,7,4,108,31,12,43,10,94,31,34,2,24,45,118,65,25,10,64
2510,MC_SC_17_s03L_2510,9,4,2,73,9,0,27,2,41,0,6,33,22,33,4,35,0,16,18
2511,MC_SC_17_s03L_2511,9,3,2,39,9,0,4,10,40,0,0,16,32,31,0,12,2,22,13
2512,MC_SC_17_s03L_2512,9,3,1,0,4,0,0,0,3,3,3,3,6,2,1,6,0,7,3
2513,MC_SC_17_s03L_2513,9,5,3,1,79,3,26,67,70,25,32,26,36,87,1,42,21,8,42
2514,MC_SC_17_s03L_2514,9,5,3,1,26,7,89,3,11,20,36,24,16,53,46,35,2,4,25
2515,MC_SC_17_s03L_2515,9,4,3,2,0,0,6,56,15,0,1,3,9,1,0,13,1,1,0
2516,MC_SC_17_s03L_2516,9,3,2,0,16,0,24,3,64,123,89,41,26,41,25,25,0,57,26
2517,MC_SC_17_s03L_2517,9,4,2,139,41,1,1,76,121,3,5,7,41,4,22,17,0,14,46
2518,MC_SC_17_s03L_2518,9,2,1,2,11,0,8,35,13,0,86,42,50,54,2,12,0,46,37
2519,MC_SC_17_s03L_2519,9,4,3,104,18,0,4,42,18,0,4,2,8,5,33,0,3,2,15
2520,MC_SC_17_s03L_2520,9,5,3,68,31,0,12,63,79,16,8,4,34,20,63,77,14,16,27
2521,MC_SC_17_s03L_2521,9,2,2,0,6,0,28,5,5,4,13,3,13,4,0,1,0,4,24
2522,MC_SC_17_s03L_2522,9,2,1,0,4,0,14,4,48,0,12,2,4,13,3,3,0,1,10
2523,MC_SC_17_s03L_2523,9,5,1,0,14,0,3,16,3,9,3,4,11,0,0,2,3,25,8
2524,MC_SC_17_s03L_2524,9,4,2,0,8,0,3,12,90,175,0,0,18,4,42,24,12,42,49
2525,MC_SC_17_s03L_2525,9,2,1,0,25,1,7,2,2,8,45,13,18,29,0,13,0,0,0
2526,MC_SC_17_s03L_2526,9,1,1,1,5,3,37,7,6,0,8,12,0,11,0,0,0,0,0
2527,MC_SC_17_s03L_2527,9,2,1,3,8,0,2,5,9,2,2,5,14,10,0,5,0,0,3
2528,MC_SC_17_s03L_2528,9,3,2,75,19,0,4,63,16,0,9,2,31,21,4,21,4,35,3
2529,MC_SC_17_s03L_2529,9,2,1,0,9,0,39,2,0,2,15,1,12,7,2,4,0,9,16
2530,MC_SC_17_s03L_2530,9,6,5,189,71,44,65,34,133,64,31,3,27,64,181,102,38,6,34
2531,MC_SC_17_s03L_2531,9,4,2,1,38,1,7,9,12,0,13,4,18,14,32,22,0,3,37
2532,MC_SC_17_s03L_2532,9,1,1,10,17,0,10,2,8,1,6,22,16,45,0,3,0,107,41
2533,MC_SC_17_s03L_2533,9,7,3,64,17,3,2,46,19,7,3,1,19,2,28,13,1,2,27
2534,MC_SC_17_s03L_2534,9,8,7,0,22,37,28,7,62,29,20,23,17,56,61,25,25,7,35
2535,MC_SC_17_s03L_2535,9,7,3,0,35,0,53,8,9,147,34,5,10,55,2,28,5,0,39
2536,MC_SC_17_s03L_2536,9,4,3,1,35,0,35,7,4,112,45,2,45,48,45,59,7,65,59
2537,MC_SC_17_s03L_2537,9,2,2,0,46,9,41,5,29,20,7,25,8,32,0,24,2,24,3
2538,MC_SC_17_s03L_2538,9,2,1,0,33,2,4,5,15,4,0,17,24,64,0,17,6,99,2
2539,MC_SC_17_s03L_2539,9,4,3,0,0,0,0,29,25,5,0,4,5,2,0,14,1,0,0
2540,MC_SC_17_s03L_2540,9,3,3,0,27,4,52,36,23,3,54,7,29,12,0,21,11,14,9
2541,MC_SC_17_s03L_2541,9,3,2,1,24,0,17,28,10,192,10,3,42,0,38,51,17,6,4
2542,MC_SC_17_s03L_2542,9,4,1,0,16,0,0,26,19,11,5,4,1,15,9,9,0,13,10
2543,MC_SC_17_s03L_2543,9,3,3,0,7,0,0,0,0,84,22,24,28,121,2,13,0,103,14
2544,MC_SC_17_s03L_2544,9,4,3,156,67,32,41,20,64,8,52,7,26,60,91,76,18,11,66
2545,MC_SC_17_s03L_2545,9,2,2,0,1,2,0,50,12,2,8,2,20,0,0,9,0,0,0
2546,MC_SC_17_s03L_2546,9,10,8,1,8,26,47,46,19,19,27,3,18,32,18,2,20,22,30
2547,MC_SC_17_s03L_2547,9,1,1,0,0,11,1,4,0,11,2,1,3,0,2,7,8,0,0
2548,MC_SC_17_s03L_2548,9,3,2,0,27,3,0,5,2,0,1,2,6,18,1,14,2,1,42
2549,MC_SC_17_s03L_2549,9,4,2,0,32,0,25,2,3,79,0,11,7,14,0,5,0,15,0
2550,MC_SC_17_s03L_2550,9,4,2,0,4,1,54,9,18,201,8,3,23,42,0,34,9,54,63
2551,MC_SC_17_s03L_2551,9,5,3,1,40,58,60,12,51,2,10,1,34,74,108,33,8,2,58
2552,MC_SC_17_s03L_2552,9,5,3,0,17,35,11,8,61,2,83,0,11,46,38,9,0,21,23
2553,MC_SC_17_s03L_2553,9,7,4,1,113,22,106,16,309,573,52,48,32,118,241,98,57,47,11
2554,MC_SC_17_s03L_2554,9,2,2,0,6,1,21,0,7,0,3,14,7,0,5,22,0,5,0
2555,MC_SC_17_s03L_2555,9,8,7,1,7,8,37,16,96,2,25,1,4,5,30,10,0,0,2
2556,MC_SC_17_s03L_2556,9,3,2,0,31,13,103,14,68,4,7,57,15,71,0,32,7,40,1
2557,MC_SC_17_s03L_2557,9,3,3,1,8,0,10,19,1,0,1,8,16,1,2,9,0,13,1
2558,MC_SC_17_s03L_2558,9,4,2,1,81,27,144,92,119,8,28,81,30,27,10,100,14,20,8
2559,MC_SC_17_s03L_2559,9,6,3,0,64,19,114,6,43,6,6,52,42,65,0,17,6,49,4
2560,MC_SC_17_s03L_2560,9,6,4,0,40,42,253,31,127,5,54,58,14,40,5,70,14,41,40
2561,MC_SC_17_s03L_2561,9,1,1,0,18,0,50,4,3,5,2,27,12,8,2,5,3,33,19
2562,MC_SC_17_s03L_2562,9,3,2,0,9,2,61,0,0,0,30,12,4,25,0,11,0,28,42
2563,MC_SC_17_s03L_2563,9,4,2,1,96,0,48,26,32,125,13,39,30,59,10,38,0,30,32
2564,MC_SC_17_s03L_2564,9,3,2,0,3,4,7,0,11,0,12,8,6,29,0,6,0,2,18
2565,MC_SC_17_s03L_2565,9,4,2,1,21,1,59,4,8,222,24,14,28,54,0,23,8,29,33
2566,MC_SC_17_s03L_2566,9,4,3,0,6,0,56,3,36,79,41,8,18,47,0,32,7,2,35
2567,MC_SC_17_s03L_2567,9,2,2,1,24,0,3,0,0,22,2,2,0,16,0,0,0,0,14
2568,MC_SC_17_s03L_2568,9,3,3,0,34,0,6,1,1,30,7,2,10,47,0,6,0,4,22
2569,MC_SC_17_s03L_2569,9,4,3,1,3,0,9,19,3,60,5,0,16,1,1,20,1,2,2
2570,MC_SC_17_s03L_2570,9,4,4,0,22,6,61,18,75,0,83,1,28,22,0,16,0,7,37
2571,MC_SC_17_s03L_2571,9,6,4,1,28,42,187,16,171,23,101,4,45,90,0,84,14,5,23
2572,MC_SC_17_s03L_2572,9,4,2,0,37,0,56,5,7,116,18,31,60,79,10,13,3,47,64
2573,MC_SC_17_s03L_2573,9,2,2,0,2,0,0,0,0,0,0,0,0,0,0,0,0,0,0
2574,MC_SC_17_s03L_2574,9,3,2,0,2,3,49,71,36,6,109,7,28,29,0,16,2,73,22
2575,MC_SC_17_s03L_2575,9,4,2,82,29,2,11,94,64,5,3,24,22,0,4,30,0,49,36
2576,MC_SC_17_s03L_2576,9,2,2,0,0,0,1,0,0,0,0,0,0,0,0,0,0,0,0
2577,MC_SC_17_s03L_2577,9,2,2,0,2,0,0,0,0,0,0,0,0,0,0,0,0,1,0
2578,MC_SC_17_s03L_2578,9,5,3,0,2,0,9,0,1,4,0,4,3,3,0,1,0,0,0
2579,MC_SC_17_s03L_2579,9,2,2,0,11,0,5,59,29,2,13,7,23,54,0,18,2,3,2
2580,MC_SC_17_s03L_2580,9,6,5,140,29,55,27,33,35,16,25,0,26,22,93,56,13,17,31
2581,MC_SC_17_s03L_2581,9,6,2,0,65,0,41,24,70,51,10,6,31,37,9,26,2,36,0
2582,MC_SC_17_s03L_2582,9,2,1,0,2,0,0,0,0,0,0,0,1,0,0,0,0,6,0
2583,MC_SC_17_s03L_2583,9,1,1,0,0,0,4,0,2,0,2,0,0,1,0,0,0,0,5
2584,MC_SC_17_s03L_2584,9,4,1,0,61,1,144,5,6,93,20,21,26,54,4,20,15,42,31
2585,MC_SC_17_s03L_2585,9,5,3,0,7,0,24,2,0,20,3,0,5,24,0,32,2,38,2
2586,MC_SC_17_s03L_2586,9,2,1,0,0,0,3,0,0,0,0,0,0,0,0,0,0,0,0
2587,MC_SC_17_s03L_2587,9,3,2,1,10,7,59,2,2,0,41,5,12,31,5,22,0,30,57
2588,MC_SC_17_s03L_2588,9,6,3,0,13,2,5,31,43,17,0,15,11,15,4,27,11,4,1
2589,MC_SC_17_s03L_2589,9,6,4,99,40,22,30,43,30,21,10,3,17,4,96,37,14,7,31
2590,MC_SC_17_s03L_2590,9,1,1,0,2,0,5,1,0,0,0,0,0,5,0,10,0,0,2
2591,MC_SC_17_s03L_2591,9,4,2,0,47,0,97,4,10,83,5,0,21,36,0,0,2,47,18
2592,MC_SC_17_s03L_2592,9,6,5,0,8,0,25,3,9,2,25,0,23,11,3,11,0,2,11
2593,MC_SC_17_s03L_2593,9,4,3,0,11,0,17,2,2,29,0,29,23,35,11,14,3,43,29
2594,MC_SC_17_s03L_2594,9,5,5,0,3,0,10,25,25,4,21,28,15,46,52,18,8,6,9
2595,MC_SC_17_s03L_2595,9,1,1,0,0,0,1,0,9,0,2,0,0,0,0,0,0,0,0
2596,MC_SC_17_s03L_2596,9,4,2,0,24,8,24,14,20,2,12,41,32,85,1,34,0,24,32
2597,MC_SC_17_s03L_2597,9,5,4,0,17,0,53,56,102,53,42,0,11,2,32,19,0,19,1
2598,MC_SC_17_s03L_2598,9,8,4,0,18,1,85,3,291,120,45,0,61,156,184,132,35,20,28
2599,MC_SC_17_s03L_2599,9,4,2,0,25,0,22,7,16,81,36,36,9,45,2,19,0,21,31
2600,MC_SC_17_s03L_2600,9,8,4,1,119,16,111,29,319,7,126,201,24,84,18,78,0,53,73
2601,MC_SC_17_s03L_2601,9,7,4,0,37,6,40,130,200,11,17,45,28,37,12,39,8,16,4
2602,MC_SC_17_s03L_2602,9,1,1,0,3,4,0,4,8,15,2,2,3,4,5,2,16,0,1
2603,MC_SC_17_s03L_2603,9,5,3,0,35,62,139,8,134,23,20,0,24,27,67,20,5,57,65
2604,MC_SC_17_s03L_2604,9,2,2,0,16,0,7,32,1,0,5,16,51,21,4,19,4,11,28
2605,MC_SC_17_s03L_2605,9,3,2,0,25,0,77,7,6,95,45,9,10,2,19,16,2,74,0
2606,MC_SC_17_s03L_2606,9,7,4,0,17,0,0,3,0,26,18,25,1,68,16,22,0,93,16
2607,MC_SC_17_s03L_2607,9,1,1,0,0,0,0,0,0,1,0,0,0,0,0,0,0,0,0
2608,MC_SC_17_s03L_2608,9,2,2,0,3,0,42,7,4,20,2,5,12,28,16,7,0,10,5
2609,MC_SC_17_s03L_2609,9,10,7,1,48,0,80,48,12,126,16,4,45,0,44,8,2,67,4
2610,MC_SC_17_s03L_2610,9,3,2,1,20,9,45,6,46,10,21,21,12,11,0,23,2,82,0
2611,MC_SC_17_s03L_2611,9,6,3,0,45,0,54,9,24,235,66,22,19,96,119,48,6,152,96
2612,MC_SC_17_s03L_2612,9,2,1,0,45,0,51,4,6,6,8,30,14,30,0,6,0,21,20
2613,MC_SC_17_s03L_2613,9,7,4,65,21,0,167,7,6,12,20,12,8,15,123,24,133,29,42
2614,MC_SC_17_s03L_2614,9,7,5,39,53,6,11,10,3,51,22,32,25,32,108,27,229,44,12
2615,MC_SC_17_s03L_2615,9,4,2,2,40,1,98,6,33,234,30,45,33,70,91,47,8,6,69
2616,MC_SC_17_s03L_2616,9,4,2,0,37,0,79,2,28,48,20,45,23,32,22,32,9,103,1
2617,MC_SC_17_s03L_2617,9,5,3,126,65,3,4,14,11,25,16,131,32,51,255,62,329,80,19
2618,MC_SC_17_s03L_2618,9,4,2,0,13,0,73,5,12,144,8,19,34,64,13,6,2,93,55
2619,MC_SC_17_s03L_2619,9,8,7,18,66,0,132,9,18,299,22,59,14,6,41,25,9,1,6
2620,MC_SC_17_s03L_2620,9,6,3,0,115,7,163,10,46,376,24,83,22,131,211,109,20,150,101
2621,MC_SC_17_s03L_2621,9,2,1,0,7,0,41,10,10,0,2,9,19,19,2,18,0,8,37
2622,MC_SC_17_s03L_2622,9,2,1,0,5,0,43,1,0,13,6,4,12,26,0,8,2,14,38
2623,MC_SC_17_s03L_2623,9,2,1,0,2,1,13,44,1,0,54,36,49,26,0,10,0,38,29
2624,MC_SC_17_s03L_2624,9,1,1,0,5,0,3,0,0,16,1,2,0,0,0,6,0,0,2
2625,MC_SC_17_s03L_2625,9,6,4,39,61,1,82,8,16,11,20,84,28,24,156,34,230,15,34
2626,MC_SC_17_s03L_2626,9,8,2,51,42,2,24,2,0,26,30,8,1,38,77,33,184,1,11
2627,MC_SC_17_s03L_2627,9,3,2,0,26,0,58,6,8,64,30,16,12,49,17,32,5,87,65
2628,MC_SC_17_s03L_2628,9,8,6,0,7,0,6,2,7,18,29,0,3,33,1,12,4,86,22
2629,MC_SC_17_s03L_2629,9,1,1,22,0,1,9,12,17,0,5,12,4,0,8,3,0,14,14
2630,MC_SC_17_s03L_2630,9,1,1,0,2,0,2,2,0,5,1,14,7,20,0,0,0,10,2
2631,MC_SC_17_s03L_2631,9,3,1,0,2,0,4,2,0,4,10,0,1,33,0,6,0,11,0
2632,MC_SC_17_s03L_2632,9,6,3,7,7,0,16,2,19,27,5,49,40,20,18,27,4,75,6
2633,MC_SC_17_s03L_2633,9,4,2,0,1,0,17,1,2,10,2,2,7,0,0,3,5,1,24
2634,MC_SC_17_s03L_2634,9,6,4,0,14,0,60,1,0,66,8,15,15,52,36,19,0,0,29
2635,MC_SC_17_s03L_2635,9,1,1,11,0,0,7,0,0,0,1,0,0,1,0,0,12,0,0
2636,MC_SC_17_s03L_2636,9,7,5,37,19,0,62,5,2,2,6,8,7,24,0,89,88,23,24
2637,MC_SC_17_s03L_2637,9,5,1,0,0,0,7,1,45,0,0,0,8,2,0,0,2,58,2
2638,MC_SC_17_s03L_2638,9,2,2,0,9,0,12,0,0,5,0,1,0,1,0,0,0,5,0
2639,MC_SC_17_s03L_2639,9,7,5,168,102,0,289,8,18,16,29,230,39,167,204,45,76,40,46
2640,MC_SC_17_s03L_2640,9,6,3,61,15,0,79,5,8,0,9,9,15,20,0,0,12,19,22
2641,MC_SC_17_s03L_2641,9,2,1,0,4,0,8,2,2,12,14,0,2,19,0,4,0,30,0
2642,MC_SC_17_s03L_2642,9,11,6,85,31,0,64,13,15,21,8,27,10,15,38,28,44,3,3
2643,MC_SC_17_s03L_2643,9,4,2,0,27,0,45,9,34,142,40,6,16,64,0,14,3,50,22
2644,MC_SC_17_s03L_2644,9,2,1,0,0,0,2,6,1,3,3,2,3,18,2,0,0,0,0
2645,MC_SC_17_s03L_2645,9,1,1,0,3,0,17,6,0,0,1,1,6,8,2,7,0,6,0
2646,MC_SC_17_s03L_2646,9,6,3,51,53,5,10,26,7,94,14,21,35,23,80,30,41,12,7
2647,MC_SC_17_s03L_2647,9,4,2,0,17,0,26,4,2,91,13,7,11,47,31,12,0,12,18
2648,MC_SC_17_s03L_2648,9,2,1,1,5,0,26,3,10,40,2,11,18,42,4,21,0,52,20
2649,MC_SC_17_s03L_2649,9,5,2,0,19,5,20,11,15,144,2,15,21,47,16,21,5,30,25
2650,MC_SC_17_s03L_2650,9,2,2,0,19,0,36,138,6,44,29,25,15,46,0,7,0,22,0
2651,MC_SC_17_s03L_2651,9,1,1,0,89,2,13,2,0,4,15,52,9,27,2,12,4,168,49
2652,MC_SC_17_s03L_2652,9,14,8,108,88,3,88,11,16,28,15,44,11,19,82,18,149,4,21
2653,MC_SC_17_s03L_2653,9,2,1,0,11,0,6,2,0,44,20,0,6,25,1,14,0,22,3
2654,MC_SC_17_s03L_2654,9,7,5,81,64,1,135,20,6,8,17,16,15,20,145,40,215,4,17
2655,MC_SC_17_s03L_2655,9,8,5,55,40,0,67,14,0,12,9,31,25,40,165,50,216,18,29
2656,MC_SC_17_s03L_2656,9,7,4,79,27,5,63,6,4,27,6,51,10,33,121,21,208,42,25
2657,MC_SC_17_s03L_2657,9,13,4,2,46,0,7,4,123,204,82,38,22,140,8,15,11,300,61
2658,MC_SC_17_s03L_2658,9,4,1,21,18,0,34,1,0,0,9,23,8,7,69,0,0,0,0
2659,MC_SC_17_s03L_2659,9,1,1,0,0,0,0,0,0,0,0,0,0,0,0,0,0,0,0
2660,MC_SC_17_s03L_2660,9,6,3,42,33,2,172,22,10,29,14,52,21,11,107,46,187,51,61
2661,MC_SC_17_s03L_2661,9,1,1,4,0,0,9,1,0,0,0,2,1,0,1,0,0,0,0
2662,MC_SC_17_s03L_2662,9,8,3,43,67,2,114,24,6,17,27,122,34,10,116,101,212,9,40
2663,MC_SC_17_s03L_2663,9,3,2,0,16,6,45,2,8,2,13,24,45,10,2,16,0,3,19
2664,MC_SC_17_s03L_2664,9,2,1,0,5,0,19,0,0,0,0,1,12,4,6,0,0,0,0
2665,MC_SC_17_s03L_2665,9,1,1,0,0,0,0,0,0,0,0,0,0,0,0,0,0,0,0
2666,MC_SC_17_s03L_2666,9,2,1,0,4,0,10,1,0,45,34,11,10,27,17,8,4,2,33
2667,MC_SC_17_s03L_2667,9,7,5,0,5,0,44,0,2,70,24,5,14,0,1,7,0,37,36
2668,MC_SC_17_s03L_2668,9,5,3,0,9,0,16,6,1,67,0,10,16,23,24,17,1,4,0
2669,MC_SC_17_s03L_2669,9,4,2,0,2,0,14,6,0,68,34,5,27,24,7,10,0,0,0
2670,MC_SC_17_s03L_2670,10,6,4,0,4,0,30,17,0,68,12,17,8,8,13,1,0,3,0
2671,MC_SC_17_s03L_2671,10,1,1,0,0,0,6,0,1,13,0,0,1,4,0,1,0,2,0
2672,MC_SC_17_s03L_2672,10,3,2,0,0,0,11,6,0,0,5,3,4,20,4,1,0,0,0
2673,MC_SC_17_s03L_2673,10,1,1,0,2,0,11,0,0,27,1,0,2,22,10,7,5,26,0
2674,MC_SC_17_s03L_2674,10,5,2,0,0,10,27,0,29,3,0,7,4,23,6,7,9,42,23
2675,MC_SC_17_s03L_2675,10,2,1,0,0,0,48,12,2,0,17,7,23,38,6,20,1,4,1
2676,MC_SC_17_s03L_2676,10,4,2,88,21,11,46,11,41,2,11,0,12,2,6,27,3,15,3
2677,MC_SC_17_s03L_2677,10,6,4,0,3,0,36,139,16,101,78,26,14,37,28,0,0,21,0
2678,MC_SC_17_s03L_2678,10,1,1,0,2,0,10,15,0,50,9,1,0,11,19,2,0,2,0
2679,MC_SC_17_s03L_2679,10,1,1,0,0,0,16,0,3,30,2,8,2,42,0,0,0,10,3
2680,MC_SC_17_s03L_2680,10,7,5,1,4,0,30,26,0,76,15,0,8,5,18,0,0,24,0
2681,MC_SC_17_s03L_2681,10,8,3,3,3,2,16,45,108,103,28,14,16,65,93,53,25,3,2
2682,MC_SC_17_s03L_2682,10,1,1,0,7,0,37,0,1,62,17,10,5,17,12,0,0,0,6
2683,MC_SC_17_s03L_2683,10,6,3,0,0,16,35,1,39,11,0,0,23,36,0,0,8,224,8
2684,MC_SC_17_s03L_2684,10,7,5,0,11,33,43,4,20,15,5,30,5,37,48,2,0,21,1
2685,MC_SC_17_s03L_2685,10,1,1,0,2,6,16,0,1,0,0,5,0,11,3,1,0,10,2
2686,MC_SC_17_s03L_2686,10,6,5,0,13,4,125,5,5,278,12,22,14,56,63,5,0,0,2
2687,MC_SC_17_s03L_2687,10,3,2,0,17,0,71,9,5,94,4,4,16,15,5,22,1,105,3
2688,MC_SC_17_s03L_2688,10,6,3,0,4,2,45,52,136,96,1,45,39,66,90,0,1,0,2
2689,MC_SC_17_s03L_2689,10,7,3,0,1,61,128,11,77,36,3,4,17,24,81,18,9,23,40
2690,MC_SC_17_s03L_2690,10,2,1,0,19,0,42,0,0,43,0,2,6,10,5,27,4,89,0
2691,MC_SC_17_s03L_2691,10,6,3,0,4,0,62,2,0,76,8,17,6,27,1,40,4,5,12
2692,MC_SC_17_s03L_2692,10,3,2,0,8,1,28,1,1,96,5,8,3,7,1,0,0,28,0
2693,MC_SC_17_s03L_2693,10,8,3,0,14,0,66,3,1,128,5,6,6,29,34,5,4,57,2
2694,MC_SC_17_s03L_2694,10,7,5,0,8,28,53,6,83,12,4,4,12,2,45,4,0,9,2
2695,MC_SC_17_s03L_2695,10,4,2,3,8,0,54,69,2,113,11,1,22,12,30,2,0,24,0
2696,MC_SC_17_s03L_2696,10,5,3,0,8,33,105,9,91,51,2,2,20,43,110,18,18,50,34
2697,MC_SC_17_s03L_2697,10,3,3,0,9,0,59,1,0,27,6,1,5,18,35,10,0,2,0
2698,MC_SC_17_s03L_2698,10,1,1,0,1,0,17,0,0,24,3,1,2,4,6,0,0,0,0
2699,MC_SC_17_s03L_2699,10,8,5,0,20,4,92,99,4,262,47,2,13,16,75,5,6,62,6
2700,MC_SC_17_s03L_2700,10,6,3,0,104,7,123,47,4,252,32,21,30,52,108,82,13,25,3
2701,MC_SC_17_s03L_2701,10,5,3,0,25,0,61,5,3,42,0,8,20,36,5,5,0,48,22
2702,MC_SC_17_s03L_2702,10,7,2,0,3,10,8,1,73,20,1,1,11,3,7,0,0,0,0
2703,MC_SC_17_s03L_2703,10,4,3,0,2,0,59,4,8,73,0,28,26,38,26,7,0,9,21
2704,MC_SC_17_s03L_2704,10,3,2,0,9,1,19,7,21,1,1,0,6,9,23,1,0,33,2
2705,MC_SC_17_s03L_2705,10,2,2,0,14,0,65,2,1,35,6,25,18,22,3,9,0,19,24
2706,MC_SC_17_s03L_2706,10,15,2,2,9,3,27,106,98,178,12,4,36,27,20,25,17,2,6
2707,MC_SC_17_s03L_2707,10,2,2,0,5,14,17,7,29,14,1,0,5,3,20,6,11,58,0
2708,MC_SC_17_s03L_2708,10,3,3,0,5,1,59,0,10,3,15,10,5,22,0,6,0,6,7
2709,MC_SC_17_s03L_2709,10,1,1,0,2,0,0,4,4,2,0,0,0,1,2,0,2,9,0
2710,MC_SC_17_s03L_2710,10,5,3,0,4,0,70,1,7,99,0,1,11,7,22,17,0,57,3
2711,MC_SC_17_s03L_2711,10,4,1,0,6,0,22,0,1,7,0,7,10,13,10,2,0,10,9
2712,MC_SC_17_s03L_2712,10,1,1,1,0,10,38,0,5,9,1,0,3,4,4,0,0,3,7
2713,MC_SC_17_s03L_2713,10,7,3,1,6,5,77,8,4,121,13,9,2,33,25,49,17,6,3
2714,MC_SC_17_s03L_2714,10,3,3,0,10,20,24,0,36,12,0,0,1,6,0,0,2,40,5
2715,MC_SC_17_s03L_2715,10,2,1,13,48,72,6,0,0,1,0,1,7,4,0,1,0,0,1
2716,MC_SC_17_s03L_2716,10,4,3,0,41,0,63,1,5,64,1,2,19,4,1,19,1,91,2
2717,MC_SC_17_s03L_2717,10,6,6,0,26,0,143,4,1,85,19,3,22,35,5,1,2,90,0
2718,MC_SC_17_s03L_2718,10,5,3,0,8,10,81,18,11,304,8,9,15,25,50,20,20,3,9
2719,MC_SC_17_s03L_2719,10,5,4,0,13,0,84,1,4,80,5,18,12,45,0,23,0,21,1
2720,MC_SC_17_s03L_2720,10,3,2,17,33,32,3,0,0,6,1,3,0,4,0,0,0,0,0
2721,MC_SC_17_s03L_2721,10,11,8,127,80,104,76,4,187,69,17,6,21,42,161,71,61,7,11
2722,MC_SC_17_s03L_2722,10,8,6,1,17,4,99,11,5,213,15,4,38,42,35,16,20,1,13
2723,MC_SC_17_s03L_2723,10,9,7,1,10,0,100,7,0,100,2,2,19,18,34,3,0,58,0
2724,MC_SC_17_s03L_2724,10,7,5,0,75,1,213,4,10,260,91,39,46,65,122,50,5,219,9
2725,MC_SC_17_s03L_2725,10,11,4,0,22,43,92,29,51,82,7,2,19,8,11,17,28,130,3
2726,MC_SC_17_s03L_2726,10,7,2,1,22,9,19,1,8,11,0,0,15,13,0,0,0,83,0
2727,MC_SC_17_s03L_2727,10,3,1,44,32,10,24,4,13,1,28,5,5,12,3,22,0,8,3
2728,MC_SC_17_s03L_2728,10,8,4,5,40,9,168,39,195,1065,54,0,42,25,218,174,46,37,19
2729,MC_SC_17_s03L_2729,10,3,2,0,4,0,56,44,16,21,8,3,23,0,0,0,0,0,0
2730,MC_SC_17_s03L_2730,10,1,1,6,2,0,0,0,1,0,0,0,1,0,0,0,0,0,1
2731,MC_SC_17_s03L_2731,10,2,2,0,9,0,67,0,7,51,0,3,5,14,31,15,0,73,2
2732,MC_SC_17_s03L_2732,10,1,1,0,0,0,3,1,5,4,2,0,1,4,11,0,0,0,0
2733,MC_SC_17_s03L_2733,10,1,1,0,0,0,52,1,7,20,11,17,13,30,3,1,0,66,10
2734,MC_SC_17_s03L_2734,10,2,1,0,9,0,23,0,4,14,1,1,5,16,3,6,0,6,1
2735,MC_SC_17_s03L_2735,10,1,1,2,15,11,0,0,0,11,3,2,0,0,0,0,0,0,0
2736,MC_SC_17_s03L_2736,10,5,2,0,15,0,64,2,1,14,1,18,9,6,1,7,0,15,24
2737,MC_SC_17_s03L_2737,10,2,2,1,15,0,24,1,11,38,12,11,14,14,1,2,0,18,7
2738,MC_SC_17_s03L_2738,10,4,3,0,31,0,27,2,11,75,4,10,15,4,2,4,0,39,1
2739,MC_SC_17_s03L_2739,10,3,2,0,26,7,46,12,54,3,18,7,27,13,1,14,2,51,0
2740,MC_SC_17_s03L_2740,10,7,3,1,50,10,53,70,35,354,31,0,25,29,113,43,7,8,1
2741,MC_SC_17_s03L_2741,10,9,7,2,31,20,33,3,3,224,3,0,4,7,58,4,26,0,2
2742,MC_SC_17_s03L_2742,10,3,1,3,19,1,93,1,0,69,3,6,8,30,1,3,2,44,0
2743,MC_SC_17_s03L_2743,10,2,1,0,1,0,41,6,0,31,8,4,4,16,16,9,0,5,1
2744,MC_SC_17_s03L_2744,10,5,2,22,0,5,9,2,2,14,0,0,13,2,0,0,0,0,0
2745,MC_SC_17_s03L_2745,10,5,4,0,26,2,84,16,11,89,20,13,14,10,12,11,9,10,22
2746,MC_SC_17_s03L_2746,10,3,2,1,19,0,74,3,0,45,1,11,1,26,0,11,0,30,0
2747,MC_SC_17_s03L_2747,10,9,3,0,88,4,80,2,4,143,4,0,15,28,11,77,49,20,11
2748,MC_SC_17_s03L_2748,10,4,2,63,12,7,26,14,22,0,13,4,3,6,0,6,0,15,0
2749,MC_SC_17_s03L_2749,10,15,8,1,27,0,133,74,13,74,10,2,21,25,4,14,4,8,18
2750,MC_SC_17_s03L_2750,10,1,1,3,0,0,0,0,0,0,0,0,0,0,0,0,0,0,0
2751,MC_SC_17_s03L_2751,10,3,3,4,20,0,10,3,35,45,5,4,4,25,4,9,2,9,23
2752,MC_SC_17_s03L_2752,10,1,1,0,1,0,1,0,1,54,1,0,6,2,0,15,5,1,2
2753,MC_SC_17_s03L_2753,10,3,2,0,12,0,57,2,0,23,0,19,22,27,0,5,0,32,11
2754,MC_SC_17_s03L_2754,10,1,1,0,15,0,45,1,0,12,1,3,18,9,0,8,0,8,14
2755,MC_SC_17_s03L_2755,10,5,3,0,7,0,96,4,3,30,46,17,46,23,1,12,5,86,0
2756,MC_SC_17_s03L_2756,10,3,2,0,26,0,71,5,8,19,10,8,18,11,0,4,0,49,8
2757,MC_SC_17_s03L_2757,10,3,2,75,16,0,47,37,15,0,33,12,15,9,0,11,0,0,4
2758,MC_SC_17_s03L_2758,10,1,1,22,0,5,2,2,10,3,2,2,1,1,19,17,0,0,2
2759,MC_SC_17_s03L_2759,10,13,9,7,9,0,24,40,35,52,13,10,22,5,22,31,14,6,0
2760,MC_SC_17_s03L_2760,10,1,1,59,10,0,37,83,5,0,0,0,14,0,3,4,0,24,0
2761,MC_SC_17_s03L_2761,10,6,4,2,13,0,48,49,135,137,22,16,30,20,39,25,17,30,7
2762,MC_SC_17_s03L_2762,10,4,3,2,1,0,17,44,77,17,4,8,28,22,5,15,0,14,0
2763,MC_SC_17_s03L_2763,10,2,2,50,12,0,46,5,12,6,32,16,9,19,6,34,0,25,1
2764,MC_SC_17_s03L_2764,10,2,1,22,0,0,9,2,1,0,1,6,2,7,6,1,2,7,22
2765,MC_SC_17_s03L_2765,10,6,4,2,40,0,93,69,26,178,16,4,15,38,59,46,30,18,41
2766,MC_SC_17_s03L_2766,10,9,5,1,121,14,88,4,57,586,12,0,56,2,82,149,88,96,10
2767,MC_SC_17_s03L_2767,10,4,2,0,16,0,28,12,10,73,22,11,12,2,16,9,0,21,28
2768,MC_SC_17_s03L_2768,10,1,1,15,1,3,0,0,9,2,2,7,3,2,19,6,1,0,2
2769,MC_SC_17_s03L_2769,10,1,1,0,0,0,0,0,0,0,0,0,0,0,0,0,0,0,0
2770,MC_SC_17_s03L_2770,10,2,1,58,19,0,12,78,9,0,20,4,6,9,3,12,0,4,2
2771,MC_SC_17_s03L_2771,10,1,1,0,0,0,0,0,0,0,0,0,0,0,0,0,0,0,0
2772,MC_SC_17_s03L_2772,10,3,1,77,7,0,11,25,24,0,16,0,12,10,0,4,0,1,39
2773,MC_SC_17_s03L_2773,10,1,1,0,0,0,0,1,0,0,0,0,0,0,0,0,0,0,0
2774,MC_SC_17_s03L_2774,10,4,2,0,34,5,35,81,41,349,34,1,19,15,146,75,28,10,7
2775,MC_SC_17_s03L_2775,10,1,1,0,0,0,0,1,0,0,0,0,0,0,0,0,0,0,0
2776,MC_SC_17_s03L_2776,10,1,1,0,0,0,1,0,0,0,0,0,0,0,0,0,0,0,0
2777,MC_SC_17_s03L_2777,10,1,1,0,0,0,3,1,3,0,0,2,1,0,3,12,0,45,4
2778,MC_SC_17_s03L_2778,10,1,1,0,6,0,12,9,4,67,5,0,15,6,46,7,0,0,1
2779,MC_SC_17_s03L_2779,10,5,3,2,83,13,275,103,35,382,26,26,96,62,192,97,23,34,56
2780,MC_SC_17_s03L_2780,10,3,2,0,4,0,5,0,0,0,0,0,0,0,0,0,0,0,0
2781,MC_SC_17_s03L_2781,10,3,1,0,14,20,84,94,14,4,9,15,14,23,8,3,0,18,0
2782,MC_SC_17_s03L_2782,10,3,2,0,52,0,38,2,0,68,11,2,13,36,22,20,6,74,9
2783,MC_SC_17_s03L_2783,10,2,1,3,1,0,6,11,1,3,0,7,12,3,0,2,0,1,1
2784,MC_SC_17_s03L_2784,10,6,3,228,22,97,39,9,40,117,39,3,15,34,150,70,46,10,4
2785,MC_SC_17_s03L_2785,10,3,3,0,10,0,12,38,16,57,5,7,15,14,0,3,0,0,1
2786,MC_SC_17_s03L_2786,10,1,1,1,4,0,28,3,2,17,1,0,5,12,0,1,0,0,0
2787,MC_SC_17_s03L_2787,10,6,3,1,65,4,27,11,83,287,34,8,25,25,145,79,25,11,2
2788,MC_SC_17_s03L_2788,10,6,1,0,10,0,21,1,0,35,2,1,9,0,0,9,0,50,2
2789,MC_SC_17_s03L_2789,10,1,1,0,1,0,17,1,1,4,0,0,3,14,3,1,0,1,0
2790,MC_SC_17_s03L_2790,10,4,1,0,6,0,18,31,5,43,10,6,1,11,0,0,0,38,0
2791,MC_SC_17_s03L_2791,10,2,1,0,3,0,11,0,0,0,0,0,0,0,0,0,0,0,0
2792,MC_SC_17_s03L_2792,10,1,1,15,3,20,11,3,58,111,6,2,0,9,11,1,40,0,0
2793,MC_SC_17_s03L_2793,10,2,2,38,15,0,9,1,5,1,1,1,6,0,0,1,0,1,7
2794,MC_SC_17_s03L_2794,10,10,5,2,110,10,44,12,98,437,10,0,13,0,112,38,30,47,5
2795,MC_SC_17_s03L_2795,10,3,2,0,0,0,4,16,0,4,0,1,0,7,0,4,0,0,4
2796,MC_SC_17_s03L_2796,10,1,1,27,16,0,1,28,18,0,0,14,7,0,0,1,0,0,0
2797,MC_SC_17_s03L_2797,10,3,3,3,7,0,17,32,0,13,20,1,7,0,3,0,0,6,0
2798,MC_SC_17_s03L_2798,10,3,2,1,16,0,26,0,8,45,19,1,15,9,27,16,0,13,7
2799,MC_SC_17_s03L_2799,10,5,2,34,18,0,10,1,4,0,4,3,11,17,0,3,0,5,4
2800,MC_SC_17_s03L_2800,10,2,1,0,17,0,0,7,1,31,1,18,8,8,0,4,0,0,13
2801,MC_SC_17_s03L_2801,10,4,2,1,4,0,93,6,27,66,8,7,25,2,0,24,0,31,3
2802,MC_SC_17_s03L_2802,10,3,1,0,8,0,0,0,2,0,0,3,7,5,0,1,0,15,1
2803,MC_SC_17_s03L_2803,10,1,1,32,4,0,0,0,5,0,2,0,0,1,0,0,0,0,0
2804,MC_SC_17_s03L_2804,10,4,2,0,20,0,78,1,57,80,26,6,14,40,44,40,5,4,5
2805,MC_SC_17_s03L_2805,10,5,2,1,26,0,6,32,16,40,10,1,18,1,0,14,0,31,3
2806,MC_SC_17_s03L_2806,10,1,1,44,3,0,6,3,5,0,11,3,19,16,0,7,0,7,17
2807,MC_SC_17_s03L_2807,10,1,1,0,4,0,0,5,0,7,2,2,1,3,0,1,0,0,0
2808,MC_SC_17_s03L_2808,10,2,1,0,6,0,0,14,4,5,0,33,6,13,2,7,0,0,19
2809,MC_SC_17_s03L_2809,10,1,1,0,13,0,12,0,0,2,5,5,1,5,2,7,2,0,0
2810,MC_SC_17_s03L_2810,10,4,3,2,10,0,2,65,14,63,13,48,6,29,0,19,0,8,2
2811,MC_SC_17_s03L_2811,10,3,1,92,16,0,4,1,42,0,22,1,13,3,0,0,10,106,15
2812,MC_SC_17_s03L_2812,10,2,2,39,14,0,1,0,22,0,21,5,19,31,0,12,0,47,7
2813,MC_SC_17_s03L_2813,10,2,1,1,10,0,2,1,2,6,0,11,1,13,0,2,5,1,21
2814,MC_SC_17_s03L_2814,10,4,3,0,0,2,5,5,29,0,32,0,2,25,0,1,0,3,5
2815,MC_SC_17_s03L_2815,10,1,1,0,0,0,0,0,2,0,1,2,1,0,0,0,0,0,6
2816,MC_SC_17_s03L_2816,10,4,2,112,13,0,3,4,30,0,14,17,23,20,21,23,4,34,35
2817,MC_SC_17_s03L_2817,10,1,1,0,5,0,9,0,2,0,0,2,6,0,0,0,0,2,0
2818,MC_SC_17_s03L_2818,10,4,2,0,31,0,83,29,1,3,1,45,72,1,5,28,0,102,0
2819,MC_SC_17_s03L_2819,10,3,2,33,2,0,14,0,8,0,57,19,26,29,0,6,0,24,15
2820,MC_SC_17_s03L_2820,10,3,2,38,20,0,0,3,59,0,4,7,38,38,0,5,0,4,23
2821,MC_SC_17_s03L_2821,10,7,2,2,47,6,13,3,75,11,14,9,14,39,34,19,9,1,0
2822,MC_SC_17_s03L_2822,10,1,1,56,14,0,1,0,12,0,0,13,0,0,0,0,0,39,3
2823,MC_SC_17_s03L_2823,10,2,2,0,2,0,1,1,69,0,0,0,9,5,0,2,6,24,2
2824,MC_SC_17_s03L_2824,10,3,2,2,5,1,37,5,8,233,17,5,22,43,132,40,6,9,27
2825,MC_SC_17_s03L_2825,10,1,1,0,6,0,0,5,2,0,8,0,2,3,0,6,0,7,2
2826,MC_SC_17_s03L_2826,10,3,3,110,18,0,9,2,27,8,6,9,6,15,0,13,0,13,7
2827,MC_SC_17_s03L_2827,10,4,3,0,28,1,92,2,48,160,53,9,16,41,85,34,6,18,30
2828,MC_SC_17_s03L_2828,10,2,1,1,2,0,0,0,57,0,5,0,0,6,0,1,0,5,0
2829,MC_SC_17_s03L_2829,10,4,3,119,46,0,16,9,75,9,40,3,34,79,83,38,9,19,25
2830,MC_SC_17_s03L_2830,10,5,3,1,4,0,0,44,25,3,1,9,15,5,0,11,7,2,2
2831,MC_SC_17_s03L_2831,10,1,1,1,2,0,2,0,4,0,7,4,8,9,6,10,0,2,2
2832,MC_SC_17_s03L_2832,10,1,1,0,0,1,14,0,0,1,1,3,0,1,0,0,0,1,0
2833,MC_SC_17_s03L_2833,10,2,1,1,2,0,0,3,0,2,2,0,19,10,0,25,3,1,0
2834,MC_SC_17_s03L_2834,10,4,2,71,1,0,0,4,22,1,7,12,15,1,18,1,0,3,28
2835,MC_SC_17_s03L_2835,10,2,1,60,7,0,0,31,8,0,0,0,16,3,0,3,0,26,0
2836,MC_SC_17_s03L_2836,10,5,2,5,22,0,7,66,130,214,23,29,35,40,65,62,11,2,32
2837,MC_SC_17_s03L_2837,10,4,3,0,7,0,12,3,24,112,2,5,8,56,24,48,2,19,15
2838,MC_SC_17_s03L_2838,10,3,1,89,2,0,0,15,23,4,29,4,25,2,4,11,3,9,38
2839,MC_SC_17_s03L_2839,10,4,2,0,30,0,41,7,2,124,21,2,10,32,48,26,14,78,25
2840,MC_SC_17_s03L_2840,10,1,1,1,0,0,2,3,23,19,1,0,3,4,20,4,7,1,0
2841,MC_SC_17_s03L_2841,10,4,3,0,17,0,12,8,55,182,26,10,16,82,54,42,11,11,14
2842,MC_SC_17_s03L_2842,10,3,2,0,12,0,80,4,5,99,45,2,13,5,34,16,6,25,0
2843,MC_SC_17_s03L_2843,10,3,2,1,23,0,33,0,2,2,0,4,20,0,10,13,3,34,15
2844,MC_SC_17_s03L_2844,10,4,2,2,16,0,3,3,4,0,2,12,32,20,0,28,0,33,5
2845,MC_SC_17_s03L_2845,10,5,3,5,61,48,20,13,47,33,7,58,46,35,73,60,16,26,2
2846,MC_SC_17_s03L_2846,10,5,3,2,55,75,163,9,13,22,90,54,44,70,140,67,30,15,76
2847,MC_SC_17_s03L_2847,10,3,2,0,24,0,14,6,9,128,0,0,25,39,13,23,3,69,24
2848,MC_SC_17_s03L_2848,10,1,1,0,23,12,4,0,13,3,0,17,6,11,22,12,0,0,0
2849,MC_SC_17_s03L_2849,10,5,4,286,16,0,4,5,60,0,23,32,7,6,2,13,43,184,31
2850,MC_SC_17_s03L_2850,10,2,2,7,8,0,0,15,3,0,31,1,24,0,0,36,0,23,11
2851,MC_SC_17_s03L_2851,10,8,2,2,93,12,3,2,5,14,5,4,48,65,16,24,6,62,3
2852,MC_SC_17_s03L_2852,10,3,3,81,17,0,12,5,1,2,29,11,20,19,0,8,0,20,10
2853,MC_SC_17_s03L_2853,10,3,2,142,11,13,48,17,76,9,37,25,49,44,41,59,7,35,45
2854,MC_SC_17_s03L_2854,10,3,1,0,2,0,0,75,33,12,4,0,15,14,0,15,2,1,3
2855,MC_SC_17_s03L_2855,10,4,3,0,24,12,4,13,3,10,0,0,25,23,47,12,2,4,0
2856,MC_SC_17_s03L_2856,10,4,2,0,58,11,50,75,7,0,70,12,8,7,5,26,3,48,3
2857,MC_SC_17_s03L_2857,10,2,2,18,5,0,5,0,9,0,0,0,1,1,0,1,2,4,14
2858,MC_SC_17_s03L_2858,10,3,2,0,0,2,0,86,28,7,1,1,15,2,0,1,0,1,1
2859,MC_SC_17_s03L_2859,10,4,3,0,13,1,29,3,2,171,9,10,7,23,73,41,14,10,26
2860,MC_SC_17_s03L_2860,10,1,1,0,9,0,0,1,12,0,0,0,2,3,0,3,0,0,0
2861,MC_SC_17_s03L_2861,10,4,2,2,77,68,42,8,24,12,8,6,6,52,19,13,9,0,44
2862,MC_SC_17_s03L_2862,10,3,2,47,20,6,12,5,52,2,5,9,15,40,0,17,0,12,6
2863,MC_SC_17_s03L_2863,10,1,1,42,5,0,1,0,2,0,0,2,6,4,2,9,0,4,38
2864,MC_SC_17_s03L_2864,10,4,2,101,3,5,34,9,3,12,57,8,66,55,20,10,4,50,38
2865,MC_SC_17_s03L_2865,10,4,2,2,76,63,62,25,8,8,12,2,43,64,84,39,0,6,35
2866,MC_SC_17_s03L_2866,10,4,2,0,7,0,2,65,40,0,11,6,8,0,0,7,0,15,11
2867,MC_SC_17_s03L_2867,10,2,1,0,25,1,9,6,4,0,1,2,17,0,0,12,0,0,0
2868,MC_SC_17_s03L_2868,10,6,3,114,25,9,5,54,51,3,2,1,9,2,0,5,2,13,40
2869,MC_SC_17_s03L_2869,10,2,1,5,5,1,6,0,13,2,3,0,0,4,6,0,0,0,0
2870,MC_SC_17_s03L_2870,10,3,2,1,29,0,77,2,8,141,8,25,13,58,4,31,10,136,1
2871,MC_SC_17_s03L_2871,10,5,2,0,34,0,41,35,43,148,34,47,7,53,62,41,0,0,37
2872,MC_SC_17_s03L_2872,10,1,1,1,7,0,13,4,0,3,2,0,1,2,6,1,0,11,0
2873,MC_SC_17_s03L_2873,10,8,5,121,57,112,56,6,163,61,38,14,18,5,11,42,5,3,21
2874,MC_SC_17_s03L_2874,10,5,4,0,40,1,111,3,54,180,52,15,14,47,148,54,6,2,26
2875,MC_SC_17_s03L_2875,10,2,1,0,35,0,3,29,12,6,4,3,4,7,0,12,0,19,31
2876,MC_SC_17_s03L_2876,10,8,5,88,13,18,25,4,109,48,9,12,13,6,40,50,22,5,21
2877,MC_SC_17_s03L_2877,10,2,1,0,0,0,1,0,0,0,0,0,0,0,0,0,0,0,1
2878,MC_SC_17_s03L_2878,10,3,2,4,13,1,3,43,7,0,17,5,7,5,0,1,0,20,4
2879,MC_SC_17_s03L_2879,10,4,3,162,19,23,5,40,49,0,3,0,8,0,2,11,0,5,19
2880,MC_SC_17_s03L_2880,10,2,1,0,6,0,1,0,0,3,0,0,2,1,0,0,0,65,0
2881,MC_SC_17_s03L_2881,10,3,1,1,8,0,28,0,11,2,8,3,2,6,0,2,0,3,20
2882,MC_SC_17_s03L_2882,10,2,2,1,5,0,13,7,5,0,2,6,19,13,1,3,0,15,19
2883,MC_SC_17_s03L_2883,10,5,3,80,20,0,13,2,38,5,8,3,27,8,4,40,0,17,26
2884,MC_SC_17_s03L_2884,10,2,1,63,3,0,3,0,9,0,16,2,8,17,0,13,0,21,13
2885,MC_SC_17_s03L_2885,10,1,1,1,2,0,31,0,1,45,8,16,1,20,0,3,14,47,4
2886,MC_SC_17_s03L_2886,10,3,2,0,21,0,20,5,12,67,8,14,15,56,0,6,0,89,0
2887,MC_SC_17_s03L_2887,10,4,2,101,12,2,20,8,87,2,5,0,16,10,22,51,7,31,27
2888,MC_SC_17_s03L_2888,10,4,3,37,8,0,6,38,19,0,1,0,7,0,6,8,0,8,19
2889,MC_SC_17_s03L_2889,10,2,2,0,4,0,0,20,6,0,2,25,45,56,0,15,0,97,3
2890,MC_SC_17_s03L_2890,10,4,2,92,17,2,7,81,55,3,21,6,61,26,13,27,1,78,7
2891,MC_SC_17_s03L_2891,10,4,3,1,23,0,21,2,5,42,70,15,24,53,5,16,2,46,19
2892,MC_SC_17_s03L_2892,10,8,6,1,111,4,20,11,10,150,99,11,13,59,56,42,23,4,9
2893,MC_SC_17_s03L_2893,10,1,1,0,2,0,1,7,1,0,6,4,5,4,0,0,4,0,0
2894,MC_SC_17_s03L_2894,10,4,2,0,119,1,21,7,81,43,97,10,39,99,15,46,32,44,5
2895,MC_SC_17_s03L_2895,10,2,1,0,1,0,18,10,8,1,2,2,5,19,0,2,2,8,19
2896,MC_SC_17_s03L_2896,10,3,2,1,0,0,0,45,34,0,4,3,24,4,0,4,0,1,5
2897,MC_SC_17_s03L_2897,10,9,3,1,101,2,219,55,363,713,85,47,33,153,251,82,28,22,7
2898,MC_SC_17_s03L_2898,10,4,3,86,7,0,4,53,68,2,8,3,23,17,22,30,0,45,15
2899,MC_SC_17_s03L_2899,10,11,3,0,23,0,30,8,35,238,4,13,12,62,164,19,11,12,25
2900,MC_SC_17_s03L_2900,10,5,3,0,0,0,0,40,25,0,2,5,19,2,0,6,0,0,2
2901,MC_SC_17_s03L_2901,10,5,2,0,65,0,9,2,3,158,11,2,14,20,0,8,2,9,5
2902,MC_SC_17_s03L_2902,10,8,5,98,31,8,16,49,50,27,12,1,25,13,127,54,34,2,27
2903,MC_SC_17_s03L_2903,10,5,4,78,25,0,9,1,5,8,18,0,14,9,32,23,5,23,36
2904,MC_SC_17_s03L_2904,10,4,2,0,49,0,33,2,20,117,15,7,14,30,0,17,0,71,2
2905,MC_SC_17_s03L_2905,10,1,1,0,0,0,0,0,0,0,1,1,0,5,10,0,0,0,0
2906,MC_SC_17_s03L_2906,10,7,3,0,21,0,22,13,43,4,25,35,16,38,59,17,2,3,32
2907,MC_SC_17_s03L_2907,10,5,4,0,0,0,0,20,15,0,1,2,8,1,0,5,0,0,0
2908,MC_SC_17_s03L_2908,10,7,4,142,50,6,28,77,90,57,19,0,13,3,117,50,33,17,27
2909,MC_SC_17_s03L_2909,10,11,5,149,22,0,39,37,78,7,3,59,81,38,0,27,2,68,19
2910,MC_SC_17_s03L_2910,10,2,1,0,12,0,4,17,8,3,4,8,5,3,4,3,0,17,15
2911,MC_SC_17_s03L_2911,10,4,3,0,6,0,20,54,36,2,86,6,12,15,0,16,2,37,15
2912,MC_SC_17_s03L_2912,10,4,2,0,27,0,25,9,2,11,39,25,18,34,19,20,2,6,3
2913,MC_SC_17_s03L_2913,10,4,2,0,32,0,52,37,5,179,14,3,19,38,66,27,0,11,22
2914,MC_SC_17_s03L_2914,10,6,3,1,23,0,38,109,56,97,30,2,47,3,13,16,8,40,6
2915,MC_SC_17_s03L_2915,10,2,1,1,11,1,15,7,0,8,28,13,7,15,0,5,0,1,4
2916,MC_SC_17_s03L_2916,10,2,1,1,8,0,8,2,1,74,0,0,13,17,0,0,0,56,0
2917,MC_SC_17_s03L_2917,10,4,2,0,26,2,15,11,22,384,37,19,33,87,206,55,14,6,52
2918,MC_SC_17_s03L_2918,10,4,2,0,16,0,23,45,43,2,19,2,38,30,0,17,2,16,25
2919,MC_SC_17_s03L_2919,10,4,2,2,28,0,17,6,2,88,4,27,27,43,20,26,16,65,52
2920,MC_SC_17_s03L_2920,10,1,1,0,0,0,1,0,0,3,0,0,0,0,0,2,0,0,1
2921,MC_SC_17_s03L_2921,10,4,3,1,15,0,31,3,23,129,23,40,18,2,32,28,7,89,47
2922,MC_SC_17_s03L_2922,10,1,1,0,11,5,4,11,30,2,8,4,1,2,0,21,2,0,3
2923,MC_SC_17_s03L_2923,10,6,3,0,65,1,49,17,4,299,26,21,30,63,5,49,23,13,45
2924,MC_SC_17_s03L_2924,10,2,1,1,27,0,5,71,35,71,14,11,17,15,5,8,0,20,27
2925,MC_SC_17_s03L_2925,10,1,1,0,1,1,3,30,17,0,38,2,10,1,0,4,0,11,4
2926,MC_SC_17_s03L_2926,10,6,4,1,40,4,55,12,9,225,48,6,12,62,104,29,10,6,50
2927,MC_SC_17_s03L_2927,10,4,2,0,7,2,0,34,35,13,3,4,8,1,0,3,0,0,0
2928,MC_SC_17_s03L_2928,10,3,2,1,7,5,14,58,2,2,0,6,6,18,2,7,4,39,0
2929,MC_SC_17_s03L_2929,10,5,3,0,22,0,31,2,0,81,5,2,12,8,16,8,1,21,19
2930,MC_SC_17_s03L_2930,10,4,1,0,3,1,5,36,25,6,0,1,8,6,1,7,1,3,0
2931,MC_SC_17_s03L_2931,10,1,1,5,0,5,3,1,0,3,1,0,0,0,0,0,0,0,1
2932,MC_SC_17_s03L_2932,10,4,3,2,25,0,71,4,6,117,10,13,15,52,1,14,4,77,0
2933,MC_SC_17_s03L_2933,10,9,3,0,13,6,6,85,61,12,16,20,33,10,5,18,4,15,20
2934,MC_SC_17_s03L_2934,10,4,3,0,31,26,61,1,0,14,37,28,17,43,59,39,5,43,53
2935,MC_SC_17_s03L_2935,10,5,2,0,2,0,0,41,11,2,7,3,25,0,0,4,2,0,0
2936,MC_SC_17_s03L_2936,10,1,1,0,0,0,0,1,2,3,0,0,0,0,0,0,0,0,0
2937,MC_SC_17_s03L_2937,10,3,2,2,9,0,7,4,1,25,0,5,8,13,11,5,0,1,1
2938,MC_SC_17_s03L_2938,10,9,2,0,93,4,8,1,42,215,49,1,12,62,10,15,16,194,32
2939,MC_SC_17_s03L_2939,10,7,6,0,52,0,21,1,36,108,28,30,21,0,7,14,3,65,40
2940,MC_SC_17_s03L_2940,10,4,3,0,2,4,10,13,16,0,58,1,31,19,0,6,0,5,13
2941,MC_SC_17_s03L_2941,10,3,2,0,16,2,8,7,10,7,0,0,16,5,1,16,6,12,0
2942,MC_SC_17_s03L_2942,10,1,1,23,0,0,0,11,4,0,0,0,0,1,0,0,0,0,4
2943,MC_SC_17_s03L_2943,10,5,4,0,30,0,22,3,1,61,35,0,13,15,11,19,0,9,3
2944,MC_SC_17_s03L_2944,10,5,4,0,47,0,8,78,51,128,24,33,23,44,2,34,0,57,39
2945,MC_SC_17_s03L_2945,10,5,3,1,12,0,36,4,24,77,23,36,9,1,20,12,3,26,37
2946,MC_SC_17_s03L_2946,10,7,4,1,15,1,28,44,25,102,23,2,18,0,9,20,2,32,4
2947,MC_SC_17_s03L_2947,10,9,6,0,81,9,60,14,253,298,48,20,36,143,175,56,34,31,6
2948,MC_SC_17_s03L_2948,10,1,1,0,3,0,3,0,8,0,2,3,4,17,0,16,0,27,0
2949,MC_SC_17_s03L_2949,10,5,2,0,15,19,8,65,83,28,21,37,27,12,37,43,16,9,42
2950,MC_SC_17_s03L_2950,10,1,1,0,0,0,6,0,18,34,4,0,0,5,2,10,0,0,5
2951,MC_SC_17_s03L_2951,10,3,2,0,9,0,19,28,1,10,12,1,10,15,2,3,4,0,0
2952,MC_SC_17_s03L_2952,10,1,1,0,5,0,3,2,2,0,1,6,2,5,0,17,0,26,0
2953,MC_SC_17_s03L_2953,10,1,1,0,1,0,0,0,1,0,0,3,0,1,0,0,2,0,0
2954,MC_SC_17_s03L_2954,10,7,4,116,39,72,32,74,96,43,14,0,18,18,96,88,37,8,41
2955,MC_SC_17_s03L_2955,10,1,1,1,2,3,1,1,3,5,0,2,1,1,1,0,15,2,0
2956,MC_SC_17_s03L_2956,10,11,7,0,10,7,160,73,402,270,109,127,30,81,4,61,18,42,2
2957,MC_SC_17_s03L_2957,10,4,2,0,9,0,13,16,3,145,30,2,40,2,31,24,7,7,1
2958,MC_SC_17_s03L_2958,10,4,2,0,25,0,66,2,21,35,3,23,8,60,26,26,4,32,41
2959,MC_SC_17_s03L_2959,10,3,2,0,5,0,17,1,0,15,0,1,4,12,0,14,2,0,4
2960,MC_SC_17_s03L_2960,10,3,2,0,3,0,33,5,46,86,21,1,10,50,0,32,4,38,1
2961,MC_SC_17_s03L_2961,10,4,3,0,1,0,0,102,29,1,2,10,26,6,2,17,4,5,0
2962,MC_SC_17_s03L_2962,10,4,2,0,0,0,0,52,25,0,3,2,8,0,0,4,0,1,4
2963,MC_SC_17_s03L_2963,10,9,7,0,54,0,35,26,64,29,45,0,16,7,0,19,5,13,0
2964,MC_SC_17_s03L_2964,10,13,6,0,37,0,61,5,249,153,56,13,65,110,161,60,16,39,0
2965,MC_SC_17_s03L_2965,10,2,1,0,16,0,27,39,27,0,2,22,23,17,4,31,2,27,5
2966,MC_SC_17_s03L_2966,10,2,2,0,5,0,20,7,0,18,0,1,12,11,2,19,0,0,0
2967,MC_SC_17_s03L_2967,10,5,3,3,28,0,0,9,43,104,58,3,7,103,5,8,10,152,33
2968,MC_SC_17_s03L_2968,10,3,2,0,10,4,19,84,101,18,33,40,35,11,51,30,13,34,45
2969,MC_SC_17_s03L_2969,10,7,5,1,10,2,1,29,24,2,0,4,7,0,1,4,5,1,0
2970,MC_SC_17_s03L_2970,10,1,1,0,11,0,57,11,10,39,10,7,19,48,0,12,2,78,24
2971,MC_SC_17_s03L_2971,10,10,7,0,9,3,59,12,95,318,100,42,30,85,149,48,10,31,14
2972,MC_SC_17_s03L_2972,10,4,3,0,96,72,167,9,262,16,51,55,19,101,189,82,10,6,24
2973,MC_SC_17_s03L_2973,10,7,5,1,33,3,39,47,67,3,70,2,52,36,33,29,5,31,30
2974,MC_SC_17_s03L_2974,10,8,4,0,23,4,73,29,3,191,27,4,42,9,82,105,11,12,9
2975,MC_SC_17_s03L_2975,10,8,7,77,58,0,3,3,5,10,14,4,1,19,67,10,135,3,12
2976,MC_SC_17_s03L_2976,10,8,4,94,71,6,252,27,26,48,41,205,50,83,260,76,345,42,49
2977,MC_SC_17_s03L_2977,10,1,1,17,15,0,11,0,0,0,7,10,4,8,25,9,19,1,4
2978,MC_SC_17_s03L_2978,10,7,5,0,31,0,61,3,1,49,18,16,41,60,16,47,0,96,71
2979,MC_SC_17_s03L_2979,10,3,1,1,16,40,28,41,64,13,5,20,6,23,33,35,6,7,8
2980,MC_SC_17_s03L_2980,10,6,3,0,118,99,176,11,224,16,52,6,20,72,231,110,19,11,27
2981,MC_SC_17_s03L_2981,10,6,4,228,151,0,100,23,15,10,55,151,64,54,358,144,399,35,18
2982,MC_SC_17_s03L_2982,10,7,2,3,20,36,29,34,63,60,3,1,21,8,5,13,63,165,2
2983,MC_SC_17_s03L_2983,10,10,7,68,69,3,6,5,6,23,13,0,6,3,13,25,90,10,20
2984,MC_SC_17_s03L_2984,10,8,4,98,107,10,18,16,14,90,29,31,25,44,209,97,442,58,61
2985,MC_SC_17_s03L_2985,10,8,5,0,2,42,25,19,87,38,30,14,9,16,49,9,21,2,13
2986,MC_SC_17_s03L_2986,10,3,2,1,1,0,11,16,8,49,3,0,0,0,4,0,0,0,0
2987,MC_SC_17_s03L_2987,10,4,3,0,22,0,79,10,9,105,20,19,23,63,39,46,9,88,74
2988,MC_SC_17_s03L_2988,10,6,4,189,52,33,14,25,46,108,82,71,25,81,252,87,369,38,69
2989,MC_SC_17_s03L_2989,10,10,4,131,102,11,43,6,11,38,21,7,16,2,165,57,289,28,41
2990,MC_SC_17_s03L_2990,10,1,1,0,5,0,2,0,2,27,8,6,4,0,4,8,0,0,0
2991,MC_SC_17_s03L_2991,10,1,1,14,0,0,0,1,5,0,1,0,0,1,1,0,14,0,0
2992,MC_SC_17_s03L_2992,10,4,1,0,10,0,50,1,0,29,2,26,21,6,0,2,0,25,28
2993,MC_SC_17_s03L_2993,10,1,1,0,3,0,15,42,3,2,8,6,18,25,1,0,0,0,0
2994,MC_SC_17_s03L_2994,10,5,3,29,17,9,11,10,5,39,7,23,18,9,119,35,223,19,27
2995,MC_SC_17_s03L_2995,10,11,8,65,43,1,6,7,42,29,36,44,13,31,161,48,208,21,72
2996,MC_SC_17_s03L_2996,10,5,3,63,60,1,7,16,22,6,57,101,29,24,240,98,217,25,57
2997,MC_SC_17_s03L_2997,10,10,4,110,35,7,6,3,0,27,9,0,4,26,94,27,188,11,4
2998,MC_SC_17_s03L_2998,10,8,6,0,266,0,27,15,149,347,84,92,38,222,93,13,9,389,92
2999,MC_SC_17_s03L_2999,10,6,3,0,115,2,52,18,96,500,107,187,38,233,301,92,62,336,104
3000,MC_SC_17_s03L_3000,10,3,2,0,44,0,107,15,0,127,10,20,15,53,83,10,9,161,67
3001,MC_SC_17_s03L_3001,10,3,2,0,21,2,76,8,1,87,6,7,19,28,1,25,30,91,53
3002,MC_SC_17_s03L_3002,10,5,3,1,12,0,33,5,1,55,1,16,20,36,27,30,0,11,2
3003,MC_SC_17_s03L_3003,10,1,1,0,12,1,8,0,0,30,1,0,6,7,0,8,19,28,12
3004,MC_SC_17_s03L_3004,10,2,1,0,0,5,3,67,21,10,11,1,6,25,0,2,1,0,4
3005,MC_SC_17_s03L_3005,10,6,4,0,66,5,258,8,116,451,4,67,34,115,70,127,78,523,141
3006,MC_SC_17_s03L_3006,10,6,3,1,158,3,220,9,3,555,11,99,26,66,140,128,41,94,142
3007,MC_SC_17_s03L_3007,10,1,1,0,2,0,15,0,6,29,5,11,2,4,28,0,0,0,0
3008,MC_SC_17_s03L_3008,10,8,4,0,64,0,136,4,0,133,14,46,32,73,96,30,13,70,25
3009,MC_SC_17_s03L_3009,10,8,5,0,155,0,231,4,16,374,43,44,21,29,148,236,38,85,131
3010,MC_SC_17_s03L_3010,10,8,5,56,79,1,69,3,7,8,10,59,13,48,48,62,189,46,53
3011,MC_SC_17_s03L_3011,10,11,7,0,110,0,81,4,10,138,40,98,20,79,140,107,23,190,95
3012,MC_SC_17_s03L_3012,10,6,4,0,13,0,46,1,0,40,12,19,15,31,12,25,0,9,37
3013,MC_SC_17_s03L_3013,10,8,4,0,34,0,0,0,34,40,18,22,13,43,23,21,22,182,57
3014,MC_SC_17_s03L_3014,10,9,4,67,66,3,32,6,18,27,14,2,11,109,43,50,306,8,28
3015,MC_SC_17_s03L_3015,10,6,2,56,13,0,2,6,24,0,16,0,10,30,0,22,80,21,13
3016,MC_SC_17_s03L_3016,10,12,8,57,55,2,40,0,9,6,16,4,3,53,94,64,216,16,22
3017,MC_SC_17_s03L_3017,10,3,2,0,1,0,3,3,9,11,17,0,8,21,0,5,0,35,4
3018,MC_SC_17_s03L_3018,10,10,7,0,21,0,63,4,24,64,7,11,14,37,34,25,18,4,48
3019,MC_SC_17_s03L_3019,10,5,2,29,11,0,14,6,16,3,6,18,8,28,31,24,28,23,18
3020,MC_SC_17_s03L_3020,10,7,5,150,51,0,83,14,7,3,25,28,12,30,0,32,223,27,30
3021,MC_SC_17_s03L_3021,10,8,6,17,17,2,2,4,4,14,0,3,4,2,0,0,0,3,0
3022,MC_SC_17_s03L_3022,10,2,1,0,0,0,11,0,40,7,0,0,0,2,0,0,4,27,1
3023,MC_SC_17_s03L_3023,10,1,1,0,15,0,3,0,0,45,1,2,0,11,0,8,2,0,2
3024,MC_SC_17_s03L_3024,10,8,3,60,26,1,108,6,4,17,19,3,16,20,55,5,11,6,11
3025,MC_SC_17_s03L_3025,10,7,5,0,61,0,151,2,4,246,13,30,30,99,67,64,0,15,61
3026,MC_SC_17_s03L_3026,10,4,2,0,6,0,16,4,22,19,0,15,14,4,21,2,0,22,0
3027,MC_SC_17_s03L_3027,10,6,3,0,48,0,145,8,193,218,49,49,17,92,7,112,8,35,88
3028,MC_SC_17_s03L_3028,10,10,7,129,73,2,31,12,7,35,32,69,12,33,106,34,51,9,4
3029,MC_SC_17_s03L_3029,10,1,1,0,19,0,50,41,0,18,4,0,2,13,2,3,0,4,0
3030,MC_SC_17_s03L_3030,10,9,5,79,35,0,37,11,1,13,6,9,38,26,116,29,19,16,15
3031,MC_SC_17_s03L_3031,10,5,3,0,92,0,136,7,3,228,12,4,58,87,54,4,0,85,37
3032,MC_SC_17_s03L_3032,10,5,3,1,62,0,104,9,5,237,30,12,38,58,51,15,0,43,36
3033,MC_SC_17_s03L_3033,10,5,3,0,63,1,59,6,50,140,24,17,22,22,34,37,9,70,1
3034,MC_SC_17_s03L_3034,10,6,3,1,38,4,56,12,5,113,21,15,15,45,38,25,4,5,43
3035,MC_SC_17_s03L_3035,10,3,2,1,49,0,39,1,22,120,11,41,18,51,10,26,0,27,0
3036,MC_SC_17_s03L_3036,10,11,7,41,45,0,23,10,8,0,17,20,11,10,108,24,59,9,4
3037,MC_SC_17_s03L_3037,10,7,4,92,80,7,41,27,37,75,40,69,38,116,135,21,247,10,29
3038,MC_SC_17_s03L_3038,10,3,1,0,8,0,5,32,0,44,0,19,11,21,3,9,0,0,1
3039,MC_SC_17_s03L_3039,10,1,1,0,0,0,0,0,0,0,1,0,0,0,0,0,0,0,0
3040,MC_SC_17_s03L_3040,10,3,2,0,16,6,30,1,10,0,13,27,42,14,12,12,0,4,5
3041,MC_SC_17_s03L_3041,10,1,1,0,1,0,6,0,0,0,0,0,1,1,2,0,0,0,0
3042,MC_SC_17_s03L_3042,10,3,1,4,32,0,16,6,0,99,0,18,24,26,53,36,12,11,1
3043,MC_SC_17_s03L_3043,10,3,2,2,15,0,49,13,5,101,1,22,4,30,45,15,28,16,1
3044,MC_SC_17_s03L_3044,10,1,1,0,1,0,29,0,0,0,0,2,2,3,0,0,0,0,0
3045,MC_SC_17_s03L_3045,10,6,3,62,37,0,27,0,5,8,17,40,13,54,112,5,155,9,30
3046,MC_SC_17_s03L_3046,10,5,3,0,11,0,10,3,7,78,1,0,47,37,8,23,0,62,0
3047,MC_SC_17_s03L_3047,10,5,4,58,13,1,69,7,15,4,5,19,11,23,34,29,221,33,59
3048,MC_SC_17_s03L_3048,10,2,1,0,0,0,33,0,0,9,41,18,14,0,0,8,0,28,32
3049,MC_SC_17_s03L_3049,10,2,1,0,9,0,17,0,0,44,0,17,14,11,16,11,0,8,1
3050,MC_SC_17_s03L_3050,11,2,1,55,0,0,17,53,35,6,2,4,21,3,28,9,0,0,2
3051,MC_SC_17_s03L_3051,11,2,1,20,0,0,3,14,8,0,1,8,3,1,4,6,0,0,0
3052,MC_SC_17_s03L_3052,11,1,1,0,1,16,12,0,9,0,0,0,0,4,5,0,0,9,1
3053,MC_SC_17_s03L_3053,11,10,7,0,9,27,37,1,21,15,1,0,4,17,32,0,2,27,1
3054,MC_SC_17_s03L_3054,11,5,3,64,5,45,47,10,42,6,40,16,16,3,20,19,0,3,2
3055,MC_SC_17_s03L_3055,11,1,1,0,2,0,7,0,0,4,0,5,1,18,3,2,0,7,0
3056,MC_SC_17_s03L_3056,11,4,2,58,7,0,35,66,11,6,5,12,3,3,0,8,3,11,3
3057,MC_SC_17_s03L_3057,11,3,2,0,9,0,7,73,20,0,0,6,27,29,7,0,25,0,0
3058,MC_SC_17_s03L_3058,11,5,3,2,3,0,47,89,22,64,10,33,24,39,8,10,0,8,0
3059,MC_SC_17_s03L_3059,11,3,2,0,4,0,4,0,7,0,0,0,0,2,11,1,0,0,0
3060,MC_SC_17_s03L_3060,11,5,4,0,2,0,14,1,4,2,0,0,20,9,0,2,0,86,7
3061,MC_SC_17_s03L_3061,11,9,2,70,20,0,74,7,18,19,2,11,18,46,96,35,32,38,29
3062,MC_SC_17_s03L_3062,11,5,4,55,0,12,25,2,2,14,1,1,4,11,8,1,8,33,3
3063,MC_SC_17_s03L_3063,11,4,3,0,6,0,59,41,6,97,6,1,5,4,35,0,2,9,1
3064,MC_SC_17_s03L_3064,11,9,6,108,22,6,107,2,23,8,0,9,11,25,51,26,10,35,25
3065,MC_SC_17_s03L_3065,11,5,2,0,3,0,55,0,8,53,25,14,6,44,7,0,0,6,4
3066,MC_SC_17_s03L_3066,11,4,3,62,12,0,18,52,28,0,11,8,24,3,3,13,2,5,27
3067,MC_SC_17_s03L_3067,11,8,5,0,19,0,54,4,0,78,16,0,13,23,19,8,0,31,2
3068,MC_SC_17_s03L_3068,11,1,1,44,1,0,12,0,0,0,0,1,2,8,9,5,6,18,0
3069,MC_SC_17_s03L_3069,11,2,1,0,5,0,6,1,29,0,1,0,2,15,19,5,5,2,0
3070,MC_SC_17_s03L_3070,11,3,2,0,10,0,55,2,1,86,15,22,13,52,7,4,2,32,1
3071,MC_SC_17_s03L_3071,11,8,5,0,34,0,86,1,3,146,38,23,30,63,53,5,3,94,0
3072,MC_SC_17_s03L_3072,11,2,2,0,15,0,46,0,2,45,0,1,9,12,7,10,0,67,0
3073,MC_SC_17_s03L_3073,11,7,3,0,8,0,41,2,0,71,10,4,6,29,30,0,0,0,2
3074,MC_SC_17_s03L_3074,11,5,2,0,6,0,44,11,5,162,2,13,15,31,17,4,0,1,0
3075,MC_SC_17_s03L_3075,11,2,2,0,12,0,13,1,25,98,4,2,5,6,23,4,0,0,1
3076,MC_SC_17_s03L_3076,11,3,3,0,8,0,5,1,0,23,1,0,0,2,0,2,0,17,0
3077,MC_SC_17_s03L_3077,11,4,3,0,15,0,29,1,0,40,12,9,3,6,0,0,2,2,5
3078,MC_SC_17_s03L_3078,11,4,2,0,12,6,39,4,39,11,15,5,25,6,3,1,0,21,0
3079,MC_SC_17_s03L_3079,11,2,2,1,2,0,9,8,0,78,0,0,2,4,12,2,13,0,0
3080,MC_SC_17_s03L_3080,11,7,6,0,10,1,54,3,0,93,28,5,6,8,28,5,0,30,0
3081,MC_SC_17_s03L_3081,11,6,3,0,9,0,66,3,9,19,1,15,31,11,3,20,2,54,0
3082,MC_SC_17_s03L_3082,11,4,1,0,10,0,27,20,0,23,1,8,5,30,0,0,0,26,0
3083,MC_SC_17_s03L_3083,11,8,6,0,20,0,56,0,2,156,20,17,11,9,30,9,5,99,0
3084,MC_SC_17_s03L_3084,11,15,7,0,4,0,37,1,0,71,0,4,4,43,15,6,0,27,0
3085,MC_SC_17_s03L_3085,11,1,1,0,2,0,0,0,4,0,0,0,0,1,0,0,0,1,0
3086,MC_SC_17_s03L_3086,11,5,3,0,16,1,76,83,86,0,9,9,26,42,25,8,5,175,8
3087,MC_SC_17_s03L_3087,11,4,3,0,24,0,49,1,0,104,4,18,28,26,3,18,0,5,2
3088,MC_SC_17_s03L_3088,11,6,2,50,17,0,34,1,4,5,0,3,9,26,2,0,17,73,0
3089,MC_SC_17_s03L_3089,11,3,2,0,21,0,116,2,8,81,2,3,19,3,16,12,0,41,0
3090,MC_SC_17_s03L_3090,11,6,2,0,26,0,87,3,0,86,8,0,7,30,0,19,0,74,6
3091,MC_SC_17_s03L_3091,11,2,2,0,11,0,74,0,0,21,1,27,19,31,20,2,0,23,13
3092,MC_SC_17_s03L_3092,11,2,1,0,12,0,63,1,0,21,0,15,10,16,0,5,0,12,12
3093,MC_SC_17_s03L_3093,11,15,7,0,13,27,31,3,59,31,1,3,59,41,0,7,13,202,13
3094,MC_SC_17_s03L_3094,11,5,3,0,12,7,27,2,8,11,0,1,19,17,0,3,3,87,5
3095,MC_SC_17_s03L_3095,11,9,7,0,24,13,69,1,13,20,1,0,28,15,0,0,2,97,5
3096,MC_SC_17_s03L_3096,11,4,2,0,26,0,35,1,2,102,37,6,43,29,37,7,0,2,1
3097,MC_SC_17_s03L_3097,11,5,2,0,7,26,63,3,37,31,0,0,6,13,57,14,0,17,13
3098,MC_SC_17_s03L_3098,11,3,1,2,10,0,52,2,0,58,0,5,3,25,0,3,0,41,0
3099,MC_SC_17_s03L_3099,11,7,3,0,16,19,62,7,17,44,9,1,48,2,55,16,19,17,12
3100,MC_SC_17_s03L_3100,11,6,2,0,9,0,41,0,0,91,6,14,16,61,6,1,2,42,15
3101,MC_SC_17_s03L_3101,11,6,2,0,8,1,44,80,5,95,20,15,9,8,9,0,2,22,0
3102,MC_SC_17_s03L_3102,11,5,4,0,11,13,40,4,19,14,0,0,18,26,0,0,11,119,3
3103,MC_SC_17_s03L_3103,11,2,2,15,37,61,6,1,0,9,2,2,1,0,0,0,0,0,0
3104,MC_SC_17_s03L_3104,11,3,2,54,12,5,45,8,21,2,17,6,20,7,0,29,0,3,4
3105,MC_SC_17_s03L_3105,11,3,2,0,4,0,38,0,0,23,16,2,11,21,21,4,0,18,0
3106,MC_SC_17_s03L_3106,11,3,2,0,30,0,91,1,9,35,8,50,15,21,23,9,0,64,10
3107,MC_SC_17_s03L_3107,11,7,3,153,4,27,34,26,47,32,4,4,16,6,60,68,20,0,6
3108,MC_SC_17_s03L_3108,11,5,1,0,21,0,52,0,0,100,12,15,16,85,20,3,0,25,19
3109,MC_SC_17_s03L_3109,11,3,2,0,52,40,70,13,88,18,16,1,43,4,69,37,5,10,20
3110,MC_SC_17_s03L_3110,11,4,3,1,13,25,104,5,16,9,0,0,24,11,24,9,1,1,22
3111,MC_SC_17_s03L_3111,11,8,5,1,12,0,205,2,1,165,56,5,42,82,161,29,5,82,7
3112,MC_SC_17_s03L_3112,11,1,1,0,2,1,7,8,3,14,0,0,1,1,0,0,3,11,0
3113,MC_SC_17_s03L_3113,11,4,3,0,10,0,95,3,29,96,1,20,14,1,29,22,8,90,4
3114,MC_SC_17_s03L_3114,11,2,1,1,34,0,91,3,6,85,2,13,25,51,21,8,0,35,31
3115,MC_SC_17_s03L_3115,11,1,1,0,4,1,3,0,7,4,0,0,1,2,4,0,0,0,1
3116,MC_SC_17_s03L_3116,11,1,1,3,16,3,1,1,0,3,0,2,1,3,0,0,0,4,0
3117,MC_SC_17_s03L_3117,11,6,4,0,14,9,11,2,34,4,2,1,20,8,0,0,4,102,7
3118,MC_SC_17_s03L_3118,11,5,1,54,8,8,8,2,1,0,0,7,12,11,10,6,0,11,3
3119,MC_SC_17_s03L_3119,11,2,1,0,6,4,0,0,0,1,0,0,0,0,0,0,0,0,0
3120,MC_SC_17_s03L_3120,11,4,2,1,8,44,119,4,12,19,2,0,23,18,60,29,1,3,30
3121,MC_SC_17_s03L_3121,11,4,1,0,9,3,33,0,0,1,1,7,4,2,0,0,0,2,5
3122,MC_SC_17_s03L_3122,11,1,1,0,6,0,19,0,9,0,2,0,8,1,0,1,0,18,2
3123,MC_SC_17_s03L_3123,11,5,4,1,14,5,40,1,25,5,0,0,14,6,0,0,3,129,4
3124,MC_SC_17_s03L_3124,11,1,1,0,7,6,10,1,27,0,4,1,1,4,0,0,0,11,0
3125,MC_SC_17_s03L_3125,11,1,1,0,5,0,13,0,0,17,14,0,0,0,3,6,2,11,2
3126,MC_SC_17_s03L_3126,11,3,2,60,21,2,23,52,1,0,7,4,8,2,0,14,0,2,3
3127,MC_SC_17_s03L_3127,11,2,2,0,20,0,72,2,0,5,1,14,12,3,0,6,0,22,8
3128,MC_SC_17_s03L_3128,11,7,2,1,12,0,5,21,46,58,1,0,0,35,0,9,10,3,0
3129,MC_SC_17_s03L_3129,11,7,3,0,14,0,23,0,0,46,7,5,3,10,16,0,0,19,0
3130,MC_SC_17_s03L_3130,11,1,1,0,7,0,58,0,0,30,0,5,3,13,4,6,0,21,0
3131,MC_SC_17_s03L_3131,11,7,6,0,15,3,86,0,26,8,0,0,0,8,0,14,7,16,17
3132,MC_SC_17_s03L_3132,11,4,2,0,15,0,25,2,0,8,0,6,13,1,0,7,0,5,10
3133,MC_SC_17_s03L_3133,11,2,1,44,0,0,23,15,19,0,24,1,13,5,0,13,3,0,18
3134,MC_SC_17_s03L_3134,11,2,2,37,12,0,26,36,6,0,6,1,5,4,0,7,0,0,0
3135,MC_SC_17_s03L_3135,11,5,5,0,3,0,49,0,0,42,0,10,13,13,10,0,0,7,5
3136,MC_SC_17_s03L_3136,11,8,2,143,59,57,81,50,10,24,17,0,21,24,11,28,4,5,44
3137,MC_SC_17_s03L_3137,11,4,1,0,0,0,48,0,5,0,1,10,15,11,0,10,0,41,9
3138,MC_SC_17_s03L_3138,11,1,1,0,28,0,36,30,0,0,31,12,65,0,4,29,0,41,0
3139,MC_SC_17_s03L_3139,11,8,3,0,10,0,78,0,20,0,0,1,26,7,0,11,3,8,24
3140,MC_SC_17_s03L_3140,11,4,3,1,8,3,47,13,2,8,25,1,11,21,1,6,6,0,1
3141,MC_SC_17_s03L_3141,11,2,1,27,6,2,2,34,21,0,6,6,10,0,0,13,0,1,0
3142,MC_SC_17_s03L_3142,11,10,8,107,40,3,39,14,65,15,22,2,26,16,71,39,12,12,43
3143,MC_SC_17_s03L_3143,11,7,2,0,4,0,61,84,23,160,5,1,27,27,6,84,9,15,34
3144,MC_SC_17_s03L_3144,11,5,3,0,9,0,21,3,23,47,7,0,13,19,26,34,2,12,19
3145,MC_SC_17_s03L_3145,11,2,1,0,3,0,32,13,19,16,1,0,11,2,6,7,0,66,2
3146,MC_SC_17_s03L_3146,11,2,1,1,14,0,14,41,71,91,1,7,9,15,6,8,5,14,5
3147,MC_SC_17_s03L_3147,11,2,1,0,0,0,2,0,0,0,0,0,0,0,0,0,0,0,0
3148,MC_SC_17_s03L_3148,11,5,5,0,12,0,69,0,5,92,0,13,1,15,13,2,6,25,3
3149,MC_SC_17_s03L_3149,11,3,1,0,0,0,0,0,0,0,0,0,0,0,0,0,0,0,0
3150,MC_SC_17_s03L_3150,11,2,1,0,3,0,12,55,37,21,0,9,10,17,2,10,0,13,3
3151,MC_SC_17_s03L_3151,11,5,2,1,29,2,132,2,73,241,70,1,20,40,106,50,6,9,17
3152,MC_SC_17_s03L_3152,11,7,4,138,39,1,24,4,53,16,34,23,18,20,69,67,13,17,6
3153,MC_SC_17_s03L_3153,11,2,1,0,2,0,30,4,3,3,12,0,10,10,7,1,0,2,7
3154,MC_SC_17_s03L_3154,11,4,3,0,5,0,30,1,0,23,0,30,6,41,2,10,3,47,34
3155,MC_SC_17_s03L_3155,11,10,6,73,30,21,61,20,48,54,26,1,19,29,158,60,37,29,4
3156,MC_SC_17_s03L_3156,11,3,2,83,12,0,2,35,35,0,3,3,18,4,0,9,0,7,25
3157,MC_SC_17_s03L_3157,11,6,3,111,8,0,50,2,16,0,1,2,9,12,14,46,0,1,7
3158,MC_SC_17_s03L_3158,11,3,2,0,5,0,65,3,0,58,1,0,3,23,13,8,7,74,3
3159,MC_SC_17_s03L_3159,11,3,3,106,19,0,15,57,3,9,16,1,6,3,2,12,0,1,0
3160,MC_SC_17_s03L_3160,11,10,7,78,11,0,24,15,43,13,34,0,22,11,36,37,16,8,6
3161,MC_SC_17_s03L_3161,11,3,2,1,4,0,20,15,6,38,0,20,8,16,2,4,0,1,3
3162,MC_SC_17_s03L_3162,11,1,1,59,5,0,28,4,72,11,12,0,2,19,30,28,17,0,10
3163,MC_SC_17_s03L_3163,11,2,1,43,8,0,16,2,2,0,1,7,21,10,0,63,0,16,0
3164,MC_SC_17_s03L_3164,11,1,1,0,5,3,20,0,0,75,3,4,3,5,24,3,7,4,0
3165,MC_SC_17_s03L_3165,11,10,8,86,16,45,37,0,47,45,20,5,13,21,55,50,31,5,6
3166,MC_SC_17_s03L_3166,11,1,1,0,9,0,22,17,2,52,5,16,11,19,6,16,0,3,0
3167,MC_SC_17_s03L_3167,11,6,3,0,2,2,14,3,15,0,25,2,11,21,7,1,0,32,16
3168,MC_SC_17_s03L_3168,11,6,2,4,23,64,72,90,93,11,16,14,20,16,44,0,0,1,0
3169,MC_SC_17_s03L_3169,11,3,2,0,7,0,50,10,1,61,7,5,26,10,8,21,0,67,10
3170,MC_SC_17_s03L_3170,11,2,1,1,6,0,17,0,3,14,4,1,34,17,2,10,0,10,21
3171,MC_SC_17_s03L_3171,11,1,1,0,0,0,0,0,0,0,0,0,0,0,0,0,0,0,0
3172,MC_SC_17_s03L_3172,11,4,3,0,8,29,108,8,32,6,3,1,11,5,75,21,9,31,47
3173,MC_SC_17_s03L_3173,11,2,1,0,4,0,6,13,2,11,0,19,6,8,4,11,0,0,1
3174,MC_SC_17_s03L_3174,11,4,3,0,1,0,28,0,1,32,18,7,3,28,0,3,0,49,51
3175,MC_SC_17_s03L_3175,11,3,2,1,7,0,0,2,0,10,6,1,11,8,6,6,0,7,0
3176,MC_SC_17_s03L_3176,11,2,1,1,20,0,43,2,2,3,6,31,8,15,0,3,2,43,17
3177,MC_SC_17_s03L_3177,11,2,1,0,22,0,5,1,0,7,0,0,0,38,0,0,0,4,0
3178,MC_SC_17_s03L_3178,11,4,3,0,5,0,57,3,5,78,30,9,7,11,41,17,0,7,13
3179,MC_SC_17_s03L_3179,11,3,2,3,22,11,67,5,1,0,9,0,17,0,2,19,0,119,7
3180,MC_SC_17_s03L_3180,11,3,1,0,21,0,28,1,5,78,0,2,10,0,6,3,0,13,0
3181,MC_SC_17_s03L_3181,11,3,2,0,13,4,12,38,2,7,21,11,4,6,0,16,3,11,17
3182,MC_SC_17_s03L_3182,11,4,2,0,11,1,7,67,29,5,54,4,10,5,0,8,0,2,8
3183,MC_SC_17_s03L_3183,11,4,2,0,7,0,7,0,0,0,0,0,0,0,0,0,0,0,0
3184,MC_SC_17_s03L_3184,11,1,1,0,2,0,3,0,8,9,3,1,0,1,0,1,0,0,0
3185,MC_SC_17_s03L_3185,11,3,2,0,3,1,79,3,0,90,1,12,6,14,8,0,12,53,0
3186,MC_SC_17_s03L_3186,11,3,2,0,11,0,4,2,9,36,10,16,47,37,2,23,2,55,11
3187,MC_SC_17_s03L_3187,11,1,1,0,0,0,0,0,0,0,0,0,0,0,0,0,0,0,0
3188,MC_SC_17_s03L_3188,11,4,3,95,52,0,13,0,52,0,5,0,0,25,0,2,0,9,1
3189,MC_SC_17_s03L_3189,11,1,1,0,0,0,0,0,0,0,0,0,0,0,0,0,0,0,2
3190,MC_SC_17_s03L_3190,11,6,3,0,4,0,0,14,13,55,2,24,6,15,0,23,0,7,23
3191,MC_SC_17_s03L_3191,11,4,2,0,7,2,20,2,33,0,33,0,6,13,0,11,0,6,9
3192,MC_SC_17_s03L_3192,11,6,3,73,14,0,12,25,69,2,28,3,15,9,0,17,4,37,10
3193,MC_SC_17_s03L_3193,11,4,3,0,12,6,7,0,0,0,3,7,4,11,0,0,7,2,6
3194,MC_SC_17_s03L_3194,11,2,1,1,7,0,6,4,2,10,1,3,14,1,2,5,0,16,0
3195,MC_SC_17_s03L_3195,11,1,1,46,6,0,3,0,5,2,2,0,14,4,0,1,0,8,14
3196,MC_SC_17_s03L_3196,11,3,3,1,25,4,8,5,16,5,28,18,14,20,0,9,0,45,0
3197,MC_SC_17_s03L_3197,11,2,1,31,2,0,3,0,11,0,7,6,20,31,0,20,0,14,28
3198,MC_SC_17_s03L_3198,11,1,1,0,0,0,0,0,0,0,0,0,0,0,0,0,0,0,0
3199,MC_SC_17_s03L_3199,11,1,1,0,0,0,0,0,0,0,0,0,0,0,0,0,0,0,0
3200,MC_SC_17_s03L_3200,11,2,1,45,5,0,1,0,11,0,2,3,12,2,0,1,0,8,16
3201,MC_SC_17_s03L_3201,11,3,2,39,1,0,5,1,34,0,7,6,4,24,0,1,0,1,0
3202,MC_SC_17_s03L_3202,11,4,1,0,5,0,4,0,2,0,1,0,0,3,0,0,0,5,0
3203,MC_SC_17_s03L_3203,11,4,2,0,8,0,61,4,0,56,10,13,10,40,0,7,0,32,41
3204,MC_SC_17_s03L_3204,11,3,2,83,9,0,6,1,81,3,1,17,39,16,0,13,0,61,31
3205,MC_SC_17_s03L_3205,11,3,2,55,31,0,1,40,27,0,7,21,25,0,0,2,0,0,0
3206,MC_SC_17_s03L_3206,11,7,2,3,19,0,5,1,12,8,0,0,10,5,0,11,2,16,0
3207,MC_SC_17_s03L_3207,11,4,3,0,15,0,0,13,1,16,1,40,5,21,0,15,0,0,11
3208,MC_SC_17_s03L_3208,11,6,3,0,59,0,92,2,8,94,66,7,20,5,18,8,2,6,12
3209,MC_SC_17_s03L_3209,11,1,1,2,1,0,5,4,3,0,2,0,0,0,0,0,0,0,18
3210,MC_SC_17_s03L_3210,11,1,1,0,1,0,0,0,9,0,0,0,0,2,0,1,0,0,0
3211,MC_SC_17_s03L_3211,11,2,1,48,4,0,10,4,17,0,12,13,27,32,0,5,0,31,12
3212,MC_SC_17_s03L_3212,11,3,1,0,8,0,4,5,5,11,4,28,6,15,0,33,0,2,28
3213,MC_SC_17_s03L_3213,11,5,3,0,22,26,53,30,160,6,17,10,20,48,36,34,8,25,8
3214,MC_SC_17_s03L_3214,11,5,3,0,58,10,27,15,79,18,15,0,22,31,10,18,0,10,5
3215,MC_SC_17_s03L_3215,11,2,1,31,3,0,3,1,0,0,0,7,9,10,0,9,0,21,28
3216,MC_SC_17_s03L_3216,11,2,2,1,4,0,4,58,31,0,7,37,3,2,0,11,2,4,2
3217,MC_SC_17_s03L_3217,11,3,2,0,32,0,65,6,10,72,20,5,13,41,20,3,0,17,10
3218,MC_SC_17_s03L_3218,11,2,1,25,22,0,0,0,7,0,15,8,1,4,0,0,3,16,3
3219,MC_SC_17_s03L_3219,11,5,2,5,42,1,1,2,11,3,7,18,24,47,30,31,6,15,49
3220,MC_SC_17_s03L_3220,11,3,2,0,10,0,16,3,7,64,2,0,11,31,0,18,10,82,40
3221,MC_SC_17_s03L_3221,11,3,1,15,7,0,30,5,7,0,19,33,28,30,6,13,0,14,10
3222,MC_SC_17_s03L_3222,11,2,1,69,14,0,0,1,9,0,5,8,29,7,0,9,0,32,39
3223,MC_SC_17_s03L_3223,11,6,3,0,25,5,108,6,40,164,30,1,10,28,36,21,4,7,10
3224,MC_SC_17_s03L_3224,11,4,2,67,24,0,21,3,20,6,3,2,37,34,16,23,7,37,45
3225,MC_SC_17_s03L_3225,11,3,1,52,11,0,1,3,44,0,7,1,13,15,0,4,0,0,5
3226,MC_SC_17_s03L_3226,11,6,3,1,2,0,48,50,165,29,47,40,13,62,0,13,0,18,0
3227,MC_SC_17_s03L_3227,11,5,3,74,30,0,49,30,113,8,21,29,11,64,50,20,12,43,70
3228,MC_SC_17_s03L_3228,11,1,1,0,0,0,0,0,1,0,0,1,0,3,3,1,0,0,0
3229,MC_SC_17_s03L_3229,11,5,3,110,31,0,20,4,87,7,50,1,16,21,6,34,2,12,38
3230,MC_SC_17_s03L_3230,11,6,3,5,8,13,41,7,316,70,19,0,103,23,18,42,73,199,20
3231,MC_SC_17_s03L_3231,11,1,1,0,0,0,1,2,0,33,1,1,0,0,1,0,0,0,2
3232,MC_SC_17_s03L_3232,11,3,2,0,2,0,0,71,61,2,1,0,20,7,1,16,1,0,0
3233,MC_SC_17_s03L_3233,11,4,3,0,4,0,73,14,6,5,15,1,19,24,14,11,2,5,19
3234,MC_SC_17_s03L_3234,11,6,4,1,8,0,11,3,108,50,30,45,33,5,0,16,12,28,3
3235,MC_SC_17_s03L_3235,11,2,1,0,15,0,3,2,0,76,0,0,4,21,11,2,10,77,0
3236,MC_SC_17_s03L_3236,11,6,2,22,20,0,38,6,22,4,76,80,50,68,63,73,1,20,34
3237,MC_SC_17_s03L_3237,11,3,2,1,27,0,8,4,0,32,6,13,6,11,0,5,0,24,5
3238,MC_SC_17_s03L_3238,11,4,3,1,45,0,59,20,2,180,20,3,23,34,63,20,0,21,11
3239,MC_SC_17_s03L_3239,11,3,2,59,26,4,48,11,10,13,77,69,51,69,64,35,14,33,23
3240,MC_SC_17_s03L_3240,11,2,2,133,41,0,1,56,42,7,1,31,32,4,0,16,0,8,0
3241,MC_SC_17_s03L_3241,11,1,1,0,0,0,1,0,0,0,0,0,0,0,0,0,0,0,0
3242,MC_SC_17_s03L_3242,11,5,2,0,54,30,43,54,103,37,36,1,41,63,126,105,28,12,20
3243,MC_SC_17_s03L_3243,11,4,3,0,2,0,3,76,7,3,5,9,13,0,0,4,0,2,0
3244,MC_SC_17_s03L_3244,11,4,2,46,15,3,6,5,4,0,5,4,29,0,12,24,0,31,60
3245,MC_SC_17_s03L_3245,11,4,3,51,5,0,0,2,13,2,7,5,9,10,2,9,0,11,12
3246,MC_SC_17_s03L_3246,11,3,3,40,29,0,1,51,13,0,8,10,22,2,0,0,0,47,0
3247,MC_SC_17_s03L_3247,11,3,2,0,20,5,10,2,4,5,6,17,29,19,0,7,7,24,2
3248,MC_SC_17_s03L_3248,11,5,3,1,77,1,72,13,97,257,42,25,16,88,130,61,3,2,41
3249,MC_SC_17_s03L_3249,11,4,3,73,8,1,26,2,7,12,40,3,61,16,8,12,9,65,53
3250,MC_SC_17_s03L_3250,11,2,2,0,39,1,34,0,52,111,11,14,8,49,70,35,16,0,7
3251,MC_SC_17_s03L_3251,11,4,2,2,35,0,43,12,45,172,8,17,38,39,34,27,9,59,45
3252,MC_SC_17_s03L_3252,11,4,2,0,5,0,1,102,38,10,23,0,12,1,0,6,0,0,0
3253,MC_SC_17_s03L_3253,11,14,2,4,51,6,14,34,71,10,6,0,39,49,47,33,16,9,2
3254,MC_SC_17_s03L_3254,11,8,3,0,44,1,114,3,43,54,9,44,3,11,12,64,19,64,1
3255,MC_SC_17_s03L_3255,11,4,3,3,0,3,1,60,30,3,5,0,14,0,2,8,0,1,3
3256,MC_SC_17_s03L_3256,11,11,4,134,57,29,21,35,56,10,25,21,22,59,65,32,7,49,23
3257,MC_SC_17_s03L_3257,11,6,3,0,89,4,24,2,1,163,85,37,19,58,61,70,11,3,8
3258,MC_SC_17_s03L_3258,11,1,1,12,5,0,6,1,6,0,0,0,0,0,2,1,0,0,3
3259,MC_SC_17_s03L_3259,11,5,3,0,62,0,23,2,0,104,10,12,21,12,3,23,0,23,9
3260,MC_SC_17_s03L_3260,11,1,1,0,21,0,36,0,17,13,6,11,0,9,2,12,6,12,0
3261,MC_SC_17_s03L_3261,11,3,1,4,41,12,1,4,3,0,10,3,6,7,15,12,4,1,18
3262,MC_SC_17_s03L_3262,11,2,1,2,9,0,29,19,4,46,10,0,6,0,0,4,0,24,4
3263,MC_SC_17_s03L_3263,11,3,1,0,13,0,1,1,3,0,39,2,6,14,0,30,2,61,0
3264,MC_SC_17_s03L_3264,11,6,5,99,62,4,26,0,17,1,3,0,1,3,1,12,8,1,9
3265,MC_SC_17_s03L_3265,11,3,2,59,11,0,8,1,29,0,1,1,21,0,0,4,0,13,22
3266,MC_SC_17_s03L_3266,11,5,3,0,5,0,10,56,24,11,78,5,6,17,2,14,0,41,19
3267,MC_SC_17_s03L_3267,11,5,3,2,33,2,11,64,19,143,27,2,26,11,17,51,15,34,13
3268,MC_SC_17_s03L_3268,11,3,2,0,16,6,35,3,0,6,26,14,8,18,25,11,5,7,3
3269,MC_SC_17_s03L_3269,11,1,1,47,8,15,7,3,35,2,0,2,1,1,0,6,0,0,7
3270,MC_SC_17_s03L_3270,11,5,3,2,25,0,21,55,23,100,41,0,40,2,0,16,0,19,6
3271,MC_SC_17_s03L_3271,11,4,2,81,27,2,35,9,24,3,11,21,14,18,0,20,4,56,12
3272,MC_SC_17_s03L_3272,11,4,3,17,15,8,13,5,87,0,6,16,14,19,4,35,2,21,11
3273,MC_SC_17_s03L_3273,11,3,2,2,3,0,3,35,12,0,17,1,19,8,0,4,0,22,14
3274,MC_SC_17_s03L_3274,11,3,1,24,22,2,7,25,2,0,2,0,15,5,3,10,2,3,1
3275,MC_SC_17_s03L_3275,11,4,3,0,44,35,93,37,65,6,15,34,26,10,104,46,2,13,0
3276,MC_SC_17_s03L_3276,11,5,3,0,19,0,43,73,30,122,39,1,22,0,12,34,3,29,4
3277,MC_SC_17_s03L_3277,11,5,3,81,7,3,1,0,49,0,0,0,32,2,13,2,0,13,52
3278,MC_SC_17_s03L_3278,11,1,1,0,0,0,0,0,0,0,0,0,0,0,0,0,0,10,0
3279,MC_SC_17_s03L_3279,11,6,4,0,6,0,0,1,1,18,8,8,6,30,3,14,0,71,6
3280,MC_SC_17_s03L_3280,11,5,3,0,2,0,44,2,1,4,1,2,19,30,3,29,4,67,0
3281,MC_SC_17_s03L_3281,11,5,3,0,47,0,36,9,3,97,18,10,14,3,53,19,4,14,5
3282,MC_SC_17_s03L_3282,11,6,2,0,15,0,14,2,1,63,12,0,13,28,0,9,3,4,32
3283,MC_SC_17_s03L_3283,11,4,2,0,1,0,6,34,26,8,0,7,13,1,0,4,5,1,1
3284,MC_SC_17_s03L_3284,11,4,2,1,1,0,0,47,6,0,30,0,52,23,5,16,0,44,26
3285,MC_SC_17_s03L_3285,11,3,3,0,17,0,46,6,1,88,8,34,10,29,0,6,6,41,37
3286,MC_SC_17_s03L_3286,11,1,1,20,6,0,8,4,9,0,1,4,12,10,0,3,0,6,18
3287,MC_SC_17_s03L_3287,11,1,1,0,22,0,14,0,0,0,3,6,6,14,0,6,0,0,1
3288,MC_SC_17_s03L_3288,11,5,3,40,11,0,4,1,25,0,10,13,15,20,0,17,0,7,9
3289,MC_SC_17_s03L_3289,11,4,2,0,26,2,7,29,1,47,11,24,15,53,13,46,14,90,5
3290,MC_SC_17_s03L_3290,11,6,2,46,14,0,10,3,18,0,0,18,35,22,3,19,2,11,15
3291,MC_SC_17_s03L_3291,11,1,1,0,3,0,0,0,3,2,2,0,0,2,2,2,0,0,1
3292,MC_SC_17_s03L_3292,11,5,3,0,54,3,11,22,3,155,25,1,17,9,11,29,12,0,11
3293,MC_SC_17_s03L_3293,11,4,3,118,48,13,2,87,135,17,8,0,29,5,70,44,6,9,61
3294,MC_SC_17_s03L_3294,11,4,2,0,23,1,33,6,49,6,70,14,14,72,0,18,5,19,28
3295,MC_SC_17_s03L_3295,11,4,2,71,15,0,2,32,16,2,3,0,11,1,4,17,0,11,28
3296,MC_SC_17_s03L_3296,11,8,6,0,142,0,11,37,5,182,134,6,15,48,65,74,38,8,11
3297,MC_SC_17_s03L_3297,11,2,1,0,2,0,21,25,2,0,25,1,19,13,6,6,0,45,17
3298,MC_SC_17_s03L_3298,11,1,1,0,6,0,14,39,1,2,22,12,35,7,5,15,5,11,21
3299,MC_SC_17_s03L_3299,11,4,3,0,10,0,21,6,1,32,3,3,18,6,0,17,4,69,2
3300,MC_SC_17_s03L_3300,11,6,4,0,16,0,10,48,59,0,1,11,10,0,28,5,0,20,2
3301,MC_SC_17_s03L_3301,11,3,2,0,2,0,1,0,0,0,1,0,4,0,0,0,0,3,0
3302,MC_SC_17_s03L_3302,11,5,3,0,12,0,46,7,6,119,34,2,24,60,23,41,12,36,32
3303,MC_SC_17_s03L_3303,11,2,2,0,5,0,0,76,52,0,4,6,24,25,0,10,0,3,0
3304,MC_SC_17_s03L_3304,11,3,2,0,10,0,7,0,0,0,29,9,9,21,0,4,0,0,0
3305,MC_SC_17_s03L_3305,11,2,1,0,19,0,69,4,8,1,13,16,15,8,2,3,0,9,23
3306,MC_SC_17_s03L_3306,11,3,1,71,45,0,10,8,58,0,0,5,22,6,0,1,0,41,20
3307,MC_SC_17_s03L_3307,11,3,3,3,5,0,4,2,3,42,4,5,14,0,11,14,2,51,22
3308,MC_SC_17_s03L_3308,11,6,4,0,97,3,161,16,295,565,41,29,21,77,231,42,20,14,6
3309,MC_SC_17_s03L_3309,11,3,1,77,26,48,6,27,19,34,14,0,13,4,70,41,25,2,4
3310,MC_SC_17_s03L_3310,11,1,1,0,3,0,0,0,9,0,1,2,5,7,0,15,2,21,0
3311,MC_SC_17_s03L_3311,11,5,2,2,116,95,223,145,267,60,142,75,34,105,28,96,25,13,13
3312,MC_SC_17_s03L_3312,11,4,2,0,4,5,4,42,35,11,0,8,24,26,29,26,9,8,3
3313,MC_SC_17_s03L_3313,11,7,2,98,26,46,13,106,66,15,4,2,10,0,41,18,6,3,35
3314,MC_SC_17_s03L_3314,11,3,2,0,2,1,0,65,26,2,1,2,30,14,0,25,0,3,2
3315,MC_SC_17_s03L_3315,11,2,1,88,13,3,0,77,42,10,4,8,19,5,8,19,7,42,41
3316,MC_SC_17_s03L_3316,11,3,3,1,69,14,74,16,19,11,15,11,59,90,10,43,11,17,78
3317,MC_SC_17_s03L_3317,11,3,1,1,3,0,14,15,3,30,5,15,18,13,5,11,2,17,36
3318,MC_SC_17_s03L_3318,11,3,2,0,18,1,4,1,2,84,0,0,16,16,0,1,4,85,0
3319,MC_SC_17_s03L_3319,11,3,1,0,2,0,28,1,1,52,0,18,13,7,5,15,0,17,1
3320,MC_SC_17_s03L_3320,11,8,1,2,56,4,36,4,3,117,2,1,3,9,62,8,6,0,0
3321,MC_SC_17_s03L_3321,11,6,3,161,57,22,9,105,99,21,20,1,12,3,15,29,8,6,41
3322,MC_SC_17_s03L_3322,11,2,1,2,16,0,1,5,0,11,4,17,14,2,2,10,0,26,0
3323,MC_SC_17_s03L_3323,11,9,7,2,30,2,14,94,74,1,1,42,38,2,10,16,3,73,2
3324,MC_SC_17_s03L_3324,11,3,2,0,2,0,0,116,61,7,0,0,25,40,0,14,0,0,1
3325,MC_SC_17_s03L_3325,11,4,1,70,25,7,9,61,48,7,0,6,4,0,0,8,4,15,13
3326,MC_SC_17_s03L_3326,11,4,3,0,0,0,0,54,27,1,7,0,21,15,0,6,0,0,0
3327,MC_SC_17_s03L_3327,11,3,2,0,0,0,2,95,32,9,8,3,15,0,0,8,0,0,0
3328,MC_SC_17_s03L_3328,11,3,2,0,2,0,0,59,4,3,0,4,16,11,0,13,2,1,1
3329,MC_SC_17_s03L_3329,11,1,1,0,14,2,25,2,17,4,14,9,12,11,0,26,0,35,0
3330,MC_SC_17_s03L_3330,11,7,5,3,32,0,2,61,3,47,10,9,18,22,0,12,0,34,13
3331,MC_SC_17_s03L_3331,11,4,2,1,23,13,42,79,68,7,56,28,15,58,0,38,8,5,1
3332,MC_SC_17_s03L_3332,11,1,1,0,5,0,2,1,0,2,3,0,0,0,0,0,0,0,2
3333,MC_SC_17_s03L_3333,11,7,3,1,2,4,10,58,32,10,17,10,8,0,0,3,3,0,8
3334,MC_SC_17_s03L_3334,11,5,4,0,29,0,41,2,28,159,32,6,11,49,0,25,5,30,0
3335,MC_SC_17_s03L_3335,11,1,1,42,28,0,9,18,8,3,4,1,22,0,0,8,2,1,3
3336,MC_SC_17_s03L_3336,11,4,2,1,85,0,20,31,1,29,11,20,23,14,0,11,0,30,38
3337,MC_SC_17_s03L_3337,11,6,1,0,0,0,1,2,19,34,0,0,4,0,4,0,0,15,6
3338,MC_SC_17_s03L_3338,11,3,2,0,37,0,61,0,14,71,39,27,14,26,1,11,0,57,29
3339,MC_SC_17_s03L_3339,11,1,1,0,4,0,3,0,8,15,7,5,0,0,0,0,0,6,3
3340,MC_SC_17_s03L_3340,11,2,1,0,0,0,9,3,22,0,11,0,1,2,0,0,0,0,0
3341,MC_SC_17_s03L_3341,11,2,1,2,12,0,25,4,0,6,0,13,12,13,0,4,0,25,19
3342,MC_SC_17_s03L_3342,11,1,1,0,0,0,16,0,1,3,0,3,3,1,0,0,0,7,10
3343,MC_SC_17_s03L_3343,11,11,3,0,21,0,69,5,40,204,84,12,21,45,0,43,12,13,43
3344,MC_SC_17_s03L_3344,11,4,3,0,19,0,10,2,8,67,22,4,13,55,9,3,0,8,27
3345,MC_SC_17_s03L_3345,11,2,1,0,0,0,10,36,9,0,9,1,25,42,0,6,0,0,0
3346,MC_SC_17_s03L_3346,11,2,1,0,19,0,19,1,5,0,3,0,1,10,0,4,5,0,2
3347,MC_SC_17_s03L_3347,11,6,3,0,82,37,87,3,241,3,112,152,14,93,47,66,2,21,78
3348,MC_SC_17_s03L_3348,11,2,2,0,5,0,30,2,4,4,1,13,6,12,0,5,0,36,16
3349,MC_SC_17_s03L_3349,11,3,1,0,18,0,24,3,62,6,9,1,20,22,0,13,0,19,8
3350,MC_SC_17_s03L_3350,11,3,2,0,0,0,1,59,32,0,3,1,23,32,0,8,0,2,0
3351,MC_SC_17_s03L_3351,11,3,2,0,19,0,46,1,25,29,25,45,7,4,6,13,0,30,33
3352,MC_SC_17_s03L_3352,11,2,2,0,0,0,5,1,0,6,4,1,5,0,1,4,1,13,4
3353,MC_SC_17_s03L_3353,11,6,4,0,28,0,43,2,2,14,40,1,30,0,84,50,2,31,10
3354,MC_SC_17_s03L_3354,11,3,2,0,13,0,59,35,98,139,83,10,16,56,0,37,0,29,29
3355,MC_SC_17_s03L_3355,11,4,2,0,3,0,0,33,18,0,1,2,14,0,0,2,0,0,0
3356,MC_SC_17_s03L_3356,11,2,1,0,4,0,8,1,0,62,13,17,12,28,59,10,10,1,12
3357,MC_SC_17_s03L_3357,11,4,3,0,14,0,54,18,120,108,27,11,5,29,1,30,0,45,25
3358,MC_SC_17_s03L_3358,11,1,1,0,2,0,6,0,21,16,12,3,1,19,0,10,0,4,16
3359,MC_SC_17_s03L_3359,11,5,3,0,29,0,36,11,24,175,46,46,18,97,56,31,18,2,60
3360,MC_SC_17_s03L_3360,11,7,4,0,35,2,132,1,97,16,12,0,14,49,8,5,4,13,25
3361,MC_SC_17_s03L_3361,11,6,4,73,53,0,6,9,3,0,30,0,22,45,116,40,18,10,29
3362,MC_SC_17_s03L_3362,11,9,2,0,4,5,6,1,45,0,3,11,1,11,0,4,0,5,1
3363,MC_SC_17_s03L_3363,11,3,2,3,2,0,0,1,0,0,3,0,0,2,15,0,0,0,0
3364,MC_SC_17_s03L_3364,11,6,3,0,18,11,66,54,96,10,87,8,54,63,48,24,18,20,33
3365,MC_SC_17_s03L_3365,11,4,2,0,17,0,3,10,7,31,23,1,10,26,5,6,4,34,15
3366,MC_SC_17_s03L_3366,11,3,2,0,25,0,66,3,43,78,43,35,27,48,44,16,0,91,0
3367,MC_SC_17_s03L_3367,11,5,2,0,2,0,8,1,5,32,11,7,17,22,13,10,2,52,23
3368,MC_SC_17_s03L_3368,11,4,3,0,0,0,0,27,14,0,1,2,9,14,0,7,2,0,0
3369,MC_SC_17_s03L_3369,11,2,2,0,31,0,41,13,7,36,8,51,36,38,2,9,2,52,32
3370,MC_SC_17_s03L_3370,11,3,1,1,13,3,8,89,37,1,9,10,30,30,42,23,1,5,0
3371,MC_SC_17_s03L_3371,11,5,2,140,61,1,2,28,70,49,12,0,8,51,10,9,313,172,81
3372,MC_SC_17_s03L_3372,11,6,3,1,36,44,65,66,211,40,90,4,32,77,71,76,31,22,41
3373,MC_SC_17_s03L_3373,11,8,6,0,63,0,151,1,5,106,44,5,40,11,112,105,7,18,9
3374,MC_SC_17_s03L_3374,11,1,1,0,12,0,0,0,7,4,0,0,2,3,0,0,0,2,0
3375,MC_SC_17_s03L_3375,11,5,3,0,12,0,18,5,1,95,11,0,34,0,28,32,13,1,0
3376,MC_SC_17_s03L_3376,11,1,1,0,8,0,3,4,26,0,9,0,6,10,4,25,3,0,1
3377,MC_SC_17_s03L_3377,11,7,2,46,23,5,65,4,5,28,15,6,21,7,179,32,189,1,12
3378,MC_SC_17_s03L_3378,11,13,4,174,65,0,9,10,112,13,58,41,20,67,181,31,241,33,53
3379,MC_SC_17_s03L_3379,11,2,2,0,14,1,27,8,32,2,5,20,9,34,0,29,3,37,0
3380,MC_SC_17_s03L_3380,11,6,2,2,65,0,110,3,5,161,19,27,33,67,77,9,9,80,21
3381,MC_SC_17_s03L_3381,11,1,1,0,0,2,7,0,15,0,13,0,0,8,12,4,0,1,0
3382,MC_SC_17_s03L_3382,11,3,2,0,22,0,75,5,30,80,30,59,50,81,54,29,0,140,2
3383,MC_SC_17_s03L_3383,11,11,8,0,72,0,134,2,7,223,12,6,8,31,26,25,2,36,52
3384,MC_SC_17_s03L_3384,11,3,2,1,54,0,5,8,1,161,5,7,27,74,48,15,7,148,45
3385,MC_SC_17_s03L_3385,11,9,3,95,27,1,97,8,9,25,15,13,26,22,164,42,149,5,30
3386,MC_SC_17_s03L_3386,11,7,4,0,28,8,40,6,1,256,102,25,27,127,145,66,17,46,46
3387,MC_SC_17_s03L_3387,11,2,1,0,41,61,48,152,154,23,12,42,40,54,107,76,0,19,1
3388,MC_SC_17_s03L_3388,11,6,3,0,79,0,56,11,17,50,21,56,23,41,50,30,0,34,45
3389,MC_SC_17_s03L_3389,11,4,3,0,22,0,93,51,1,104,2,27,20,43,78,26,7,28,8
3390,MC_SC_17_s03L_3390,11,5,3,36,54,6,47,14,2,34,10,53,33,12,113,34,245,22,23
3391,MC_SC_17_s03L_3391,11,10,3,2,69,5,123,7,1,310,24,21,39,46,6,60,44,159,94
3392,MC_SC_17_s03L_3392,11,5,3,83,27,23,29,112,69,2,12,16,28,2,10,19,0,68,61
3393,MC_SC_17_s03L_3393,11,3,3,27,5,0,0,1,3,2,3,12,0,5,11,0,7,2,2
3394,MC_SC_17_s03L_3394,11,1,1,0,7,0,25,1,6,26,0,7,1,7,2,3,2,82,8
3395,MC_SC_17_s03L_3395,11,7,4,0,33,40,50,119,138,18,8,28,9,29,5,41,3,11,5
3396,MC_SC_17_s03L_3396,11,4,1,0,31,9,76,108,132,8,132,2,22,65,0,14,0,27,22
3397,MC_SC_17_s03L_3397,11,2,1,0,25,10,105,1,37,0,85,56,34,66,2,16,12,53,11
3398,MC_SC_17_s03L_3398,11,6,3,0,86,0,117,7,0,338,21,10,33,51,0,81,20,134,109
3399,MC_SC_17_s03L_3399,11,6,2,0,25,0,48,60,35,130,9,3,19,2,0,9,0,51,14
3400,MC_SC_17_s03L_3400,11,3,1,0,1,37,106,50,77,20,81,8,37,40,0,1,0,0,1
3401,MC_SC_17_s03L_3401,11,7,4,0,138,3,7,8,84,224,50,71,12,125,67,2,32,215,60
3402,MC_SC_17_s03L_3402,11,3,3,0,10,0,36,32,7,38,6,0,13,0,0,0,0,2,0
3403,MC_SC_17_s03L_3403,11,8,6,0,49,86,106,1,91,14,24,1,6,38,83,17,33,30,38
3404,MC_SC_17_s03L_3404,11,2,2,0,4,1,40,2,2,0,29,8,19,11,17,3,3,29,0
3405,MC_SC_17_s03L_3405,11,1,1,5,4,0,10,0,0,0,1,2,0,0,1,2,0,0,1
3406,MC_SC_17_s03L_3406,11,7,3,67,21,0,3,0,24,0,1,0,5,22,26,2,47,8,16
3407,MC_SC_17_s03L_3407,11,5,3,41,12,0,1,2,29,0,9,0,1,15,1,10,4,19,18
3408,MC_SC_17_s03L_3408,11,6,3,2,126,0,169,4,2,199,50,96,31,106,69,109,39,66,162
3409,MC_SC_17_s03L_3409,11,1,1,0,4,0,11,0,3,6,3,3,0,6,8,1,0,0,2
3410,MC_SC_17_s03L_3410,11,2,2,0,3,0,19,0,1,8,2,0,6,23,0,4,0,10,8
3411,MC_SC_17_s03L_3411,11,6,4,1,224,2,2,7,49,402,75,47,21,146,70,41,47,359,86
3412,MC_SC_17_s03L_3412,11,8,3,33,29,0,35,1,8,5,6,24,5,8,1,0,69,7,10
3413,MC_SC_17_s03L_3413,11,3,3,0,1,0,20,3,4,4,1,0,2,1,0,9,0,18,0
3414,MC_SC_17_s03L_3414,11,5,3,0,83,0,111,7,0,99,44,54,13,102,0,136,1,154,114
3415,MC_SC_17_s03L_3415,11,2,1,0,19,0,24,12,2,12,7,8,11,22,0,15,2,18,3
3416,MC_SC_17_s03L_3416,11,6,4,87,80,1,52,9,8,13,13,4,32,28,165,41,47,27,14
3417,MC_SC_17_s03L_3417,11,5,5,0,134,2,1,8,126,201,40,65,7,97,5,10,29,247,22
3418,MC_SC_17_s03L_3418,11,1,1,5,0,0,3,0,0,0,3,1,1,3,5,0,1,0,0
3419,MC_SC_17_s03L_3419,11,8,6,61,28,8,88,1,2,33,6,19,18,24,136,24,78,17,16
3420,MC_SC_17_s03L_3420,11,5,3,0,37,1,20,17,52,317,75,9,36,148,26,22,20,235,68
3421,MC_SC_17_s03L_3421,11,1,1,0,6,0,9,4,3,25,9,0,4,5,0,8,0,15,0
3422,MC_SC_17_s03L_3422,11,8,5,68,53,7,40,10,0,72,17,0,16,38,180,26,241,13,20
3423,MC_SC_17_s03L_3423,11,4,3,0,36,0,133,12,28,151,8,31,29,8,1,22,14,96,0
3424,MC_SC_17_s03L_3424,11,1,1,0,4,0,2,9,7,38,22,1,14,43,10,8,0,44,2
3425,MC_SC_17_s03L_3425,11,4,3,1,48,0,7,7,30,97,26,0,16,25,6,13,3,55,0
3426,MC_SC_17_s03L_3426,11,1,1,0,9,0,8,33,5,52,30,7,6,45,0,6,0,17,1
3427,MC_SC_17_s03L_3427,11,3,1,0,86,1,7,2,3,14,3,25,6,12,0,12,14,120,25
3428,MC_SC_17_s03L_3428,11,11,8,95,60,3,23,8,0,29,15,7,19,13,140,46,186,15,14
3429,MC_SC_17_s03L_3429,11,7,3,76,31,5,27,15,3,42,19,22,38,26,146,52,243,32,46
3430,MC_SC_17_s03L_3430,11,6,5,157,97,16,9,15,9,128,26,14,13,31,159,69,223,21,15
3431,MC_SC_17_s03L_3431,11,3,2,0,9,0,36,3,2,42,2,2,18,4,9,22,2,15,1
3432,MC_SC_17_s03L_3432,11,2,2,0,6,0,0,15,0,4,6,20,7,5,0,17,0,2,0
3433,MC_SC_17_s03L_3433,11,5,2,0,15,0,34,1,3,23,0,2,13,50,15,10,9,21,23
3434,MC_SC_17_s03L_3434,11,2,1,0,4,0,20,4,1,11,5,3,12,0,9,19,0,7,23
3435,MC_SC_17_s03L_3435,11,1,1,14,10,0,14,1,0,0,3,10,3,3,26,11,32,4,0
3436,MC_SC_17_s03L_3436,11,3,2,0,12,0,2,0,4,22,15,3,11,11,9,5,0,20,0
3437,MC_SC_17_s03L_3437,11,1,1,0,0,0,0,0,2,17,6,0,2,7,0,0,0,19,0
3438,MC_SC_17_s03L_3438,11,7,4,78,46,7,110,13,2,36,17,17,26,44,212,53,246,34,67
3439,MC_SC_17_s03L_3439,11,6,4,0,34,0,13,14,22,152,31,3,8,66,8,11,13,185,36
3440,MC_SC_17_s03L_3440,11,5,3,0,25,1,60,3,14,92,31,0,16,67,4,16,7,101,34
3441,MC_SC_17_s03L_3441,11,7,4,70,64,5,114,25,8,18,31,107,61,13,175,78,242,89,52
3442,MC_SC_17_s03L_3442,11,6,3,1,5,0,24,0,15,81,24,46,25,7,45,13,3,39,7
3443,MC_SC_17_s03L_3443,11,4,2,0,3,0,46,3,0,30,0,2,7,26,2,2,1,47,11
3444,MC_SC_17_s03L_3444,11,4,3,0,2,0,33,3,0,43,0,10,20,20,1,6,1,69,18
3445,MC_SC_17_s03L_3445,11,3,1,0,5,20,3,0,0,26,28,0,2,6,11,7,3,27,9
3446,MC_SC_17_s03L_3446,11,1,1,0,1,0,0,0,0,16,0,6,5,3,7,2,0,0,2
3447,MC_SC_17_s03L_3447,11,3,2,5,3,0,0,0,0,0,0,3,0,4,8,6,23,0,0
3448,MC_SC_17_s03L_3448,12,3,1,0,2,0,17,0,0,1,0,1,1,13,0,0,0,11,0
3449,MC_SC_17_s03L_3449,12,6,4,3,6,59,45,0,21,30,0,2,3,18,44,1,11,1,6
3450,MC_SC_17_s03L_3450,12,5,2,67,11,9,13,53,28,9,3,22,6,0,2,22,0,6,5
3451,MC_SC_17_s03L_3451,12,4,4,0,0,0,8,1,14,10,0,0,3,0,7,3,0,0,0
3452,MC_SC_17_s03L_3452,12,4,2,1,16,15,76,4,24,29,29,1,16,62,13,8,4,0,11
3453,MC_SC_17_s03L_3453,12,5,4,56,7,0,31,32,14,3,2,33,16,6,11,7,2,9,2
3454,MC_SC_17_s03L_3454,12,7,6,0,20,26,131,14,54,34,8,5,25,34,9,2,7,141,2
3455,MC_SC_17_s03L_3455,12,2,1,0,5,0,16,1,4,19,1,0,3,19,0,6,0,17,3
3456,MC_SC_17_s03L_3456,12,2,1,0,3,0,24,11,3,1,11,0,18,18,3,5,3,0,0
3457,MC_SC_17_s03L_3457,12,3,2,67,1,0,12,42,31,0,9,5,11,0,3,16,2,6,4
3458,MC_SC_17_s03L_3458,12,7,5,0,1,2,82,24,3,14,4,2,17,19,21,24,23,1,7
3459,MC_SC_17_s03L_3459,12,9,3,0,0,0,26,0,0,57,2,0,9,31,15,8,3,12,2
3460,MC_SC_17_s03L_3460,12,1,1,0,0,16,15,2,8,12,5,12,2,8,19,3,0,1,0
3461,MC_SC_17_s03L_3461,12,3,1,4,13,3,46,19,6,92,14,0,8,4,41,1,0,16,4
3462,MC_SC_17_s03L_3462,12,1,1,0,0,0,35,0,7,42,0,4,6,34,0,4,0,31,4
3463,MC_SC_17_s03L_3463,12,4,3,0,9,2,45,53,18,70,0,7,20,14,3,2,0,5,0
3464,MC_SC_17_s03L_3464,12,6,5,0,22,43,120,8,27,36,2,1,13,24,5,4,4,75,1
3465,MC_SC_17_s03L_3465,12,7,4,1,13,87,58,8,35,77,6,0,12,27,84,3,0,1,2
3466,MC_SC_17_s03L_3466,12,2,1,0,2,0,5,1,20,56,0,2,5,29,0,3,2,38,6
3467,MC_SC_17_s03L_3467,12,5,4,0,16,0,17,3,10,91,5,10,6,25,42,2,0,0,2
3468,MC_SC_17_s03L_3468,12,1,1,24,9,0,4,0,0,0,0,2,3,0,0,0,0,6,0
3469,MC_SC_17_s03L_3469,12,5,3,0,2,11,20,0,30,6,1,0,9,0,18,0,0,7,3
3470,MC_SC_17_s03L_3470,12,5,3,0,5,15,73,0,13,59,4,0,7,25,19,3,0,2,7
3471,MC_SC_17_s03L_3471,12,5,2,89,7,0,26,14,1,0,6,2,6,12,5,48,5,7,11
3472,MC_SC_17_s03L_3472,12,1,1,0,0,0,15,1,23,0,0,2,1,11,4,0,0,34,6
3473,MC_SC_17_s03L_3473,12,5,4,0,3,0,9,0,0,21,2,3,5,14,0,1,0,4,3
3474,MC_SC_17_s03L_3474,12,5,3,0,31,11,79,66,73,461,58,49,17,52,110,23,0,0,8
3475,MC_SC_17_s03L_3475,12,5,3,1,16,0,31,4,6,145,10,13,22,23,29,16,11,5,6
3476,MC_SC_17_s03L_3476,12,1,1,0,0,0,0,8,0,7,3,0,2,0,4,0,0,0,0
3477,MC_SC_17_s03L_3477,12,7,3,0,18,1,72,4,17,170,12,6,8,26,34,18,0,37,3
3478,MC_SC_17_s03L_3478,12,4,2,0,1,0,37,0,6,21,1,4,10,12,0,14,0,11,18
3479,MC_SC_17_s03L_3479,12,6,4,0,28,0,93,0,16,171,19,19,34,15,3,14,0,59,2
3480,MC_SC_17_s03L_3480,12,8,3,1,23,54,96,2,33,0,4,10,11,23,28,7,0,89,3
3481,MC_SC_17_s03L_3481,12,9,3,0,10,26,45,1,33,13,1,0,10,38,46,2,0,0,6
3482,MC_SC_17_s03L_3482,12,6,3,0,0,1,92,14,5,283,5,18,11,36,53,26,34,7,4
3483,MC_SC_17_s03L_3483,12,3,3,0,10,0,85,6,4,38,9,6,11,26,22,9,2,24,7
3484,MC_SC_17_s03L_3484,12,7,1,0,6,0,9,0,28,2,0,0,4,0,0,0,0,0,0
3485,MC_SC_17_s03L_3485,12,4,3,0,4,0,61,2,0,25,0,7,3,14,1,0,0,5,9
3486,MC_SC_17_s03L_3486,12,6,5,0,8,0,84,7,11,123,7,4,17,53,61,19,3,1,1
3487,MC_SC_17_s03L_3487,12,8,5,0,35,6,116,7,2,328,53,38,40,29,104,14,6,74,2
3488,MC_SC_17_s03L_3488,12,6,5,0,15,5,42,3,25,0,8,3,13,4,0,6,0,32,0
3489,MC_SC_17_s03L_3489,12,8,5,4,59,16,100,23,74,425,14,0,29,29,175,41,85,5,29
3490,MC_SC_17_s03L_3490,12,10,3,0,14,27,51,5,49,54,0,0,36,31,0,0,2,97,2
3491,MC_SC_17_s03L_3491,12,1,1,0,0,0,2,1,3,7,0,0,0,2,0,0,0,11,0
3492,MC_SC_17_s03L_3492,12,3,1,0,9,0,46,0,0,23,0,8,7,11,1,0,0,1,6
3493,MC_SC_17_s03L_3493,12,1,1,0,0,0,7,0,4,31,0,1,3,2,0,0,0,15,0
3494,MC_SC_17_s03L_3494,12,6,3,1,19,123,94,20,40,266,4,1,38,47,174,52,97,7,37
3495,MC_SC_17_s03L_3495,12,5,4,2,9,44,87,3,28,23,0,0,14,2,28,3,7,29,26
3496,MC_SC_17_s03L_3496,12,2,1,0,19,0,60,1,1,3,3,0,2,10,0,19,0,35,0
3497,MC_SC_17_s03L_3497,12,4,3,0,5,0,20,0,0,35,0,13,2,6,1,6,0,15,21
3498,MC_SC_17_s03L_3498,12,1,1,0,0,7,10,2,11,14,0,0,0,0,0,0,0,5,2
3499,MC_SC_17_s03L_3499,12,5,2,0,4,17,23,5,9,23,0,0,16,15,0,0,0,74,7
3500,MC_SC_17_s03L_3500,12,1,1,0,1,0,16,0,0,10,0,1,0,20,0,0,0,18,8
3501,MC_SC_17_s03L_3501,12,15,9,0,16,0,85,8,5,95,3,16,5,43,4,8,0,41,1
3502,MC_SC_17_s03L_3502,12,1,1,0,6,0,24,0,0,39,1,0,0,2,4,7,0,23,0
3503,MC_SC_17_s03L_3503,12,5,4,0,11,89,122,8,77,19,1,2,19,60,76,22,4,16,31
3504,MC_SC_17_s03L_3504,12,1,1,0,2,5,8,0,13,6,0,0,4,3,0,0,0,10,0
3505,MC_SC_17_s03L_3505,12,4,3,0,24,0,87,2,2,81,3,19,16,14,11,0,0,17,14
3506,MC_SC_17_s03L_3506,12,5,2,0,21,24,39,4,57,21,0,0,18,32,0,0,2,135,1
3507,MC_SC_17_s03L_3507,12,1,1,0,6,0,11,0,0,5,2,1,1,0,2,3,0,12,0
3508,MC_SC_17_s03L_3508,12,1,1,0,2,0,15,0,4,10,0,0,10,3,0,8,0,21,0
3509,MC_SC_17_s03L_3509,12,4,3,0,8,16,76,1,36,35,3,0,16,17,36,8,10,15,33
3510,MC_SC_17_s03L_3510,12,4,2,113,17,42,41,24,70,22,24,0,8,14,18,49,0,3,8
3511,MC_SC_17_s03L_3511,12,3,2,0,29,1,57,1,0,74,12,1,12,4,0,7,6,17,13
3512,MC_SC_17_s03L_3512,12,5,2,1,32,0,76,17,0,82,8,10,13,33,13,4,0,40,0
3513,MC_SC_17_s03L_3513,12,1,1,14,29,37,5,0,0,1,0,1,2,2,0,0,0,0,0
3514,MC_SC_17_s03L_3514,12,5,3,0,13,9,74,2,5,5,7,0,10,0,0,5,2,104,4
3515,MC_SC_17_s03L_3515,12,3,2,0,9,2,27,5,43,129,12,4,19,31,2,19,6,5,23
3516,MC_SC_17_s03L_3516,12,4,1,0,8,0,92,70,29,72,53,30,17,52,28,14,6,42,54
3517,MC_SC_17_s03L_3517,12,7,3,1,5,2,59,0,143,14,13,4,18,5,62,31,18,6,18
3518,MC_SC_17_s03L_3518,12,9,2,0,16,0,41,2,0,65,24,1,7,33,0,9,0,47,7
3519,MC_SC_17_s03L_3519,12,2,2,77,2,2,33,5,12,0,0,7,11,5,0,0,2,0,1
3520,MC_SC_17_s03L_3520,12,7,1,0,3,0,35,0,0,23,0,2,3,7,0,0,0,5,0
3521,MC_SC_17_s03L_3521,12,6,1,0,2,0,11,0,2,39,3,7,3,16,7,0,0,17,6
3522,MC_SC_17_s03L_3522,12,6,2,0,10,3,63,42,3,117,4,0,15,59,3,4,30,0,10
3523,MC_SC_17_s03L_3523,12,5,3,4,4,114,121,12,189,185,9,0,36,35,129,41,82,2,22
3524,MC_SC_17_s03L_3524,12,1,1,0,21,0,76,18,14,0,11,0,31,14,0,11,0,55,0
3525,MC_SC_17_s03L_3525,12,2,2,0,9,0,61,1,4,47,0,13,5,19,13,1,0,22,19
3526,MC_SC_17_s03L_3526,12,10,4,0,50,0,87,5,2,110,4,3,21,40,3,5,0,57,11
3527,MC_SC_17_s03L_3527,12,2,1,0,4,0,0,0,3,0,0,0,0,1,2,0,0,0,0
3528,MC_SC_17_s03L_3528,12,11,3,0,43,0,139,2,6,140,2,8,26,55,18,3,0,49,29
3529,MC_SC_17_s03L_3529,12,5,2,0,15,2,51,0,79,10,7,0,3,1,0,24,0,5,10
3530,MC_SC_17_s03L_3530,12,4,3,0,3,0,103,2,2,126,1,20,16,56,33,15,4,83,0
3531,MC_SC_17_s03L_3531,12,6,2,0,3,0,21,0,1,0,3,0,6,6,8,5,0,2,4
3532,MC_SC_17_s03L_3532,12,2,1,0,13,0,38,0,1,34,4,14,26,9,2,13,0,20,24
3533,MC_SC_17_s03L_3533,12,4,2,0,34,0,113,6,13,54,5,39,14,4,20,9,0,73,7
3534,MC_SC_17_s03L_3534,12,2,1,0,28,0,68,0,0,25,1,14,8,8,2,6,0,10,17
3535,MC_SC_17_s03L_3535,12,10,7,0,28,3,150,50,57,210,59,10,12,15,83,33,7,18,49
3536,MC_SC_17_s03L_3536,12,1,1,0,11,0,62,2,0,7,24,1,10,5,0,20,0,3,10
3537,MC_SC_17_s03L_3537,12,2,1,1,11,31,96,4,21,14,1,2,23,12,37,12,4,12,33
3538,MC_SC_17_s03L_3538,12,8,4,90,75,126,216,5,36,31,2,2,30,64,4,17,4,47,19
3539,MC_SC_17_s03L_3539,12,4,1,0,15,0,62,0,0,35,0,2,4,18,0,3,0,51,2
3540,MC_SC_17_s03L_3540,12,4,3,1,4,0,68,6,8,75,5,16,28,19,4,0,0,35,21
3541,MC_SC_17_s03L_3541,12,6,3,0,18,2,94,26,3,260,19,6,19,22,19,34,0,10,3
3542,MC_SC_17_s03L_3542,12,4,3,0,6,0,80,51,32,74,42,16,11,45,36,11,2,27,52
3543,MC_SC_17_s03L_3543,12,2,2,0,4,0,35,1,13,35,20,22,10,15,39,1,0,35,26
3544,MC_SC_17_s03L_3544,12,11,5,1,7,8,22,0,66,10,7,1,0,4,2,17,9,0,3
3545,MC_SC_17_s03L_3545,12,3,2,0,12,0,38,0,1,18,23,12,17,50,18,8,2,28,0
3546,MC_SC_17_s03L_3546,12,6,2,0,20,3,85,0,8,87,47,6,31,43,17,32,3,5,6
3547,MC_SC_17_s03L_3547,12,4,2,0,22,0,72,0,0,14,3,2,2,9,4,8,0,81,0
3548,MC_SC_17_s03L_3548,12,18,12,3,65,0,98,24,123,116,41,22,9,26,16,5,8,3,7
3549,MC_SC_17_s03L_3549,12,4,2,0,3,4,76,1,5,2,2,0,10,12,0,20,0,35,30
3550,MC_SC_17_s03L_3550,12,7,5,1,2,1,56,1,5,16,7,2,11,22,0,7,4,3,11
3551,MC_SC_17_s03L_3551,12,7,3,0,11,0,11,0,3,8,4,0,4,0,1,0,0,8,0
3552,MC_SC_17_s03L_3552,12,4,2,0,31,0,82,68,6,85,13,2,12,17,8,33,0,8,21
3553,MC_SC_17_s03L_3553,12,3,1,2,1,10,76,11,3,2,8,0,26,34,0,10,8,7,4
3554,MC_SC_17_s03L_3554,12,5,3,0,7,0,53,55,4,24,3,1,8,51,0,17,8,9,36
3555,MC_SC_17_s03L_3555,12,2,1,0,10,0,11,2,0,5,12,0,13,17,0,3,0,20,20
3556,MC_SC_17_s03L_3556,12,7,4,1,33,5,45,56,91,61,5,13,17,32,2,28,26,7,3
3557,MC_SC_17_s03L_3557,12,3,3,0,14,0,62,72,63,2,8,4,23,52,0,14,0,19,20
3558,MC_SC_17_s03L_3558,12,3,3,43,18,2,25,32,15,0,13,9,9,3,0,19,0,2,3
3559,MC_SC_17_s03L_3559,12,5,3,130,32,33,48,56,126,13,17,0,29,23,112,80,23,11,13
3560,MC_SC_17_s03L_3560,12,3,2,1,3,0,77,47,1,76,9,0,6,23,3,9,2,0,17
3561,MC_SC_17_s03L_3561,12,3,1,1,2,12,11,48,8,0,0,3,6,7,1,1,2,25,1
3562,MC_SC_17_s03L_3562,12,3,2,90,44,0,11,75,17,2,14,2,2,5,0,6,0,0,0
3563,MC_SC_17_s03L_3563,12,1,1,0,0,0,0,0,0,0,0,0,0,0,0,0,0,0,0
3564,MC_SC_17_s03L_3564,12,4,4,0,9,0,20,3,1,6,3,18,4,24,0,1,0,56,25
3565,MC_SC_17_s03L_3565,12,2,1,0,8,0,15,1,0,7,9,4,5,2,0,6,0,17,15
3566,MC_SC_17_s03L_3566,12,5,4,0,16,2,6,16,34,0,1,0,5,16,6,0,0,4,5
3567,MC_SC_17_s03L_3567,12,2,2,0,13,0,13,0,0,7,2,1,2,11,6,7,0,13,8
3568,MC_SC_17_s03L_3568,12,4,3,1,2,0,39,0,5,13,4,3,2,19,0,3,2,32,28
3569,MC_SC_17_s03L_3569,12,4,3,86,13,0,19,18,60,11,27,3,15,9,22,40,5,3,47
3570,MC_SC_17_s03L_3570,12,2,1,0,4,0,68,12,1,38,15,1,9,32,0,6,0,41,1
3571,MC_SC_17_s03L_3571,12,2,2,43,12,0,9,17,20,3,4,2,6,0,0,13,0,0,0
3572,MC_SC_17_s03L_3572,12,4,3,131,12,0,26,14,1,20,0,7,14,9,9,23,2,4,2
3573,MC_SC_17_s03L_3573,12,4,2,0,24,0,84,4,22,143,61,5,10,47,66,40,0,4,17
3574,MC_SC_17_s03L_3574,12,1,1,0,0,0,0,0,0,7,2,0,0,0,0,0,0,0,0
3575,MC_SC_17_s03L_3575,12,2,1,0,3,0,0,0,0,0,0,0,0,0,0,0,0,0,0
3576,MC_SC_17_s03L_3576,12,1,1,0,0,0,1,0,0,0,0,0,0,0,0,0,0,0,0
3577,MC_SC_17_s03L_3577,12,6,3,96,27,0,16,65,72,15,32,1,21,19,49,57,11,21,9
3578,MC_SC_17_s03L_3578,12,4,3,0,13,0,50,2,4,16,2,4,9,0,0,7,2,17,0
3579,MC_SC_17_s03L_3579,12,1,1,0,3,0,5,0,0,26,6,0,0,3,3,0,8,2,0
3580,MC_SC_17_s03L_3580,12,16,10,0,12,5,36,3,77,10,0,0,22,19,0,0,0,83,3
3581,MC_SC_17_s03L_3581,12,4,2,74,8,6,13,62,3,0,26,0,9,2,0,18,0,82,1
3582,MC_SC_17_s03L_3582,12,8,2,0,1,1,14,0,53,9,0,0,11,6,0,2,0,30,1
3583,MC_SC_17_s03L_3583,12,2,1,0,17,0,25,1,6,0,4,3,8,6,0,1,0,7,3
3584,MC_SC_17_s03L_3584,12,8,3,0,26,8,90,71,18,0,6,7,28,22,2,10,0,63,5
3585,MC_SC_17_s03L_3585,12,3,2,0,3,0,3,7,2,10,1,4,4,12,4,5,1,0,1
3586,MC_SC_17_s03L_3586,12,1,1,0,4,1,12,13,2,0,0,0,3,2,0,2,0,20,0
3587,MC_SC_17_s03L_3587,12,10,3,0,2,19,19,1,24,63,3,0,26,22,7,9,0,49,1
3588,MC_SC_17_s03L_3588,12,3,2,0,7,1,99,3,1,109,13,30,26,23,14,7,3,109,58
3589,MC_SC_17_s03L_3589,12,9,4,1,17,6,72,32,13,2,6,2,13,15,1,2,2,96,0
3590,MC_SC_17_s03L_3590,12,3,2,0,0,24,0,1,0,56,0,0,1,0,2,0,48,0,3
3591,MC_SC_17_s03L_3591,12,2,1,0,11,7,31,60,18,0,39,2,21,26,0,8,0,47,57
3592,MC_SC_17_s03L_3592,12,6,4,222,35,68,91,3,103,33,14,21,36,36,94,131,22,22,29
3593,MC_SC_17_s03L_3593,12,1,1,0,16,0,3,7,1,17,0,1,2,24,3,0,2,0,0
3594,MC_SC_17_s03L_3594,12,2,2,0,27,0,60,0,2,36,11,6,31,31,2,3,0,35,23
3595,MC_SC_17_s03L_3595,12,3,1,0,0,12,0,0,0,12,0,0,0,0,1,0,10,0,1
3596,MC_SC_17_s03L_3596,12,3,3,0,14,2,79,2,1,106,4,10,9,38,14,6,17,45,1
3597,MC_SC_17_s03L_3597,12,3,2,0,17,0,75,71,1,53,1,2,10,25,11,3,0,23,0
3598,MC_SC_17_s03L_3598,12,5,2,0,17,0,26,0,0,32,11,3,10,13,5,5,7,17,0
3599,MC_SC_17_s03L_3599,12,2,2,0,10,0,9,7,0,0,1,0,0,0,0,1,0,3,0
3600,MC_SC_17_s03L_3600,12,1,1,0,4,0,0,0,0,0,0,0,0,0,0,0,0,0,0
3601,MC_SC_17_s03L_3601,12,4,2,1,31,0,31,4,1,24,27,19,6,0,1,13,0,4,32
3602,MC_SC_17_s03L_3602,12,6,4,86,7,23,12,17,23,6,5,9,4,8,29,19,5,6,12
3603,MC_SC_17_s03L_3603,12,2,2,1,17,0,7,2,3,11,0,1,13,0,6,13,2,0,1
3604,MC_SC_17_s03L_3604,12,3,1,0,9,0,23,0,0,43,0,0,8,3,0,12,0,43,6
3605,MC_SC_17_s03L_3605,12,5,2,29,8,0,1,3,33,0,9,0,1,20,0,6,0,5,0
3606,MC_SC_17_s03L_3606,12,2,1,0,19,0,13,3,4,11,3,31,10,1,0,15,0,6,37
3607,MC_SC_17_s03L_3607,12,4,2,0,25,0,35,0,0,60,9,1,7,14,9,8,2,63,3
3608,MC_SC_17_s03L_3608,12,2,1,0,12,0,8,4,10,12,0,20,19,11,0,8,0,2,25
3609,MC_SC_17_s03L_3609,12,2,2,0,20,6,11,7,16,13,16,0,2,6,11,11,0,4,1
3610,MC_SC_17_s03L_3610,12,2,2,0,0,0,1,0,0,0,0,0,0,0,0,0,0,0,0
3611,MC_SC_17_s03L_3611,12,5,4,0,110,6,133,53,5,293,20,1,41,26,114,52,5,19,24
3612,MC_SC_17_s03L_3612,12,2,1,38,2,0,2,10,10,0,0,7,6,11,0,2,0,0,3
3613,MC_SC_17_s03L_3613,12,3,2,1,0,0,14,1,5,0,1,8,2,1,0,10,0,19,16
3614,MC_SC_17_s03L_3614,12,3,2,20,9,0,0,1,12,0,3,5,10,27,0,8,3,6,18
3615,MC_SC_17_s03L_3615,12,5,4,47,63,0,11,2,23,0,4,1,10,17,0,0,0,5,2
3616,MC_SC_17_s03L_3616,12,7,4,1,24,0,8,37,24,103,14,48,4,55,0,24,3,2,0
3617,MC_SC_17_s03L_3617,12,1,1,0,1,0,6,0,1,12,3,0,0,0,0,1,0,2,0
3618,MC_SC_17_s03L_3618,12,3,1,0,22,0,14,1,0,2,0,4,15,15,0,12,2,28,11
3619,MC_SC_17_s03L_3619,12,3,2,1,9,0,0,1,5,17,0,0,6,2,0,5,0,15,1
3620,MC_SC_17_s03L_3620,12,2,1,0,22,34,41,12,26,4,6,10,6,22,60,19,3,3,18
3621,MC_SC_17_s03L_3621,12,3,3,0,25,0,34,0,0,3,4,5,9,25,0,7,0,12,10
3622,MC_SC_17_s03L_3622,12,2,1,1,12,0,2,1,8,0,3,2,1,3,0,15,0,2,8
3623,MC_SC_17_s03L_3623,12,2,1,18,0,0,0,1,1,0,2,3,1,8,0,0,0,0,0
3624,MC_SC_17_s03L_3624,12,3,2,5,7,0,30,1,1,2,0,15,11,7,0,3,0,26,23
3625,MC_SC_17_s03L_3625,12,1,1,0,13,0,59,1,9,2,0,1,7,10,0,4,0,1,0
3626,MC_SC_17_s03L_3626,12,2,1,11,15,0,1,1,16,0,3,16,17,29,0,10,0,24,26
3627,MC_SC_17_s03L_3627,12,4,2,0,24,2,8,58,39,20,10,58,19,33,2,26,8,5,5
3628,MC_SC_17_s03L_3628,12,4,3,2,72,1,5,5,7,8,0,0,20,42,0,8,8,51,3
3629,MC_SC_17_s03L_3629,12,6,4,2,56,0,11,36,25,10,14,23,2,21,0,16,0,8,21
3630,MC_SC_17_s03L_3630,12,7,3,1,28,0,7,112,93,279,17,35,32,62,148,83,5,3,29
3631,MC_SC_17_s03L_3631,12,1,1,10,9,0,2,3,23,0,28,2,14,39,0,11,0,32,8
3632,MC_SC_17_s03L_3632,12,4,3,0,20,0,14,17,40,0,3,3,11,13,0,12,2,8,0
3633,MC_SC_17_s03L_3633,12,2,1,0,3,0,34,0,1,21,0,1,4,10,2,7,2,37,0
3634,MC_SC_17_s03L_3634,12,9,6,182,11,0,5,1,30,0,19,6,15,5,0,36,4,194,67
3635,MC_SC_17_s03L_3635,12,6,3,1,6,0,0,43,63,8,22,11,25,22,0,8,0,11,3
3636,MC_SC_17_s03L_3636,12,3,1,78,42,0,7,9,22,0,2,35,45,31,1,14,4,108,5
3637,MC_SC_17_s03L_3637,12,4,2,0,15,0,54,1,7,53,25,4,7,22,4,17,0,6,10
3638,MC_SC_17_s03L_3638,12,5,2,1,73,2,18,4,8,19,0,0,36,48,30,29,14,37,2
3639,MC_SC_17_s03L_3639,12,4,2,0,41,0,12,76,118,197,28,100,25,104,63,111,16,58,98
3640,MC_SC_17_s03L_3640,12,1,1,0,12,0,8,16,79,76,10,28,3,38,12,30,6,12,32
3641,MC_SC_17_s03L_3641,12,4,2,0,7,0,47,9,15,60,33,3,9,14,19,18,0,5,9
3642,MC_SC_17_s03L_3642,12,2,1,0,27,0,29,1,0,25,0,3,24,30,2,10,0,54,3
3643,MC_SC_17_s03L_3643,12,3,2,42,2,0,13,0,87,0,33,22,9,18,0,24,0,29,41
3644,MC_SC_17_s03L_3644,12,3,2,31,15,0,15,1,6,0,34,37,28,37,2,22,2,36,14
3645,MC_SC_17_s03L_3645,12,2,1,42,2,0,2,2,22,0,55,23,18,23,0,11,0,45,25
3646,MC_SC_17_s03L_3646,12,1,1,1,1,0,0,5,11,8,0,0,4,1,0,18,2,0,0
3647,MC_SC_17_s03L_3647,12,3,2,44,3,0,1,1,8,0,2,0,23,4,0,7,2,24,39
3648,MC_SC_17_s03L_3648,12,6,5,0,12,0,0,31,34,3,27,7,13,10,0,1,6,24,8
3649,MC_SC_17_s03L_3649,12,6,3,2,13,0,26,15,55,163,32,12,21,34,84,40,20,18,25
3650,MC_SC_17_s03L_3650,12,3,2,74,4,0,2,3,9,0,6,7,17,10,0,4,0,67,48
3651,MC_SC_17_s03L_3651,12,4,3,79,2,1,12,12,23,3,24,15,17,17,5,34,7,29,34
3652,MC_SC_17_s03L_3652,12,3,2,0,41,0,8,49,43,51,10,48,10,27,17,28,0,33,41
3653,MC_SC_17_s03L_3653,12,5,2,1,19,0,21,38,23,52,16,2,16,2,15,6,0,22,11
3654,MC_SC_17_s03L_3654,12,4,2,0,11,0,1,3,0,25,11,2,8,14,0,20,5,14,5
3655,MC_SC_17_s03L_3655,12,1,1,0,0,0,0,0,1,88,5,4,1,10,48,9,16,6,10
3656,MC_SC_17_s03L_3656,12,3,2,27,31,2,12,0,25,0,0,2,18,0,6,6,0,4,23
3657,MC_SC_17_s03L_3657,12,8,4,0,11,1,13,70,146,10,9,30,41,29,74,27,11,6,25
3658,MC_SC_17_s03L_3658,12,4,2,77,5,0,15,5,9,12,45,13,45,27,41,12,10,47,38
3659,MC_SC_17_s03L_3659,12,12,7,4,14,4,28,16,32,357,26,6,43,85,139,133,37,16,44
3660,MC_SC_17_s03L_3660,12,10,3,1,72,0,5,11,3,241,95,26,21,55,111,51,7,4,9
3661,MC_SC_17_s03L_3661,12,2,1,0,2,0,0,11,0,0,0,6,18,11,1,6,0,0,0
3662,MC_SC_17_s03L_3662,12,8,3,44,5,0,1,0,6,0,2,6,3,3,0,32,0,19,35
3663,MC_SC_17_s03L_3663,12,1,1,21,2,0,10,0,2,4,13,1,9,11,9,2,12,4,5
3664,MC_SC_17_s03L_3664,12,3,2,0,4,0,13,1,6,139,2,0,5,11,63,3,16,0,12
3665,MC_SC_17_s03L_3665,12,4,2,0,11,1,22,12,19,106,28,10,26,44,36,29,3,6,33
3666,MC_SC_17_s03L_3666,12,5,3,109,67,9,26,86,134,15,31,8,25,7,42,55,6,13,14
3667,MC_SC_17_s03L_3667,12,3,2,0,32,0,5,23,5,22,5,0,16,29,10,28,18,17,8
3668,MC_SC_17_s03L_3668,12,6,4,1,59,0,37,44,29,167,41,3,22,3,38,25,3,17,10
3669,MC_SC_17_s03L_3669,12,6,3,5,48,96,68,64,92,89,33,1,33,55,120,63,55,1,26
3670,MC_SC_17_s03L_3670,12,4,3,0,15,0,3,3,0,52,3,1,4,6,0,3,0,14,1
3671,MC_SC_17_s03L_3671,12,1,1,35,16,1,3,8,21,10,1,0,20,10,0,17,0,6,8
3672,MC_SC_17_s03L_3672,12,2,2,1,9,0,13,0,0,0,0,0,0,0,0,6,5,6,1
3673,MC_SC_17_s03L_3673,12,2,2,38,5,0,0,0,22,2,18,4,12,25,0,3,0,6,7
3674,MC_SC_17_s03L_3674,12,5,3,121,49,42,33,10,143,63,18,8,23,5,74,48,28,12,3
3675,MC_SC_17_s03L_3675,12,11,4,3,33,44,60,50,165,85,42,3,12,44,78,23,27,2,3
3676,MC_SC_17_s03L_3676,12,2,1,0,28,0,1,2,0,2,35,6,17,14,0,7,0,25,0
3677,MC_SC_17_s03L_3677,12,13,6,11,106,9,22,6,104,318,36,5,28,23,147,53,52,12,8
3678,MC_SC_17_s03L_3678,12,4,3,2,19,2,1,69,32,31,1,6,56,18,0,19,7,31,26
3679,MC_SC_17_s03L_3679,12,2,1,84,2,5,34,13,9,8,25,12,47,31,24,17,0,31,28
3680,MC_SC_17_s03L_3680,12,5,4,0,47,7,12,1,10,22,32,1,6,25,0,17,15,19,2
3681,MC_SC_17_s03L_3681,12,3,2,2,12,7,1,61,50,15,44,5,17,1,3,24,3,50,9
3682,MC_SC_17_s03L_3682,12,7,6,4,68,20,2,7,8,24,0,1,28,47,18,9,10,40,1
3683,MC_SC_17_s03L_3683,12,2,2,0,0,0,0,3,2,12,1,0,1,0,1,0,0,0,1
3684,MC_SC_17_s03L_3684,12,7,4,0,40,4,43,2,15,98,8,8,6,30,89,5,5,0,10
3685,MC_SC_17_s03L_3685,12,5,4,0,1,0,0,19,11,0,5,5,6,0,0,2,0,0,0
3686,MC_SC_17_s03L_3686,12,7,5,190,113,45,37,4,127,28,68,0,35,31,87,67,12,22,52
3687,MC_SC_17_s03L_3687,12,4,2,0,20,2,15,63,0,5,0,34,21,3,2,21,0,21,0
3688,MC_SC_17_s03L_3688,12,3,2,0,4,0,10,65,2,0,33,0,24,18,0,9,0,8,29
3689,MC_SC_17_s03L_3689,12,5,3,0,83,26,27,1,12,10,0,10,15,60,12,17,10,18,2
3690,MC_SC_17_s03L_3690,12,2,2,5,10,3,0,69,26,9,1,15,25,6,2,13,0,11,6
3691,MC_SC_17_s03L_3691,12,1,1,0,3,0,1,1,5,3,0,0,0,0,0,0,0,0,2
3692,MC_SC_17_s03L_3692,12,6,4,4,235,104,134,10,87,58,32,34,43,115,180,118,53,33,11
3693,MC_SC_17_s03L_3693,12,4,3,6,18,4,1,55,18,5,6,5,29,10,6,13,0,3,3
3694,MC_SC_17_s03L_3694,12,4,2,0,25,12,42,3,1,0,18,15,6,19,2,12,0,26,29
3695,MC_SC_17_s03L_3695,12,3,2,1,9,0,1,3,0,43,1,0,4,6,0,0,0,36,1
3696,MC_SC_17_s03L_3696,12,4,2,81,103,56,42,70,96,8,43,20,23,4,72,65,10,8,12
3697,MC_SC_17_s03L_3697,12,4,3,0,32,0,8,7,64,140,0,1,12,2,25,14,7,19,29
3698,MC_SC_17_s03L_3698,12,4,2,0,19,0,21,3,35,117,1,5,17,30,6,20,0,12,7
3699,MC_SC_17_s03L_3699,12,4,3,0,1,0,1,81,15,3,3,6,12,0,3,11,0,1,0
3700,MC_SC_17_s03L_3700,12,4,1,0,15,0,57,6,7,127,2,1,22,25,8,14,4,64,24
3701,MC_SC_17_s03L_3701,12,8,5,0,53,3,32,6,23,119,3,5,5,28,52,33,11,1,26
3702,MC_SC_17_s03L_3702,12,4,2,41,5,1,2,1,22,4,10,6,13,24,5,17,0,17,28
3703,MC_SC_17_s03L_3703,12,3,2,0,60,8,46,83,23,4,95,4,27,9,0,21,0,28,3
3704,MC_SC_17_s03L_3704,12,6,4,91,1,3,2,11,40,2,7,6,31,3,19,8,0,15,42
3705,MC_SC_17_s03L_3705,12,5,3,74,7,0,1,6,25,0,11,3,9,24,0,14,0,9,2
3706,MC_SC_17_s03L_3706,12,4,3,0,28,57,71,4,192,12,8,8,3,67,3,42,6,32,43
3707,MC_SC_17_s03L_3707,12,4,2,2,5,1,4,21,15,0,0,5,10,7,2,6,0,7,0
3708,MC_SC_17_s03L_3708,12,5,3,0,40,0,30,1,37,45,71,22,20,28,3,40,4,20,13
3709,MC_SC_17_s03L_3709,12,8,7,0,26,9,3,66,27,5,2,11,29,0,3,18,3,5,0
3710,MC_SC_17_s03L_3710,12,3,2,1,0,0,0,42,18,1,19,4,12,0,0,5,0,14,10
3711,MC_SC_17_s03L_3711,12,4,3,0,21,0,3,5,8,12,4,0,11,27,2,8,0,0,3
3712,MC_SC_17_s03L_3712,12,4,2,1,6,2,0,41,27,1,4,3,10,10,0,1,0,1,2
3713,MC_SC_17_s03L_3713,12,1,1,0,0,0,4,2,10,0,3,0,0,0,0,0,0,0,0
3714,MC_SC_17_s03L_3714,12,5,4,21,24,0,9,2,56,6,7,4,10,23,0,16,0,17,1
3715,MC_SC_17_s03L_3715,12,4,3,1,4,2,34,64,13,7,8,33,13,34,2,15,5,23,32
3716,MC_SC_17_s03L_3716,12,4,2,1,36,0,3,4,6,2,0,3,14,53,0,19,5,45,2
3717,MC_SC_17_s03L_3717,12,5,3,0,36,4,45,1,1,132,22,2,18,59,2,25,14,2,23
3718,MC_SC_17_s03L_3718,12,1,1,0,9,1,10,2,12,13,17,2,0,5,0,7,7,3,2
3719,MC_SC_17_s03L_3719,12,4,2,0,5,4,16,15,3,54,7,1,15,25,4,28,19,11,12
3720,MC_SC_17_s03L_3720,12,3,1,0,0,0,1,0,0,0,0,4,3,9,0,2,0,0,3
3721,MC_SC_17_s03L_3721,12,3,2,0,4,0,0,47,5,0,51,23,27,19,8,16,0,62,17
3722,MC_SC_17_s03L_3722,12,3,2,99,44,0,21,33,24,7,4,5,55,40,2,15,4,83,0
3723,MC_SC_17_s03L_3723,12,3,1,52,20,0,0,2,34,0,6,4,22,8,4,2,2,26,27
3724,MC_SC_17_s03L_3724,12,3,2,95,11,0,13,7,11,0,6,2,14,2,2,24,0,39,48
3725,MC_SC_17_s03L_3725,12,10,7,238,79,3,65,10,201,11,46,3,53,10,60,56,19,34,46
3726,MC_SC_17_s03L_3726,12,3,1,0,6,0,15,7,13,78,28,6,24,50,20,19,8,2,30
3727,MC_SC_17_s03L_3727,12,3,3,0,5,0,13,1,7,124,26,3,15,18,23,6,14,22,22
3728,MC_SC_17_s03L_3728,12,2,2,0,2,0,5,2,14,51,4,0,2,2,0,4,0,0,1
3729,MC_SC_17_s03L_3729,12,4,2,0,51,0,32,9,36,99,18,13,25,72,13,51,5,8,16
3730,MC_SC_17_s03L_3730,12,2,2,0,30,0,4,2,7,5,70,9,22,44,0,13,2,47,1
3731,MC_SC_17_s03L_3731,12,4,2,0,12,0,7,3,2,97,13,5,21,26,26,11,2,13,21
3732,MC_SC_17_s03L_3732,12,5,3,2,34,0,2,10,1,88,19,0,13,1,50,23,7,21,26
3733,MC_SC_17_s03L_3733,12,6,3,0,17,0,35,3,4,176,8,16,10,39,64,30,6,5,32
3734,MC_SC_17_s03L_3734,12,1,1,0,0,0,0,2,12,31,1,0,0,0,0,2,0,0,0
3735,MC_SC_17_s03L_3735,12,3,2,2,18,0,23,0,35,118,22,39,17,3,29,12,0,35,25
3736,MC_SC_17_s03L_3736,12,4,2,1,1,0,0,55,27,5,4,6,16,9,0,4,8,1,0
3737,MC_SC_17_s03L_3737,12,4,2,0,12,0,55,1,67,116,45,21,14,50,37,27,4,10,28
3738,MC_SC_17_s03L_3738,12,1,1,0,1,0,15,4,28,66,18,1,3,8,0,7,0,4,3
3739,MC_SC_17_s03L_3739,12,5,3,55,16,2,18,23,53,5,1,41,40,16,0,30,6,40,14
3740,MC_SC_17_s03L_3740,12,2,1,0,12,0,4,3,0,0,4,19,6,17,0,23,4,4,0
3741,MC_SC_17_s03L_3741,12,4,3,1,46,69,120,17,130,43,86,23,19,61,119,49,21,9,59
3742,MC_SC_17_s03L_3742,12,4,3,227,19,0,9,20,91,9,30,33,22,7,15,12,97,245,105
3743,MC_SC_17_s03L_3743,12,1,1,0,0,0,10,0,13,19,11,1,0,3,0,5,0,1,1
3744,MC_SC_17_s03L_3744,12,2,1,0,2,0,6,0,2,0,1,5,8,11,0,0,3,20,1
3745,MC_SC_17_s03L_3745,12,3,1,92,39,1,35,86,66,1,3,12,16,2,1,20,4,18,14
3746,MC_SC_17_s03L_3746,12,3,2,0,21,0,29,13,2,16,34,21,14,9,0,11,0,32,18
3747,MC_SC_17_s03L_3747,12,5,4,95,21,4,25,51,38,2,8,0,26,0,7,17,3,69,19
3748,MC_SC_17_s03L_3748,12,4,2,0,13,0,43,2,45,121,40,39,22,9,35,11,0,37,45
3749,MC_SC_17_s03L_3749,12,10,5,0,16,0,13,3,42,140,11,1,18,4,37,17,13,2,3
3750,MC_SC_17_s03L_3750,12,6,4,3,23,2,24,46,58,91,45,0,21,4,28,24,3,13,2
3751,MC_SC_17_s03L_3751,12,6,2,2,19,0,4,46,12,4,10,2,16,16,0,1,0,23,8
3752,MC_SC_17_s03L_3752,12,5,4,70,18,0,32,7,31,7,1,38,56,24,14,40,9,26,20
3753,MC_SC_17_s03L_3753,12,6,4,0,20,13,38,10,132,13,11,2,4,28,42,8,10,2,4
3754,MC_SC_17_s03L_3754,12,1,1,0,2,0,0,0,3,2,0,0,2,1,0,0,0,3,6
3755,MC_SC_17_s03L_3755,12,1,1,0,0,0,17,3,4,2,8,1,0,3,0,3,0,0,0
3756,MC_SC_17_s03L_3756,12,4,3,80,16,0,61,6,24,7,7,0,13,16,13,22,4,13,23
3757,MC_SC_17_s03L_3757,12,9,3,1,30,0,38,2,1,89,18,0,11,2,39,17,10,38,22
3758,MC_SC_17_s03L_3758,12,1,1,1,0,4,5,27,15,3,61,5,7,6,0,4,2,15,13
3759,MC_SC_17_s03L_3759,12,1,1,0,1,0,1,1,0,0,2,0,3,1,0,1,0,5,0
3760,MC_SC_17_s03L_3760,12,1,1,0,12,4,4,1,2,1,2,7,2,9,8,8,4,2,0
3761,MC_SC_17_s03L_3761,12,4,2,1,12,0,5,7,2,87,11,19,28,0,26,18,2,22,3
3762,MC_SC_17_s03L_3762,12,5,3,0,11,3,7,37,1,4,98,29,44,27,4,5,0,51,40
3763,MC_SC_17_s03L_3763,12,3,2,51,30,2,3,14,14,7,0,1,7,3,8,16,0,5,17
3764,MC_SC_17_s03L_3764,12,14,4,0,0,1,4,43,15,4,7,9,8,0,1,0,0,0,0
3765,MC_SC_17_s03L_3765,12,1,1,17,13,0,6,32,22,2,33,0,6,2,0,3,0,7,10
3766,MC_SC_17_s03L_3766,12,2,1,0,5,0,0,19,13,0,45,1,4,0,0,1,0,9,11
3767,MC_SC_17_s03L_3767,12,7,2,0,32,1,33,16,95,166,39,13,14,46,73,27,20,14,10
3768,MC_SC_17_s03L_3768,12,1,1,0,3,0,0,1,13,6,4,0,3,1,0,3,0,0,2
3769,MC_SC_17_s03L_3769,12,2,1,0,6,0,28,2,2,27,7,4,4,4,3,7,0,12,2
3770,MC_SC_17_s03L_3770,12,1,1,0,1,2,4,13,9,0,1,1,3,1,2,1,0,0,1
3771,MC_SC_17_s03L_3771,12,6,4,0,40,72,87,16,81,36,59,3,26,101,69,12,31,43,7
3772,MC_SC_17_s03L_3772,12,1,1,0,1,0,6,3,0,0,4,2,0,0,0,4,0,0,6
3773,MC_SC_17_s03L_3773,12,5,3,0,28,0,18,4,1,78,41,23,30,2,6,15,0,34,3
3774,MC_SC_17_s03L_3774,12,1,1,13,6,2,1,4,3,1,1,0,0,0,8,1,0,0,0
3775,MC_SC_17_s03L_3775,12,6,4,0,44,1,138,73,11,143,22,2,29,17,87,66,11,20,21
3776,MC_SC_17_s03L_3776,12,7,3,0,29,1,26,5,45,177,29,2,7,33,3,34,8,2,3
3777,MC_SC_17_s03L_3777,12,3,2,1,16,0,6,6,0,6,0,3,6,3,0,12,0,0,0
3778,MC_SC_17_s03L_3778,12,4,3,1,3,0,1,60,26,0,1,5,19,13,0,11,0,1,2
3779,MC_SC_17_s03L_3779,12,1,1,0,0,0,0,0,0,7,1,0,0,0,0,0,0,0,0
3780,MC_SC_17_s03L_3780,12,1,1,1,0,0,0,0,0,0,0,0,0,0,0,0,0,0,1
3781,MC_SC_17_s03L_3781,12,5,2,158,66,1,58,130,90,12,30,48,59,7,3,43,0,50,37
3782,MC_SC_17_s03L_3782,12,1,1,6,2,0,3,0,0,0,3,10,1,1,36,9,35,0,0
3783,MC_SC_17_s03L_3783,12,1,1,0,0,0,3,2,2,0,4,1,3,2,3,10,0,1,3
3784,MC_SC_17_s03L_3784,12,4,2,0,11,0,0,78,22,1,4,5,11,12,0,18,2,0,1
3785,MC_SC_17_s03L_3785,12,5,3,0,66,0,8,31,0,21,3,6,16,13,0,27,0,24,21
3786,MC_SC_17_s03L_3786,12,2,1,87,43,10,11,12,26,8,2,0,5,1,25,3,0,0,11
3787,MC_SC_17_s03L_3787,12,2,1,0,16,1,19,29,5,11,2,17,19,8,0,11,1,28,0
3788,MC_SC_17_s03L_3788,12,5,3,0,28,21,119,3,39,9,69,6,23,63,26,26,10,17,50
3789,MC_SC_17_s03L_3789,12,3,1,94,11,12,4,54,38,0,1,0,13,1,16,13,2,0,32
3790,MC_SC_17_s03L_3790,12,1,1,2,1,0,1,2,1,0,3,10,4,1,23,1,12,0,0
3791,MC_SC_17_s03L_3791,12,5,3,0,16,16,115,8,6,5,6,6,11,25,2,19,0,5,31
3792,MC_SC_17_s03L_3792,12,1,1,0,23,0,39,19,5,2,26,0,15,24,2,3,0,0,0
3793,MC_SC_17_s03L_3793,12,2,2,0,53,0,3,66,27,24,8,11,25,28,0,16,0,41,31
3794,MC_SC_17_s03L_3794,12,4,2,0,30,35,61,2,32,4,47,17,24,42,39,27,2,4,35
3795,MC_SC_17_s03L_3795,12,9,3,2,69,0,40,26,0,80,24,30,22,39,1,22,0,45,42
3796,MC_SC_17_s03L_3796,12,5,4,0,29,0,0,43,14,0,0,0,4,12,0,0,0,0,0
3797,MC_SC_17_s03L_3797,12,4,2,1,27,18,67,9,94,7,71,2,20,50,3,15,10,60,18
3798,MC_SC_17_s03L_3798,12,3,2,0,24,5,38,2,21,2,8,24,16,34,0,2,11,25,9
3799,MC_SC_17_s03L_3799,12,6,3,0,15,0,90,2,10,0,45,6,0,23,0,53,2,34,18
3800,MC_SC_17_s03L_3800,12,5,3,0,47,0,26,8,2,92,1,2,9,56,0,13,0,208,39
3801,MC_SC_17_s03L_3801,12,6,4,0,30,0,68,9,2,162,8,36,9,58,5,19,7,61,9
3802,MC_SC_17_s03L_3802,12,7,5,83,13,0,24,0,0,9,9,0,13,14,5,24,8,17,4
3803,MC_SC_17_s03L_3803,12,4,3,0,4,0,6,1,5,37,6,2,3,12,20,2,2,0,5
3804,MC_SC_17_s03L_3804,12,4,3,0,52,0,29,23,25,59,26,41,17,43,15,33,0,32,36
3805,MC_SC_17_s03L_3805,12,6,4,0,129,0,23,5,71,91,38,60,7,45,6,9,2,19,11
3806,MC_SC_17_s03L_3806,12,5,2,0,2,0,0,50,21,0,1,8,11,1,0,4,0,0,0
3807,MC_SC_17_s03L_3807,12,3,2,0,18,0,63,23,21,14,6,11,17,24,26,22,0,16,43
3808,MC_SC_17_s03L_3808,12,3,2,1,31,0,89,54,38,0,34,53,39,28,5,13,0,8,0
3809,MC_SC_17_s03L_3809,12,4,3,0,45,14,62,2,151,17,2,12,53,60,83,36,9,4,9
3810,MC_SC_17_s03L_3810,12,5,3,127,117,1,1,16,63,35,50,8,44,128,303,68,397,94,89
3811,MC_SC_17_s03L_3811,12,1,1,5,0,0,0,1,0,0,0,1,1,0,11,4,16,0,3
3812,MC_SC_17_s03L_3812,12,7,3,57,31,4,2,3,2,45,5,6,10,23,95,2,143,7,8
3813,MC_SC_17_s03L_3813,12,4,4,0,19,25,47,0,8,5,23,8,12,15,28,23,8,4,9
3814,MC_SC_17_s03L_3814,12,6,3,0,24,3,45,3,1,0,0,1,41,12,4,19,0,53,8
3815,MC_SC_17_s03L_3815,12,1,1,0,4,19,56,4,25,8,3,0,2,6,27,2,2,13,11
3816,MC_SC_17_s03L_3816,12,1,1,33,39,0,0,0,21,8,8,0,4,17,45,12,84,4,6
3817,MC_SC_17_s03L_3817,12,5,4,153,72,0,5,10,76,11,18,0,20,46,48,64,200,51,40
3818,MC_SC_17_s03L_3818,12,3,1,18,11,0,0,0,6,0,2,0,0,14,9,0,14,12,5
3819,MC_SC_17_s03L_3819,12,4,2,0,18,4,66,46,21,3,0,4,26,28,2,15,4,13,31
3820,MC_SC_17_s03L_3820,12,1,1,2,1,0,0,1,0,1,1,0,0,3,22,3,41,0,5
3821,MC_SC_17_s03L_3821,12,3,2,1,87,0,105,31,42,131,37,57,17,55,0,10,0,15,23
3822,MC_SC_17_s03L_3822,12,1,1,25,6,0,0,2,10,2,1,0,1,5,9,3,31,2,3
3823,MC_SC_17_s03L_3823,12,5,3,74,13,6,0,5,0,33,13,1,6,17,84,14,101,7,20
3824,MC_SC_17_s03L_3824,12,4,3,0,52,0,105,2,17,140,8,20,18,60,53,27,10,128,7
3825,MC_SC_17_s03L_3825,12,2,2,1,3,0,14,2,0,80,0,2,4,21,17,6,6,40,21
3826,MC_SC_17_s03L_3826,12,1,1,21,8,0,0,1,4,6,11,1,7,21,70,1,92,4,11
3827,MC_SC_17_s03L_3827,12,5,2,0,49,0,45,7,3,136,9,16,11,48,13,28,10,87,67
3828,MC_SC_17_s03L_3828,12,2,1,0,10,0,28,1,1,0,2,11,6,0,2,15,0,9,1
3829,MC_SC_17_s03L_3829,12,1,1,0,1,0,4,2,3,25,1,0,1,8,7,1,1,14,1
3830,MC_SC_17_s03L_3830,12,9,7,0,15,3,50,4,0,153,15,31,7,56,50,18,10,81,15
3831,MC_SC_17_s03L_3831,12,2,2,0,14,0,18,3,13,51,1,12,1,32,10,8,8,61,24
3832,MC_SC_17_s03L_3832,12,6,4,58,38,1,9,11,38,6,29,2,12,20,43,34,33,28,23
3833,MC_SC_17_s03L_3833,12,7,4,137,138,5,35,25,2,43,32,91,52,22,217,82,306,30,12
3834,MC_SC_17_s03L_3834,12,6,4,99,55,5,17,5,5,32,15,0,7,0,15,51,119,19,12
3835,MC_SC_17_s03L_3835,12,1,1,0,2,0,12,0,3,34,7,6,2,0,10,2,0,3,1
3836,MC_SC_17_s03L_3836,12,3,1,0,29,0,39,15,10,0,3,4,13,10,0,12,0,4,16
3837,MC_SC_17_s03L_3837,12,8,3,97,62,2,40,7,13,25,45,11,32,36,161,32,249,26,35
3838,MC_SC_17_s03L_3838,12,7,3,0,104,4,318,27,86,634,15,56,42,85,94,229,47,444,144
3839,MC_SC_17_s03L_3839,12,6,3,96,55,0,4,12,10,4,43,110,21,64,157,58,148,37,34
3840,MC_SC_17_s03L_3840,12,1,1,0,1,0,2,2,9,48,4,3,5,4,2,13,0,69,10
3841,MC_SC_17_s03L_3841,12,7,3,0,13,0,34,16,5,22,15,7,21,20,0,1,0,3,0
3842,MC_SC_17_s03L_3842,12,1,1,0,5,0,1,56,15,2,3,1,11,35,0,6,0,0,3
3843,MC_SC_17_s03L_3843,12,1,1,0,0,0,0,1,0,13,0,1,0,1,0,1,1,19,3
3844,MC_SC_17_s03L_3844,12,7,5,88,56,0,14,4,6,0,7,6,9,19,112,30,99,39,13
3845,MC_SC_17_s03L_3845,12,6,5,53,46,2,11,1,3,10,5,2,5,23,76,20,214,8,16
3846,MC_SC_17_s03L_3846,12,10,6,0,16,4,114,4,129,299,116,2,27,138,30,78,33,393,73
3847,MC_SC_17_s03L_3847,12,4,2,0,10,0,32,1,6,9,13,3,5,21,0,4,2,60,14
3848,MC_SC_17_s03L_3848,12,4,2,0,98,1,77,1,2,145,19,19,51,68,80,10,14,81,25
3849,MC_SC_17_s03L_3849,12,5,3,0,29,0,94,6,1,138,11,20,25,72,14,28,9,188,79
3850,MC_SC_17_s03L_3850,12,9,6,0,8,0,22,0,3,17,2,4,6,5,11,6,1,26,9
3851,MC_SC_17_s03L_3851,12,8,3,56,56,0,122,3,2,16,9,43,7,19,35,32,15,22,12
3852,MC_SC_17_s03L_3852,12,8,3,56,59,0,16,4,104,18,18,26,12,67,101,52,150,32,35
3853,MC_SC_17_s03L_3853,12,1,1,0,0,1,0,1,7,5,1,0,3,3,0,1,2,27,3
3854,MC_SC_17_s03L_3854,12,7,3,133,66,2,282,9,11,40,31,64,16,76,140,37,208,42,48
3855,MC_SC_17_s03L_3855,12,1,1,21,2,0,9,0,0,0,4,8,1,0,2,5,21,0,0
3856,MC_SC_17_s03L_3856,12,8,3,161,91,0,79,9,15,3,12,98,27,25,73,84,104,28,14
3857,MC_SC_17_s03L_3857,12,7,3,56,44,8,79,7,10,43,23,38,32,92,102,17,96,31,17
3858,MC_SC_17_s03L_3858,12,12,7,118,49,3,92,20,19,15,41,21,11,36,2,26,206,19,30
3859,MC_SC_17_s03L_3859,12,3,2,0,24,0,47,1,0,42,6,17,7,34,0,16,0,11,26
3860,MC_SC_17_s03L_3860,12,4,3,0,100,0,112,11,10,213,93,112,21,124,4,66,25,339,117
3861,MC_SC_17_s03L_3861,12,5,3,0,18,0,71,26,0,51,0,14,10,43,0,10,0,29,0
3862,MC_SC_17_s03L_3862,12,1,1,4,2,0,15,3,0,0,3,1,1,5,15,0,2,0,2
3863,MC_SC_17_s03L_3863,12,2,1,0,18,0,14,66,5,30,13,3,6,11,0,7,0,16,0
3864,MC_SC_17_s03L_3864,12,2,2,26,12,0,12,2,2,0,2,2,1,4,3,3,8,0,2
3865,MC_SC_17_s03L_3865,12,7,4,0,95,0,7,8,94,550,64,68,29,173,29,21,20,386,68
3866,MC_SC_17_s03L_3866,12,5,3,64,66,7,156,12,3,27,21,67,15,40,70,44,43,35,33
3867,MC_SC_17_s03L_3867,12,4,2,0,6,0,28,4,1,2,16,2,7,24,2,1,0,0,0
3868,MC_SC_17_s03L_3868,12,2,1,0,22,0,31,89,2,45,7,8,14,28,0,3,0,32,0
3869,MC_SC_17_s03L_3869,12,2,2,0,5,0,2,1,9,91,27,11,8,26,0,6,0,56,10
3870,MC_SC_17_s03L_3870,12,8,6,37,20,4,69,2,2,23,8,4,2,13,57,9,71,12,13
3871,MC_SC_17_s03L_3871,12,4,3,0,72,0,32,9,38,225,44,47,23,91,29,11,4,180,28
3872,MC_SC_17_s03L_3872,12,13,10,1,145,0,242,11,206,728,86,61,33,146,294,94,0,19,74
3873,MC_SC_17_s03L_3873,12,6,3,0,138,0,1,7,117,220,48,58,10,121,14,2,21,189,55
3874,MC_SC_17_s03L_3874,12,4,3,0,42,0,0,0,22,81,9,16,4,26,5,0,0,29,0
3875,MC_SC_17_s03L_3875,12,3,2,1,25,0,22,2,19,100,11,4,16,22,3,16,6,72,0
3876,MC_SC_17_s03L_3876,12,2,2,0,12,0,21,2,5,37,27,0,11,34,8,22,0,47,0
3877,MC_SC_17_s03L_3877,12,2,2,0,4,0,13,6,4,46,23,0,8,22,6,9,0,19,0
3878,MC_SC_17_s03L_3878,12,8,5,0,356,23,337,30,66,722,109,172,47,269,397,181,82,148,109
3879,MC_SC_17_s03L_3879,12,16,12,72,122,0,181,12,5,15,16,54,28,40,250,56,184,48,20
3880,MC_SC_17_s03L_3880,12,6,3,0,177,1,5,21,133,311,74,68,25,140,10,19,33,390,84
3881,MC_SC_17_s03L_3881,12,4,4,0,12,6,22,2,20,49,15,19,13,23,0,0,5,52,7
3882,MC_SC_17_s03L_3882,12,2,2,0,3,0,4,13,0,21,3,16,9,16,3,5,0,0,0
3883,MC_SC_17_s03L_3883,12,2,1,0,7,9,5,1,6,77,2,9,0,11,19,8,36,1,10
3884,MC_SC_17_s03L_3884,12,4,2,0,18,0,68,6,1,70,3,33,14,24,65,43,2,11,3
3885,MC_SC_17_s03L_3885,12,2,1,0,1,0,8,19,0,6,1,10,17,19,2,2,0,1,1
3886,MC_SC_17_s03L_3886,12,5,3,124,112,0,173,9,5,3,37,68,35,43,310,106,234,17,36
3887,MC_SC_17_s03L_3887,12,3,2,0,48,4,26,4,0,54,3,2,12,18,2,23,12,21,0
3888,MC_SC_17_s03L_3888,12,7,3,49,31,4,53,2,2,32,4,14,19,27,192,66,252,18,24
3889,MC_SC_17_s03L_3889,12,10,3,0,62,0,3,3,65,259,86,8,29,102,34,16,15,266,79
3890,MC_SC_17_s03L_3890,12,1,1,32,21,0,29,0,1,0,3,3,5,10,37,16,65,1,5
3891,MC_SC_17_s03L_3891,12,3,2,73,6,12,22,0,0,0,0,2,1,0,0,0,0,0,0
3892,MC_SC_17_s03L_3892,12,2,1,0,1,0,23,0,0,0,0,1,11,15,0,0,0,0,3
3893,MC_SC_17_s03L_3893,12,1,1,19,20,0,8,2,0,0,11,9,4,6,34,21,91,0,6
3894,MC_SC_17_s03L_3894,12,12,4,70,40,16,103,4,12,54,13,59,9,34,104,58,209,5,16
3895,MC_SC_17_s03L_3895,12,11,7,0,26,0,5,3,48,190,4,3,32,33,12,22,5,18,28
3896,MC_SC_17_s03L_3896,12,10,8,76,79,3,115,8,8,2,16,32,19,20,89,73,140,29,13
3897,MC_SC_17_s03L_3897,12,2,1,0,1,0,12,9,2,7,12,1,6,15,0,6,0,0,0
3898,MC_SC_17_s03L_3898,12,1,1,84,6,6,8,0,0,0,0,7,0,0,0,0,0,0,0
3899,MC_SC_17_s03L_3899,12,1,1,4,0,0,11,0,0,0,5,3,1,0,9,7,9,0,0
3900,MC_SC_17_s03L_3900,12,2,1,0,0,0,13,0,0,0,1,0,1,0,2,1,0,0,3
3901,MC_SC_17_s03L_3901,12,4,3,83,36,0,32,1,18,45,10,1,16,14,101,49,95,16,30
3902,MC_SC_17_s03L_3902,12,5,5,0,12,0,36,0,0,11,0,0,2,0,0,0,0,0,0
3903,MC_SC_17_s03L_3903,12,2,2,0,0,0,22,0,0,84,14,16,0,3,37,7,19,4,24
3904,MC_SC_17_s03L_3904,12,2,1,0,0,2,43,0,0,21,1,6,23,0,2,10,0,21,17
3905,MC_SC_17_s03L_3905,13,2,1,0,2,0,6,13,11,10,1,2,12,16,0,0,0,0,0
3906,MC_SC_17_s03L_3906,13,7,2,74,9,11,8,11,42,6,0,0,3,9,18,10,2,0,1
3907,MC_SC_17_s03L_3907,13,7,6,31,1,0,10,18,21,2,4,20,10,3,27,6,5,0,0
3908,MC_SC_17_s03L_3908,13,4,3,0,6,15,87,4,55,9,15,9,52,1,51,4,10,91,28
3909,MC_SC_17_s03L_3909,13,7,5,0,2,0,22,0,24,14,0,1,23,4,2,0,0,17,0
3910,MC_SC_17_s03L_3910,13,8,6,0,7,0,39,0,0,28,0,23,9,70,27,2,0,31,14
3911,MC_SC_17_s03L_3911,13,8,2,0,11,20,70,24,61,14,6,5,20,40,1,7,0,150,4
3912,MC_SC_17_s03L_3912,13,9,2,67,14,8,27,91,27,9,7,19,33,3,2,8,6,6,3
3913,MC_SC_17_s03L_3913,13,1,1,0,3,6,17,8,25,8,0,0,3,3,2,1,0,82,0
3914,MC_SC_17_s03L_3914,13,4,2,67,0,0,43,35,40,0,0,8,10,1,4,8,0,10,2
3915,MC_SC_17_s03L_3915,13,4,2,0,3,0,56,1,14,84,2,12,3,59,0,17,0,26,7
3916,MC_SC_17_s03L_3916,13,8,2,0,0,0,26,1,0,58,0,2,7,36,19,3,0,19,0
3917,MC_SC_17_s03L_3917,13,8,5,0,19,0,40,71,38,85,1,14,10,33,11,7,0,2,0
3918,MC_SC_17_s03L_3918,13,4,2,0,0,0,36,0,17,47,0,1,1,33,2,8,0,34,15
3919,MC_SC_17_s03L_3919,13,4,2,0,33,12,81,3,30,0,1,8,18,32,2,27,0,48,21
3920,MC_SC_17_s03L_3920,13,8,6,0,1,8,26,4,7,25,4,2,21,0,44,0,0,2,0
3921,MC_SC_17_s03L_3921,13,3,1,30,4,0,11,16,29,4,1,4,9,3,0,3,2,0,0
3922,MC_SC_17_s03L_3922,13,7,3,0,21,57,61,5,41,35,0,0,11,43,70,4,0,0,3
3923,MC_SC_17_s03L_3923,13,2,2,0,4,3,8,8,22,74,3,1,1,4,31,0,14,0,0
3924,MC_SC_17_s03L_3924,13,6,4,80,3,0,21,57,27,0,10,2,10,24,0,1,4,32,0
3925,MC_SC_17_s03L_3925,13,8,3,0,34,0,99,18,2,86,4,9,21,50,42,4,12,89,1
3926,MC_SC_17_s03L_3926,13,2,2,38,2,0,9,4,0,0,0,1,5,5,2,2,0,3,0
3927,MC_SC_17_s03L_3927,13,3,2,0,5,0,13,45,0,27,38,7,11,5,8,1,0,6,1
3928,MC_SC_17_s03L_3928,13,6,3,0,7,1,48,0,1,72,1,11,4,33,4,17,4,7,3
3929,MC_SC_17_s03L_3929,13,4,2,0,6,0,57,27,0,65,3,6,9,20,0,14,0,58,0
3930,MC_SC_17_s03L_3930,13,8,3,0,28,78,138,12,44,35,12,22,16,46,73,6,0,69,1
3931,MC_SC_17_s03L_3931,13,7,5,0,10,0,56,0,0,51,12,8,15,40,7,1,0,55,0
3932,MC_SC_17_s03L_3932,13,7,5,0,3,40,80,1,21,32,0,0,10,8,15,3,0,0,4
3933,MC_SC_17_s03L_3933,13,3,2,0,20,0,56,38,2,118,6,0,13,10,45,8,0,38,1
3934,MC_SC_17_s03L_3934,13,6,3,1,18,35,170,1,133,32,3,1,19,31,76,14,9,35,43
3935,MC_SC_17_s03L_3935,13,5,4,0,4,1,66,40,5,76,17,0,11,4,29,0,0,7,0
3936,MC_SC_17_s03L_3936,13,4,2,0,3,40,55,6,29,39,0,1,16,12,11,9,0,2,25
3937,MC_SC_17_s03L_3937,13,4,2,0,19,0,97,20,0,60,3,3,15,41,16,4,0,56,0
3938,MC_SC_17_s03L_3938,13,17,11,1,34,25,57,16,33,308,1,0,11,8,58,15,77,0,4
3939,MC_SC_17_s03L_3939,13,5,2,1,12,2,32,68,0,115,25,4,12,4,16,5,0,19,5
3940,MC_SC_17_s03L_3940,13,2,1,0,11,0,25,1,0,0,1,2,4,4,0,1,0,7,11
3941,MC_SC_17_s03L_3941,13,9,4,0,13,4,28,0,6,29,0,0,17,0,2,0,0,0,0
3942,MC_SC_17_s03L_3942,13,4,2,91,5,0,39,40,1,9,1,6,12,17,1,12,0,0,0
3943,MC_SC_17_s03L_3943,13,1,1,1,2,0,10,13,8,33,6,2,1,2,1,2,6,0,0
3944,MC_SC_17_s03L_3944,13,7,1,0,13,0,46,1,2,45,4,18,7,41,4,1,2,36,8
3945,MC_SC_17_s03L_3945,13,13,6,1,48,0,209,5,0,280,70,14,21,52,89,28,2,145,0
3946,MC_SC_17_s03L_3946,13,4,3,0,16,2,75,0,0,0,0,1,7,16,32,0,8,43,0
3947,MC_SC_17_s03L_3947,13,4,1,45,15,0,25,58,35,12,6,10,24,7,0,8,0,17,7
3948,MC_SC_17_s03L_3948,13,11,8,0,12,0,76,5,0,100,15,14,8,45,17,12,0,7,0
3949,MC_SC_17_s03L_3949,13,6,2,0,11,88,96,6,145,156,7,0,19,6,121,22,44,6,15
3950,MC_SC_17_s03L_3950,13,4,4,1,4,4,47,1,2,3,0,0,2,7,9,6,0,0,10
3951,MC_SC_17_s03L_3951,13,9,3,1,3,43,103,11,130,36,17,7,27,10,50,22,9,2,12
3952,MC_SC_17_s03L_3952,13,8,5,0,14,19,57,2,49,9,0,1,36,14,0,0,4,130,8
3953,MC_SC_17_s03L_3953,13,4,1,96,19,0,47,2,0,0,0,5,8,29,0,4,22,144,5
3954,MC_SC_17_s03L_3954,13,4,3,0,8,3,20,16,47,60,0,8,8,18,1,0,4,4,1
3955,MC_SC_17_s03L_3955,13,5,4,1,6,84,89,12,11,150,29,0,23,6,151,10,32,16,22
3956,MC_SC_17_s03L_3956,13,3,2,1,14,0,24,3,25,83,6,1,24,22,15,16,6,12,14
3957,MC_SC_17_s03L_3957,13,2,2,1,0,5,37,59,18,9,30,0,5,10,0,2,0,15,33
3958,MC_SC_17_s03L_3958,13,3,2,0,13,0,81,4,2,36,4,15,16,28,10,1,0,14,4
3959,MC_SC_17_s03L_3959,13,8,5,1,70,5,94,21,1,176,21,11,17,9,91,21,7,11,9
3960,MC_SC_17_s03L_3960,13,2,2,0,27,0,95,4,0,49,0,20,14,9,10,4,0,9,18
3961,MC_SC_17_s03L_3961,13,3,2,0,16,0,51,2,0,64,8,6,7,35,0,3,7,45,2
3962,MC_SC_17_s03L_3962,13,5,2,0,33,0,56,0,0,68,3,2,9,2,0,9,0,70,1
3963,MC_SC_17_s03L_3963,13,4,2,0,15,0,134,3,18,129,7,9,41,10,46,44,6,167,9
3964,MC_SC_17_s03L_3964,13,5,4,2,43,9,132,3,9,56,5,0,14,4,9,36,27,15,39
3965,MC_SC_17_s03L_3965,13,3,2,0,25,0,114,4,30,178,5,6,28,23,30,35,0,128,9
3966,MC_SC_17_s03L_3966,13,2,1,0,9,0,24,0,0,28,0,3,5,10,3,0,0,32,0
3967,MC_SC_17_s03L_3967,13,3,2,0,10,0,66,5,0,43,1,19,19,2,8,10,0,11,21
3968,MC_SC_17_s03L_3968,13,4,3,0,2,0,67,1,21,96,5,0,12,9,26,9,2,59,0
3969,MC_SC_17_s03L_3969,13,4,3,68,21,14,61,15,20,7,17,0,6,8,20,8,4,7,29
3970,MC_SC_17_s03L_3970,13,4,2,0,8,0,29,0,1,25,1,3,8,2,9,6,0,2,2
3971,MC_SC_17_s03L_3971,13,11,3,0,15,2,85,5,2,153,8,5,6,23,51,32,7,10,11
3972,MC_SC_17_s03L_3972,13,5,2,104,20,7,33,7,4,4,3,1,1,8,4,36,7,9,3
3973,MC_SC_17_s03L_3973,13,8,5,0,62,1,130,13,39,291,16,1,11,29,38,22,4,17,35
3974,MC_SC_17_s03L_3974,13,3,2,130,31,20,64,50,77,4,12,4,42,0,7,5,0,1,2
3975,MC_SC_17_s03L_3975,13,4,3,0,11,0,44,57,3,45,12,3,34,9,0,4,0,12,5
3976,MC_SC_17_s03L_3976,13,3,3,0,12,0,62,2,2,30,7,21,24,30,2,17,0,95,3
3977,MC_SC_17_s03L_3977,13,7,2,70,30,31,26,10,3,1,14,0,16,7,1,8,0,0,8
3978,MC_SC_17_s03L_3978,13,7,4,85,58,139,124,31,68,96,22,0,10,27,25,54,60,52,5
3979,MC_SC_17_s03L_3979,13,3,2,24,10,3,21,23,16,1,5,5,4,0,0,16,0,0,0
3980,MC_SC_17_s03L_3980,13,7,3,0,18,7,20,46,65,130,7,1,15,12,3,17,15,2,0
3981,MC_SC_17_s03L_3981,13,7,4,76,0,3,41,19,2,0,2,3,2,15,0,15,9,0,5
3982,MC_SC_17_s03L_3982,13,6,3,0,67,5,76,9,20,169,12,0,17,23,43,49,19,7,24
3983,MC_SC_17_s03L_3983,13,8,1,102,13,2,51,0,1,6,1,5,25,15,0,14,0,2,0
3984,MC_SC_17_s03L_3984,13,2,2,0,4,0,28,1,0,3,2,5,23,3,0,0,0,4,12
3985,MC_SC_17_s03L_3985,13,6,4,0,45,41,101,2,77,36,6,0,23,1,9,15,22,18,12
3986,MC_SC_17_s03L_3986,13,6,3,116,67,43,43,51,11,36,20,0,25,20,4,24,0,0,12
3987,MC_SC_17_s03L_3987,13,5,3,0,15,4,38,88,96,20,16,5,28,25,0,20,13,10,3
3988,MC_SC_17_s03L_3988,13,4,2,0,115,5,156,32,1,19,37,30,137,0,7,34,6,189,0
3989,MC_SC_17_s03L_3989,13,2,1,0,13,0,41,79,46,51,5,1,16,26,2,13,0,18,22
3990,MC_SC_17_s03L_3990,13,2,2,0,6,0,48,26,32,37,8,12,15,10,2,2,0,27,16
3991,MC_SC_17_s03L_3991,13,9,3,0,11,16,32,0,24,15,2,0,3,4,4,5,6,0,4
3992,MC_SC_17_s03L_3992,13,3,2,75,7,0,34,31,27,0,28,5,11,5,0,8,0,19,4
3993,MC_SC_17_s03L_3993,13,4,1,56,17,2,33,8,42,2,8,6,5,12,5,30,0,4,7
3994,MC_SC_17_s03L_3994,13,4,3,84,8,0,33,2,3,0,4,1,0,3,1,38,0,6,3
3995,MC_SC_17_s03L_3995,13,1,1,0,2,0,3,0,0,0,0,0,0,0,0,3,0,8,0
3996,MC_SC_17_s03L_3996,13,8,3,4,24,3,84,44,114,138,20,6,8,8,48,23,18,12,1
3997,MC_SC_17_s03L_3997,13,4,3,113,3,0,20,1,17,5,0,6,6,15,10,6,0,7,22
3998,MC_SC_17_s03L_3998,13,4,2,82,0,0,46,30,1,2,4,4,22,13,0,41,0,4,5
3999,MC_SC_17_s03L_3999,13,3,1,0,2,0,18,0,1,18,13,0,4,7,0,11,0,0,0
4000,MC_SC_17_s03L_4000,13,7,2,40,22,6,14,11,40,35,4,0,6,3,22,7,15,0,3
4001,MC_SC_17_s03L_4001,13,2,1,39,27,1,10,49,22,0,1,14,1,5,2,13,0,1,2
4002,MC_SC_17_s03L_4002,13,1,1,20,8,0,3,1,18,7,2,1,0,4,18,9,9,0,1
4003,MC_SC_17_s03L_4003,13,6,3,0,7,0,109,15,75,288,34,11,43,25,85,20,25,13,2
4004,MC_SC_17_s03L_4004,13,3,2,120,25,1,41,1,40,27,3,23,20,44,59,76,23,12,43
4005,MC_SC_17_s03L_4005,13,6,3,0,0,0,20,1,20,4,0,0,12,0,0,0,0,20,1
4006,MC_SC_17_s03L_4006,13,9,7,0,30,0,36,1,1,93,2,14,20,24,45,10,0,37,5
4007,MC_SC_17_s03L_4007,13,3,1,0,18,0,17,0,0,2,5,1,5,0,0,8,0,47,0
4008,MC_SC_17_s03L_4008,13,2,1,0,1,0,11,0,0,18,1,4,0,0,5,0,0,3,1
4009,MC_SC_17_s03L_4009,13,1,1,0,0,0,6,0,0,5,0,0,4,0,0,0,0,11,0
4010,MC_SC_17_s03L_4010,13,4,3,252,75,108,122,46,229,86,28,16,31,47,178,118,53,14,21
4011,MC_SC_17_s03L_4011,13,7,4,0,15,0,122,32,6,182,5,1,7,28,37,7,7,37,21
4012,MC_SC_17_s03L_4012,13,6,2,0,2,5,16,0,1,19,0,0,19,2,2,0,0,34,2
4013,MC_SC_17_s03L_4013,13,5,1,68,11,0,11,22,16,7,3,0,7,3,2,12,0,2,4
4014,MC_SC_17_s03L_4014,13,4,2,66,14,4,6,2,2,1,50,10,18,21,0,10,0,13,0
4015,MC_SC_17_s03L_4015,13,8,7,3,9,12,29,33,83,189,18,2,8,8,51,17,27,4,5
4016,MC_SC_17_s03L_4016,13,4,3,164,27,0,55,58,23,0,3,3,19,13,3,27,0,2,7
4017,MC_SC_17_s03L_4017,13,12,8,0,9,23,73,4,33,20,1,0,20,12,51,29,11,4,25
4018,MC_SC_17_s03L_4018,13,2,1,0,13,0,35,0,0,55,2,9,4,23,0,12,2,27,20
4019,MC_SC_17_s03L_4019,13,1,1,0,11,0,34,4,1,0,0,10,8,0,8,14,1,53,0
4020,MC_SC_17_s03L_4020,13,6,3,133,6,28,78,33,89,9,6,3,23,6,11,40,4,8,9
4021,MC_SC_17_s03L_4021,13,2,2,0,4,0,6,9,2,0,0,0,0,3,0,0,0,0,0
4022,MC_SC_17_s03L_4022,13,3,2,1,24,0,30,2,9,1,7,7,22,30,2,23,2,29,6
4023,MC_SC_17_s03L_4023,13,3,2,0,19,0,2,1,0,22,0,0,1,5,2,1,0,1,0
4024,MC_SC_17_s03L_4024,13,11,4,0,89,7,36,7,95,258,5,7,14,7,31,51,31,4,0
4025,MC_SC_17_s03L_4025,13,3,2,0,2,0,36,26,7,27,5,4,5,0,0,3,0,21,6
4026,MC_SC_17_s03L_4026,13,1,1,0,0,0,0,0,0,0,0,0,0,0,1,0,0,0,0
4027,MC_SC_17_s03L_4027,13,5,3,47,4,0,1,1,0,0,4,20,19,8,1,1,0,4,14
4028,MC_SC_17_s03L_4028,13,2,2,0,0,0,0,0,25,16,1,0,0,2,0,0,0,2,0
4029,MC_SC_17_s03L_4029,13,1,1,0,0,0,0,0,0,0,0,0,1,0,0,1,0,0,0
4030,MC_SC_17_s03L_4030,13,2,2,1,4,0,8,0,0,0,0,0,0,0,0,0,0,0,0
4031,MC_SC_17_s03L_4031,13,4,2,88,5,7,42,24,3,3,0,0,8,11,9,18,0,11,5
4032,MC_SC_17_s03L_4032,13,3,2,6,8,0,9,18,0,38,2,5,24,0,5,2,0,6,1
4033,MC_SC_17_s03L_4033,13,4,2,30,11,0,8,3,0,0,2,4,8,7,0,1,0,10,9
4034,MC_SC_17_s03L_4034,13,1,1,0,1,0,0,0,0,0,1,0,0,0,0,0,2,1,0
4035,MC_SC_17_s03L_4035,13,1,1,18,6,0,1,0,0,0,3,3,4,11,0,3,0,15,8
4036,MC_SC_17_s03L_4036,13,3,2,41,8,0,0,8,7,0,5,9,8,0,0,5,0,1,1
4037,MC_SC_17_s03L_4037,13,1,1,20,18,0,4,1,8,0,0,0,7,0,0,3,0,6,4
4038,MC_SC_17_s03L_4038,13,1,1,23,4,0,0,1,14,0,21,1,7,11,0,0,0,1,1
4039,MC_SC_17_s03L_4039,13,7,5,0,23,0,14,0,10,79,0,0,6,0,11,14,0,62,0
4040,MC_SC_17_s03L_4040,13,7,3,10,12,0,3,1,2,0,22,11,10,22,0,8,0,13,4
4041,MC_SC_17_s03L_4041,13,2,1,12,6,0,0,9,8,0,1,0,12,2,3,1,0,11,0
4042,MC_SC_17_s03L_4042,13,4,2,2,23,0,8,11,1,19,2,4,13,0,0,4,3,11,0
4043,MC_SC_17_s03L_4043,13,5,2,1,38,0,12,56,27,49,23,1,25,0,0,1,0,37,1
4044,MC_SC_17_s03L_4044,13,6,4,0,2,0,17,41,39,138,7,21,6,14,0,12,0,1,2
4045,MC_SC_17_s03L_4045,13,2,1,1,22,0,1,2,0,9,1,9,7,17,0,6,2,0,9
4046,MC_SC_17_s03L_4046,13,2,1,32,8,0,0,0,6,0,8,3,8,7,0,7,0,11,15
4047,MC_SC_17_s03L_4047,13,4,2,0,65,0,148,1,1,15,47,77,1,1,5,5,3,44,28
4048,MC_SC_17_s03L_4048,13,2,1,9,1,0,1,0,16,0,5,1,1,10,0,0,0,0,0
4049,MC_SC_17_s03L_4049,13,3,2,1,20,0,6,45,35,2,20,13,43,25,0,9,0,30,14
4050,MC_SC_17_s03L_4050,13,2,1,18,14,0,5,0,1,0,6,5,8,15,0,5,0,1,0
4051,MC_SC_17_s03L_4051,13,2,1,0,4,4,4,1,3,0,2,0,9,9,0,13,0,0,5
4052,MC_SC_17_s03L_4052,13,4,2,0,8,0,9,50,25,27,31,2,40,1,0,18,0,37,20
4053,MC_SC_17_s03L_4053,13,1,1,0,2,0,0,0,0,1,0,0,0,0,0,0,0,0,0
4054,MC_SC_17_s03L_4054,13,2,2,0,21,0,2,0,0,13,0,0,7,0,0,1,0,34,0
4055,MC_SC_17_s03L_4055,13,1,1,0,4,0,4,34,0,2,0,17,19,6,0,5,0,26,0
4056,MC_SC_17_s03L_4056,13,5,3,2,83,9,16,2,1,8,0,8,34,85,0,5,0,14,3
4057,MC_SC_17_s03L_4057,13,2,2,89,23,0,64,4,28,0,69,9,1,9,0,0,4,87,34
4058,MC_SC_17_s03L_4058,13,1,1,50,8,0,3,0,3,0,0,8,3,8,0,0,0,0,0
4059,MC_SC_17_s03L_4059,13,9,3,154,57,2,56,19,178,8,31,24,22,36,113,59,17,44,29
4060,MC_SC_17_s03L_4060,13,9,4,6,56,2,29,88,99,4,80,29,19,60,2,30,9,31,3
4061,MC_SC_17_s03L_4061,13,3,2,1,9,0,1,2,1,23,18,22,18,47,2,22,0,119,5
4062,MC_SC_17_s03L_4062,13,7,2,0,4,0,9,0,46,5,25,2,3,21,2,2,6,9,2
4063,MC_SC_17_s03L_4063,13,3,2,2,11,0,2,1,6,0,0,0,18,0,3,7,0,1,3
4064,MC_SC_17_s03L_4064,13,3,2,10,52,9,12,22,26,7,17,19,23,11,90,25,14,11,79
4065,MC_SC_17_s03L_4065,13,3,2,0,1,0,0,0,3,3,1,0,6,12,0,22,0,0,3
4066,MC_SC_17_s03L_4066,13,5,1,2,47,5,67,45,55,6,15,4,20,26,41,24,0,1,21
4067,MC_SC_17_s03L_4067,13,6,4,1,5,0,9,44,89,9,10,36,18,40,0,25,11,0,1
4068,MC_SC_17_s03L_4068,13,1,1,0,6,0,6,3,23,3,1,0,3,9,0,14,0,0,0
4069,MC_SC_17_s03L_4069,13,3,2,138,33,0,8,79,86,4,15,22,42,50,12,19,1,49,83
4070,MC_SC_17_s03L_4070,13,5,3,166,75,0,18,54,59,11,21,1,46,32,8,31,4,121,3
4071,MC_SC_17_s03L_4071,13,3,2,0,6,0,5,4,1,30,0,0,8,7,0,6,3,29,0
4072,MC_SC_17_s03L_4072,13,6,4,18,8,0,22,4,15,0,46,34,11,28,8,13,0,10,7
4073,MC_SC_17_s03L_4073,13,8,2,0,8,2,0,37,16,0,16,12,16,14,28,23,0,3,10
4074,MC_SC_17_s03L_4074,13,3,2,83,49,0,0,22,74,11,40,1,40,28,16,27,1,19,42
4075,MC_SC_17_s03L_4075,13,8,5,4,6,0,0,2,29,41,8,27,8,44,5,9,4,91,5
4076,MC_SC_17_s03L_4076,13,7,3,122,92,0,18,2,105,17,9,1,19,44,70,29,9,11,21
4077,MC_SC_17_s03L_4077,13,3,2,40,19,0,8,4,24,3,0,25,51,18,11,0,2,40,22
4078,MC_SC_17_s03L_4078,13,8,4,98,3,0,44,5,13,4,28,1,30,35,44,10,4,45,30
4079,MC_SC_17_s03L_4079,13,1,1,0,0,0,0,0,0,1,0,0,0,2,0,0,2,0,0
4080,MC_SC_17_s03L_4080,13,9,5,1,97,2,9,4,9,230,59,16,24,43,87,40,15,9,16
4081,MC_SC_17_s03L_4081,13,7,3,0,28,0,7,3,70,179,12,3,7,31,61,38,3,1,8
4082,MC_SC_17_s03L_4082,13,6,4,165,47,4,21,12,84,15,21,14,27,42,51,33,9,51,50
4083,MC_SC_17_s03L_4083,13,7,2,144,22,0,1,4,34,3,4,15,61,13,9,8,8,36,56
4084,MC_SC_17_s03L_4084,13,8,6,7,75,0,7,37,13,274,31,1,10,2,88,51,27,27,50
4085,MC_SC_17_s03L_4085,13,16,5,3,17,31,64,17,337,124,5,2,70,1,27,30,57,101,13
4086,MC_SC_17_s03L_4086,13,4,2,0,19,0,0,3,9,81,0,1,16,7,7,3,2,51,2
4087,MC_SC_17_s03L_4087,13,1,1,0,0,0,0,0,0,0,0,0,0,0,0,0,0,0,0
4088,MC_SC_17_s03L_4088,13,5,3,0,4,0,29,11,25,167,2,21,24,48,19,16,9,68,40
4089,MC_SC_17_s03L_4089,13,3,1,0,15,5,41,11,3,21,0,1,11,0,4,10,11,56,6
4090,MC_SC_17_s03L_4090,13,3,2,24,5,0,1,4,9,2,7,5,13,13,0,27,0,13,20
4091,MC_SC_17_s03L_4091,13,5,3,0,0,2,2,64,3,7,8,18,10,0,0,2,2,1,0
4092,MC_SC_17_s03L_4092,13,1,1,0,2,0,2,2,5,34,1,5,5,10,2,4,0,18,0
4093,MC_SC_17_s03L_4093,13,6,3,120,8,23,7,35,44,21,14,1,24,13,55,24,6,25,31
4094,MC_SC_17_s03L_4094,13,3,2,0,2,0,0,12,0,0,2,0,9,10,0,17,4,32,3
4095,MC_SC_17_s03L_4095,13,3,2,31,8,2,2,3,12,9,8,2,24,34,15,11,5,25,32
4096,MC_SC_17_s03L_4096,13,3,3,103,9,0,18,44,4,0,22,10,18,3,0,19,0,59,2
4097,MC_SC_17_s03L_4097,13,4,2,0,63,0,37,3,34,152,50,11,12,29,28,19,10,9,20
4098,MC_SC_17_s03L_4098,13,4,3,1,25,0,8,7,5,63,30,6,17,0,15,16,4,4,4
4099,MC_SC_17_s03L_4099,13,4,3,0,3,0,8,92,18,11,1,30,17,0,1,28,0,1,2
4100,MC_SC_17_s03L_4100,13,6,4,0,85,5,63,1,32,102,2,8,11,44,49,21,4,4,37
4101,MC_SC_17_s03L_4101,13,4,3,0,33,6,56,13,3,4,7,2,20,37,5,22,16,88,14
4102,MC_SC_17_s03L_4102,13,4,2,85,32,2,28,31,26,3,7,8,2,15,7,31,2,5,5
4103,MC_SC_17_s03L_4103,13,4,2,0,66,0,35,3,16,149,8,6,13,10,20,9,7,1,4
4104,MC_SC_17_s03L_4104,13,1,1,13,3,1,6,4,25,3,0,0,0,0,3,2,0,0,0
4105,MC_SC_17_s03L_4105,13,3,2,0,7,0,36,0,16,77,19,7,13,21,9,30,4,14,1
4106,MC_SC_17_s03L_4106,13,4,3,0,13,0,1,2,1,0,2,0,0,0,0,0,0,2,0
4107,MC_SC_17_s03L_4107,13,2,1,0,4,0,0,46,20,0,0,2,10,1,0,6,0,1,0
4108,MC_SC_17_s03L_4108,13,1,1,8,1,0,0,2,5,0,1,0,0,0,5,0,0,0,1
4109,MC_SC_17_s03L_4109,13,1,1,8,1,2,1,3,19,3,2,0,0,3,14,1,0,0,0
4110,MC_SC_17_s03L_4110,13,1,1,0,0,0,0,0,0,0,2,0,0,1,0,0,0,3,0
4111,MC_SC_17_s03L_4111,13,5,2,0,107,3,15,5,0,215,47,7,9,33,50,30,19,50,13
4112,MC_SC_17_s03L_4112,13,8,3,1,40,0,1,72,4,107,15,20,27,11,2,34,2,9,19
4113,MC_SC_17_s03L_4113,13,3,2,0,18,0,58,0,6,71,12,8,12,5,19,12,0,36,5
4114,MC_SC_17_s03L_4114,13,3,2,47,22,0,24,4,36,0,0,23,24,20,1,29,0,2,5
4115,MC_SC_17_s03L_4115,13,1,1,0,1,0,4,2,6,38,4,3,0,12,7,1,0,3,0
4116,MC_SC_17_s03L_4116,13,4,1,42,3,32,14,9,68,24,7,5,4,16,2,37,2,0,10
4117,MC_SC_17_s03L_4117,13,4,3,1,32,20,14,36,6,0,4,0,16,18,0,5,0,13,21
4118,MC_SC_17_s03L_4118,13,3,1,0,27,12,5,0,5,11,0,2,10,10,18,13,0,2,14
4119,MC_SC_17_s03L_4119,13,5,3,0,56,0,29,0,24,49,50,28,17,41,12,24,0,10,16
4120,MC_SC_17_s03L_4120,13,6,4,0,11,12,39,48,94,14,22,21,13,26,17,10,1,27,5
4121,MC_SC_17_s03L_4121,13,3,2,0,22,4,0,0,11,0,0,4,8,26,0,12,2,63,0
4122,MC_SC_17_s03L_4122,13,7,4,0,30,4,12,11,78,6,2,1,15,35,9,22,7,7,7
4123,MC_SC_17_s03L_4123,13,3,2,0,13,0,11,1,9,6,39,0,3,6,0,25,2,23,22
4124,MC_SC_17_s03L_4124,13,5,3,0,4,0,0,30,16,0,22,1,17,1,0,6,2,44,2
4125,MC_SC_17_s03L_4125,13,7,3,0,1,0,1,12,0,0,0,0,1,0,0,0,0,15,0
4126,MC_SC_17_s03L_4126,13,4,2,29,3,0,6,0,17,0,7,4,13,14,0,2,0,5,2
4127,MC_SC_17_s03L_4127,13,2,1,45,5,0,7,4,1,0,3,12,21,9,0,8,0,27,26
4128,MC_SC_17_s03L_4128,13,3,2,8,8,0,5,29,0,0,1,0,7,1,0,0,0,0,0
4129,MC_SC_17_s03L_4129,13,3,2,0,1,0,0,43,6,3,0,6,25,0,0,15,0,5,1
4130,MC_SC_17_s03L_4130,13,2,1,1,0,0,0,1,1,25,7,6,14,32,6,9,0,54,3
4131,MC_SC_17_s03L_4131,13,3,2,0,0,0,2,34,21,3,0,5,15,25,0,13,7,1,0
4132,MC_SC_17_s03L_4132,13,3,2,0,29,0,38,6,37,127,11,11,9,94,0,21,4,114,0
4133,MC_SC_17_s03L_4133,13,9,4,2,21,0,35,16,9,29,23,0,26,0,61,45,13,18,8
4134,MC_SC_17_s03L_4134,13,2,1,0,18,0,56,16,18,8,28,9,19,37,0,11,3,5,27
4135,MC_SC_17_s03L_4135,13,6,2,4,2,0,5,40,39,0,1,14,19,0,2,23,0,16,2
4136,MC_SC_17_s03L_4136,13,1,1,0,0,0,2,0,0,0,0,0,0,0,0,0,0,0,0
4137,MC_SC_17_s03L_4137,13,3,2,1,16,0,1,79,10,4,2,31,17,1,6,14,3,29,1
4138,MC_SC_17_s03L_4138,13,2,1,22,8,0,2,0,24,0,5,0,1,0,1,4,0,0,2
4139,MC_SC_17_s03L_4139,13,5,2,0,32,10,9,34,23,39,11,3,35,40,83,26,8,11,7
4140,MC_SC_17_s03L_4140,13,7,5,2,24,0,14,14,6,28,14,9,21,2,46,47,0,29,2
4141,MC_SC_17_s03L_4141,13,4,2,0,12,0,0,9,1,42,26,5,5,46,10,19,0,89,5
4142,MC_SC_17_s03L_4142,13,1,1,0,1,0,8,0,8,3,5,0,3,2,2,0,0,4,1
4143,MC_SC_17_s03L_4143,13,2,1,55,10,0,4,35,35,4,0,0,14,0,6,9,5,6,14
4144,MC_SC_17_s03L_4144,13,2,1,1,2,7,0,19,5,14,14,1,19,15,2,2,21,4,8
4145,MC_SC_17_s03L_4145,13,4,2,144,64,0,2,79,86,3,9,1,26,1,4,27,0,8,22
4146,MC_SC_17_s03L_4146,13,4,2,128,30,0,5,37,49,9,4,0,14,2,6,6,0,28,4
4147,MC_SC_17_s03L_4147,13,2,1,16,28,0,0,23,6,0,0,3,21,2,0,5,0,4,2
4148,MC_SC_17_s03L_4148,13,4,2,0,38,0,4,3,54,10,36,17,30,75,10,13,9,80,1
4149,MC_SC_17_s03L_4149,13,4,3,1,15,2,34,48,41,0,76,10,50,3,2,0,0,13,3
4150,MC_SC_17_s03L_4150,13,6,4,1,17,0,5,16,0,69,12,0,9,0,50,18,6,4,5
4151,MC_SC_17_s03L_4151,13,3,2,0,7,1,11,2,0,27,1,11,21,24,7,15,7,51,16
4152,MC_SC_17_s03L_4152,13,5,3,0,30,2,29,3,33,5,31,18,23,48,2,12,4,51,2
4153,MC_SC_17_s03L_4153,13,3,2,17,4,2,0,3,2,3,7,5,11,15,4,2,2,3,11
4154,MC_SC_17_s03L_4154,13,9,4,0,11,0,9,22,11,84,13,4,24,1,21,3,3,7,1
4155,MC_SC_17_s03L_4155,13,10,3,2,160,17,21,22,5,235,122,1,37,89,92,65,29,8,16
4156,MC_SC_17_s03L_4156,13,4,2,0,56,2,124,18,6,272,19,38,52,42,74,23,23,114,24
4157,MC_SC_17_s03L_4157,13,6,3,0,26,0,68,2,23,134,25,27,5,3,24,13,3,12,18
4158,MC_SC_17_s03L_4158,13,1,1,0,0,0,0,0,0,0,0,0,0,0,0,0,0,3,0
4159,MC_SC_17_s03L_4159,13,4,2,0,9,0,5,38,17,37,151,31,49,32,5,16,15,94,22
4160,MC_SC_17_s03L_4160,13,1,1,0,10,0,1,1,3,12,0,7,0,5,0,6,0,11,9
4161,MC_SC_17_s03L_4161,13,4,1,0,18,0,91,10,11,236,1,13,27,44,0,12,0,126,1
4162,MC_SC_17_s03L_4162,13,5,2,2,5,0,46,10,21,224,41,56,16,42,8,8,9,8,3
4163,MC_SC_17_s03L_4163,13,6,3,0,22,0,23,2,9,82,22,5,13,33,24,20,8,45,20
4164,MC_SC_17_s03L_4164,13,4,1,0,26,22,51,96,98,24,49,15,25,9,0,21,10,14,25
4165,MC_SC_17_s03L_4165,13,1,1,6,1,0,0,0,0,0,0,0,7,1,0,0,0,0,0
4166,MC_SC_17_s03L_4166,13,4,2,0,24,36,26,14,27,18,8,16,36,61,16,13,21,14,31
4167,MC_SC_17_s03L_4167,13,4,3,1,8,0,12,1,0,59,9,16,9,42,1,25,5,76,0
4168,MC_SC_17_s03L_4168,13,11,4,0,44,19,46,20,5,4,13,6,28,55,39,30,7,16,38
4169,MC_SC_17_s03L_4169,13,1,1,0,0,0,0,5,4,1,0,0,0,3,0,0,2,0,0
4170,MC_SC_17_s03L_4170,13,1,1,0,0,0,0,0,0,31,7,1,0,4,2,2,0,0,2
4171,MC_SC_17_s03L_4171,13,5,3,0,19,8,2,70,55,8,37,17,19,0,17,29,0,14,18
4172,MC_SC_17_s03L_4172,13,3,2,0,22,7,28,6,9,134,36,0,24,33,69,24,0,19,18
4173,MC_SC_17_s03L_4173,13,3,2,0,28,0,10,40,5,0,0,16,6,13,0,5,0,18,18
4174,MC_SC_17_s03L_4174,13,2,2,0,1,0,1,0,0,0,1,0,1,0,5,0,0,0,0
4175,MC_SC_17_s03L_4175,13,5,3,77,35,0,4,81,41,2,0,1,12,0,2,12,0,16,3
4176,MC_SC_17_s03L_4176,13,3,2,0,17,0,19,2,2,35,8,19,37,21,0,12,2,68,42
4177,MC_SC_17_s03L_4177,13,5,4,1,8,1,2,17,1,46,2,0,20,0,2,20,4,0,0
4178,MC_SC_17_s03L_4178,13,6,3,1,30,0,52,7,1,82,9,0,6,42,2,34,6,6,40
4179,MC_SC_17_s03L_4179,13,4,2,0,50,4,98,8,2,201,41,53,39,93,8,82,24,11,70
4180,MC_SC_17_s03L_4180,13,2,1,1,0,0,0,0,0,0,0,2,0,0,4,0,2,0,0
4181,MC_SC_17_s03L_4181,13,4,2,0,28,5,36,2,0,0,10,14,1,14,5,15,0,12,2
4182,MC_SC_17_s03L_4182,13,8,3,0,20,16,21,12,67,11,17,0,0,15,2,11,3,0,5
4183,MC_SC_17_s03L_4183,13,3,2,0,12,2,29,4,1,46,22,16,4,38,0,2,10,67,8
4184,MC_SC_17_s03L_4184,13,11,3,0,61,33,170,112,10,7,32,42,47,42,32,37,17,42,82
4185,MC_SC_17_s03L_4185,13,3,2,0,16,3,6,59,25,0,3,2,8,1,0,14,0,3,4
4186,MC_SC_17_s03L_4186,13,4,1,0,2,1,7,29,22,0,3,3,6,2,6,6,0,0,3
4187,MC_SC_17_s03L_4187,13,5,2,0,53,33,103,7,47,3,18,37,16,39,98,35,0,9,13
4188,MC_SC_17_s03L_4188,13,3,3,0,8,0,60,2,27,6,14,6,12,35,0,44,3,16,36
4189,MC_SC_17_s03L_4189,13,3,3,0,27,0,8,2,9,42,24,0,11,7,0,24,0,3,0
4190,MC_SC_17_s03L_4190,13,1,1,2,4,0,4,0,0,2,0,8,9,7,0,6,0,0,1
4191,MC_SC_17_s03L_4191,13,3,3,0,10,0,22,1,0,0,0,10,1,15,0,9,0,3,0
4192,MC_SC_17_s03L_4192,13,4,2,0,2,0,4,27,32,3,25,6,21,2,9,32,2,9,17
4193,MC_SC_17_s03L_4193,13,5,3,1,19,0,56,6,10,38,74,15,4,65,35,44,0,48,54
4194,MC_SC_17_s03L_4194,13,3,1,25,5,0,2,35,3,0,1,0,1,0,0,5,0,0,0
4195,MC_SC_17_s03L_4195,13,5,3,0,13,2,115,2,14,0,23,0,14,24,2,18,3,16,30
4196,MC_SC_17_s03L_4196,13,4,2,0,32,6,34,10,13,2,20,31,24,45,28,26,0,10,11
4197,MC_SC_17_s03L_4197,13,8,6,0,8,4,128,38,287,59,44,109,25,25,3,44,9,37,0
4198,MC_SC_17_s03L_4198,13,6,3,0,54,0,33,17,8,45,12,21,10,25,4,9,0,31,28
4199,MC_SC_17_s03L_4199,13,12,3,0,26,2,55,2,220,218,25,7,49,101,271,91,54,7,9
4200,MC_SC_17_s03L_4200,13,6,4,1,40,3,142,2,64,212,5,29,21,72,4,96,18,437,85
4201,MC_SC_17_s03L_4201,13,4,3,1,16,0,11,8,0,32,2,25,13,11,4,2,3,67,33
4202,MC_SC_17_s03L_4202,13,4,3,85,25,1,8,5,3,19,16,16,23,70,164,44,282,43,79
4203,MC_SC_17_s03L_4203,13,6,4,101,40,1,17,8,14,43,11,26,22,39,167,43,193,28,45
4204,MC_SC_17_s03L_4204,13,5,3,163,110,0,49,12,8,23,46,61,45,57,310,105,394,57,55
4205,MC_SC_17_s03L_4205,13,5,3,0,65,0,50,6,1,98,17,34,25,36,2,8,2,27,28
4206,MC_SC_17_s03L_4206,13,1,1,0,1,0,16,3,4,1,2,0,3,17,0,10,0,0,26
4207,MC_SC_17_s03L_4207,13,4,3,0,35,0,95,8,5,192,24,28,33,93,3,36,8,115,8
4208,MC_SC_17_s03L_4208,13,2,1,0,7,3,2,9,21,3,9,15,13,22,0,27,0,59,0
4209,MC_SC_17_s03L_4209,13,23,7,1,120,15,84,7,59,213,76,26,25,106,98,17,33,118,1
4210,MC_SC_17_s03L_4210,13,7,5,2,115,89,142,110,274,69,117,10,79,92,230,135,49,24,63
4211,MC_SC_17_s03L_4211,13,5,3,55,32,3,196,4,8,34,15,41,34,19,173,47,189,29,28
4212,MC_SC_17_s03L_4212,13,5,3,96,66,0,136,15,10,29,15,13,14,20,59,35,207,31,35
4213,MC_SC_17_s03L_4213,13,8,6,0,142,85,164,13,66,4,65,33,15,61,129,75,4,23,25
4214,MC_SC_17_s03L_4214,13,6,4,1,56,12,119,12,52,365,34,31,31,79,220,90,45,13,83
4215,MC_SC_17_s03L_4215,13,5,3,0,98,2,117,9,2,388,17,14,30,74,139,46,31,112,113
4216,MC_SC_17_s03L_4216,13,5,2,0,16,16,20,6,85,4,81,0,32,70,43,17,6,13,8
4217,MC_SC_17_s03L_4217,13,3,2,1,28,37,123,49,12,0,13,17,28,47,40,18,0,9,33
4218,MC_SC_17_s03L_4218,13,8,3,114,40,4,1,3,9,14,15,3,10,56,142,40,177,17,24
4219,MC_SC_17_s03L_4219,13,1,1,0,0,0,0,0,11,10,3,5,2,4,16,1,0,0,0
4220,MC_SC_17_s03L_4220,13,5,3,0,52,0,120,5,56,111,45,41,25,87,67,80,8,181,7
4221,MC_SC_17_s03L_4221,13,12,1,0,11,18,5,12,64,92,15,13,7,28,33,5,0,0,2
4222,MC_SC_17_s03L_4222,13,5,3,0,90,1,234,17,44,173,40,43,32,85,137,64,23,250,139
4223,MC_SC_17_s03L_4223,13,3,2,0,0,0,10,8,2,18,5,2,12,0,4,5,0,4,0
4224,MC_SC_17_s03L_4224,13,1,1,0,9,16,31,31,17,0,1,5,6,7,24,11,0,1,4
4225,MC_SC_17_s03L_4225,13,8,5,137,39,0,9,19,31,8,36,126,40,19,223,61,215,59,67
4226,MC_SC_17_s03L_4226,13,7,3,1,36,5,134,12,159,293,40,8,29,30,99,71,11,9,1
4227,MC_SC_17_s03L_4227,13,6,3,3,23,58,87,105,185,19,43,42,32,38,142,53,5,29,33
4228,MC_SC_17_s03L_4228,13,1,1,0,4,2,1,1,5,0,2,0,0,0,1,0,0,0,0
4229,MC_SC_17_s03L_4229,13,15,4,69,45,3,12,5,3,6,9,0,17,31,146,30,152,7,13
4230,MC_SC_17_s03L_4230,13,12,3,10,21,11,56,2,1,33,3,39,7,7,65,24,77,2,10
4231,MC_SC_17_s03L_4231,13,1,1,0,0,0,3,1,1,16,0,0,0,7,6,0,0,6,0
4232,MC_SC_17_s03L_4232,13,1,1,2,3,0,2,0,0,0,2,19,1,2,15,12,39,0,2
4233,MC_SC_17_s03L_4233,13,7,5,29,26,3,5,2,1,10,4,1,8,15,66,22,38,17,14
4234,MC_SC_17_s03L_4234,13,6,3,0,196,0,122,4,84,291,15,12,51,87,2,45,9,178,84
4235,MC_SC_17_s03L_4235,13,6,5,26,12,0,7,2,3,4,6,8,4,0,7,15,2,8,2
4236,MC_SC_17_s03L_4236,13,7,3,0,231,4,244,16,0,359,30,54,33,43,225,148,36,99,125
4237,MC_SC_17_s03L_4237,13,10,2,0,29,14,51,43,85,16,57,0,20,21,20,4,2,10,10
4238,MC_SC_17_s03L_4238,13,5,3,0,38,4,67,21,32,210,54,73,16,73,114,66,18,11,74
4239,MC_SC_17_s03L_4239,13,7,3,80,32,3,15,8,10,26,20,42,13,26,119,32,101,10,14
4240,MC_SC_17_s03L_4240,13,10,7,46,104,0,32,2,9,21,36,8,13,75,96,115,255,24,14
4241,MC_SC_17_s03L_4241,13,11,8,67,55,2,32,0,19,32,18,2,12,74,98,33,189,11,17
4242,MC_SC_17_s03L_4242,13,1,1,37,27,0,57,0,5,0,7,15,8,20,4,7,64,9,9
4243,MC_SC_17_s03L_4243,13,3,2,0,45,0,1,6,58,87,29,2,30,86,6,16,46,193,60
4244,MC_SC_17_s03L_4244,13,5,3,75,95,7,308,19,56,31,26,27,16,85,74,16,197,12,45
4245,MC_SC_17_s03L_4245,13,7,4,45,36,0,5,5,7,4,1,2,11,7,0,23,62,11,22
4246,MC_SC_17_s03L_4246,13,4,3,1,65,0,85,3,6,89,15,1,51,45,34,15,5,40,32
4247,MC_SC_17_s03L_4247,13,1,1,14,6,0,1,2,1,0,2,1,0,0,0,1,6,0,1
4248,MC_SC_17_s03L_4248,13,7,2,0,21,3,66,5,57,104,16,32,26,66,24,47,26,6,49
4249,MC_SC_17_s03L_4249,13,1,1,0,5,10,44,0,26,0,3,0,2,11,0,2,3,10,18
4250,MC_SC_17_s03L_4250,13,6,4,0,42,6,95,3,87,115,12,14,10,47,4,37,25,15,45
4251,MC_SC_17_s03L_4251,13,10,3,57,20,0,3,3,4,5,5,2,6,30,57,7,24,17,3
4252,MC_SC_17_s03L_4252,13,8,6,44,78,2,14,9,6,39,15,60,30,29,129,26,133,29,16
4253,MC_SC_17_s03L_4253,13,2,2,45,12,2,52,3,1,13,11,15,10,41,47,18,33,21,4
4254,MC_SC_17_s03L_4254,13,1,1,0,12,0,9,10,2,0,11,10,21,11,0,0,0,3,1
4255,MC_SC_17_s03L_4255,13,4,2,0,18,0,20,0,2,29,0,31,31,40,55,26,0,29,2
4256,MC_SC_17_s03L_4256,13,3,2,0,11,0,47,2,0,65,0,2,16,3,6,8,2,16,0
4257,MC_SC_17_s03L_4257,13,6,3,0,20,0,42,4,0,150,1,67,33,85,109,70,2,20,3
4258,MC_SC_17_s03L_4258,13,1,1,0,0,0,0,0,0,0,0,0,0,0,0,0,0,0,0
4259,MC_SC_17_s03L_4259,13,2,1,0,15,0,59,7,40,89,3,9,15,19,0,14,0,130,2
4260,MC_SC_17_s03L_4260,13,5,2,64,52,0,73,5,3,24,9,8,16,44,119,17,85,17,23
4261,MC_SC_17_s03L_4261,13,9,5,141,108,8,50,23,6,30,33,48,55,104,265,122,243,70,37
4262,MC_SC_17_s03L_4262,13,9,7,0,116,2,1,4,74,211,36,39,17,108,3,11,23,226,35
4263,MC_SC_17_s03L_4263,13,2,2,27,39,0,21,4,0,5,7,10,17,29,71,51,58,4,8
4264,MC_SC_17_s03L_4264,13,9,7,68,41,3,73,3,6,6,9,41,14,13,83,20,45,17,10
4265,MC_SC_17_s03L_4265,13,18,11,31,31,0,22,2,4,2,4,6,8,26,42,7,61,3,8
4266,MC_SC_17_s03L_4266,13,3,2,1,120,1,3,10,88,249,33,57,18,108,61,4,9,173,55
4267,MC_SC_17_s03L_4267,13,1,1,0,0,0,1,3,0,0,0,0,0,8,0,5,0,8,0
4268,MC_SC_17_s03L_4268,13,4,3,0,15,0,10,9,0,123,11,21,6,93,23,12,0,114,22
4269,MC_SC_17_s03L_4269,13,9,2,0,7,3,7,4,0,104,17,19,21,38,7,1,14,77,4
4270,MC_SC_17_s03L_4270,13,1,1,0,1,0,0,1,1,5,4,1,0,2,0,0,0,4,1
4271,MC_SC_17_s03L_4271,13,1,1,1,5,0,3,0,1,0,4,0,2,6,11,4,0,0,2
4272,MC_SC_17_s03L_4272,13,7,5,51,55,7,139,21,16,39,28,78,23,9,119,93,208,35,40
4273,MC_SC_17_s03L_4273,13,1,1,0,3,0,14,37,0,24,2,20,21,0,0,7,0,5,0
4274,MC_SC_17_s03L_4274,13,4,2,0,4,0,8,2,5,35,0,1,25,47,7,1,0,2,16
4275,MC_SC_17_s03L_4275,13,7,3,0,35,0,1,4,46,166,55,0,18,102,8,31,15,240,31
4276,MC_SC_17_s03L_4276,13,4,2,0,6,0,35,17,22,93,4,29,29,0,31,6,4,58,0
4277,MC_SC_17_s03L_4277,13,4,2,0,62,0,69,8,1,129,35,8,48,125,35,17,1,93,72
4278,MC_SC_17_s03L_4278,13,1,1,0,2,0,25,0,0,0,0,2,9,18,2,3,0,0,0
4279,MC_SC_17_s03L_4279,13,3,2,0,14,0,23,1,11,79,1,0,7,40,11,4,6,5,13
4280,MC_SC_17_s03L_4280,13,2,2,0,3,0,16,30,0,20,7,1,2,10,0,5,0,0,0
4281,MC_SC_17_s03L_4281,13,9,3,0,8,0,34,2,7,120,2,2,11,25,0,2,0,0,17
4282,MC_SC_17_s03L_4282,13,1,1,7,1,19,6,0,4,31,0,0,0,0,7,0,36,0,0
4283,MC_SC_17_s03L_4283,13,5,2,0,14,0,9,2,0,4,0,7,6,3,12,0,0,0,0
4284,MC_SC_17_s03L_4284,13,5,3,109,66,3,86,7,4,5,57,51,47,28,238,151,400,11,28
4285,MC_SC_17_s03L_4285,13,4,2,1,11,0,23,1,2,71,0,21,22,22,30,26,29,20,0
4286,MC_SC_17_s03L_4286,13,5,3,1,23,2,66,1,2,106,18,14,43,83,78,16,6,74,42
4287,MC_SC_17_s03L_4287,13,8,6,1,21,0,72,0,0,93,41,9,21,1,32,26,3,16,61
4288,MC_SC_17_s03L_4288,13,5,3,0,48,1,49,9,68,128,9,31,29,2,41,4,21,83,4
4289,MC_SC_17_s03L_4289,13,13,2,20,11,0,7,0,7,0,13,11,1,3,18,1,39,1,2
4290,MC_SC_17_s03L_4290,13,10,5,89,45,0,114,3,3,6,39,144,42,22,170,66,286,28,35
4291,MC_SC_17_s03L_4291,13,6,5,86,21,7,24,0,71,0,26,11,29,43,2,0,3,79,18
4292,MC_SC_17_s03L_4292,13,2,2,0,6,0,21,0,0,29,0,3,2,0,3,9,0,8,15
4293,MC_SC_17_s03L_4293,14,3,1,0,0,0,6,5,0,15,1,4,3,5,3,0,0,2,0
4294,MC_SC_17_s03L_4294,14,3,2,11,6,0,43,5,25,2,5,5,15,10,1,14,0,1,5
4295,MC_SC_17_s03L_4295,14,1,1,0,0,0,8,0,10,0,2,0,8,0,17,0,0,19,5
4296,MC_SC_17_s03L_4296,14,5,3,0,7,0,62,38,36,0,5,3,35,54,64,10,6,171,6
4297,MC_SC_17_s03L_4297,14,3,2,0,0,0,6,1,0,25,0,7,0,12,0,0,0,25,2
4298,MC_SC_17_s03L_4298,14,4,2,0,0,2,22,40,4,0,0,0,0,0,0,0,0,0,0
4299,MC_SC_17_s03L_4299,14,4,3,0,1,13,58,2,14,4,1,0,11,12,26,10,2,10,37
4300,MC_SC_17_s03L_4300,14,2,1,0,34,0,82,147,2,116,40,16,19,28,36,0,0,11,0
4301,MC_SC_17_s03L_4301,14,5,2,0,8,0,13,2,0,61,1,1,6,3,8,3,2,22,7
4302,MC_SC_17_s03L_4302,14,9,5,0,15,17,61,22,57,9,1,0,24,23,14,5,8,150,0
4303,MC_SC_17_s03L_4303,14,4,3,0,7,0,41,1,2,43,2,15,2,36,0,4,0,15,0
4304,MC_SC_17_s03L_4304,14,6,5,0,0,0,11,16,15,35,0,7,1,5,4,1,0,0,0
4305,MC_SC_17_s03L_4305,14,14,4,0,8,0,11,29,83,70,7,2,3,24,0,13,3,6,0
4306,MC_SC_17_s03L_4306,14,11,8,0,14,0,65,102,1,54,16,2,32,24,47,5,0,51,0
4307,MC_SC_17_s03L_4307,14,10,3,0,12,3,96,55,55,148,36,22,4,38,54,0,0,0,6
4308,MC_SC_17_s03L_4308,14,8,6,0,9,0,31,35,58,72,2,11,8,14,8,0,0,0,0
4309,MC_SC_17_s03L_4309,14,3,2,79,40,39,44,98,26,22,4,28,26,3,16,16,0,22,3
4310,MC_SC_17_s03L_4310,14,6,3,67,5,6,30,58,14,4,4,10,15,2,1,22,3,4,1
4311,MC_SC_17_s03L_4311,14,1,1,0,0,0,0,0,0,0,0,0,1,0,0,0,0,0,0
4312,MC_SC_17_s03L_4312,14,4,3,0,17,0,54,37,0,129,10,0,11,6,53,0,0,2,0
4313,MC_SC_17_s03L_4313,14,4,3,0,1,0,46,3,3,15,0,7,22,23,9,10,0,10,21
4314,MC_SC_17_s03L_4314,14,10,4,0,20,0,39,0,1,68,2,10,3,36,5,0,0,22,9
4315,MC_SC_17_s03L_4315,14,9,4,0,15,0,36,0,0,95,26,12,26,36,26,12,0,1,0
4316,MC_SC_17_s03L_4316,14,5,4,0,23,1,93,93,5,189,12,4,13,0,32,3,0,10,1
4317,MC_SC_17_s03L_4317,14,7,2,107,6,0,45,77,1,4,15,0,16,1,27,29,11,2,5
4318,MC_SC_17_s03L_4318,14,3,2,17,3,0,14,10,11,2,6,3,6,5,0,11,0,2,1
4319,MC_SC_17_s03L_4319,14,9,7,0,14,0,58,0,0,50,4,0,3,29,9,1,0,60,0
4320,MC_SC_17_s03L_4320,14,5,3,0,19,0,109,0,0,80,14,11,31,64,40,1,0,84,0
4321,MC_SC_17_s03L_4321,14,5,3,0,7,0,90,6,2,160,4,20,13,30,71,14,8,2,6
4322,MC_SC_17_s03L_4322,14,5,3,0,8,0,13,86,16,35,6,15,36,6,57,29,16,10,3
4323,MC_SC_17_s03L_4323,14,6,3,0,30,31,66,10,55,25,12,2,26,26,47,6,0,6,4
4324,MC_SC_17_s03L_4324,14,10,7,0,22,0,81,1,5,69,14,7,12,32,27,0,0,55,0
4325,MC_SC_17_s03L_4325,14,3,2,39,0,0,29,45,8,0,0,30,15,21,3,16,0,43,1
4326,MC_SC_17_s03L_4326,14,2,1,0,0,0,6,0,2,0,0,0,0,0,0,0,0,0,0
4327,MC_SC_17_s03L_4327,14,4,3,0,4,0,15,0,2,4,4,16,5,7,1,1,0,0,3
4328,MC_SC_17_s03L_4328,14,1,1,0,3,0,1,2,3,21,1,0,1,0,0,0,0,5,0
4329,MC_SC_17_s03L_4329,14,5,4,0,2,0,45,7,2,43,1,12,8,37,0,3,0,18,0
4330,MC_SC_17_s03L_4330,14,10,7,0,13,0,85,3,0,117,1,4,9,11,2,5,0,0,0
4331,MC_SC_17_s03L_4331,14,4,3,0,15,0,74,3,4,79,2,28,11,48,4,6,3,33,4
4332,MC_SC_17_s03L_4332,14,8,2,0,10,8,18,3,2,139,1,6,3,3,17,3,38,0,1
4333,MC_SC_17_s03L_4333,14,2,1,0,4,0,3,0,0,0,0,0,0,0,0,0,0,0,0
4334,MC_SC_17_s03L_4334,14,5,4,0,8,0,89,11,0,50,14,9,15,23,0,11,0,55,3
4335,MC_SC_17_s03L_4335,14,8,5,0,0,0,80,38,9,204,13,0,6,18,52,0,0,0,0
4336,MC_SC_17_s03L_4336,14,9,6,0,5,0,71,47,42,92,46,13,20,33,2,0,2,29,23
4337,MC_SC_17_s03L_4337,14,1,1,0,1,0,8,0,4,19,0,0,1,0,0,1,0,11,0
4338,MC_SC_17_s03L_4338,14,1,1,0,5,0,21,14,31,1,5,5,1,19,8,0,2,32,0
4339,MC_SC_17_s03L_4339,14,3,2,0,12,2,89,3,15,0,0,18,22,47,2,28,9,72,35
4340,MC_SC_17_s03L_4340,14,5,2,0,8,0,58,15,0,15,0,5,0,26,1,11,0,27,1
4341,MC_SC_17_s03L_4341,14,9,4,0,40,2,78,21,19,214,39,33,23,9,79,24,6,69,48
4342,MC_SC_17_s03L_4342,14,2,2,1,7,0,14,0,0,27,0,1,1,5,0,0,0,10,0
4343,MC_SC_17_s03L_4343,14,5,1,0,4,0,80,4,2,49,0,0,7,2,10,0,0,25,0
4344,MC_SC_17_s03L_4344,14,5,3,1,4,1,46,14,6,229,6,8,13,13,37,15,17,2,6
4345,MC_SC_17_s03L_4345,14,5,4,0,10,0,72,0,11,0,0,15,8,41,3,9,7,32,28
4346,MC_SC_17_s03L_4346,14,3,1,0,11,0,51,0,13,54,14,1,7,20,0,10,0,52,0
4347,MC_SC_17_s03L_4347,14,1,1,0,0,0,10,0,0,11,0,2,0,2,0,1,2,3,0
4348,MC_SC_17_s03L_4348,14,1,1,0,6,1,11,0,0,21,7,0,7,2,0,0,0,16,0
4349,MC_SC_17_s03L_4349,14,5,2,0,28,2,99,5,22,240,25,18,48,12,7,32,8,97,2
4350,MC_SC_17_s03L_4350,14,3,3,0,2,0,25,0,0,20,0,2,8,4,4,6,0,2,9
4351,MC_SC_17_s03L_4351,14,4,2,0,12,0,85,3,0,46,2,22,9,43,10,3,0,33,0
4352,MC_SC_17_s03L_4352,14,2,2,0,3,0,0,0,0,0,0,0,0,0,0,0,0,0,0
4353,MC_SC_17_s03L_4353,14,3,2,0,23,0,120,68,1,93,17,6,17,40,10,15,0,53,3
4354,MC_SC_17_s03L_4354,14,2,1,0,0,7,0,0,0,47,1,0,6,0,0,0,11,0,2
4355,MC_SC_17_s03L_4355,14,4,2,1,9,8,33,3,0,0,2,6,8,13,9,2,0,2,11
4356,MC_SC_17_s03L_4356,14,6,3,0,52,0,183,5,2,69,20,14,25,75,88,12,1,124,0
4357,MC_SC_17_s03L_4357,14,1,1,0,7,0,19,0,0,25,3,0,9,4,5,0,3,30,0
4358,MC_SC_17_s03L_4358,14,1,1,0,5,0,10,0,0,22,8,0,4,10,2,1,0,12,0
4359,MC_SC_17_s03L_4359,14,1,1,14,33,49,2,1,0,0,0,2,2,3,0,1,0,0,2
4360,MC_SC_17_s03L_4360,14,4,2,1,14,25,71,1,10,8,0,0,13,6,15,10,0,13,46
4361,MC_SC_17_s03L_4361,14,7,4,0,11,3,100,2,2,70,1,9,21,8,44,21,15,7,9
4362,MC_SC_17_s03L_4362,14,1,1,7,30,40,3,0,0,0,1,3,0,1,0,1,0,0,0
4363,MC_SC_17_s03L_4363,14,4,2,0,19,0,52,1,50,2,15,10,37,13,0,6,0,88,0
4364,MC_SC_17_s03L_4364,14,3,2,0,31,7,84,6,45,3,26,3,37,16,0,15,2,84,1
4365,MC_SC_17_s03L_4365,14,5,3,2,42,13,90,58,46,213,43,10,46,31,114,41,12,4,27
4366,MC_SC_17_s03L_4366,14,1,1,0,11,0,16,1,0,1,0,3,4,5,0,4,0,2,2
4367,MC_SC_17_s03L_4367,14,4,3,0,11,21,20,4,38,16,0,1,25,21,0,0,2,91,2
4368,MC_SC_17_s03L_4368,14,6,4,5,2,136,106,10,130,148,7,0,29,14,65,29,41,1,12
4369,MC_SC_17_s03L_4369,14,3,1,0,24,0,79,2,0,67,1,14,7,47,6,5,4,13,3
4370,MC_SC_17_s03L_4370,14,7,3,0,55,2,31,6,1,106,11,1,13,21,57,9,8,2,1
4371,MC_SC_17_s03L_4371,14,7,5,0,15,69,75,2,6,55,15,0,27,1,110,18,14,18,12
4372,MC_SC_17_s03L_4372,14,3,2,0,15,0,68,0,2,81,5,37,2,14,37,2,2,33,40
4373,MC_SC_17_s03L_4373,14,13,7,0,17,1,108,37,24,167,37,25,24,28,111,31,5,3,28
4374,MC_SC_17_s03L_4374,14,3,2,0,16,0,105,0,0,68,7,16,2,30,12,2,0,31,5
4375,MC_SC_17_s03L_4375,14,3,1,0,7,3,25,0,15,0,0,0,10,2,6,1,0,0,10
4376,MC_SC_17_s03L_4376,14,3,2,0,14,0,85,0,2,26,0,12,5,20,2,9,0,52,22
4377,MC_SC_17_s03L_4377,14,2,1,0,26,0,112,1,2,0,6,25,26,11,6,2,0,11,27
4378,MC_SC_17_s03L_4378,14,4,2,0,30,0,67,45,59,43,8,16,14,32,9,5,0,37,25
4379,MC_SC_17_s03L_4379,14,4,3,0,2,0,76,1,0,34,3,5,1,15,0,4,2,14,2
4380,MC_SC_17_s03L_4380,14,2,1,0,18,0,19,3,0,27,2,3,5,0,0,1,0,4,1
4381,MC_SC_17_s03L_4381,14,5,4,0,31,0,136,1,3,119,69,1,25,20,47,16,0,7,4
4382,MC_SC_17_s03L_4382,14,1,1,0,2,0,18,0,0,5,0,4,0,2,0,0,0,12,0
4383,MC_SC_17_s03L_4383,14,3,2,0,22,0,50,6,7,28,6,3,10,24,6,3,0,31,5
4384,MC_SC_17_s03L_4384,14,11,5,7,81,47,71,6,40,385,2,2,5,22,111,103,83,19,26
4385,MC_SC_17_s03L_4385,14,4,2,0,14,0,46,7,1,15,14,20,13,14,11,8,0,48,17
4386,MC_SC_17_s03L_4386,14,7,3,0,7,0,60,22,17,115,11,18,7,22,41,18,0,9,33
4387,MC_SC_17_s03L_4387,14,2,1,24,6,0,17,24,8,0,5,0,9,5,0,7,0,3,0
4388,MC_SC_17_s03L_4388,14,2,2,0,2,0,14,0,11,9,2,0,0,0,2,1,2,1,0
4389,MC_SC_17_s03L_4389,14,6,2,73,0,12,31,14,24,0,3,4,4,10,0,11,0,9,0
4390,MC_SC_17_s03L_4390,14,2,2,37,2,0,11,32,5,0,16,0,9,0,0,5,0,84,0
4391,MC_SC_17_s03L_4391,14,5,2,0,34,2,72,31,43,26,22,11,15,12,39,37,9,4,41
4392,MC_SC_17_s03L_4392,14,4,4,0,18,21,51,1,44,14,3,0,0,36,12,3,2,10,15
4393,MC_SC_17_s03L_4393,14,2,1,0,13,0,41,0,0,0,5,8,12,4,0,5,0,2,15
4394,MC_SC_17_s03L_4394,14,2,1,2,3,0,7,0,0,0,0,0,0,0,0,0,0,0,0
4395,MC_SC_17_s03L_4395,14,1,1,0,0,0,0,0,0,0,0,0,0,0,0,0,0,0,0
4396,MC_SC_17_s03L_4396,14,6,3,0,38,16,112,11,6,12,16,0,8,3,4,3,2,71,4
4397,MC_SC_17_s03L_4397,14,1,1,0,0,0,6,0,0,4,7,1,0,0,0,0,0,9,0
4398,MC_SC_17_s03L_4398,14,2,1,51,16,1,19,56,6,0,1,3,14,10,0,11,0,5,0
4399,MC_SC_17_s03L_4399,14,3,2,0,1,0,64,0,6,7,1,0,0,15,0,2,0,15,5
4400,MC_SC_17_s03L_4400,14,1,1,0,9,0,4,1,1,10,11,0,14,7,0,3,0,14,19
4401,MC_SC_17_s03L_4401,14,1,1,0,0,0,4,5,14,3,7,2,1,6,0,0,0,5,3
4402,MC_SC_17_s03L_4402,14,6,4,0,10,0,24,69,83,27,2,18,25,34,19,8,4,6,1
4403,MC_SC_17_s03L_4403,14,1,1,0,5,0,20,2,0,25,4,0,6,7,0,6,0,24,21
4404,MC_SC_17_s03L_4404,14,2,2,0,0,0,12,5,2,20,1,6,2,13,0,0,2,16,24
4405,MC_SC_17_s03L_4405,14,2,2,69,23,0,11,79,6,5,12,5,5,11,0,5,0,0,0
4406,MC_SC_17_s03L_4406,14,1,1,0,4,0,32,0,1,28,2,0,19,14,0,3,0,16,27
4407,MC_SC_17_s03L_4407,14,1,1,0,3,0,53,2,0,17,1,2,2,35,2,0,2,46,1
4408,MC_SC_17_s03L_4408,14,3,2,0,21,0,105,9,1,139,20,26,20,64,9,10,7,48,4
4409,MC_SC_17_s03L_4409,14,1,1,48,10,0,27,37,45,3,2,3,0,0,9,45,0,6,0
4410,MC_SC_17_s03L_4410,14,5,3,75,3,0,33,32,29,4,11,6,24,6,2,18,0,14,4
4411,MC_SC_17_s03L_4411,14,4,2,88,0,0,11,0,3,0,2,19,21,4,9,10,0,49,4
4412,MC_SC_17_s03L_4412,14,3,2,78,11,0,39,22,48,0,3,6,13,0,0,27,0,3,0
4413,MC_SC_17_s03L_4413,14,2,1,0,5,0,90,1,0,58,0,3,3,10,11,6,0,73,0
4414,MC_SC_17_s03L_4414,14,2,1,9,5,0,6,2,8,15,7,10,13,31,0,13,0,39,10
4415,MC_SC_17_s03L_4415,14,2,1,2,12,0,105,5,0,78,0,8,5,15,23,9,2,54,2
4416,MC_SC_17_s03L_4416,14,1,1,0,3,0,2,0,0,8,1,0,0,0,0,0,0,0,0
4417,MC_SC_17_s03L_4417,14,4,2,0,70,0,70,0,7,115,54,18,21,8,68,11,7,14,7
4418,MC_SC_17_s03L_4418,14,6,2,2,5,6,102,64,369,298,34,99,34,54,0,65,20,20,6
4419,MC_SC_17_s03L_4419,14,4,3,52,17,0,1,0,0,0,0,0,0,0,0,0,0,0,0
4420,MC_SC_17_s03L_4420,14,5,2,0,11,22,53,2,17,13,0,1,9,3,27,7,3,35,44
4421,MC_SC_17_s03L_4421,14,2,2,0,9,0,5,7,0,0,1,0,0,0,0,0,0,0,0
4422,MC_SC_17_s03L_4422,14,1,1,0,17,0,9,0,3,50,19,3,4,4,8,3,0,8,3
4423,MC_SC_17_s03L_4423,14,3,2,2,5,0,5,0,0,8,1,2,7,13,0,11,0,13,2
4424,MC_SC_17_s03L_4424,14,9,6,0,60,28,123,52,9,8,19,4,26,22,62,57,3,12,39
4425,MC_SC_17_s03L_4425,14,2,2,0,6,6,4,6,1,0,1,0,1,2,0,0,0,0,0
4426,MC_SC_17_s03L_4426,14,2,2,0,2,6,12,0,0,0,0,0,0,0,0,0,0,0,0
4427,MC_SC_17_s03L_4427,14,6,3,1,4,0,15,11,45,49,35,45,11,11,4,4,4,1,2
4428,MC_SC_17_s03L_4428,14,1,1,0,27,5,55,3,10,0,0,4,12,3,1,11,0,0,5
4429,MC_SC_17_s03L_4429,14,2,2,27,15,0,6,2,8,0,3,0,9,1,0,11,0,9,11
4430,MC_SC_17_s03L_4430,14,2,2,0,2,0,12,3,3,31,6,15,2,0,0,2,4,23,4
4431,MC_SC_17_s03L_4431,14,4,2,3,125,119,153,90,66,10,42,12,61,48,130,49,11,12,48
4432,MC_SC_17_s03L_4432,14,1,1,0,0,0,0,0,0,0,0,0,0,0,0,0,0,0,0
4433,MC_SC_17_s03L_4433,14,4,3,0,23,0,45,5,0,46,1,9,11,3,0,11,0,20,7
4434,MC_SC_17_s03L_4434,14,3,3,0,31,0,25,6,2,22,5,7,14,8,0,12,0,27,0
4435,MC_SC_17_s03L_4435,14,3,1,0,18,9,41,4,28,0,25,8,5,28,21,19,0,3,21
4436,MC_SC_17_s03L_4436,14,2,2,14,16,0,2,0,14,0,0,6,24,12,0,7,0,11,9
4437,MC_SC_17_s03L_4437,14,6,4,0,10,0,34,0,0,0,0,0,0,0,0,0,0,0,0
4438,MC_SC_17_s03L_4438,14,2,2,3,11,0,2,4,4,3,1,19,0,13,0,5,0,0,15
4439,MC_SC_17_s03L_4439,14,4,3,67,11,0,0,0,14,0,1,1,9,6,0,1,0,29,20
4440,MC_SC_17_s03L_4440,14,4,2,1,1,0,7,0,0,15,1,0,0,0,0,4,0,3,0
4441,MC_SC_17_s03L_4441,14,2,2,0,0,0,8,0,0,0,0,0,0,0,0,0,0,0,0
4442,MC_SC_17_s03L_4442,14,4,3,11,4,0,1,1,17,0,7,1,2,5,0,4,0,0,1
4443,MC_SC_17_s03L_4443,14,10,6,0,65,14,9,0,4,19,0,0,7,35,0,2,26,30,3
4444,MC_SC_17_s03L_4444,14,6,3,0,26,0,18,53,39,80,33,2,29,0,2,14,3,21,2
4445,MC_SC_17_s03L_4445,14,2,1,1,5,0,1,1,2,0,7,0,11,12,0,9,4,0,3
4446,MC_SC_17_s03L_4446,14,7,3,0,5,0,15,6,3,51,4,0,1,8,6,14,14,0,13
4447,MC_SC_17_s03L_4447,14,4,3,19,6,2,1,2,47,0,44,5,8,30,0,3,0,4,0
4448,MC_SC_17_s03L_4448,14,2,1,0,24,0,7,1,1,0,8,9,22,14,0,9,0,22,2
4449,MC_SC_17_s03L_4449,14,2,1,3,21,0,6,15,0,0,17,0,5,0,0,15,0,30,7
4450,MC_SC_17_s03L_4450,14,5,4,0,44,0,5,4,0,13,10,1,4,35,0,16,0,64,4
4451,MC_SC_17_s03L_4451,14,2,1,73,4,0,2,3,18,0,6,3,19,28,2,10,0,15,31
4452,MC_SC_17_s03L_4452,14,6,4,1,14,0,7,6,35,82,5,9,1,19,36,6,9,1,21
4453,MC_SC_17_s03L_4453,14,2,1,56,14,0,6,11,28,0,6,31,38,52,6,32,0,36,45
4454,MC_SC_17_s03L_4454,14,1,1,0,0,0,0,34,24,0,0,0,11,0,2,14,1,2,4
4455,MC_SC_17_s03L_4455,14,1,1,2,14,0,0,25,21,48,9,31,8,22,18,14,2,5,13
4456,MC_SC_17_s03L_4456,14,2,1,0,4,0,6,12,13,7,6,5,13,7,0,11,3,6,17
4457,MC_SC_17_s03L_4457,14,3,2,21,3,0,0,1,32,2,5,0,11,26,0,21,3,17,5
4458,MC_SC_17_s03L_4458,14,4,2,0,14,0,0,0,1,4,2,13,17,15,11,29,7,6,26
4459,MC_SC_17_s03L_4459,14,13,11,174,60,0,1,4,44,0,33,41,11,1,21,7,5,219,54
4460,MC_SC_17_s03L_4460,14,9,3,1,5,0,0,10,0,13,12,0,4,0,12,0,0,15,5
4461,MC_SC_17_s03L_4461,14,7,6,41,16,0,3,3,57,8,10,6,22,17,0,17,0,14,4
4462,MC_SC_17_s03L_4462,14,3,3,51,26,0,3,2,10,0,2,5,53,7,2,9,0,18,25
4463,MC_SC_17_s03L_4463,14,2,1,46,3,0,0,18,1,2,4,0,18,0,2,1,0,10,0
4464,MC_SC_17_s03L_4464,14,5,3,223,11,0,4,10,75,27,9,12,60,13,48,4,0,9,63
4465,MC_SC_17_s03L_4465,14,1,1,71,9,0,0,4,39,0,0,14,40,20,0,4,0,45,17
4466,MC_SC_17_s03L_4466,14,3,2,82,25,0,0,5,12,6,1,11,11,1,29,31,1,17,28
4467,MC_SC_17_s03L_4467,14,3,2,0,4,0,0,54,35,3,0,4,15,1,0,17,9,0,0
4468,MC_SC_17_s03L_4468,14,2,1,0,2,0,6,5,0,28,0,0,5,0,0,1,0,11,0
4469,MC_SC_17_s03L_4469,14,3,2,1,6,3,18,56,37,5,20,19,29,15,14,10,1,4,16
4470,MC_SC_17_s03L_4470,14,4,2,108,23,3,31,13,97,8,16,32,47,36,21,73,4,16,17
4471,MC_SC_17_s03L_4471,14,3,2,0,6,5,20,4,0,0,4,11,7,22,0,13,0,1,0
4472,MC_SC_17_s03L_4472,14,2,1,0,13,0,0,4,0,67,0,2,12,7,0,3,5,63,0
4473,MC_SC_17_s03L_4473,14,5,4,2,35,9,5,8,28,6,10,12,12,42,17,9,0,89,3
4474,MC_SC_17_s03L_4474,14,4,2,0,101,0,27,5,1,110,20,0,7,17,22,9,4,12,11
4475,MC_SC_17_s03L_4475,14,4,3,0,26,0,51,1,16,67,25,3,18,20,8,38,2,23,17
4476,MC_SC_17_s03L_4476,14,1,1,9,2,0,1,4,1,0,0,1,3,0,0,1,0,19,1
4477,MC_SC_17_s03L_4477,14,6,2,0,0,2,0,50,6,16,5,6,4,0,0,5,0,0,0
4478,MC_SC_17_s03L_4478,14,6,3,1,16,1,12,50,33,7,26,0,55,13,3,13,6,35,26
4479,MC_SC_17_s03L_4479,14,6,3,2,268,11,16,31,11,445,168,0,27,74,189,90,54,3,7
4480,MC_SC_17_s03L_4480,14,7,6,1,3,0,0,76,50,0,16,1,23,0,0,6,0,0,0
4481,MC_SC_17_s03L_4481,14,5,3,0,36,0,9,65,28,128,37,19,48,0,52,21,6,34,13
4482,MC_SC_17_s03L_4482,14,7,4,8,80,21,7,3,6,24,3,0,21,56,16,21,23,65,2
4483,MC_SC_17_s03L_4483,14,3,1,105,2,0,2,3,18,2,21,16,7,4,0,17,41,86,39
4484,MC_SC_17_s03L_4484,14,4,3,0,19,0,32,6,24,120,15,6,15,38,17,24,4,30,7
4485,MC_SC_17_s03L_4485,14,5,4,0,31,0,84,17,32,126,66,2,20,10,13,25,6,35,32
4486,MC_SC_17_s03L_4486,14,6,4,37,25,2,46,11,85,206,0,6,58,9,57,64,14,9,6
4487,MC_SC_17_s03L_4487,14,8,7,95,72,6,7,23,62,16,29,18,22,10,32,74,3,26,20
4488,MC_SC_17_s03L_4488,14,4,3,0,39,14,7,0,1,15,15,1,15,13,33,22,9,2,37
4489,MC_SC_17_s03L_4489,14,4,3,60,30,0,10,5,12,2,0,7,54,0,5,6,0,24,34
4490,MC_SC_17_s03L_4490,14,7,4,4,74,3,3,35,7,308,15,1,50,3,108,63,49,64,26
4491,MC_SC_17_s03L_4491,14,5,3,2,11,2,41,7,3,225,5,4,13,21,111,33,14,3,35
4492,MC_SC_17_s03L_4492,14,6,2,2,14,0,6,28,17,85,11,1,15,2,18,14,2,19,1
4493,MC_SC_17_s03L_4493,14,1,1,1,8,6,4,23,1,13,6,4,19,0,0,7,0,4,21
4494,MC_SC_17_s03L_4494,14,8,4,198,38,52,45,18,141,42,48,0,50,1,53,51,21,10,25
4495,MC_SC_17_s03L_4495,14,8,4,3,65,15,39,57,137,490,12,8,30,26,171,64,55,15,12
4496,MC_SC_17_s03L_4496,14,3,2,2,43,0,5,3,12,107,5,2,44,19,8,34,0,61,16
4497,MC_SC_17_s03L_4497,14,8,6,87,45,69,43,3,93,97,13,0,9,8,108,44,61,0,1
4498,MC_SC_17_s03L_4498,14,4,2,0,15,0,3,5,4,118,15,7,17,42,0,27,9,109,6
4499,MC_SC_17_s03L_4499,14,5,2,0,24,0,145,6,14,152,13,1,11,57,47,33,0,13,4
4500,MC_SC_17_s03L_4500,14,5,3,88,47,22,18,34,58,5,14,14,20,10,59,37,8,21,14
4501,MC_SC_17_s03L_4501,14,5,2,0,35,0,9,3,20,111,0,0,8,7,33,24,2,56,1
4502,MC_SC_17_s03L_4502,14,5,2,0,13,0,29,3,1,3,65,5,12,25,0,39,0,4,50
4503,MC_SC_17_s03L_4503,14,11,7,129,39,27,58,22,103,15,14,1,17,2,52,51,4,11,26
4504,MC_SC_17_s03L_4504,14,8,5,64,28,6,6,32,15,6,18,2,16,16,41,36,2,12,48
4505,MC_SC_17_s03L_4505,14,4,2,6,59,21,17,8,4,11,9,4,39,10,37,24,3,0,73
4506,MC_SC_17_s03L_4506,14,4,3,0,7,18,10,40,6,12,9,2,17,39,15,5,9,49,5
4507,MC_SC_17_s03L_4507,14,5,2,0,69,31,18,2,16,11,10,11,18,5,56,19,3,1,28
4508,MC_SC_17_s03L_4508,14,5,3,0,17,0,18,5,2,131,9,8,9,50,6,38,4,113,0
4509,MC_SC_17_s03L_4509,14,3,2,0,23,0,5,6,11,18,1,17,2,13,0,8,0,0,22
4510,MC_SC_17_s03L_4510,14,3,2,0,18,0,39,0,4,13,3,36,12,27,2,31,2,87,44
4511,MC_SC_17_s03L_4511,14,4,2,137,31,1,13,35,36,1,23,1,15,19,6,19,0,14,22
4512,MC_SC_17_s03L_4512,14,4,3,1,6,0,51,1,10,120,9,2,14,44,2,28,3,69,0
4513,MC_SC_17_s03L_4513,14,7,2,34,27,2,11,3,19,1,5,13,8,16,0,30,0,23,28
4514,MC_SC_17_s03L_4514,14,5,3,210,56,52,40,14,181,27,67,2,59,11,0,28,13,22,27
4515,MC_SC_17_s03L_4515,14,4,2,0,50,64,39,28,74,35,33,5,9,47,2,39,23,7,27
4516,MC_SC_17_s03L_4516,14,1,1,0,34,0,11,0,0,0,6,9,7,17,0,2,0,0,0
4517,MC_SC_17_s03L_4517,14,3,2,1,6,0,1,53,25,0,0,3,29,18,0,6,0,3,1
4518,MC_SC_17_s03L_4518,14,3,2,0,1,0,2,13,0,0,9,6,0,0,0,4,0,8,5
4519,MC_SC_17_s03L_4519,14,1,1,0,0,0,0,2,0,0,0,0,2,0,0,1,0,0,0
4520,MC_SC_17_s03L_4520,14,6,3,0,19,0,115,2,10,108,9,1,8,61,20,39,0,11,12
4521,MC_SC_17_s03L_4521,14,5,3,0,20,6,0,68,18,6,0,5,27,5,5,25,10,6,5
4522,MC_SC_17_s03L_4522,14,1,1,0,0,0,0,0,0,0,0,0,0,0,0,0,0,0,0
4523,MC_SC_17_s03L_4523,14,6,4,0,6,0,21,3,2,0,3,0,6,0,2,0,0,17,2
4524,MC_SC_17_s03L_4524,14,5,3,1,30,13,90,13,49,28,43,9,14,54,33,14,14,24,51
4525,MC_SC_17_s03L_4525,14,2,2,1,20,0,10,31,21,0,0,15,3,12,0,3,0,22,31
4526,MC_SC_17_s03L_4526,14,6,3,0,17,0,54,7,1,92,11,4,28,3,0,8,0,56,1
4527,MC_SC_17_s03L_4527,14,3,2,0,7,0,27,37,16,3,19,1,23,0,0,9,0,16,2
4528,MC_SC_17_s03L_4528,14,1,1,0,4,1,0,25,12,0,31,11,17,15,0,0,0,28,0
4529,MC_SC_17_s03L_4529,14,4,2,85,21,1,12,3,16,3,3,18,28,18,35,13,5,32,41
4530,MC_SC_17_s03L_4530,14,3,2,1,4,0,34,0,1,28,17,1,15,1,4,2,0,20,0
4531,MC_SC_17_s03L_4531,14,4,3,0,49,0,27,31,7,17,17,0,26,42,0,34,13,5,22
4532,MC_SC_17_s03L_4532,14,4,2,3,5,1,14,58,91,5,24,21,30,6,48,15,9,8,27
4533,MC_SC_17_s03L_4533,14,4,3,5,7,0,25,45,19,7,19,0,24,0,6,19,0,43,3
4534,MC_SC_17_s03L_4534,14,10,6,0,24,17,135,20,67,552,46,2,26,14,11,63,123,38,8
4535,MC_SC_17_s03L_4535,14,3,3,0,35,0,30,71,28,3,64,4,20,0,0,19,2,18,6
4536,MC_SC_17_s03L_4536,14,4,2,0,52,0,25,2,1,63,32,0,8,15,0,7,0,8,17
4537,MC_SC_17_s03L_4537,14,1,1,0,7,0,1,0,11,0,3,0,2,11,6,1,0,0,0
4538,MC_SC_17_s03L_4538,14,8,3,1,198,43,77,4,122,66,34,4,24,108,127,76,57,14,10
4539,MC_SC_17_s03L_4539,14,5,3,0,54,5,92,58,39,295,12,0,10,9,69,60,24,14,22
4540,MC_SC_17_s03L_4540,14,7,3,126,39,0,1,77,36,21,2,0,22,7,52,20,21,7,54
4541,MC_SC_17_s03L_4541,14,3,2,52,13,0,2,3,31,4,5,4,35,1,22,9,0,15,26
4542,MC_SC_17_s03L_4542,14,2,2,0,15,0,5,4,6,5,9,7,4,22,6,18,3,7,43
4543,MC_SC_17_s03L_4543,14,6,2,0,0,0,19,76,111,330,33,152,43,52,11,43,10,9,1
4544,MC_SC_17_s03L_4544,14,3,2,0,8,0,77,3,7,78,0,1,1,18,0,13,0,26,2
4545,MC_SC_17_s03L_4545,14,2,1,50,23,4,12,1,48,14,7,0,4,10,62,16,21,0,9
4546,MC_SC_17_s03L_4546,14,7,5,0,97,9,55,22,101,719,80,12,28,162,321,97,61,43,60
4547,MC_SC_17_s03L_4547,14,7,3,63,22,3,18,58,65,7,8,29,16,9,53,35,25,63,8
4548,MC_SC_17_s03L_4548,14,3,2,0,11,0,5,2,1,18,4,4,2,35,3,11,0,54,24
4549,MC_SC_17_s03L_4549,14,3,3,0,6,0,11,11,4,3,2,14,16,9,0,12,0,18,20
4550,MC_SC_17_s03L_4550,14,4,2,0,47,3,14,1,7,7,84,8,11,24,0,3,7,49,1
4551,MC_SC_17_s03L_4551,14,1,1,3,0,0,2,0,1,0,2,2,0,0,7,1,0,0,0
4552,MC_SC_17_s03L_4552,14,1,1,0,0,0,4,1,8,26,1,10,0,3,5,0,3,2,0
4553,MC_SC_17_s03L_4553,14,6,2,0,50,33,12,2,14,5,19,10,14,39,36,18,4,1,39
4554,MC_SC_17_s03L_4554,14,5,3,0,52,1,68,6,7,37,3,29,37,47,11,10,7,20,42
4555,MC_SC_17_s03L_4555,14,4,2,0,52,12,63,66,127,10,44,12,41,80,0,57,12,13,18
4556,MC_SC_17_s03L_4556,14,4,3,0,77,38,68,66,239,29,52,37,40,108,12,97,23,8,29
4557,MC_SC_17_s03L_4557,14,2,2,0,51,18,22,0,38,0,41,6,13,42,8,16,0,18,26
4558,MC_SC_17_s03L_4558,14,2,1,0,1,0,10,8,24,0,6,11,1,27,5,5,8,0,4
4559,MC_SC_17_s03L_4559,14,10,8,3,66,203,242,66,168,99,62,6,17,18,217,148,101,19,16
4560,MC_SC_17_s03L_4560,14,3,1,0,5,0,3,20,0,0,33,0,14,1,0,2,2,14,8
4561,MC_SC_17_s03L_4561,14,1,1,27,6,3,0,0,10,3,0,0,1,2,1,5,4,0,2
4562,MC_SC_17_s03L_4562,14,3,2,3,13,0,3,2,2,29,14,8,6,36,4,8,2,62,8
4563,MC_SC_17_s03L_4563,14,1,1,3,0,1,2,4,0,0,2,0,0,0,2,1,0,0,0
4564,MC_SC_17_s03L_4564,14,3,2,0,20,0,14,3,1,0,10,1,0,2,0,4,0,0,0
4565,MC_SC_17_s03L_4565,14,1,1,0,0,0,5,0,1,37,3,5,0,3,0,0,0,0,0
4566,MC_SC_17_s03L_4566,14,3,3,0,12,0,5,5,8,10,1,4,13,0,0,7,0,3,0
4567,MC_SC_17_s03L_4567,14,5,2,0,39,1,95,3,4,97,0,2,32,40,5,39,7,87,48
4568,MC_SC_17_s03L_4568,14,5,3,0,58,0,21,58,16,34,2,8,12,20,2,16,0,37,24
4569,MC_SC_17_s03L_4569,14,6,4,1,53,1,80,4,17,124,39,47,37,51,64,19,18,180,21
4570,MC_SC_17_s03L_4570,14,2,2,0,22,0,3,1,4,22,0,3,11,19,2,13,0,18,23
4571,MC_SC_17_s03L_4571,14,2,2,0,28,2,69,21,5,9,4,1,13,0,0,12,4,33,2
4572,MC_SC_17_s03L_4572,14,1,1,0,8,0,2,15,4,7,2,13,7,7,0,5,2,3,12
4573,MC_SC_17_s03L_4573,14,5,2,0,10,4,3,64,69,3,25,11,13,0,0,27,2,10,17
4574,MC_SC_17_s03L_4574,14,3,2,1,19,0,43,7,49,28,33,6,2,40,0,22,0,17,13
4575,MC_SC_17_s03L_4575,14,5,3,0,10,0,43,55,4,116,21,2,47,3,15,7,3,37,1
4576,MC_SC_17_s03L_4576,14,4,2,0,4,0,0,44,25,0,1,1,5,2,0,4,0,0,0
4577,MC_SC_17_s03L_4577,14,1,1,1,8,0,5,1,26,2,9,0,1,14,0,1,0,0,0
4578,MC_SC_17_s03L_4578,14,17,10,1,20,0,17,6,15,2,5,2,14,60,48,19,0,2,18
4579,MC_SC_17_s03L_4579,14,4,2,0,0,0,0,71,25,0,0,5,16,8,0,7,1,1,2
4580,MC_SC_17_s03L_4580,14,3,2,45,13,0,5,2,20,0,0,8,7,10,0,0,4,82,6
4581,MC_SC_17_s03L_4581,14,11,5,0,54,12,91,60,23,26,14,51,38,31,175,109,39,6,49
4582,MC_SC_17_s03L_4582,14,5,3,0,67,0,110,13,44,204,127,58,38,114,133,70,6,54,73
4583,MC_SC_17_s03L_4583,14,3,2,0,124,0,186,3,7,155,36,1,73,82,11,1,0,22,10
4584,MC_SC_17_s03L_4584,14,3,2,0,3,0,1,36,11,0,0,20,23,31,0,2,3,0,0
4585,MC_SC_17_s03L_4585,14,3,2,0,5,0,32,4,8,52,1,7,8,24,2,23,2,34,3
4586,MC_SC_17_s03L_4586,14,12,3,86,38,2,43,5,2,22,10,7,9,8,91,20,130,2,7
4587,MC_SC_17_s03L_4587,14,2,1,0,3,0,1,78,43,2,0,2,38,28,9,16,0,3,0
4588,MC_SC_17_s03L_4588,14,4,3,0,1,0,17,21,8,2,0,8,17,12,13,22,6,6,1
4589,MC_SC_17_s03L_4589,14,5,3,1,0,3,1,28,24,0,2,6,13,6,0,14,5,0,0
4590,MC_SC_17_s03L_4590,14,7,4,0,75,0,44,4,6,105,36,42,15,42,24,17,6,21,37
4591,MC_SC_17_s03L_4591,14,1,1,2,3,0,2,4,20,3,4,9,8,19,0,15,0,30,0
4592,MC_SC_17_s03L_4592,14,1,1,2,1,0,0,2,5,2,6,1,1,3,12,3,0,0,0
4593,MC_SC_17_s03L_4593,14,9,4,1,25,7,129,12,37,13,69,9,24,21,9,22,5,41,26
4594,MC_SC_17_s03L_4594,14,3,1,0,2,1,7,47,20,4,0,17,43,37,31,54,8,13,6
4595,MC_SC_17_s03L_4595,14,2,2,0,4,1,32,18,0,3,1,9,9,3,0,12,1,4,15
4596,MC_SC_17_s03L_4596,14,6,4,2,48,0,48,7,5,34,16,34,34,30,9,17,0,21,7
4597,MC_SC_17_s03L_4597,14,3,2,0,24,0,99,16,120,140,104,10,14,81,61,37,2,39,72
4598,MC_SC_17_s03L_4598,14,1,1,0,1,0,7,0,8,6,2,0,1,1,5,0,0,0,0
4599,MC_SC_17_s03L_4599,14,2,1,0,4,4,12,4,24,0,0,3,0,5,1,3,0,0,3
4600,MC_SC_17_s03L_4600,14,5,2,0,12,0,109,1,3,56,70,22,15,39,5,28,22,124,23
4601,MC_SC_17_s03L_4601,14,6,3,0,52,1,13,3,47,169,96,2,29,87,37,19,5,188,19
4602,MC_SC_17_s03L_4602,14,3,2,0,8,2,5,124,54,4,2,4,32,32,2,3,0,0,0
4603,MC_SC_17_s03L_4603,14,2,1,0,1,0,9,15,0,14,2,0,8,0,0,0,0,0,0
4604,MC_SC_17_s03L_4604,14,10,2,0,49,0,150,4,9,89,19,23,17,52,44,42,5,8,57
4605,MC_SC_17_s03L_4605,14,3,1,1,12,20,38,99,63,7,113,4,34,24,0,1,0,19,6
4606,MC_SC_17_s03L_4606,14,3,2,0,50,1,88,9,2,106,59,15,20,53,71,41,12,136,91
4607,MC_SC_17_s03L_4607,14,5,3,0,21,0,68,22,18,87,23,5,28,1,21,3,2,58,3
4608,MC_SC_17_s03L_4608,14,7,4,0,84,8,270,16,101,441,111,22,50,137,158,104,31,261,7
4609,MC_SC_17_s03L_4609,14,8,2,0,14,12,13,38,30,7,2,19,9,14,42,6,2,4,0
4610,MC_SC_17_s03L_4610,14,5,3,1,15,0,44,3,24,210,65,15,18,97,19,22,14,237,50
4611,MC_SC_17_s03L_4611,14,7,3,0,116,4,37,15,100,256,40,25,32,99,112,18,61,165,6
4612,MC_SC_17_s03L_4612,14,1,1,1,6,0,0,0,0,0,1,0,1,0,5,0,4,0,0
4613,MC_SC_17_s03L_4613,14,4,2,0,28,36,126,5,32,6,50,15,26,53,59,41,8,90,13
4614,MC_SC_17_s03L_4614,14,1,1,0,3,0,24,26,0,23,6,11,4,8,11,7,0,10,1
4615,MC_SC_17_s03L_4615,14,4,2,0,60,3,115,10,5,177,30,11,26,22,83,98,7,21,18
4616,MC_SC_17_s03L_4616,14,6,3,0,71,11,40,5,68,165,41,70,22,134,52,28,10,214,54
4617,MC_SC_17_s03L_4617,14,5,3,1,81,0,95,8,25,257,23,12,32,52,80,50,38,90,62
4618,MC_SC_17_s03L_4618,14,4,3,0,21,1,31,1,3,19,20,2,6,37,0,8,2,29,20
4619,MC_SC_17_s03L_4619,14,15,11,100,119,0,102,9,4,4,19,50,13,6,102,54,236,33,8
4620,MC_SC_17_s03L_4620,14,9,6,64,51,0,24,9,7,11,15,5,10,16,26,43,70,25,20
4621,MC_SC_17_s03L_4621,14,8,4,1,63,35,162,2,69,138,18,3,28,33,90,32,7,40,53
4622,MC_SC_17_s03L_4622,14,3,2,0,5,0,37,20,0,22,0,21,17,23,38,7,0,8,1
4623,MC_SC_17_s03L_4623,14,2,2,1,60,0,1,1,30,10,6,6,2,37,2,4,15,65,4
4624,MC_SC_17_s03L_4624,14,7,4,0,153,127,249,19,99,43,89,36,40,43,293,105,58,6,34
4625,MC_SC_17_s03L_4625,14,3,2,0,20,0,24,7,3,29,10,11,9,16,0,10,7,82,6
4626,MC_SC_17_s03L_4626,14,13,4,1,333,4,242,17,4,224,118,145,30,105,77,246,87,208,137
4627,MC_SC_17_s03L_4627,14,7,3,65,48,0,52,13,46,7,13,61,11,41,72,15,33,18,29
4628,MC_SC_17_s03L_4628,14,3,2,0,46,0,9,0,0,18,11,1,11,22,0,16,0,18,2
4629,MC_SC_17_s03L_4629,14,2,2,0,0,0,11,1,3,0,0,0,6,6,0,9,0,1,1
4630,MC_SC_17_s03L_4630,14,8,5,2,28,4,80,8,5,167,19,10,23,57,48,18,36,20,16
4631,MC_SC_17_s03L_4631,14,10,3,142,54,1,9,4,5,4,12,96,17,26,0,31,4,4,9
4632,MC_SC_17_s03L_4632,14,4,2,0,3,0,68,3,30,84,5,1,19,33,0,21,0,14,21
4633,MC_SC_17_s03L_4633,14,1,1,0,1,0,0,0,23,12,2,1,0,3,0,5,3,1,14
4634,MC_SC_17_s03L_4634,14,1,1,16,0,0,0,1,0,2,0,3,1,8,0,2,0,0,0
4635,MC_SC_17_s03L_4635,14,7,5,103,55,0,106,1,16,15,20,18,14,18,18,2,38,16,24
4636,MC_SC_17_s03L_4636,14,9,7,66,30,10,62,1,2,46,9,11,8,20,136,22,88,11,4
4637,MC_SC_17_s03L_4637,14,5,3,0,44,1,71,3,0,78,3,0,28,16,2,0,0,14,8
4638,MC_SC_17_s03L_4638,14,3,2,0,8,11,44,5,25,8,11,25,62,30,13,23,0,28,6
4639,MC_SC_17_s03L_4639,14,6,5,0,83,0,0,4,195,294,42,53,7,132,0,6,2,322,37
4640,MC_SC_17_s03L_4640,14,3,2,0,68,0,7,13,14,58,36,1,22,49,17,13,5,45,0
4641,MC_SC_17_s03L_4641,14,1,1,0,1,0,5,25,0,14,2,9,1,8,0,7,0,2,3
4642,MC_SC_17_s03L_4642,14,3,2,0,21,0,12,3,0,33,3,1,27,49,1,21,0,52,0
4643,MC_SC_17_s03L_4643,14,4,4,0,1,0,13,1,0,32,1,0,9,12,0,10,0,0,2
4644,MC_SC_17_s03L_4644,14,3,2,0,6,1,49,46,2,54,2,22,12,38,26,13,2,26,0
4645,MC_SC_17_s03L_4645,14,8,6,68,91,15,127,9,3,53,24,47,12,17,155,25,200,16,13
4646,MC_SC_17_s03L_4646,14,5,2,55,37,1,55,6,7,13,5,16,11,22,31,30,85,36,34
4647,MC_SC_17_s03L_4647,14,6,3,0,31,3,32,9,30,152,46,10,32,71,19,17,8,137,42
4648,MC_SC_17_s03L_4648,14,7,4,0,58,0,2,4,40,176,23,5,14,97,10,15,21,177,42
4649,MC_SC_17_s03L_4649,14,5,3,113,96,6,182,6,5,14,66,51,49,56,147,79,352,39,52
4650,MC_SC_17_s03L_4650,14,7,5,78,73,5,147,11,4,11,52,24,33,34,106,71,348,59,56
4651,MC_SC_17_s03L_4651,14,6,3,0,27,2,42,8,34,126,5,25,29,68,25,18,22,107,38
4652,MC_SC_17_s03L_4652,14,8,4,0,16,3,94,0,0,199,16,4,11,21,2,38,26,0,64
4653,MC_SC_17_s03L_4653,14,2,2,0,11,1,77,32,5,0,6,9,37,28,18,9,0,26,36
4654,MC_SC_17_s03L_4654,14,7,5,84,30,3,149,6,11,12,28,16,23,17,103,32,293,37,56
4655,MC_SC_17_s03L_4655,14,12,7,30,53,4,100,1,36,11,12,43,10,35,184,48,206,14,22
4656,MC_SC_17_s03L_4656,14,1,1,25,6,3,18,0,0,0,0,0,11,2,0,0,0,0,0
4657,MC_SC_17_s03L_4657,14,6,2,1,8,0,23,0,0,26,1,6,0,18,2,2,0,28,5
4658,MC_SC_17_s03L_4658,14,5,1,0,0,0,20,0,0,19,5,3,6,0,5,5,0,1,7
4659,MC_SC_17_s03L_4659,15,2,1,0,2,0,6,21,0,18,6,1,2,1,1,0,0,11,0
4660,MC_SC_17_s03L_4660,15,6,3,25,0,0,8,0,2,0,0,0,1,10,1,4,0,1,3
4661,MC_SC_17_s03L_4661,15,1,1,0,0,2,8,15,4,0,0,0,0,0,0,0,0,0,0
4662,MC_SC_17_s03L_4662,15,9,4,0,14,3,39,52,50,137,2,2,5,15,7,0,0,0,1
4663,MC_SC_17_s03L_4663,15,8,3,2,3,0,31,43,67,83,1,15,20,43,50,4,2,3,3
4664,MC_SC_17_s03L_4664,15,4,1,41,6,0,9,28,1,0,6,3,5,2,0,3,2,4,1
4665,MC_SC_17_s03L_4665,15,1,1,0,2,0,47,47,0,57,6,10,6,1,10,0,0,6,0
4666,MC_SC_17_s03L_4666,15,9,5,78,6,0,64,1,126,4,8,2,30,42,98,1,0,0,1
4667,MC_SC_17_s03L_4667,15,4,3,53,13,8,15,43,5,2,2,11,10,3,0,4,0,12,2
4668,MC_SC_17_s03L_4668,15,9,7,0,10,0,88,42,5,175,18,6,9,24,32,11,5,4,20
4669,MC_SC_17_s03L_4669,15,7,3,0,30,0,86,2,1,138,18,1,7,43,47,11,0,20,0
4670,MC_SC_17_s03L_4670,15,6,3,0,6,0,26,1,0,8,11,12,19,56,15,6,0,26,33
4671,MC_SC_17_s03L_4671,15,5,3,48,16,9,38,6,24,7,6,8,15,3,4,26,0,2,0
4672,MC_SC_17_s03L_4672,15,1,1,13,9,0,13,2,3,12,0,1,2,8,18,11,17,15,8
4673,MC_SC_17_s03L_4673,15,1,1,2,0,0,2,0,4,1,0,0,0,0,7,4,2,0,0
4674,MC_SC_17_s03L_4674,15,7,6,0,20,0,4,18,28,63,4,0,3,7,2,0,0,0,0
4675,MC_SC_17_s03L_4675,15,5,3,85,11,22,58,19,99,31,40,1,26,35,11,28,0,12,17
4676,MC_SC_17_s03L_4676,15,4,2,1,1,0,15,4,54,53,1,2,13,5,10,3,8,6,0
4677,MC_SC_17_s03L_4677,15,9,2,0,29,0,29,0,0,65,6,3,6,40,2,7,0,72,17
4678,MC_SC_17_s03L_4678,15,13,3,2,49,12,158,118,37,588,71,25,41,72,170,6,0,1,5
4679,MC_SC_17_s03L_4679,15,4,4,34,8,2,16,0,23,0,15,1,4,13,2,5,0,8,1
4680,MC_SC_17_s03L_4680,15,7,4,0,9,38,127,4,101,8,18,6,38,0,66,0,0,1,0
4681,MC_SC_17_s03L_4681,15,3,3,0,2,5,45,0,5,6,0,0,7,14,1,0,0,24,0
4682,MC_SC_17_s03L_4682,15,6,3,0,13,0,86,1,19,79,10,6,10,6,17,32,3,112,10
4683,MC_SC_17_s03L_4683,15,4,3,0,5,0,62,0,5,80,18,16,7,3,0,5,0,19,3
4684,MC_SC_17_s03L_4684,15,12,8,0,19,4,59,1,16,0,1,0,9,22,3,3,0,42,2
4685,MC_SC_17_s03L_4685,15,5,4,0,13,0,101,4,10,166,61,17,34,34,10,1,0,0,12
4686,MC_SC_17_s03L_4686,15,5,3,73,10,35,69,8,28,74,35,8,8,1,8,21,0,4,0
4687,MC_SC_17_s03L_4687,15,11,6,160,18,64,168,1,238,34,21,4,45,42,150,0,0,0,0
4688,MC_SC_17_s03L_4688,15,5,3,0,14,32,71,4,79,24,9,2,29,0,45,4,0,14,1
4689,MC_SC_17_s03L_4689,15,9,6,1,4,56,55,4,21,48,4,1,13,0,44,1,2,19,3
4690,MC_SC_17_s03L_4690,15,5,3,1,25,18,106,4,95,0,18,6,31,36,31,36,2,34,9
4691,MC_SC_17_s03L_4691,15,7,6,0,16,0,61,1,0,53,5,7,14,39,31,0,0,29,0
4692,MC_SC_17_s03L_4692,15,3,2,0,7,0,28,2,2,74,0,11,7,30,0,4,0,0,2
4693,MC_SC_17_s03L_4693,15,5,3,0,8,48,93,10,30,48,1,2,12,21,19,0,0,1,1
4694,MC_SC_17_s03L_4694,15,7,3,3,3,136,150,10,63,98,4,2,25,59,97,42,21,4,22
4695,MC_SC_17_s03L_4695,15,6,2,0,7,0,13,0,0,16,0,8,7,5,0,1,0,5,5
4696,MC_SC_17_s03L_4696,15,4,2,0,12,36,79,8,32,16,0,1,20,14,12,1,0,26,30
4697,MC_SC_17_s03L_4697,15,6,3,0,11,0,57,4,0,34,4,5,14,17,0,0,0,4,8
4698,MC_SC_17_s03L_4698,15,6,3,0,6,11,38,10,4,38,0,0,36,28,0,0,4,113,3
4699,MC_SC_17_s03L_4699,15,4,2,0,20,0,93,7,0,48,19,10,12,51,8,0,0,38,1
4700,MC_SC_17_s03L_4700,15,6,3,1,1,100,110,9,33,177,2,2,18,9,136,25,25,4,22
4701,MC_SC_17_s03L_4701,15,6,2,4,38,0,13,19,2,61,3,5,11,4,9,6,3,11,0
4702,MC_SC_17_s03L_4702,15,6,4,0,26,0,27,18,0,36,6,1,10,1,21,0,0,5,0
4703,MC_SC_17_s03L_4703,15,7,3,0,19,0,71,0,13,69,4,4,8,11,2,1,0,58,0
4704,MC_SC_17_s03L_4704,15,7,5,0,10,0,36,0,16,51,0,10,6,1,0,1,0,27,0
4705,MC_SC_17_s03L_4705,15,1,1,0,0,0,0,0,0,0,0,0,0,0,0,0,0,0,0
4706,MC_SC_17_s03L_4706,15,10,3,1,23,66,97,0,65,35,1,0,7,43,54,8,20,2,7
4707,MC_SC_17_s03L_4707,15,3,2,0,11,0,59,57,49,103,10,22,17,41,14,1,0,52,33
4708,MC_SC_17_s03L_4708,15,7,1,0,9,1,45,0,0,63,8,8,4,7,19,2,0,55,0
4709,MC_SC_17_s03L_4709,15,3,2,4,51,0,115,2,1,95,3,7,23,10,9,8,0,45,0
4710,MC_SC_17_s03L_4710,15,1,1,0,1,0,22,0,0,22,7,3,2,2,11,0,0,0,0
4711,MC_SC_17_s03L_4711,15,4,3,167,44,58,120,10,71,8,51,0,9,3,24,33,2,2,2
4712,MC_SC_17_s03L_4712,15,8,5,0,36,0,108,5,0,79,13,11,26,37,18,5,2,72,3
4713,MC_SC_17_s03L_4713,15,1,1,0,8,1,0,0,14,1,0,0,12,9,0,0,0,31,4
4714,MC_SC_17_s03L_4714,15,8,5,0,14,0,34,1,1,74,0,4,13,28,9,0,0,66,13
4715,MC_SC_17_s03L_4715,15,6,4,0,9,4,19,2,0,6,0,0,11,14,0,0,0,61,0
4716,MC_SC_17_s03L_4716,15,8,5,0,24,0,147,1,4,68,72,10,32,42,0,16,3,29,54
4717,MC_SC_17_s03L_4717,15,5,1,0,14,0,86,1,0,73,24,12,9,9,30,22,0,56,8
4718,MC_SC_17_s03L_4718,15,5,2,0,39,0,108,3,7,45,8,35,25,6,22,17,0,99,7
4719,MC_SC_17_s03L_4719,15,4,3,0,19,0,114,1,0,58,2,14,12,19,3,8,0,58,36
4720,MC_SC_17_s03L_4720,15,6,3,0,24,0,68,78,16,239,37,5,19,47,74,67,9,7,47
4721,MC_SC_17_s03L_4721,15,1,1,0,5,0,20,1,1,34,9,0,4,3,0,2,0,12,0
4722,MC_SC_17_s03L_4722,15,6,2,0,28,0,66,1,1,96,25,5,28,5,17,1,0,64,0
4723,MC_SC_17_s03L_4723,15,4,2,112,10,16,55,5,6,13,6,0,11,20,7,55,5,0,14
4724,MC_SC_17_s03L_4724,15,19,10,0,31,0,169,2,7,58,1,11,26,37,51,23,0,126,11
4725,MC_SC_17_s03L_4725,15,4,2,0,8,0,18,4,3,59,11,20,12,13,18,4,0,33,39
4726,MC_SC_17_s03L_4726,15,8,3,0,60,0,228,3,7,313,68,17,48,54,207,35,11,86,3
4727,MC_SC_17_s03L_4727,15,11,4,0,17,3,138,5,0,203,68,10,22,33,98,20,0,59,3
4728,MC_SC_17_s03L_4728,15,10,8,0,30,0,86,1,35,105,3,15,12,0,9,13,0,59,1
4729,MC_SC_17_s03L_4729,15,9,2,69,3,0,51,0,3,5,0,2,7,12,2,33,3,10,22
4730,MC_SC_17_s03L_4730,15,7,3,0,16,11,50,1,172,13,0,0,46,36,1,0,5,155,8
4731,MC_SC_17_s03L_4731,15,2,2,0,0,7,6,0,50,23,0,0,19,13,4,0,11,38,0
4732,MC_SC_17_s03L_4732,15,3,2,1,10,0,20,1,0,51,8,6,22,13,10,16,0,18,27
4733,MC_SC_17_s03L_4733,15,3,2,0,30,0,136,4,9,141,0,3,15,6,46,17,0,99,2
4734,MC_SC_17_s03L_4734,15,4,2,0,18,0,34,73,0,146,34,6,8,1,17,0,0,22,4
4735,MC_SC_17_s03L_4735,15,3,2,1,13,0,12,0,0,17,0,0,2,34,0,0,0,11,0
4736,MC_SC_17_s03L_4736,15,4,2,0,2,23,95,5,13,3,1,0,14,2,29,9,5,3,18
4737,MC_SC_17_s03L_4737,15,5,2,0,2,0,16,0,4,2,3,3,1,4,0,0,0,15,0
4738,MC_SC_17_s03L_4738,15,1,1,0,0,0,3,0,14,3,4,0,0,0,0,0,0,0,0
4739,MC_SC_17_s03L_4739,15,1,1,20,2,1,6,2,1,0,0,0,4,0,0,0,0,4,2
4740,MC_SC_17_s03L_4740,15,3,1,75,19,0,28,25,17,0,3,1,3,0,0,12,0,3,23
4741,MC_SC_17_s03L_4741,15,3,2,0,1,0,72,0,12,2,0,0,2,28,2,15,2,78,0
4742,MC_SC_17_s03L_4742,15,4,2,115,21,9,26,23,3,0,4,1,6,17,2,38,0,4,5
4743,MC_SC_17_s03L_4743,15,3,2,0,12,0,94,0,1,4,2,9,7,48,0,6,0,41,0
4744,MC_SC_17_s03L_4744,15,1,1,0,0,0,26,0,5,0,0,0,0,1,0,0,0,2,0
4745,MC_SC_17_s03L_4745,15,1,1,0,2,0,1,0,0,0,0,0,0,0,0,0,0,0,0
4746,MC_SC_17_s03L_4746,15,6,4,4,7,5,41,0,6,5,0,0,10,0,0,1,3,55,2
4747,MC_SC_17_s03L_4747,15,5,3,2,24,0,20,53,55,85,3,0,17,1,0,7,2,2,3
4748,MC_SC_17_s03L_4748,15,5,3,0,10,8,75,3,16,8,0,0,5,8,0,13,0,26,31
4749,MC_SC_17_s03L_4749,15,13,6,178,3,37,72,1,44,21,3,0,11,29,63,87,24,5,4
4750,MC_SC_17_s03L_4750,15,1,1,39,4,0,33,32,20,0,5,2,7,3,0,4,0,3,9
4751,MC_SC_17_s03L_4751,15,1,1,0,0,0,0,1,1,15,3,0,0,2,0,0,0,0,0
4752,MC_SC_17_s03L_4752,15,4,2,0,24,0,132,2,0,31,9,2,1,31,2,7,0,57,0
4753,MC_SC_17_s03L_4753,15,5,3,107,19,26,87,16,45,137,25,6,45,47,30,135,84,2,56
4754,MC_SC_17_s03L_4754,15,1,1,0,0,0,15,9,8,11,1,0,1,8,2,3,3,2,2
4755,MC_SC_17_s03L_4755,15,5,3,50,3,0,26,0,0,3,0,0,9,12,2,28,4,0,1
4756,MC_SC_17_s03L_4756,15,6,4,0,28,0,173,8,108,323,74,4,16,45,140,53,12,22,20
4757,MC_SC_17_s03L_4757,15,5,2,90,8,0,48,12,36,10,30,15,9,19,9,21,3,6,4
4758,MC_SC_17_s03L_4758,15,4,1,1,2,0,18,0,6,2,0,1,17,16,0,0,1,53,2
4759,MC_SC_17_s03L_4759,15,3,2,0,0,0,68,4,19,6,0,0,20,8,15,7,6,8,27
4760,MC_SC_17_s03L_4760,15,8,2,76,9,6,34,10,33,61,9,0,11,8,59,49,50,0,4
4761,MC_SC_17_s03L_4761,15,3,2,0,8,0,144,4,1,54,14,0,18,35,6,10,0,60,0
4762,MC_SC_17_s03L_4762,15,2,1,0,0,0,5,0,2,0,0,0,0,0,0,0,0,0,0
4763,MC_SC_17_s03L_4763,15,3,2,0,5,0,124,1,0,58,2,1,9,15,2,6,2,42,0
4764,MC_SC_17_s03L_4764,15,2,2,17,1,0,3,0,2,0,0,1,0,0,5,2,0,0,0
4765,MC_SC_17_s03L_4765,15,2,1,90,15,4,20,3,21,24,0,6,1,8,19,27,29,0,10
4766,MC_SC_17_s03L_4766,15,4,2,1,9,0,71,2,0,95,5,19,13,20,9,13,9,82,3
4767,MC_SC_17_s03L_4767,15,5,3,80,5,6,35,2,4,14,3,2,10,13,38,50,20,10,23
4768,MC_SC_17_s03L_4768,15,6,6,18,34,8,79,36,83,21,21,11,22,6,46,41,9,4,6
4769,MC_SC_17_s03L_4769,15,3,2,76,16,5,39,4,19,3,5,17,20,26,13,41,2,30,21
4770,MC_SC_17_s03L_4770,15,5,3,2,11,0,25,7,19,92,24,7,22,20,27,36,12,38,4
4771,MC_SC_17_s03L_4771,15,3,2,0,3,3,20,58,9,1,21,1,2,12,0,3,0,10,0
4772,MC_SC_17_s03L_4772,15,4,2,0,16,0,28,1,13,8,1,8,8,1,0,3,2,23,8
4773,MC_SC_17_s03L_4773,15,10,6,3,145,24,91,26,47,464,18,1,18,10,53,62,77,68,4
4774,MC_SC_17_s03L_4774,15,2,1,0,21,0,58,4,0,31,0,17,8,4,0,10,0,36,28
4775,MC_SC_17_s03L_4775,15,2,1,0,4,0,8,1,0,7,0,0,1,2,0,7,0,0,0
4776,MC_SC_17_s03L_4776,15,3,3,1,3,0,25,3,8,0,17,0,20,7,5,10,0,6,4
4777,MC_SC_17_s03L_4777,15,5,3,0,25,0,23,1,1,17,4,5,5,11,2,6,0,9,1
4778,MC_SC_17_s03L_4778,15,6,2,0,33,0,19,3,1,97,0,0,1,9,32,11,0,0,1
4779,MC_SC_17_s03L_4779,15,8,3,17,17,0,2,1,1,0,0,0,12,0,0,7,0,2,6
4780,MC_SC_17_s03L_4780,15,4,3,0,64,0,4,5,11,37,6,1,19,4,12,19,2,57,0
4781,MC_SC_17_s03L_4781,15,9,4,32,65,0,26,26,21,42,15,0,3,0,0,7,0,12,6
4782,MC_SC_17_s03L_4782,15,1,1,0,0,10,1,0,0,21,2,0,0,0,0,0,4,0,1
4783,MC_SC_17_s03L_4783,15,3,2,15,5,0,2,5,17,0,10,6,12,13,0,4,0,28,3
4784,MC_SC_17_s03L_4784,15,4,4,34,7,0,1,0,10,0,8,4,13,20,0,1,0,5,31
4785,MC_SC_17_s03L_4785,15,1,1,3,3,0,0,0,0,0,2,2,5,5,0,2,0,2,0
4786,MC_SC_17_s03L_4786,15,1,1,17,11,0,3,1,15,0,18,2,9,25,0,9,0,15,4
4787,MC_SC_17_s03L_4787,15,3,2,1,13,0,0,3,2,7,0,12,2,9,0,2,0,0,15
4788,MC_SC_17_s03L_4788,15,3,1,0,2,0,2,0,0,0,0,0,0,0,0,0,0,0,0
4789,MC_SC_17_s03L_4789,15,2,1,13,10,0,3,0,0,0,3,0,6,15,0,0,0,0,26
4790,MC_SC_17_s03L_4790,15,1,1,31,0,0,5,3,4,0,9,6,5,5,0,3,0,1,5
4791,MC_SC_17_s03L_4791,15,1,1,0,3,0,3,0,0,0,0,1,0,0,0,2,0,0,0
4792,MC_SC_17_s03L_4792,15,5,2,0,37,1,29,0,1,17,0,6,20,17,4,5,0,4,18
4793,MC_SC_17_s03L_4793,15,3,2,0,7,0,9,3,1,0,0,0,2,5,0,5,0,0,0
4794,MC_SC_17_s03L_4794,15,7,5,0,41,0,7,28,5,20,11,0,4,0,0,1,3,11,7
4795,MC_SC_17_s03L_4795,15,4,2,4,4,0,43,0,6,0,4,1,9,5,0,2,0,6,9
4796,MC_SC_17_s03L_4796,15,1,1,0,7,0,6,0,10,6,0,0,3,0,2,1,2,13,0
4797,MC_SC_17_s03L_4797,15,3,2,41,7,0,2,1,16,0,5,3,20,4,0,4,2,6,30
4798,MC_SC_17_s03L_4798,15,2,1,2,10,0,2,2,26,0,19,6,15,16,0,10,0,33,5
4799,MC_SC_17_s03L_4799,15,2,1,0,22,0,67,0,2,44,1,1,7,25,0,3,0,23,4
4800,MC_SC_17_s03L_4800,15,2,2,0,0,0,2,0,0,0,0,0,0,0,0,0,0,0,1
4801,MC_SC_17_s03L_4801,15,4,2,37,6,0,1,1,44,0,4,4,23,11,0,5,0,11,23
4802,MC_SC_17_s03L_4802,15,3,2,24,6,0,6,0,46,0,16,9,29,38,0,5,0,7,27
4803,MC_SC_17_s03L_4803,15,3,1,48,8,0,0,0,29,0,17,1,14,16,0,0,0,22,4
4804,MC_SC_17_s03L_4804,15,3,2,0,19,0,48,2,0,26,9,2,4,36,2,2,0,13,36
4805,MC_SC_17_s03L_4805,15,2,2,41,7,0,12,0,4,0,12,10,13,17,0,1,0,31,6
4806,MC_SC_17_s03L_4806,15,3,2,1,2,1,137,1,0,62,1,22,10,29,2,3,11,41,1
4807,MC_SC_17_s03L_4807,15,2,2,0,1,0,1,8,2,5,0,16,14,3,0,1,0,15,0
4808,MC_SC_17_s03L_4808,15,3,1,0,16,0,23,0,3,32,23,1,15,31,6,23,0,4,12
4809,MC_SC_17_s03L_4809,15,2,1,28,12,0,2,47,38,0,12,8,38,3,3,0,0,12,9
4810,MC_SC_17_s03L_4810,15,5,2,0,8,0,5,1,0,0,3,2,16,24,0,4,2,22,25
4811,MC_SC_17_s03L_4811,15,3,2,1,17,0,132,2,25,72,16,4,27,9,6,10,3,102,0
4812,MC_SC_17_s03L_4812,15,4,3,330,85,0,11,7,32,0,63,32,27,31,40,10,0,292,85
4813,MC_SC_17_s03L_4813,15,2,2,127,29,0,1,2,16,0,10,3,8,12,4,2,5,96,17
4814,MC_SC_17_s03L_4814,15,4,2,0,0,0,44,1,0,13,3,15,1,7,0,10,8,4,3
4815,MC_SC_17_s03L_4815,15,1,1,0,0,0,0,1,0,15,0,0,1,1,0,0,0,6,3
4816,MC_SC_17_s03L_4816,15,5,2,0,5,0,1,52,23,0,9,27,13,0,0,1,0,2,1
4817,MC_SC_17_s03L_4817,15,1,1,0,7,0,0,5,8,3,0,29,11,12,3,8,0,0,28
4818,MC_SC_17_s03L_4818,15,7,2,2,6,0,0,5,10,15,0,22,28,5,12,13,0,14,1
4819,MC_SC_17_s03L_4819,15,3,2,2,15,0,3,69,30,9,58,14,30,16,2,14,3,22,17
4820,MC_SC_17_s03L_4820,15,3,2,27,20,0,4,64,29,0,3,20,45,3,4,2,0,36,1
4821,MC_SC_17_s03L_4821,15,2,2,0,3,0,10,2,3,12,3,0,5,0,0,0,0,1,0
4822,MC_SC_17_s03L_4822,15,3,2,0,23,0,13,62,34,65,20,3,43,2,31,15,0,24,16
4823,MC_SC_17_s03L_4823,15,2,1,71,24,0,14,12,15,5,1,3,24,43,2,23,2,35,19
4824,MC_SC_17_s03L_4824,15,3,2,72,8,0,51,7,5,0,30,3,9,15,6,5,15,148,30
4825,MC_SC_17_s03L_4825,15,3,2,1,19,0,16,3,0,18,0,5,10,13,0,7,0,21,3
4826,MC_SC_17_s03L_4826,15,3,2,0,3,3,0,6,26,46,3,0,0,15,15,3,15,0,7
4827,MC_SC_17_s03L_4827,15,5,2,0,71,0,35,3,29,262,19,2,24,19,88,29,26,15,14
4828,MC_SC_17_s03L_4828,15,10,3,0,59,0,49,11,15,153,17,7,16,27,75,15,2,10,16
4829,MC_SC_17_s03L_4829,15,4,2,2,1,0,0,67,26,9,2,2,15,3,0,6,0,0,2
4830,MC_SC_17_s03L_4830,15,6,4,94,7,0,34,8,4,17,38,1,61,39,40,15,2,14,18
4831,MC_SC_17_s03L_4831,15,5,4,108,59,0,31,2,192,22,22,8,29,0,33,68,12,11,17
4832,MC_SC_17_s03L_4832,15,2,1,31,2,0,4,4,12,55,8,2,7,13,41,8,10,2,2
4833,MC_SC_17_s03L_4833,15,4,1,0,8,0,1,35,40,7,0,12,8,3,3,11,5,7,2
4834,MC_SC_17_s03L_4834,15,6,4,3,215,12,276,20,287,879,88,107,39,85,254,137,76,105,14
4835,MC_SC_17_s03L_4835,15,2,1,0,13,0,16,1,1,3,10,7,4,20,0,3,0,1,1
4836,MC_SC_17_s03L_4836,15,6,3,2,10,11,11,10,55,20,5,7,12,0,20,8,2,8,5
4837,MC_SC_17_s03L_4837,15,3,3,0,106,5,174,12,136,335,58,107,25,38,100,42,17,136,4
4838,MC_SC_17_s03L_4838,15,2,1,0,2,0,5,1,21,26,0,0,1,6,2,0,3,4,2
4839,MC_SC_17_s03L_4839,15,9,4,193,19,3,24,25,114,11,50,33,55,47,35,79,7,25,36
4840,MC_SC_17_s03L_4840,15,3,2,103,43,3,0,5,18,12,6,14,35,16,13,2,8,61,45
4841,MC_SC_17_s03L_4841,15,5,2,85,4,6,13,2,16,11,32,6,33,23,19,13,4,14,21
4842,MC_SC_17_s03L_4842,15,6,4,0,25,1,4,1,21,97,0,1,5,8,16,14,8,18,0
4843,MC_SC_17_s03L_4843,15,5,3,2,4,9,9,73,10,10,20,22,9,0,0,10,2,0,1
4844,MC_SC_17_s03L_4844,15,3,2,74,11,0,3,3,45,2,14,4,12,30,0,23,0,12,0
4845,MC_SC_17_s03L_4845,15,6,4,2,41,6,30,56,113,296,36,10,33,52,134,80,13,14,26
4846,MC_SC_17_s03L_4846,15,8,3,1,60,81,33,64,52,46,12,4,24,52,130,50,55,12,18
4847,MC_SC_17_s03L_4847,15,4,3,117,84,28,16,84,73,25,31,3,13,2,74,19,6,0,9
4848,MC_SC_17_s03L_4848,15,5,2,47,1,2,1,0,7,13,15,5,15,13,16,2,9,25,7
4849,MC_SC_17_s03L_4849,15,2,1,0,4,0,11,54,2,0,7,0,17,25,0,4,0,0,0
4850,MC_SC_17_s03L_4850,15,3,2,124,18,6,1,2,29,13,2,8,8,0,15,15,5,3,26
4851,MC_SC_17_s03L_4851,15,3,3,40,36,3,9,4,15,0,0,5,20,16,4,6,0,21,28
4852,MC_SC_17_s03L_4852,15,7,6,0,43,23,26,29,58,17,3,2,5,1,44,15,17,3,3
4853,MC_SC_17_s03L_4853,15,4,3,117,4,9,10,9,62,7,54,16,26,40,21,47,0,21,35
4854,MC_SC_17_s03L_4854,15,2,1,90,9,0,3,4,23,0,19,4,11,2,2,14,0,12,9
4855,MC_SC_17_s03L_4855,15,5,3,0,63,24,17,85,56,1,19,0,15,14,2,19,2,17,12
4856,MC_SC_17_s03L_4856,15,6,4,166,26,45,25,6,72,31,38,2,36,2,47,39,18,11,32
4857,MC_SC_17_s03L_4857,15,5,1,0,49,1,77,28,0,8,3,15,51,0,0,15,2,62,4
4858,MC_SC_17_s03L_4858,15,2,1,0,34,3,1,87,15,3,2,18,19,2,8,12,1,2,1
4859,MC_SC_17_s03L_4859,15,4,3,1,0,2,0,56,10,9,3,3,18,0,0,10,0,0,1
4860,MC_SC_17_s03L_4860,15,2,2,27,16,0,6,4,20,0,28,21,11,25,0,16,0,55,2
4861,MC_SC_17_s03L_4861,15,5,3,0,107,24,59,7,4,7,8,0,15,32,49,18,9,17,45
4862,MC_SC_17_s03L_4862,15,6,4,0,16,0,27,59,12,83,5,0,26,2,18,4,0,14,1
4863,MC_SC_17_s03L_4863,15,10,9,73,43,8,6,46,70,14,5,6,13,3,7,13,0,2,30
4864,MC_SC_17_s03L_4864,15,4,2,78,13,6,23,4,32,0,10,9,22,21,4,28,2,55,4
4865,MC_SC_17_s03L_4865,15,5,5,0,53,2,78,6,2,133,0,1,13,11,71,22,11,4,10
4866,MC_SC_17_s03L_4866,15,4,2,0,14,0,25,37,7,69,11,0,8,2,4,14,0,24,3
4867,MC_SC_17_s03L_4867,15,4,3,128,23,1,14,2,43,5,15,12,21,19,3,19,3,10,15
4868,MC_SC_17_s03L_4868,15,9,6,0,130,4,13,0,0,137,92,16,27,41,56,43,9,2,16
4869,MC_SC_17_s03L_4869,15,4,3,82,16,11,41,7,12,9,65,18,53,46,20,12,2,72,24
4870,MC_SC_17_s03L_4870,15,6,4,1,51,31,38,33,172,21,12,7,66,62,107,47,18,20,5
4871,MC_SC_17_s03L_4871,15,5,2,108,33,10,33,11,24,0,23,1,13,23,13,33,0,22,31
4872,MC_SC_17_s03L_4872,15,6,3,227,79,58,31,14,160,34,57,0,59,13,7,67,26,46,30
4873,MC_SC_17_s03L_4873,15,1,1,0,17,0,12,26,0,0,2,4,13,3,0,3,0,5,15
4874,MC_SC_17_s03L_4874,15,2,2,0,29,2,0,0,0,0,1,3,4,9,0,4,0,7,0
4875,MC_SC_17_s03L_4875,15,5,3,67,8,21,43,3,7,12,49,12,20,30,8,10,1,27,23
4876,MC_SC_17_s03L_4876,15,1,1,0,2,0,0,21,2,0,5,7,10,8,0,13,0,8,13
4877,MC_SC_17_s03L_4877,15,4,3,0,24,0,0,0,21,0,0,3,2,23,0,19,6,79,0
4878,MC_SC_17_s03L_4878,15,3,3,27,9,3,0,10,1,0,5,0,12,1,2,0,0,12,0
4879,MC_SC_17_s03L_4879,15,7,4,6,48,216,290,56,191,248,42,5,23,28,247,132,291,19,7
4880,MC_SC_17_s03L_4880,15,4,2,0,6,0,3,24,1,0,4,1,7,5,0,2,4,4,7
4881,MC_SC_17_s03L_4881,15,3,3,5,159,11,14,9,8,318,92,17,31,79,96,91,29,9,18
4882,MC_SC_17_s03L_4882,15,4,2,49,6,0,10,1,10,0,0,8,4,20,0,9,0,12,33
4883,MC_SC_17_s03L_4883,15,4,3,1,14,0,1,2,3,102,21,8,11,57,6,7,0,98,14
4884,MC_SC_17_s03L_4884,15,5,4,0,30,6,9,93,3,14,22,31,46,13,0,21,0,5,30
4885,MC_SC_17_s03L_4885,15,4,2,1,24,0,9,0,6,27,2,0,1,4,11,8,4,31,2
4886,MC_SC_17_s03L_4886,15,7,4,0,67,0,78,4,53,8,53,9,21,32,11,46,3,6,41
4887,MC_SC_17_s03L_4887,15,4,2,0,68,0,106,1,10,61,2,0,32,53,6,29,0,109,38
4888,MC_SC_17_s03L_4888,15,2,1,0,0,0,1,2,3,0,4,0,0,0,0,0,0,1,2
4889,MC_SC_17_s03L_4889,15,1,1,0,9,0,11,1,3,2,0,0,1,8,0,0,0,32,3
4890,MC_SC_17_s03L_4890,15,3,2,30,11,0,1,1,53,0,20,9,15,20,0,12,0,14,0
4891,MC_SC_17_s03L_4891,15,4,2,67,34,4,6,6,29,2,12,15,13,26,0,28,6,44,27
4892,MC_SC_17_s03L_4892,15,2,2,2,13,1,14,0,0,0,2,1,0,12,1,6,0,5,0
4893,MC_SC_17_s03L_4893,15,1,1,4,0,0,2,4,6,5,0,0,0,2,5,0,0,2,0
4894,MC_SC_17_s03L_4894,15,3,1,93,39,2,15,1,13,0,4,7,17,15,0,8,2,18,14
4895,MC_SC_17_s03L_4895,15,7,5,0,109,5,96,0,223,171,27,29,2,42,14,88,22,44,7
4896,MC_SC_17_s03L_4896,15,4,3,0,2,3,0,32,28,2,0,3,6,1,0,4,2,0,0
4897,MC_SC_17_s03L_4897,15,4,2,0,69,23,33,6,11,9,4,11,15,49,0,10,11,3,43
4898,MC_SC_17_s03L_4898,15,3,2,1,60,0,38,7,37,171,30,16,24,109,0,26,3,153,4
4899,MC_SC_17_s03L_4899,15,6,4,0,15,0,89,4,9,39,15,6,35,64,0,47,11,82,1
4900,MC_SC_17_s03L_4900,15,7,6,0,39,0,74,1,51,154,27,13,15,64,0,31,7,82,8
4901,MC_SC_17_s03L_4901,15,5,2,0,93,0,67,1,7,87,85,31,19,16,0,9,0,10,11
4902,MC_SC_17_s03L_4902,15,1,1,0,0,0,0,2,6,0,0,0,0,4,12,0,0,1,0
4903,MC_SC_17_s03L_4903,15,3,2,0,6,0,2,86,22,0,1,9,28,3,4,24,5,21,1
4904,MC_SC_17_s03L_4904,15,3,2,0,23,0,16,4,5,24,52,17,15,40,2,26,3,40,14
4905,MC_SC_17_s03L_4905,15,5,3,0,11,4,58,3,66,5,2,4,13,29,0,16,7,40,12
4906,MC_SC_17_s03L_4906,15,1,1,0,0,0,0,0,0,0,0,0,0,1,0,0,0,0,1
4907,MC_SC_17_s03L_4907,15,4,3,1,13,0,27,0,2,0,15,2,5,18,0,1,0,0,0
4908,MC_SC_17_s03L_4908,15,5,3,29,11,0,13,32,12,0,1,1,23,2,0,19,3,51,1
4909,MC_SC_17_s03L_4909,15,4,3,0,56,0,4,45,22,82,10,29,18,20,20,6,0,47,32
4910,MC_SC_17_s03L_4910,15,6,3,0,14,0,24,8,34,102,9,0,15,25,72,44,9,14,26
4911,MC_SC_17_s03L_4911,15,3,1,0,11,2,62,9,34,18,71,1,28,37,27,20,7,53,30
4912,MC_SC_17_s03L_4912,15,5,3,0,1,0,0,53,35,0,2,9,13,3,0,6,0,0,0
4913,MC_SC_17_s03L_4913,15,5,3,98,39,0,11,33,45,6,6,0,5,3,11,8,0,1,13
4914,MC_SC_17_s03L_4914,15,11,4,3,31,2,10,34,31,35,5,0,26,56,113,22,18,3,3
4915,MC_SC_17_s03L_4915,15,4,3,0,59,0,22,9,19,91,40,7,42,0,19,13,6,22,3
4916,MC_SC_17_s03L_4916,15,5,2,0,63,0,27,2,28,110,76,2,25,17,2,21,2,33,28
4917,MC_SC_17_s03L_4917,15,3,2,0,17,0,1,8,1,38,13,7,11,35,4,35,0,79,0
4918,MC_SC_17_s03L_4918,15,4,2,0,33,0,7,7,7,151,1,0,40,32,7,25,2,79,35
4919,MC_SC_17_s03L_4919,15,2,1,0,25,0,8,2,0,115,21,7,21,40,0,11,2,66,4
4920,MC_SC_17_s03L_4920,15,1,1,0,0,0,2,1,14,0,4,1,12,0,0,0,0,5,0
4921,MC_SC_17_s03L_4921,15,1,1,0,1,0,0,8,2,1,2,0,3,0,0,0,0,0,0
4922,MC_SC_17_s03L_4922,15,5,4,1,46,0,29,3,0,46,18,1,20,8,2,3,0,10,2
4923,MC_SC_17_s03L_4923,15,2,1,0,21,0,1,5,1,0,11,7,5,8,0,9,0,1,1
4924,MC_SC_17_s03L_4924,15,4,2,0,45,7,117,77,48,9,33,59,19,21,10,36,6,3,5
4925,MC_SC_17_s03L_4925,15,1,1,0,0,0,5,1,0,0,0,0,3,1,3,0,2,11,0
4926,MC_SC_17_s03L_4926,15,5,2,97,50,22,38,11,33,14,12,1,23,30,52,32,10,9,20
4927,MC_SC_17_s03L_4927,15,6,3,0,180,0,64,23,93,225,78,8,26,67,60,78,29,30,53
4928,MC_SC_17_s03L_4928,15,1,1,0,1,2,1,5,4,0,0,1,2,1,0,1,0,0,4
4929,MC_SC_17_s03L_4929,15,5,3,0,10,4,0,14,6,9,62,17,30,24,4,4,1,42,17
4930,MC_SC_17_s03L_4930,15,1,1,0,1,0,2,0,0,2,1,0,4,2,0,1,2,0,5
4931,MC_SC_17_s03L_4931,15,2,1,1,12,2,8,1,1,59,4,1,2,15,2,7,22,6,6
4932,MC_SC_17_s03L_4932,15,4,2,0,33,0,14,13,9,56,28,2,22,10,11,13,4,29,0
4933,MC_SC_17_s03L_4933,15,7,3,0,61,9,96,35,4,264,22,5,40,34,76,57,27,32,15
4934,MC_SC_17_s03L_4934,15,1,1,14,3,0,0,10,15,0,0,1,1,2,0,3,0,0,3
4935,MC_SC_17_s03L_4935,15,5,3,0,3,2,0,45,25,14,1,4,22,24,0,19,0,1,5
4936,MC_SC_17_s03L_4936,15,7,1,0,22,0,63,14,20,104,26,39,30,26,3,6,13,21,10
4937,MC_SC_17_s03L_4937,15,1,1,0,3,0,1,1,0,0,0,0,2,0,0,0,2,4,0
4938,MC_SC_17_s03L_4938,15,1,1,0,4,0,0,5,1,0,2,0,6,0,0,1,0,10,0
4939,MC_SC_17_s03L_4939,15,3,2,1,53,0,1,14,3,183,27,25,21,34,18,19,1,34,40
4940,MC_SC_17_s03L_4940,15,5,2,61,34,2,18,89,32,8,12,24,18,0,6,16,2,32,32
4941,MC_SC_17_s03L_4941,15,5,3,0,14,0,38,45,46,44,25,0,21,1,0,20,0,27,2
4942,MC_SC_17_s03L_4942,15,9,6,0,4,4,0,55,26,4,3,3,11,1,0,3,0,1,0
4943,MC_SC_17_s03L_4943,15,6,3,79,47,3,19,6,17,7,3,1,36,0,10,34,3,36,30
4944,MC_SC_17_s03L_4944,15,3,2,0,5,1,13,13,2,10,72,10,6,10,0,16,6,8,7
4945,MC_SC_17_s03L_4945,15,3,2,0,29,10,79,3,15,0,16,30,12,1,0,15,2,7,0
4946,MC_SC_17_s03L_4946,15,3,2,0,2,0,0,47,14,1,0,0,13,14,0,10,0,0,0
4947,MC_SC_17_s03L_4947,15,4,2,28,15,2,22,18,16,3,1,4,9,0,0,12,0,8,5
4948,MC_SC_17_s03L_4948,15,8,3,115,40,1,12,5,19,3,1,6,30,37,0,12,2,6,30
4949,MC_SC_17_s03L_4949,15,6,3,2,41,0,51,4,27,77,2,19,7,29,21,5,0,20,23
4950,MC_SC_17_s03L_4950,15,4,3,0,2,0,2,6,4,27,14,13,5,27,0,18,0,77,6
4951,MC_SC_17_s03L_4951,15,4,2,0,56,28,96,102,135,19,88,68,27,71,3,106,17,23,13
4952,MC_SC_17_s03L_4952,15,4,3,3,12,0,0,39,22,0,71,2,20,19,7,16,0,33,14
4953,MC_SC_17_s03L_4953,15,6,2,0,6,0,61,4,4,129,1,8,1,41,36,20,3,121,1
4954,MC_SC_17_s03L_4954,15,4,2,0,2,0,0,66,15,2,6,2,12,0,0,0,0,0,0
4955,MC_SC_17_s03L_4955,15,3,2,0,16,1,23,9,31,12,0,0,24,13,0,26,9,16,0
4956,MC_SC_17_s03L_4956,15,5,3,0,97,107,181,7,6,20,60,34,32,25,152,117,35,31,45
4957,MC_SC_17_s03L_4957,15,3,2,0,10,2,7,2,17,0,3,10,14,22,0,11,5,26,0
4958,MC_SC_17_s03L_4958,15,3,2,4,65,0,44,15,42,61,39,43,18,81,2,23,0,40,64
4959,MC_SC_17_s03L_4959,15,1,1,0,2,0,6,0,11,0,0,0,0,3,0,0,0,0,0
4960,MC_SC_17_s03L_4960,15,3,2,0,19,4,83,9,3,0,39,21,23,37,0,34,6,44,58
4961,MC_SC_17_s03L_4961,15,4,2,0,13,0,65,2,41,15,36,17,7,47,36,21,2,0,26
4962,MC_SC_17_s03L_4962,15,4,3,0,3,0,2,42,22,3,7,1,4,0,0,0,0,0,0
4963,MC_SC_17_s03L_4963,15,4,3,0,13,0,17,0,34,4,13,6,20,46,20,17,0,4,30
4964,MC_SC_17_s03L_4964,15,8,6,1,106,2,73,8,188,166,51,3,16,124,1,77,15,37,28
4965,MC_SC_17_s03L_4965,15,9,6,0,1,1,28,5,1,34,35,4,8,46,2,15,11,139,15
4966,MC_SC_17_s03L_4966,15,6,4,0,37,11,68,17,154,30,16,9,24,142,1,16,20,43,4
4967,MC_SC_17_s03L_4967,15,4,2,0,9,2,117,59,44,2,6,1,52,52,13,16,5,13,38
4968,MC_SC_17_s03L_4968,15,8,5,0,39,0,40,4,16,124,21,45,39,77,114,49,18,25,64
4969,MC_SC_17_s03L_4969,15,6,3,77,69,0,4,14,7,16,14,22,11,47,127,56,103,11,24
4970,MC_SC_17_s03L_4970,15,4,4,0,33,3,155,26,44,20,58,13,47,59,22,19,2,24,12
4971,MC_SC_17_s03L_4971,15,5,2,0,3,0,15,27,2,16,3,1,1,0,3,0,0,0,0
4972,MC_SC_17_s03L_4972,15,3,1,4,0,0,3,0,0,11,4,1,2,0,6,0,0,0,0
4973,MC_SC_17_s03L_4973,15,3,2,3,11,0,71,2,6,78,8,26,24,89,0,12,0,64,0
4974,MC_SC_17_s03L_4974,15,2,2,0,2,3,91,8,2,16,49,3,40,36,26,5,2,58,9
4975,MC_SC_17_s03L_4975,15,1,1,1,0,0,0,2,0,19,3,0,0,1,0,2,2,17,0
4976,MC_SC_17_s03L_4976,15,1,1,0,0,0,10,0,6,29,11,1,2,7,27,1,0,0,0
4977,MC_SC_17_s03L_4977,15,18,10,198,117,6,19,14,20,66,49,2,23,49,253,59,394,81,38
4978,MC_SC_17_s03L_4978,15,8,4,2,58,7,148,7,3,108,57,2,21,4,56,59,20,20,9
4979,MC_SC_17_s03L_4979,15,2,2,0,32,0,22,2,12,71,7,2,2,23,28,15,0,3,8
4980,MC_SC_17_s03L_4980,15,9,5,87,56,4,13,7,16,28,14,38,4,12,79,19,163,3,26
4981,MC_SC_17_s03L_4981,15,6,4,0,69,102,210,22,61,57,65,17,36,51,259,60,47,22,23
4982,MC_SC_17_s03L_4982,15,5,3,3,32,2,7,4,12,115,57,9,12,61,25,22,16,112,23
4983,MC_SC_17_s03L_4983,15,3,3,0,20,33,141,58,4,6,58,8,32,52,19,22,6,89,17
4984,MC_SC_17_s03L_4984,15,1,1,6,9,0,0,0,0,0,0,2,0,3,1,0,0,0,0
4985,MC_SC_17_s03L_4985,15,6,4,49,38,6,5,9,7,46,55,11,20,42,152,19,233,13,47
4986,MC_SC_17_s03L_4986,15,7,5,67,78,0,154,9,8,21,31,22,34,9,241,98,272,21,45
4987,MC_SC_17_s03L_4987,15,5,3,0,37,0,10,4,2,103,5,3,8,36,29,17,5,150,32
4988,MC_SC_17_s03L_4988,15,7,4,0,40,12,180,5,134,337,2,46,34,105,35,161,66,400,100
4989,MC_SC_17_s03L_4989,15,9,5,68,23,3,19,7,6,10,5,16,24,13,9,25,0,75,47
4990,MC_SC_17_s03L_4990,15,5,2,47,57,6,13,8,14,34,10,32,18,9,113,37,188,11,11
4991,MC_SC_17_s03L_4991,15,8,5,0,68,1,90,21,44,342,40,17,22,47,88,27,2,19,25
4992,MC_SC_17_s03L_4992,15,8,2,0,5,3,1,26,22,2,0,4,4,6,12,23,0,4,3
4993,MC_SC_17_s03L_4993,15,12,9,118,114,4,14,10,7,24,56,145,30,48,196,117,323,40,61
4994,MC_SC_17_s03L_4994,15,4,2,0,7,0,0,71,36,0,3,1,20,19,0,0,0,0,0
4995,MC_SC_17_s03L_4995,15,6,4,99,75,3,3,8,6,17,25,71,26,18,146,51,156,32,20
4996,MC_SC_17_s03L_4996,15,4,2,0,4,0,1,84,55,0,5,1,42,39,0,2,0,0,0
4997,MC_SC_17_s03L_4997,15,10,7,35,29,2,47,4,9,18,8,3,5,8,55,11,117,0,7
4998,MC_SC_17_s03L_4998,15,7,4,0,156,0,13,3,96,126,44,69,13,95,29,12,1,218,57
4999,MC_SC_17_s03L_4999,15,8,5,1,369,27,456,3,62,904,86,128,48,196,504,244,156,83,139
5000,MC_SC_17_s03L_5000,15,3,2,0,6,0,11,52,19,2,2,2,7,23,0,6,0,0,0
5001,MC_SC_17_s03L_5001,15,10,4,69,35,1,12,2,22,13,22,84,9,17,110,30,119,5,15
5002,MC_SC_17_s03L_5002,15,4,2,2,174,3,7,5,116,189,39,43,19,134,38,27,34,229,49
5003,MC_SC_17_s03L_5003,15,1,1,0,13,0,13,17,3,17,4,0,4,0,0,0,0,0,0
5004,MC_SC_17_s03L_5004,15,4,2,0,17,0,56,3,4,33,43,5,13,4,26,29,5,57,0
5005,MC_SC_17_s03L_5005,15,6,4,64,91,1,21,6,11,10,8,32,29,30,105,64,235,24,22
5006,MC_SC_17_s03L_5006,15,11,3,0,37,10,18,61,221,5,20,32,4,50,23,24,3,0,0
5007,MC_SC_17_s03L_5007,15,3,2,0,7,0,39,12,0,12,6,17,24,19,11,22,4,0,2
5008,MC_SC_17_s03L_5008,15,10,7,80,92,0,50,2,2,11,13,24,10,90,145,90,80,4,7
5009,MC_SC_17_s03L_5009,15,4,3,0,49,0,110,4,2,88,20,26,20,95,35,55,5,60,63
5010,MC_SC_17_s03L_5010,15,3,3,0,8,0,15,43,0,15,8,1,10,10,0,13,3,0,0
5011,MC_SC_17_s03L_5011,15,3,2,1,40,0,70,3,1,44,12,25,10,59,0,61,4,8,60
5012,MC_SC_17_s03L_5012,15,5,3,0,133,1,17,11,85,130,48,18,7,91,8,18,13,183,63
5013,MC_SC_17_s03L_5013,15,6,3,0,4,3,34,7,25,68,51,4,14,67,0,31,8,141,46
5014,MC_SC_17_s03L_5014,15,1,1,0,8,0,3,0,0,13,4,3,0,9,0,9,0,11,13
5015,MC_SC_17_s03L_5015,15,3,3,0,32,0,45,2,5,28,15,8,3,24,0,26,2,21,0
5016,MC_SC_17_s03L_5016,15,5,2,0,18,0,3,3,0,53,14,25,12,79,3,16,0,94,13
5017,MC_SC_17_s03L_5017,15,14,3,116,36,0,15,6,4,12,1,50,13,15,0,43,42,15,4
5018,MC_SC_17_s03L_5018,15,4,3,0,49,0,134,6,33,136,60,30,27,88,6,37,5,68,49
5019,MC_SC_17_s03L_5019,15,2,2,24,18,0,10,2,2,1,13,2,3,27,33,26,25,1,5
5020,MC_SC_17_s03L_5020,15,7,4,0,154,2,11,6,146,257,36,42,16,118,1,14,9,247,48
5021,MC_SC_17_s03L_5021,15,8,5,72,87,5,109,21,9,34,28,49,20,21,82,44,141,35,23
5022,MC_SC_17_s03L_5022,15,7,3,81,38,13,202,7,6,54,12,5,22,36,164,35,65,12,19
5023,MC_SC_17_s03L_5023,15,5,3,2,54,2,10,19,171,264,61,73,23,129,11,18,5,390,52
5024,MC_SC_17_s03L_5024,15,10,7,0,41,0,104,8,55,303,50,27,47,161,15,11,31,319,44
5025,MC_SC_17_s03L_5025,15,2,1,1,16,0,44,7,15,66,6,2,18,5,1,3,2,34,4
5026,MC_SC_17_s03L_5026,15,8,4,0,5,0,9,0,0,69,9,0,24,48,6,20,0,21,1
5027,MC_SC_17_s03L_5027,15,4,4,20,29,0,29,7,1,1,2,3,6,9,16,4,24,2,4
5028,MC_SC_17_s03L_5028,15,7,6,0,28,0,14,8,21,111,15,3,4,47,4,3,9,147,36
5029,MC_SC_17_s03L_5029,15,1,1,0,6,0,10,15,0,6,11,1,20,19,0,16,0,0,2
5030,MC_SC_17_s03L_5030,15,2,2,0,2,0,15,11,0,23,0,10,8,11,0,6,0,0,0
5031,MC_SC_17_s03L_5031,15,5,3,84,64,11,105,5,13,30,8,59,36,41,133,29,208,39,37
5032,MC_SC_17_s03L_5032,15,7,3,65,81,10,29,7,6,35,15,58,38,30,122,24,217,15,31
5033,MC_SC_17_s03L_5033,15,4,3,0,53,0,13,2,6,61,11,17,17,16,1,27,13,34,0
5034,MC_SC_17_s03L_5034,15,7,5,0,17,72,29,1,10,18,53,12,17,62,46,3,25,143,41
5035,MC_SC_17_s03L_5035,15,5,3,0,29,0,79,3,0,64,84,5,24,2,44,14,7,19,80
5036,MC_SC_17_s03L_5036,15,16,5,28,35,5,97,5,0,46,13,8,25,26,167,31,166,16,39
5037,MC_SC_17_s03L_5037,15,8,6,72,45,3,94,5,6,30,22,19,11,13,115,68,140,43,38
5038,MC_SC_17_s03L_5038,15,5,2,104,30,2,116,7,16,14,8,16,14,26,42,38,193,31,51
5039,MC_SC_17_s03L_5039,15,1,1,5,1,0,12,0,0,0,0,4,1,0,7,0,17,1,0
5040,MC_SC_17_s03L_5040,15,3,1,47,9,2,28,0,0,0,0,0,0,0,0,0,0,0,0
5041,MC_SC_17_s03L_5041,15,4,2,0,6,0,19,0,0,34,22,8,5,3,12,7,0,5,29
5042,MC_SC_17_s03L_5042,16,5,2,16,2,2,16,0,29,15,10,0,6,16,10,4,0,2,4
5043,MC_SC_17_s03L_5043,16,2,1,0,1,0,3,0,4,10,1,1,0,21,8,4,0,10,14
5044,MC_SC_17_s03L_5044,16,9,6,11,13,0,37,87,116,94,27,20,33,28,89,27,26,27,3
5045,MC_SC_17_s03L_5045,16,6,2,0,3,0,19,1,0,56,8,10,5,16,16,0,0,0,0
5046,MC_SC_17_s03L_5046,16,9,4,0,6,1,72,1,38,41,6,13,21,67,5,7,1,70,0
5047,MC_SC_17_s03L_5047,16,6,1,36,7,4,8,26,1,3,3,3,3,0,0,5,0,2,1
5048,MC_SC_17_s03L_5048,16,2,1,0,3,0,8,0,0,16,0,0,0,2,11,0,0,0,0
5049,MC_SC_17_s03L_5049,16,5,4,10,1,0,38,0,8,44,2,10,4,29,4,5,0,6,4
5050,MC_SC_17_s03L_5050,16,1,1,4,0,0,0,0,13,0,1,0,1,1,0,0,0,0,1
5051,MC_SC_17_s03L_5051,16,1,1,1,0,3,10,0,6,5,0,0,0,0,9,0,2,0,0
5052,MC_SC_17_s03L_5052,16,6,3,1,2,2,62,18,2,17,8,4,11,15,6,11,8,0,0
5053,MC_SC_17_s03L_5053,16,3,2,0,23,0,98,4,3,63,14,22,28,14,1,4,0,0,6
5054,MC_SC_17_s03L_5054,16,5,2,133,8,1,30,26,30,22,13,8,17,5,102,54,8,0,7
5055,MC_SC_17_s03L_5055,16,2,2,29,1,0,4,21,12,0,1,8,4,0,14,5,0,3,1
5056,MC_SC_17_s03L_5056,16,7,3,0,32,0,84,72,80,219,54,18,16,67,75,12,0,13,20
5057,MC_SC_17_s03L_5057,16,3,2,53,8,0,21,28,25,0,5,7,9,4,0,13,0,8,1
5058,MC_SC_17_s03L_5058,16,1,1,0,0,0,0,0,5,34,0,0,0,3,11,0,0,0,0
5059,MC_SC_17_s03L_5059,16,1,1,0,0,0,4,0,0,0,1,0,0,0,6,0,0,0,0
5060,MC_SC_17_s03L_5060,16,1,1,0,0,0,3,1,0,9,0,0,0,0,0,0,0,0,0
5061,MC_SC_17_s03L_5061,16,1,1,0,5,0,25,12,0,27,3,0,5,1,15,0,0,0,0
5062,MC_SC_17_s03L_5062,16,4,2,101,23,1,25,43,52,2,8,1,6,0,0,17,4,15,2
5063,MC_SC_17_s03L_5063,16,5,2,0,34,0,85,2,2,101,0,0,14,19,8,16,0,74,1
5064,MC_SC_17_s03L_5064,16,6,2,0,2,0,36,2,0,125,0,30,3,22,17,3,0,12,0
5065,MC_SC_17_s03L_5065,16,16,7,0,1,4,42,1,0,12,1,1,8,28,21,33,16,0,4
5066,MC_SC_17_s03L_5066,16,4,2,0,9,0,55,12,1,84,9,12,25,42,24,1,1,57,0
5067,MC_SC_17_s03L_5067,16,5,1,0,2,0,0,0,13,0,0,1,1,0,0,0,0,0,0
5068,MC_SC_17_s03L_5068,16,3,1,0,3,0,50,16,0,0,18,3,15,14,4,16,3,1,0
5069,MC_SC_17_s03L_5069,16,12,7,1,24,0,90,2,0,116,6,3,13,58,16,1,0,13,9
5070,MC_SC_17_s03L_5070,16,5,3,0,6,1,32,2,4,73,4,6,13,11,8,20,18,1,3
5071,MC_SC_17_s03L_5071,16,6,4,4,22,4,15,72,73,113,6,3,18,12,0,38,14,8,1
5072,MC_SC_17_s03L_5072,16,10,7,0,4,95,66,6,28,78,12,1,13,18,57,8,29,2,17
5073,MC_SC_17_s03L_5073,16,7,3,0,27,2,45,10,3,123,6,0,9,21,30,36,10,2,3
5074,MC_SC_17_s03L_5074,16,4,2,0,20,1,42,31,9,40,0,3,15,28,3,4,8,7,23
5075,MC_SC_17_s03L_5075,16,5,3,0,16,100,129,12,94,57,7,9,12,84,118,30,11,27,44
5076,MC_SC_17_s03L_5076,16,4,3,0,5,10,60,4,14,18,0,0,17,15,9,2,0,3,10
5077,MC_SC_17_s03L_5077,16,6,5,0,19,1,21,0,23,3,2,0,16,7,2,0,0,0,0
5078,MC_SC_17_s03L_5078,16,5,3,86,16,0,60,25,53,9,30,0,8,0,1,26,3,1,0
5079,MC_SC_17_s03L_5079,16,3,2,0,8,0,29,0,0,16,0,1,7,9,0,8,0,5,14
5080,MC_SC_17_s03L_5080,16,4,2,0,19,31,102,0,10,11,0,0,12,9,2,0,0,0,4
5081,MC_SC_17_s03L_5081,16,1,1,0,7,9,16,0,5,20,0,0,9,6,0,0,0,59,0
5082,MC_SC_17_s03L_5082,16,9,3,0,50,0,132,1,0,121,25,11,20,35,33,11,0,85,0
5083,MC_SC_17_s03L_5083,16,5,2,0,22,7,79,1,40,8,11,0,26,18,0,5,0,42,1
5084,MC_SC_17_s03L_5084,16,5,2,0,11,0,36,5,1,37,4,3,5,20,5,8,0,27,0
5085,MC_SC_17_s03L_5085,16,4,3,0,17,0,76,2,0,70,1,27,38,46,29,5,0,7,17
5086,MC_SC_17_s03L_5086,16,1,1,0,7,2,58,0,4,5,10,2,6,5,0,2,0,19,4
5087,MC_SC_17_s03L_5087,16,2,2,0,1,0,6,0,0,22,4,4,6,1,1,0,0,9,0
5088,MC_SC_17_s03L_5088,16,4,2,0,1,17,65,1,45,24,0,0,8,13,15,1,0,5,8
5089,MC_SC_17_s03L_5089,16,6,4,0,10,12,115,15,4,212,15,13,15,42,21,31,28,8,3
5090,MC_SC_17_s03L_5090,16,8,5,0,6,61,80,2,28,82,2,2,11,2,57,24,36,0,14
5091,MC_SC_17_s03L_5091,16,4,2,2,1,0,83,5,0,93,3,15,4,18,0,9,0,19,3
5092,MC_SC_17_s03L_5092,16,4,3,0,11,0,103,1,0,42,6,16,17,57,0,7,0,49,3
5093,MC_SC_17_s03L_5093,16,1,1,0,5,3,3,0,0,12,0,1,0,0,0,0,5,0,0
5094,MC_SC_17_s03L_5094,16,6,2,117,5,28,53,14,30,8,2,7,10,16,33,18,2,5,1
5095,MC_SC_17_s03L_5095,16,4,3,0,12,8,13,1,78,5,0,0,13,6,0,2,2,52,2
5096,MC_SC_17_s03L_5096,16,5,3,0,24,0,84,8,8,75,0,17,19,29,6,0,0,51,18
5097,MC_SC_17_s03L_5097,16,8,4,0,10,0,82,3,15,83,4,4,12,3,0,16,0,59,5
5098,MC_SC_17_s03L_5098,16,5,3,0,22,0,178,3,13,194,1,6,21,4,38,29,2,164,0
5099,MC_SC_17_s03L_5099,16,5,3,0,38,0,227,8,28,192,2,5,23,21,71,27,11,187,9
5100,MC_SC_17_s03L_5100,16,3,2,0,10,0,54,2,0,15,0,9,21,12,0,2,0,8,6
5101,MC_SC_17_s03L_5101,16,7,4,0,15,81,100,12,36,87,10,0,18,1,75,16,25,0,27
5102,MC_SC_17_s03L_5102,16,8,6,0,3,8,21,0,4,4,0,0,9,19,0,3,4,67,3
5103,MC_SC_17_s03L_5103,16,2,1,5,3,1,27,0,10,0,0,0,0,9,0,0,0,0,0
5104,MC_SC_17_s03L_5104,16,9,6,0,7,3,28,3,7,6,0,0,20,13,0,5,3,83,6
5105,MC_SC_17_s03L_5105,16,1,1,0,9,0,26,0,5,75,9,3,5,11,26,6,0,28,0
5106,MC_SC_17_s03L_5106,16,5,2,0,20,53,130,4,27,9,0,0,23,14,74,6,0,0,16
5107,MC_SC_17_s03L_5107,16,5,2,0,7,0,19,3,35,0,5,7,28,9,0,2,0,48,0
5108,MC_SC_17_s03L_5108,16,6,5,0,7,0,79,2,0,51,3,20,26,34,6,0,0,52,44
5109,MC_SC_17_s03L_5109,16,6,3,1,4,1,91,5,5,117,4,34,10,17,22,17,0,70,6
5110,MC_SC_17_s03L_5110,16,6,3,1,65,3,94,47,2,154,12,7,9,13,25,37,11,6,42
5111,MC_SC_17_s03L_5111,16,5,3,148,14,34,33,24,28,30,5,0,5,3,13,38,15,0,1
5112,MC_SC_17_s03L_5112,16,4,2,4,16,9,54,1,27,5,0,0,7,4,12,15,0,0,7
5113,MC_SC_17_s03L_5113,16,7,5,0,7,3,74,0,6,0,0,1,7,2,3,16,0,19,15
5114,MC_SC_17_s03L_5114,16,4,2,0,69,0,227,5,17,186,3,7,22,13,55,16,5,146,9
5115,MC_SC_17_s03L_5115,16,4,4,2,44,0,86,1,1,108,41,12,4,7,18,0,0,7,9
5116,MC_SC_17_s03L_5116,16,4,3,0,15,0,34,0,8,47,13,26,14,2,35,3,0,7,20
5117,MC_SC_17_s03L_5117,16,4,2,1,2,0,45,0,0,0,10,0,9,17,4,5,0,4,4
5118,MC_SC_17_s03L_5118,16,1,1,10,0,0,0,0,7,0,0,0,0,3,0,0,0,0,0
5119,MC_SC_17_s03L_5119,16,1,1,0,0,0,14,0,2,11,3,0,0,3,0,0,2,0,0
5120,MC_SC_17_s03L_5120,16,4,1,78,15,10,31,26,41,0,13,7,9,3,0,1,2,10,0
5121,MC_SC_17_s03L_5121,16,6,5,79,7,7,66,0,8,6,1,0,4,5,0,7,0,2,3
5122,MC_SC_17_s03L_5122,16,6,3,1,29,19,71,12,1,11,17,0,5,17,1,11,4,4,15
5123,MC_SC_17_s03L_5123,16,3,2,42,2,0,46,20,23,2,1,0,7,0,0,7,2,6,0
5124,MC_SC_17_s03L_5124,16,3,2,0,48,7,34,26,0,0,41,17,41,0,0,7,0,48,0
5125,MC_SC_17_s03L_5125,16,4,2,0,4,1,58,3,8,0,1,0,5,0,7,2,0,6,9
5126,MC_SC_17_s03L_5126,16,4,3,0,15,1,63,55,12,0,21,9,24,58,0,13,2,41,5
5127,MC_SC_17_s03L_5127,16,4,2,0,18,0,95,9,0,9,3,12,8,38,0,7,0,79,34
5128,MC_SC_17_s03L_5128,16,9,3,125,44,97,34,2,130,58,9,1,12,29,24,36,54,2,5
5129,MC_SC_17_s03L_5129,16,5,2,0,13,0,41,50,1,68,5,0,10,32,2,12,7,1,14
5130,MC_SC_17_s03L_5130,16,1,1,2,14,0,9,8,4,0,1,0,2,7,0,0,0,6,0
5131,MC_SC_17_s03L_5131,16,6,3,0,34,0,36,2,7,9,36,11,18,8,0,17,0,17,14
5132,MC_SC_17_s03L_5132,16,5,3,97,14,6,28,50,22,4,16,1,20,21,12,24,0,15,0
5133,MC_SC_17_s03L_5133,16,3,2,0,44,0,85,20,1,3,0,21,49,0,0,7,0,146,0
5134,MC_SC_17_s03L_5134,16,7,5,0,46,0,91,2,103,120,59,6,17,41,40,33,0,14,14
5135,MC_SC_17_s03L_5135,16,3,2,0,16,0,37,1,0,46,15,1,1,20,0,5,0,4,0
5136,MC_SC_17_s03L_5136,16,3,2,0,43,0,100,27,3,2,0,35,104,8,0,33,3,169,0
5137,MC_SC_17_s03L_5137,16,2,1,0,4,0,4,0,0,0,0,0,2,0,0,0,0,0,0
5138,MC_SC_17_s03L_5138,16,3,2,49,11,0,59,61,45,2,18,4,34,1,5,11,0,0,19
5139,MC_SC_17_s03L_5139,16,6,3,0,45,0,123,4,57,236,49,6,18,36,70,22,0,2,8
5140,MC_SC_17_s03L_5140,16,8,3,82,9,3,22,38,57,12,12,1,12,2,71,24,7,12,6
5141,MC_SC_17_s03L_5141,16,1,1,0,0,0,0,0,0,0,0,0,0,0,0,0,0,0,0
5142,MC_SC_17_s03L_5142,16,4,3,0,18,0,62,2,0,100,4,21,6,34,7,1,0,27,24
5143,MC_SC_17_s03L_5143,16,12,5,4,123,22,97,4,41,137,6,1,17,15,49,49,165,0,3
5144,MC_SC_17_s03L_5144,16,3,2,0,6,0,36,9,15,15,0,1,7,0,0,30,11,1,0
5145,MC_SC_17_s03L_5145,16,2,2,45,16,0,46,71,9,0,8,0,11,7,0,2,0,3,0
5146,MC_SC_17_s03L_5146,16,4,2,0,3,0,84,4,0,107,4,4,10,14,17,7,9,60,3
5147,MC_SC_17_s03L_5147,16,3,2,0,6,39,128,10,52,13,4,0,24,8,118,5,0,11,42
5148,MC_SC_17_s03L_5148,16,3,2,0,21,0,72,3,6,19,8,5,17,18,7,21,4,24,3
5149,MC_SC_17_s03L_5149,16,3,2,0,41,0,41,3,4,87,7,19,22,19,28,25,0,83,9
5150,MC_SC_17_s03L_5150,16,4,3,0,9,0,65,0,0,55,4,7,17,37,6,3,0,7,54
5151,MC_SC_17_s03L_5151,16,6,2,0,27,9,81,73,125,14,6,1,23,35,33,6,12,87,4
5152,MC_SC_17_s03L_5152,16,3,2,0,39,5,86,3,7,1,6,2,21,2,2,16,3,175,6
5153,MC_SC_17_s03L_5153,16,4,2,1,19,0,53,2,7,15,5,6,14,0,0,14,4,33,0
5154,MC_SC_17_s03L_5154,16,4,2,1,8,0,26,39,6,11,2,3,17,15,0,17,0,17,0
5155,MC_SC_17_s03L_5155,16,3,2,68,7,0,21,35,31,0,7,1,19,3,0,17,0,2,0
5156,MC_SC_17_s03L_5156,16,2,1,0,12,0,26,3,0,9,0,1,13,3,0,10,0,28,9
5157,MC_SC_17_s03L_5157,16,3,2,0,30,0,53,3,0,64,3,2,8,35,4,9,0,10,0
5158,MC_SC_17_s03L_5158,16,1,1,0,1,0,23,1,0,3,0,0,4,9,0,3,0,0,0
5159,MC_SC_17_s03L_5159,16,5,3,0,29,1,55,1,0,7,2,0,4,0,0,4,4,109,2
5160,MC_SC_17_s03L_5160,16,5,3,1,5,0,28,28,19,32,2,4,11,9,0,10,0,4,0
5161,MC_SC_17_s03L_5161,16,3,2,195,50,0,7,4,95,0,12,1,6,3,0,15,12,49,5
5162,MC_SC_17_s03L_5162,16,1,1,0,1,0,0,0,0,0,0,0,0,0,0,0,0,0,0
5163,MC_SC_17_s03L_5163,16,1,1,0,1,0,11,0,0,0,0,0,12,0,0,2,0,0,0
5164,MC_SC_17_s03L_5164,16,1,1,8,1,0,0,0,3,0,1,1,4,12,0,0,0,2,0
5165,MC_SC_17_s03L_5165,16,5,4,16,16,0,1,1,0,2,0,5,13,8,0,3,0,2,21
5166,MC_SC_17_s03L_5166,16,5,3,24,17,0,0,5,20,3,13,1,7,11,0,15,0,21,2
5167,MC_SC_17_s03L_5167,16,4,2,9,18,0,0,1,0,0,0,1,10,11,0,0,0,0,12
5168,MC_SC_17_s03L_5168,16,4,2,10,17,0,9,0,15,0,19,1,5,16,0,1,0,12,1
5169,MC_SC_17_s03L_5169,16,1,1,33,23,0,4,17,11,0,0,3,1,0,0,8,0,0,0
5170,MC_SC_17_s03L_5170,16,2,1,30,6,0,3,0,7,0,0,6,20,11,0,5,0,23,18
5171,MC_SC_17_s03L_5171,16,3,3,22,7,0,0,1,1,0,4,3,8,15,0,2,1,4,18
5172,MC_SC_17_s03L_5172,16,8,5,1,50,4,23,60,47,169,27,9,13,23,9,32,14,4,19
5173,MC_SC_17_s03L_5173,16,4,2,2,61,0,138,4,23,222,54,0,19,17,91,39,3,5,12
5174,MC_SC_17_s03L_5174,16,1,1,3,2,0,0,1,1,0,12,8,5,14,0,2,0,10,2
5175,MC_SC_17_s03L_5175,16,2,2,2,13,0,6,5,17,50,4,0,4,3,2,8,0,1,0
5176,MC_SC_17_s03L_5176,16,1,1,0,0,0,0,0,0,0,0,0,0,0,0,0,0,0,0
5177,MC_SC_17_s03L_5177,16,4,1,13,5,9,3,2,14,29,8,1,1,14,1,7,11,10,3
5178,MC_SC_17_s03L_5178,16,2,1,0,39,0,33,0,1,6,0,3,7,25,5,7,0,33,13
5179,MC_SC_17_s03L_5179,16,3,2,25,44,0,23,0,26,2,1,0,10,22,0,7,0,10,12
5180,MC_SC_17_s03L_5180,16,1,1,0,0,0,0,0,0,0,0,0,0,0,0,0,0,0,0
5181,MC_SC_17_s03L_5181,16,1,1,0,2,0,0,1,11,1,7,2,3,1,2,3,2,0,0
5182,MC_SC_17_s03L_5182,16,3,2,0,20,0,34,0,11,0,3,1,4,0,0,12,0,23,0
5183,MC_SC_17_s03L_5183,16,2,1,13,14,0,5,12,1,0,6,0,14,1,0,1,0,12,0
5184,MC_SC_17_s03L_5184,16,1,1,6,1,0,5,27,2,0,8,0,1,0,0,12,0,22,0
5185,MC_SC_17_s03L_5185,16,7,4,0,45,60,153,0,87,15,22,29,10,50,82,40,5,3,44
5186,MC_SC_17_s03L_5186,16,5,4,0,3,0,4,48,19,2,11,24,1,1,0,5,0,5,1
5187,MC_SC_17_s03L_5187,16,1,1,0,7,0,15,2,8,0,0,0,6,7,0,7,0,0,0
5188,MC_SC_17_s03L_5188,16,1,1,3,1,0,1,2,0,0,0,0,2,0,0,1,0,0,0
5189,MC_SC_17_s03L_5189,16,11,2,17,17,0,18,1,5,0,34,25,16,36,0,7,0,24,8
5190,MC_SC_17_s03L_5190,16,2,2,26,15,0,12,0,4,0,0,1,15,3,0,4,0,22,13
5191,MC_SC_17_s03L_5191,16,2,1,0,14,0,11,0,0,0,0,1,1,0,0,5,0,6,1
5192,MC_SC_17_s03L_5192,16,2,1,0,6,0,2,6,20,11,4,17,4,14,0,21,2,7,25
5193,MC_SC_17_s03L_5193,16,3,2,3,27,0,39,46,37,8,10,2,19,1,29,36,2,36,8
5194,MC_SC_17_s03L_5194,16,3,2,0,0,0,0,45,21,0,3,3,26,14,0,12,4,1,0
5195,MC_SC_17_s03L_5195,16,1,1,0,0,0,6,1,21,0,3,0,0,6,8,0,0,0,0
5196,MC_SC_17_s03L_5196,16,4,3,0,11,0,27,4,43,0,0,7,16,14,0,13,0,21,27
5197,MC_SC_17_s03L_5197,16,2,2,29,3,0,0,11,22,0,1,3,14,14,0,3,0,4,1
5198,MC_SC_17_s03L_5198,16,1,1,0,13,0,7,19,0,0,5,8,23,5,2,9,0,14,17
5199,MC_SC_17_s03L_5199,16,8,3,139,80,2,23,10,76,1,60,7,20,40,57,31,6,28,37
5200,MC_SC_17_s03L_5200,16,4,3,0,0,0,0,59,38,0,1,4,17,1,0,7,0,0,0
5201,MC_SC_17_s03L_5201,16,1,1,6,0,0,0,0,10,16,2,0,0,0,2,0,0,0,0
5202,MC_SC_17_s03L_5202,16,3,2,79,8,0,24,3,16,3,44,12,37,36,38,24,7,69,42
5203,MC_SC_17_s03L_5203,16,5,3,0,82,3,20,5,10,14,0,1,28,60,10,31,17,44,4
5204,MC_SC_17_s03L_5204,16,6,3,0,32,6,178,5,2,267,32,23,34,65,68,66,36,50,44
5205,MC_SC_17_s03L_5205,16,10,2,0,36,0,81,1,11,208,16,7,36,4,2,33,5,76,0
5206,MC_SC_17_s03L_5206,16,3,2,0,1,0,0,39,18,4,20,2,5,3,0,8,3,11,2
5207,MC_SC_17_s03L_5207,16,4,2,22,105,4,13,9,24,21,14,1,46,67,24,16,11,29,10
5208,MC_SC_17_s03L_5208,16,1,1,0,4,0,2,1,5,13,0,0,2,1,0,16,4,0,0
5209,MC_SC_17_s03L_5209,16,5,4,222,40,4,39,12,73,27,46,16,52,73,70,48,12,35,45
5210,MC_SC_17_s03L_5210,16,1,1,0,0,0,5,0,7,20,1,0,1,4,1,5,0,0,0
5211,MC_SC_17_s03L_5211,16,1,1,0,8,0,20,13,3,37,12,25,24,11,8,17,0,33,0
5212,MC_SC_17_s03L_5212,16,8,2,1,36,22,83,67,4,2,3,31,85,1,28,37,0,58,0
5213,MC_SC_17_s03L_5213,16,1,1,0,1,0,0,0,0,2,1,0,0,0,0,2,0,1,0
5214,MC_SC_17_s03L_5214,16,3,2,0,14,0,2,4,8,126,3,0,17,30,5,29,6,64,17
5215,MC_SC_17_s03L_5215,16,6,3,1,31,2,32,94,54,216,38,3,41,3,48,33,7,44,13
5216,MC_SC_17_s03L_5216,16,3,2,0,10,0,25,11,10,105,5,6,3,18,4,5,8,27,16
5217,MC_SC_17_s03L_5217,16,8,3,0,18,14,10,6,26,11,6,3,20,40,0,33,4,36,49
5218,MC_SC_17_s03L_5218,16,6,4,0,48,27,33,47,142,28,33,12,11,51,73,50,12,1,21
5219,MC_SC_17_s03L_5219,16,4,3,0,2,0,0,81,10,3,17,0,28,0,0,3,0,1,0
5220,MC_SC_17_s03L_5220,16,5,3,1,27,2,93,7,33,168,20,8,26,26,86,34,16,23,13
5221,MC_SC_17_s03L_5221,16,10,3,0,300,33,314,3,494,420,66,82,28,87,105,155,34,55,9
5222,MC_SC_17_s03L_5222,16,3,2,6,1,2,0,67,13,1,2,3,10,0,0,3,0,0,0
5223,MC_SC_17_s03L_5223,16,4,2,0,7,0,0,78,22,5,1,0,29,13,0,6,0,0,0
5224,MC_SC_17_s03L_5224,16,1,1,27,3,0,0,3,4,0,1,0,12,0,0,3,0,5,0
5225,MC_SC_17_s03L_5225,16,2,1,4,28,0,10,3,4,0,0,6,6,5,0,3,0,21,10
5226,MC_SC_17_s03L_5226,16,4,3,0,13,0,26,47,0,0,21,5,17,19,0,11,0,16,23
5227,MC_SC_17_s03L_5227,16,3,1,0,20,0,9,15,5,0,43,6,14,7,0,14,0,11,10
5228,MC_SC_17_s03L_5228,16,4,2,2,4,0,3,50,2,0,18,1,14,0,0,1,0,1,1
5229,MC_SC_17_s03L_5229,16,2,1,0,4,0,2,2,1,0,0,6,15,11,1,9,0,23,1
5230,MC_SC_17_s03L_5230,16,11,8,1,21,0,27,1,80,111,0,0,13,5,10,12,11,41,26
5231,MC_SC_17_s03L_5231,16,8,3,0,52,3,22,24,4,5,8,1,28,25,11,45,3,4,30
5232,MC_SC_17_s03L_5232,16,2,1,23,2,0,7,0,9,5,1,1,12,5,0,6,3,21,10
5233,MC_SC_17_s03L_5233,16,1,1,0,3,0,0,1,0,0,0,0,0,0,0,0,0,0,0
5234,MC_SC_17_s03L_5234,16,5,3,3,18,1,23,6,24,101,37,5,20,32,52,38,15,8,39
5235,MC_SC_17_s03L_5235,16,4,2,2,34,0,6,1,1,9,0,13,38,20,4,15,0,20,0
5236,MC_SC_17_s03L_5236,16,1,1,0,2,0,11,0,7,26,2,4,4,7,23,12,0,0,1
5237,MC_SC_17_s03L_5237,16,1,1,0,5,0,3,2,2,0,0,0,0,0,0,0,0,0,0
5238,MC_SC_17_s03L_5238,16,3,2,3,24,1,4,41,5,5,6,4,25,11,0,8,3,15,20
5239,MC_SC_17_s03L_5239,16,5,3,1,51,0,31,0,29,52,60,4,9,15,20,20,0,6,10
5240,MC_SC_17_s03L_5240,16,3,3,45,25,4,10,2,63,10,16,7,12,20,5,18,2,15,4
5241,MC_SC_17_s03L_5241,16,8,3,0,74,3,235,2,82,244,58,19,34,46,179,66,3,11,4
5242,MC_SC_17_s03L_5242,16,3,2,0,32,9,14,5,4,5,4,16,26,7,30,24,0,1,52
5243,MC_SC_17_s03L_5243,16,3,2,1,39,4,59,1,25,0,35,0,2,27,0,4,0,13,8
5244,MC_SC_17_s03L_5244,16,5,3,76,24,3,18,5,38,0,3,16,14,15,0,11,0,5,11
5245,MC_SC_17_s03L_5245,16,6,3,0,3,4,0,41,18,0,0,1,6,0,0,2,0,0,0
5246,MC_SC_17_s03L_5246,16,4,2,2,57,13,37,1,17,13,20,14,26,44,25,15,9,8,2
5247,MC_SC_17_s03L_5247,16,8,5,1,5,5,25,23,101,61,7,19,12,13,4,8,5,5,0
5248,MC_SC_17_s03L_5248,16,4,2,0,71,3,7,2,13,2,9,0,5,24,0,11,0,0,25
5249,MC_SC_17_s03L_5249,16,4,3,61,23,2,1,39,26,0,0,9,6,3,0,9,0,20,17
5250,MC_SC_17_s03L_5250,16,4,2,43,18,0,3,1,9,0,12,0,13,26,0,4,0,18,6
5251,MC_SC_17_s03L_5251,16,3,2,0,17,0,8,0,2,2,3,7,8,9,2,10,0,0,11
5252,MC_SC_17_s03L_5252,16,6,4,78,49,25,11,28,60,4,31,25,17,15,63,35,10,13,18
5253,MC_SC_17_s03L_5253,16,4,3,56,8,0,12,3,15,0,3,9,32,14,0,15,0,27,33
5254,MC_SC_17_s03L_5254,16,5,3,107,29,1,12,49,49,7,9,1,21,17,0,24,0,33,5
5255,MC_SC_17_s03L_5255,16,6,4,1,27,36,51,116,175,19,48,0,96,68,13,49,15,44,37
5256,MC_SC_17_s03L_5256,16,2,2,0,24,0,1,0,8,5,4,1,6,14,0,2,2,0,6
5257,MC_SC_17_s03L_5257,16,6,2,38,33,0,16,37,39,5,11,20,17,2,14,31,2,7,10
5258,MC_SC_17_s03L_5258,16,1,1,0,4,0,9,26,0,0,9,1,12,14,7,19,0,7,12
5259,MC_SC_17_s03L_5259,16,4,2,29,20,0,8,25,13,7,13,5,13,8,9,7,0,6,9
5260,MC_SC_17_s03L_5260,16,5,2,3,43,0,4,2,21,3,14,4,31,0,37,19,0,3,41
5261,MC_SC_17_s03L_5261,16,4,3,0,30,2,47,20,94,6,10,3,12,29,48,38,22,13,28
5262,MC_SC_17_s03L_5262,16,6,4,1,7,2,1,2,39,37,0,0,2,2,9,11,10,14,16
5263,MC_SC_17_s03L_5263,16,6,4,143,61,7,20,30,83,24,8,3,10,1,81,48,9,27,26
5264,MC_SC_17_s03L_5264,16,5,3,0,27,0,30,19,124,152,38,12,26,53,73,60,21,27,28
5265,MC_SC_17_s03L_5265,16,3,2,0,14,0,25,3,0,0,3,15,7,26,0,18,0,8,0
5266,MC_SC_17_s03L_5266,16,7,4,1,3,0,20,75,70,12,21,0,66,21,47,36,4,36,19
5267,MC_SC_17_s03L_5267,16,6,3,189,67,10,4,58,97,10,5,1,31,7,43,38,11,4,53
5268,MC_SC_17_s03L_5268,16,5,3,0,21,2,6,21,3,10,0,0,25,28,27,13,8,0,0
5269,MC_SC_17_s03L_5269,16,20,8,2,58,0,26,7,132,184,36,9,21,73,116,63,3,17,28
5270,MC_SC_17_s03L_5270,16,7,2,1,23,0,6,5,10,41,15,1,13,2,10,28,0,46,10
5271,MC_SC_17_s03L_5271,16,1,1,0,2,0,0,5,2,0,1,0,2,1,0,2,0,2,1
5272,MC_SC_17_s03L_5272,16,5,3,13,32,0,17,69,74,1,10,36,2,4,33,56,0,34,5
5273,MC_SC_17_s03L_5273,16,5,4,46,30,0,13,16,40,5,11,31,17,19,27,31,0,19,11
5274,MC_SC_17_s03L_5274,16,3,2,0,13,3,50,8,79,16,20,15,9,0,1,17,5,0,0
5275,MC_SC_17_s03L_5275,16,2,1,0,16,0,2,2,5,1,0,3,7,4,0,10,2,20,7
5276,MC_SC_17_s03L_5276,16,1,1,0,1,0,8,0,8,1,6,0,0,1,0,2,0,0,0
5277,MC_SC_17_s03L_5277,16,4,3,0,57,0,121,76,41,9,51,8,25,16,0,24,0,9,5
5278,MC_SC_17_s03L_5278,16,6,3,3,4,0,49,18,4,112,28,54,14,6,0,2,5,8,2
5279,MC_SC_17_s03L_5279,16,6,3,102,56,3,17,64,122,24,10,4,30,32,26,88,9,25,27
5280,MC_SC_17_s03L_5280,16,2,1,0,4,0,1,1,6,27,0,4,2,5,11,1,4,3,3
5281,MC_SC_17_s03L_5281,16,9,3,0,29,13,17,44,41,14,12,33,17,1,55,42,3,12,3
5282,MC_SC_17_s03L_5282,16,4,2,0,16,0,31,3,4,88,9,2,4,54,0,17,3,112,48
5283,MC_SC_17_s03L_5283,16,1,1,16,9,0,0,8,23,3,3,0,4,7,2,12,2,2,3
5284,MC_SC_17_s03L_5284,16,2,1,0,0,0,1,1,1,13,4,0,1,1,0,0,0,0,0
5285,MC_SC_17_s03L_5285,16,4,2,36,35,3,56,3,67,10,41,3,37,32,23,34,4,9,1
5286,MC_SC_17_s03L_5286,16,3,3,3,19,0,89,1,7,140,46,2,7,10,28,14,10,80,6
5287,MC_SC_17_s03L_5287,16,1,1,10,4,0,1,4,10,0,1,0,2,1,17,2,5,0,3
5288,MC_SC_17_s03L_5288,16,7,3,198,53,90,18,26,103,60,11,0,14,18,136,48,51,0,27
5289,MC_SC_17_s03L_5289,16,1,1,27,21,0,18,0,48,13,31,0,5,13,26,8,14,2,2
5290,MC_SC_17_s03L_5290,16,1,1,0,5,15,7,2,14,4,2,0,1,5,12,2,5,2,0
5291,MC_SC_17_s03L_5291,16,2,1,1,39,0,66,6,1,40,8,0,14,46,10,14,6,2,22
5292,MC_SC_17_s03L_5292,16,2,1,0,0,0,6,0,0,0,0,0,6,0,0,0,0,3,0
5293,MC_SC_17_s03L_5293,16,4,3,0,10,0,1,2,28,153,0,0,9,0,25,20,2,77,30
5294,MC_SC_17_s03L_5294,16,4,3,0,23,0,29,5,14,0,20,16,8,29,0,16,2,15,19
5295,MC_SC_17_s03L_5295,16,4,2,0,9,0,19,1,6,24,2,6,6,6,0,1,0,16,4
5296,MC_SC_17_s03L_5296,16,6,3,0,20,4,100,17,15,0,32,14,41,51,0,72,9,20,72
5297,MC_SC_17_s03L_5297,16,1,1,0,0,0,3,0,2,16,3,0,1,2,10,0,2,0,2
5298,MC_SC_17_s03L_5298,16,1,1,0,0,3,0,0,0,20,0,0,0,0,4,0,27,0,9
5299,MC_SC_17_s03L_5299,16,5,2,0,9,0,45,7,14,205,48,68,10,39,10,5,11,3,6
5300,MC_SC_17_s03L_5300,16,4,2,77,34,4,18,6,22,12,3,19,21,33,0,26,5,59,19
5301,MC_SC_17_s03L_5301,16,5,3,1,0,0,12,115,7,13,19,14,22,20,0,14,0,0,0
5302,MC_SC_17_s03L_5302,16,7,3,0,61,60,28,4,1,14,11,15,24,40,65,34,12,0,14
5303,MC_SC_17_s03L_5303,16,5,2,0,44,2,26,2,36,90,46,14,14,32,17,24,11,21,32
5304,MC_SC_17_s03L_5304,16,2,1,0,8,0,1,56,0,5,16,2,31,7,3,12,0,10,33
5305,MC_SC_17_s03L_5305,16,1,1,0,10,5,10,18,0,17,5,1,8,2,0,0,3,2,5
5306,MC_SC_17_s03L_5306,16,1,1,0,1,0,0,1,5,0,0,0,2,0,11,0,0,6,0
5307,MC_SC_17_s03L_5307,16,1,1,2,0,0,0,0,0,1,0,0,0,1,4,0,4,0,0
5308,MC_SC_17_s03L_5308,16,4,3,0,0,0,0,35,14,4,0,5,3,3,0,9,0,0,0
5309,MC_SC_17_s03L_5309,16,5,2,0,18,0,28,4,6,52,38,5,4,65,0,43,0,45,1
5310,MC_SC_17_s03L_5310,16,2,1,0,5,0,7,0,2,11,0,11,2,2,1,3,0,24,15
5311,MC_SC_17_s03L_5311,16,4,3,60,37,9,42,21,68,5,29,7,34,34,38,53,5,21,51
5312,MC_SC_17_s03L_5312,16,2,2,1,8,0,2,0,0,0,0,2,0,0,0,1,8,1,0
5313,MC_SC_17_s03L_5313,16,6,2,0,13,17,10,50,69,6,35,7,12,3,2,27,0,11,12
5314,MC_SC_17_s03L_5314,16,12,6,0,3,2,79,39,197,149,23,48,8,53,0,18,4,12,1
5315,MC_SC_17_s03L_5315,16,4,3,64,40,2,30,8,80,4,51,12,28,32,6,39,2,9,10
5316,MC_SC_17_s03L_5316,16,7,5,2,72,71,99,147,265,52,75,0,107,92,30,134,26,36,66
5317,MC_SC_17_s03L_5317,16,1,1,0,5,0,10,46,12,2,4,10,9,26,0,15,0,48,0
5318,MC_SC_17_s03L_5318,16,5,3,0,81,0,75,18,13,32,18,52,26,52,0,35,0,32,29
5319,MC_SC_17_s03L_5319,16,4,2,2,42,0,6,0,0,32,0,18,27,46,0,11,2,45,18
5320,MC_SC_17_s03L_5320,16,3,2,0,24,2,34,0,2,0,46,15,11,35,0,13,0,8,3
5321,MC_SC_17_s03L_5321,16,7,3,0,18,0,16,2,7,34,10,2,8,27,0,28,2,24,0
5322,MC_SC_17_s03L_5322,16,5,3,0,5,0,15,0,1,0,24,1,11,1,0,1,2,2,7
5323,MC_SC_17_s03L_5323,16,8,5,0,30,0,43,11,20,90,7,20,43,46,0,27,2,79,49
5324,MC_SC_17_s03L_5324,16,5,3,125,30,0,62,5,65,0,27,15,10,16,0,0,10,126,36
5325,MC_SC_17_s03L_5325,16,5,3,0,46,0,72,23,58,18,16,17,41,34,14,38,8,31,0
5326,MC_SC_17_s03L_5326,16,1,1,33,17,0,3,1,5,0,0,4,1,3,2,0,0,37,8
5327,MC_SC_17_s03L_5327,16,9,6,0,121,0,88,19,39,40,21,68,36,75,29,45,2,46,59
5328,MC_SC_17_s03L_5328,16,3,2,0,28,0,52,6,13,123,12,26,6,70,0,21,2,99,5
5329,MC_SC_17_s03L_5329,16,7,3,0,18,4,6,42,28,8,3,15,21,31,44,32,14,6,5
5330,MC_SC_17_s03L_5330,16,1,1,7,4,0,0,2,0,0,8,0,3,8,22,1,0,0,3
5331,MC_SC_17_s03L_5331,16,6,3,115,67,5,4,17,24,43,60,5,27,94,285,53,169,46,49
5332,MC_SC_17_s03L_5332,16,6,4,3,38,3,80,28,121,420,36,8,36,93,170,76,48,49,51
5333,MC_SC_17_s03L_5333,16,11,3,128,87,16,155,8,19,106,28,19,56,16,331,91,444,37,52
5334,MC_SC_17_s03L_5334,16,8,5,0,28,0,16,6,6,56,2,0,20,2,37,17,1,0,0
5335,MC_SC_17_s03L_5335,16,9,6,0,72,85,140,6,114,18,30,2,12,78,89,14,3,38,41
5336,MC_SC_17_s03L_5336,16,2,2,24,11,1,37,6,6,35,17,3,20,4,101,21,152,6,13
5337,MC_SC_17_s03L_5337,16,1,1,0,22,1,12,5,1,0,24,17,15,31,2,10,0,1,1
5338,MC_SC_17_s03L_5338,16,8,4,2,63,15,140,22,16,381,87,44,62,22,179,84,27,53,1
5339,MC_SC_17_s03L_5339,16,6,4,4,160,4,282,11,80,438,50,20,39,133,221,105,26,85,83
5340,MC_SC_17_s03L_5340,16,6,4,2,76,0,123,6,82,149,81,9,33,50,110,38,0,34,76
5341,MC_SC_17_s03L_5341,16,4,3,0,11,0,15,13,4,59,7,0,10,1,18,7,2,45,1
5342,MC_SC_17_s03L_5342,16,3,3,1,2,0,38,21,2,59,0,26,10,12,44,8,6,10,8
5343,MC_SC_17_s03L_5343,16,6,3,105,67,4,9,13,9,26,46,9,58,61,229,24,219,14,32
5344,MC_SC_17_s03L_5344,16,3,2,1,3,0,0,47,43,3,1,1,17,24,3,16,0,6,0
5345,MC_SC_17_s03L_5345,16,8,3,0,36,3,95,4,2,177,11,34,21,60,35,26,15,35,0
5346,MC_SC_17_s03L_5346,16,1,1,0,3,0,4,2,0,17,4,1,2,0,7,0,0,5,0
5347,MC_SC_17_s03L_5347,16,1,1,0,1,0,12,0,1,13,6,0,0,1,4,6,0,2,1
5348,MC_SC_17_s03L_5348,16,1,1,18,6,2,0,0,4,5,6,0,0,3,5,4,47,6,2
5349,MC_SC_17_s03L_5349,16,1,1,5,1,0,0,0,0,0,1,0,0,0,0,0,0,0,0
5350,MC_SC_17_s03L_5350,16,5,3,0,42,3,74,4,30,154,42,3,25,39,39,14,22,119,7
5351,MC_SC_17_s03L_5351,16,1,1,8,6,0,4,0,0,0,2,4,0,0,10,7,5,0,1
5352,MC_SC_17_s03L_5352,16,4,3,22,1,1,1,1,0,9,2,1,0,8,21,0,48,0,2
5353,MC_SC_17_s03L_5353,16,3,2,10,3,1,4,2,8,12,1,8,2,1,14,0,28,0,2
5354,MC_SC_17_s03L_5354,16,10,4,63,46,0,11,7,10,14,15,34,10,4,75,13,175,30,5
5355,MC_SC_17_s03L_5355,16,6,2,77,29,0,6,8,12,11,20,6,17,31,56,28,19,24,18
5356,MC_SC_17_s03L_5356,16,3,2,0,4,0,7,58,7,4,3,14,20,10,0,9,0,24,0
5357,MC_SC_17_s03L_5357,16,2,1,0,16,11,50,1,17,7,7,1,3,15,1,1,12,68,19
5358,MC_SC_17_s03L_5358,16,3,2,0,4,0,3,76,36,0,0,4,18,28,1,27,1,1,0
5359,MC_SC_17_s03L_5359,16,5,3,0,48,4,79,4,0,140,4,40,19,38,7,43,33,215,37
5360,MC_SC_17_s03L_5360,16,1,1,0,0,0,2,0,2,0,2,0,0,4,23,0,2,0,0
5361,MC_SC_17_s03L_5361,16,3,2,0,2,0,41,1,0,17,0,4,6,15,0,11,3,90,22
5362,MC_SC_17_s03L_5362,16,4,3,157,45,4,24,18,8,28,23,104,22,71,188,100,207,25,43
5363,MC_SC_17_s03L_5363,16,3,1,0,9,0,0,70,26,0,3,0,20,23,2,9,0,1,0
5364,MC_SC_17_s03L_5364,16,5,2,0,20,2,70,13,6,141,8,9,22,79,11,45,19,147,73
5365,MC_SC_17_s03L_5365,16,4,3,0,120,4,1,15,77,189,35,29,11,83,5,20,42,211,36
5366,MC_SC_17_s03L_5366,16,8,5,127,80,3,10,13,43,38,41,45,29,73,269,97,325,53,39
5367,MC_SC_17_s03L_5367,16,3,1,0,13,0,5,2,4,11,8,1,6,10,0,2,4,44,4
5368,MC_SC_17_s03L_5368,16,7,3,59,29,4,33,6,2,17,11,16,9,8,45,9,100,10,6
5369,MC_SC_17_s03L_5369,16,5,3,0,44,0,165,5,0,218,11,6,31,94,20,31,0,236,93
5370,MC_SC_17_s03L_5370,16,9,2,0,5,2,0,77,82,2,0,5,41,52,1,23,0,2,0
5371,MC_SC_17_s03L_5371,16,6,4,0,8,0,37,32,4,20,1,0,0,0,0,0,0,0,0
5372,MC_SC_17_s03L_5372,16,3,1,0,23,0,19,2,0,3,0,0,2,17,0,0,0,0,0
5373,MC_SC_17_s03L_5373,16,6,3,101,120,17,131,4,11,34,22,14,19,64,74,56,171,26,39
5374,MC_SC_17_s03L_5374,16,5,3,0,32,1,142,5,1,171,14,17,21,101,0,21,3,134,68
5375,MC_SC_17_s03L_5375,16,1,1,0,11,9,15,0,30,0,5,0,7,3,19,1,0,6,3
5376,MC_SC_17_s03L_5376,16,8,5,101,52,3,2,1,0,3,3,0,15,17,74,6,122,36,28
5377,MC_SC_17_s03L_5377,16,12,8,1,212,2,27,9,147,645,127,91,30,134,163,112,132,306,128
5378,MC_SC_17_s03L_5378,16,5,3,0,6,0,22,1,0,10,5,1,8,0,0,5,0,8,11
5379,MC_SC_17_s03L_5379,16,11,8,53,91,4,17,2,2,5,22,3,18,34,9,51,148,10,14
5380,MC_SC_17_s03L_5380,16,9,6,39,35,0,103,0,0,2,1,7,13,24,1,18,40,7,12
5381,MC_SC_17_s03L_5381,16,6,4,51,22,1,62,6,11,17,7,19,24,17,9,17,125,17,24
5382,MC_SC_17_s03L_5382,16,2,2,2,5,5,24,3,5,52,10,4,2,9,8,5,9,1,2
5383,MC_SC_17_s03L_5383,16,15,4,111,64,6,214,5,20,20,8,19,20,17,31,21,15,20,24
5384,MC_SC_17_s03L_5384,16,1,1,0,13,0,0,0,3,33,10,0,0,7,9,2,2,17,3
5385,MC_SC_17_s03L_5385,16,1,1,18,7,0,26,5,3,2,20,0,1,12,0,1,36,0,1
5386,MC_SC_17_s03L_5386,16,5,3,0,2,0,57,17,0,40,0,12,10,26,0,12,3,17,2
5387,MC_SC_17_s03L_5387,16,8,5,46,33,12,99,1,2,38,9,27,23,28,164,22,73,36,33
5388,MC_SC_17_s03L_5388,16,1,1,0,13,0,0,2,38,38,3,9,2,16,0,1,2,69,7
5389,MC_SC_17_s03L_5389,16,4,3,0,4,19,11,0,8,32,1,4,6,2,6,1,21,4,4
5390,MC_SC_17_s03L_5390,16,7,2,108,121,15,68,30,9,97,37,125,51,13,201,53,106,10,4
5391,MC_SC_17_s03L_5391,16,6,5,1,124,0,157,1,17,177,25,2,40,28,31,6,7,33,18
5392,MC_SC_17_s03L_5392,16,7,4,111,76,6,223,21,9,32,23,81,32,40,134,73,218,42,32
5393,MC_SC_17_s03L_5393,16,3,2,0,9,0,7,44,1,34,5,9,19,25,0,13,0,2,0
5394,MC_SC_17_s03L_5394,16,9,5,36,27,30,110,15,4,187,20,7,34,40,187,68,298,60,38
5395,MC_SC_17_s03L_5395,16,2,1,1,6,0,0,1,1,11,1,0,3,15,2,4,0,2,2
5396,MC_SC_17_s03L_5396,16,1,1,0,0,0,0,1,1,21,3,1,0,0,0,0,0,3,0
5397,MC_SC_17_s03L_5397,16,1,1,0,6,0,32,1,2,19,2,0,3,0,0,0,0,24,0
5398,MC_SC_17_s03L_5398,16,6,3,90,111,16,125,10,12,60,41,66,46,58,240,37,245,20,10
5399,MC_SC_17_s03L_5399,16,4,3,0,3,0,8,3,0,21,0,1,13,10,0,13,0,0,4
5400,MC_SC_17_s03L_5400,16,6,3,0,14,1,88,2,3,118,35,11,25,2,33,23,17,7,68
5401,MC_SC_17_s03L_5401,16,7,5,112,112,16,121,8,30,60,24,136,33,37,265,114,321,55,21
5402,MC_SC_17_s03L_5402,16,7,5,0,48,0,0,2,8,71,2,0,7,10,0,1,2,32,15
5403,MC_SC_17_s03L_5403,16,3,2,0,9,0,28,0,4,26,10,0,4,9,0,5,0,48,3
5404,MC_SC_17_s03L_5404,16,3,2,0,31,0,0,1,0,55,0,11,27,33,0,2,14,3,33
5405,MC_SC_17_s03L_5405,16,1,1,0,2,0,36,2,0,2,5,1,4,2,0,1,0,19,0
5406,MC_SC_17_s03L_5406,16,6,4,0,65,0,54,5,21,220,48,75,37,125,12,30,49,192,51
5407,MC_SC_17_s03L_5407,16,2,1,1,12,0,25,6,5,35,4,3,23,13,2,20,2,50,0
5408,MC_SC_17_s03L_5408,16,1,1,0,9,0,34,0,1,0,0,1,6,15,4,1,0,0,1
5409,MC_SC_17_s03L_5409,16,4,2,0,32,0,62,1,1,80,0,1,14,27,41,35,9,66,4
5410,MC_SC_17_s03L_5410,16,4,2,0,6,9,24,1,27,2,2,2,38,49,0,12,1,107,49
5411,MC_SC_17_s03L_5411,16,1,1,0,3,0,4,0,18,67,0,0,1,7,7,1,4,0,1
5412,MC_SC_17_s03L_5412,16,1,1,22,22,0,10,1,0,0,12,14,16,6,66,16,102,0,3
5413,MC_SC_17_s03L_5413,16,1,1,6,1,6,1,1,6,4,0,1,0,0,4,0,6,0,0
5414,MC_SC_17_s03L_5414,16,3,2,0,4,0,28,0,0,0,0,0,0,2,0,1,0,0,0
5415,MC_SC_17_s03L_5415,16,1,1,8,1,5,4,0,7,16,0,0,0,0,7,0,12,0,0
5416,MC_SC_17_s03L_5416,16,4,2,0,13,0,14,2,3,83,1,21,14,25,26,31,6,6,1
5417,MC_SC_17_s03L_5417,16,2,2,0,5,0,15,1,0,20,0,2,3,18,0,4,2,16,2
5418,MC_SC_17_s03L_5418,16,9,3,30,28,0,36,3,3,5,11,8,8,14,69,30,125,4,5
5419,MC_SC_17_s03L_5419,16,4,2,0,1,0,32,0,0,79,3,5,30,46,19,7,0,53,14
5420,MC_SC_17_s03L_5420,17,10,4,0,18,0,13,0,4,73,41,28,19,93,53,8,0,39,27
5421,MC_SC_17_s03L_5421,17,5,4,0,10,0,44,3,3,88,19,3,11,9,29,4,0,57,9
5422,MC_SC_17_s03L_5422,17,6,3,0,6,0,40,108,22,117,27,8,10,19,14,2,0,73,0
5423,MC_SC_17_s03L_5423,17,6,4,0,11,0,18,76,77,123,0,7,10,45,20,0,0,0,0
5424,MC_SC_17_s03L_5424,17,5,2,1,17,0,47,52,4,93,12,0,15,3,39,0,0,6,0
5425,MC_SC_17_s03L_5425,17,5,2,0,1,0,31,1,0,25,11,0,5,17,0,2,0,1,6
5426,MC_SC_17_s03L_5426,17,5,2,0,1,0,22,4,0,28,4,1,17,23,14,5,2,0,0
5427,MC_SC_17_s03L_5427,17,3,2,0,16,0,60,1,2,51,5,18,15,12,0,4,0,0,8
5428,MC_SC_17_s03L_5428,17,12,5,0,5,15,54,1,14,12,0,4,8,20,22,10,0,1,13
5429,MC_SC_17_s03L_5429,17,5,4,0,11,4,9,49,16,5,1,4,5,6,7,0,0,0,0
5430,MC_SC_17_s03L_5430,17,4,1,2,14,0,46,50,3,76,14,2,17,4,34,0,0,0,0
5431,MC_SC_17_s03L_5431,17,10,3,2,5,0,21,23,44,45,12,10,21,27,54,23,22,12,0
5432,MC_SC_17_s03L_5432,17,9,3,0,28,63,64,11,52,22,9,1,9,37,42,17,0,43,1
5433,MC_SC_17_s03L_5433,17,2,1,0,5,0,33,0,0,23,3,1,2,5,5,1,0,2,3
5434,MC_SC_17_s03L_5434,17,5,3,0,53,1,104,73,8,222,61,16,16,21,55,3,2,4,3
5435,MC_SC_17_s03L_5435,17,4,3,0,27,0,117,1,23,0,0,10,8,56,2,3,0,50,8
5436,MC_SC_17_s03L_5436,17,9,3,105,9,14,15,19,1,5,5,0,8,8,24,2,4,0,0
5437,MC_SC_17_s03L_5437,17,5,4,1,12,0,25,38,31,45,0,5,9,20,6,5,0,0,0
5438,MC_SC_17_s03L_5438,17,5,2,59,2,0,14,1,3,2,0,6,2,2,0,0,0,0,1
5439,MC_SC_17_s03L_5439,17,4,2,64,7,4,35,36,28,7,1,7,8,0,2,16,0,0,0
5440,MC_SC_17_s03L_5440,17,5,2,1,12,8,47,60,2,199,6,1,18,27,13,14,24,0,15
5441,MC_SC_17_s03L_5441,17,6,2,0,11,0,26,0,3,54,8,3,6,4,8,2,0,25,3
5442,MC_SC_17_s03L_5442,17,9,4,2,7,1,13,85,71,69,2,4,29,15,7,10,16,8,2
5443,MC_SC_17_s03L_5443,17,4,2,0,8,0,56,73,5,120,25,4,16,4,37,0,0,24,0
5444,MC_SC_17_s03L_5444,17,7,3,0,8,25,71,5,21,82,4,0,18,19,33,0,0,0,5
5445,MC_SC_17_s03L_5445,17,3,2,0,1,0,30,0,0,11,0,3,10,11,17,10,0,15,15
5446,MC_SC_17_s03L_5446,17,4,3,0,8,0,28,0,3,104,4,0,2,9,47,7,0,0,1
5447,MC_SC_17_s03L_5447,17,3,2,0,11,7,51,11,26,20,4,3,47,2,0,7,0,34,0
5448,MC_SC_17_s03L_5448,17,4,2,1,25,0,69,18,1,41,8,3,8,36,3,0,0,22,0
5449,MC_SC_17_s03L_5449,17,7,5,1,54,4,17,4,1,150,2,0,18,34,36,25,12,5,11
5450,MC_SC_17_s03L_5450,17,3,2,0,8,0,112,3,0,120,6,19,7,32,17,1,0,28,0
5451,MC_SC_17_s03L_5451,17,7,2,0,17,0,50,16,4,58,7,6,10,25,1,2,0,25,0
5452,MC_SC_17_s03L_5452,17,4,3,0,24,0,79,2,0,52,2,6,13,10,3,12,0,54,5
5453,MC_SC_17_s03L_5453,17,4,2,0,41,13,129,15,51,13,25,3,38,4,0,28,0,83,2
5454,MC_SC_17_s03L_5454,17,11,2,0,29,7,78,2,7,2,0,0,16,25,2,0,0,36,0
5455,MC_SC_17_s03L_5455,17,4,1,0,11,0,45,15,0,35,6,3,5,18,1,1,0,20,0
5456,MC_SC_17_s03L_5456,17,1,1,0,14,0,10,0,2,21,3,1,1,11,10,3,0,1,0
5457,MC_SC_17_s03L_5457,17,3,1,0,9,2,42,1,14,36,5,15,11,23,15,5,0,29,2
5458,MC_SC_17_s03L_5458,17,4,1,0,35,0,36,2,0,23,1,0,1,0,0,0,0,27,0
5459,MC_SC_17_s03L_5459,17,5,3,0,6,0,56,65,1,58,5,0,22,33,8,15,5,0,20
5460,MC_SC_17_s03L_5460,17,6,2,0,8,0,9,21,0,48,4,3,3,4,2,0,0,7,0
5461,MC_SC_17_s03L_5461,17,4,2,0,16,0,125,4,1,97,4,25,8,59,3,16,0,71,2
5462,MC_SC_17_s03L_5462,17,5,3,0,24,0,99,3,0,61,0,19,11,34,4,5,0,33,20
5463,MC_SC_17_s03L_5463,17,3,2,0,67,0,122,10,1,115,0,1,29,7,19,11,0,44,0
5464,MC_SC_17_s03L_5464,17,8,3,0,7,0,12,31,17,46,5,1,16,25,3,0,0,5,3
5465,MC_SC_17_s03L_5465,17,4,1,0,18,0,82,0,0,20,9,3,9,15,4,0,0,45,1
5466,MC_SC_17_s03L_5466,17,7,6,0,3,0,54,1,7,31,4,0,4,35,0,10,0,34,5
5467,MC_SC_17_s03L_5467,17,4,2,0,16,3,85,6,0,86,3,12,12,29,12,2,2,75,0
5468,MC_SC_17_s03L_5468,17,3,2,0,5,0,57,4,4,61,3,13,5,42,23,8,0,24,1
5469,MC_SC_17_s03L_5469,17,1,1,0,2,0,11,2,0,25,0,4,4,8,3,2,0,34,0
5470,MC_SC_17_s03L_5470,17,5,2,0,14,0,73,35,0,98,14,13,7,46,18,2,0,51,1
5471,MC_SC_17_s03L_5471,17,6,3,1,10,4,7,32,20,59,3,4,22,0,4,4,10,1,0
5472,MC_SC_17_s03L_5472,17,13,4,1,20,31,58,5,116,34,1,2,39,23,0,4,14,138,8
5473,MC_SC_17_s03L_5473,17,5,3,1,13,1,25,31,1,92,14,4,3,2,10,7,0,17,0
5474,MC_SC_17_s03L_5474,17,2,1,0,15,0,82,3,3,20,0,11,23,18,10,22,0,31,30
5475,MC_SC_17_s03L_5475,17,9,3,0,10,0,38,0,1,51,6,7,6,45,19,4,0,14,11
5476,MC_SC_17_s03L_5476,17,5,3,0,38,0,41,0,16,66,5,1,9,12,6,5,0,39,1
5477,MC_SC_17_s03L_5477,17,6,3,0,3,98,83,20,42,167,3,1,21,17,108,43,56,4,25
5478,MC_SC_17_s03L_5478,17,14,8,0,71,0,45,2,0,132,32,10,12,39,57,4,1,4,1
5479,MC_SC_17_s03L_5479,17,3,2,0,10,0,64,4,0,47,1,16,16,13,1,5,0,22,28
5480,MC_SC_17_s03L_5480,17,6,3,0,20,0,63,0,4,51,2,1,8,17,10,2,0,21,15
5481,MC_SC_17_s03L_5481,17,3,2,0,19,0,83,2,0,42,1,19,13,20,2,15,0,9,19
5482,MC_SC_17_s03L_5482,17,3,2,0,14,0,49,4,0,28,2,12,20,31,22,1,0,18,13
5483,MC_SC_17_s03L_5483,17,11,7,0,10,42,79,1,22,41,4,1,13,8,47,17,11,8,43
5484,MC_SC_17_s03L_5484,17,1,1,0,3,0,9,1,4,4,1,0,0,0,0,8,0,0,0
5485,MC_SC_17_s03L_5485,17,6,3,0,31,1,109,5,6,120,4,2,9,12,32,5,2,88,6
5486,MC_SC_17_s03L_5486,17,2,1,0,27,0,113,3,9,114,10,0,8,5,6,10,0,44,0
5487,MC_SC_17_s03L_5487,17,6,2,0,3,3,88,4,17,8,1,5,28,29,73,14,4,42,29
5488,MC_SC_17_s03L_5488,17,5,2,0,19,0,83,6,0,57,1,16,15,10,6,10,0,19,5
5489,MC_SC_17_s03L_5489,17,1,1,0,2,0,7,0,5,0,0,0,0,3,0,0,0,0,0
5490,MC_SC_17_s03L_5490,17,6,3,120,50,66,97,17,48,265,16,2,19,17,90,41,12,0,28
5491,MC_SC_17_s03L_5491,17,4,2,0,69,0,88,1,0,95,44,5,31,11,40,14,0,1,1
5492,MC_SC_17_s03L_5492,17,6,3,0,31,0,77,0,2,53,29,0,16,12,17,29,0,3,16
5493,MC_SC_17_s03L_5493,17,3,2,109,38,29,94,22,56,8,12,4,28,12,63,41,4,2,11
5494,MC_SC_17_s03L_5494,17,3,2,0,8,0,69,0,3,26,0,18,8,39,1,14,0,11,0
5495,MC_SC_17_s03L_5495,17,4,3,0,28,0,74,3,0,44,0,17,14,7,5,3,0,12,11
5496,MC_SC_17_s03L_5496,17,6,3,0,6,0,66,1,28,79,2,19,20,15,19,12,2,69,5
5497,MC_SC_17_s03L_5497,17,3,2,0,13,0,38,0,0,19,0,5,11,10,3,1,0,5,9
5498,MC_SC_17_s03L_5498,17,5,3,0,35,0,92,38,50,182,31,27,24,28,108,31,4,4,63
5499,MC_SC_17_s03L_5499,17,1,1,0,1,0,18,0,3,0,3,7,4,9,0,0,0,14,0
5500,MC_SC_17_s03L_5500,17,7,5,0,44,2,96,0,54,62,30,2,1,29,52,37,8,8,22
5501,MC_SC_17_s03L_5501,17,7,2,81,36,35,25,19,26,9,17,4,10,14,10,22,2,1,9
5502,MC_SC_17_s03L_5502,17,3,2,1,13,0,92,2,7,61,6,21,19,13,29,6,0,32,30
5503,MC_SC_17_s03L_5503,17,7,2,0,18,0,55,4,29,45,10,12,2,15,15,5,0,10,16
5504,MC_SC_17_s03L_5504,17,1,1,36,7,0,11,53,6,0,9,0,5,0,0,26,0,63,0
5505,MC_SC_17_s03L_5505,17,4,2,0,6,0,64,0,1,10,0,2,0,32,1,2,0,12,0
5506,MC_SC_17_s03L_5506,17,2,1,0,16,0,64,2,5,10,22,0,6,24,0,8,2,14,2
5507,MC_SC_17_s03L_5507,17,3,2,0,8,0,62,2,1,5,1,2,8,12,5,3,0,41,0
5508,MC_SC_17_s03L_5508,17,3,2,50,6,0,16,25,1,0,8,3,11,1,0,11,2,0,2
5509,MC_SC_17_s03L_5509,17,3,2,52,11,0,32,20,3,2,6,5,3,11,0,5,0,4,0
5510,MC_SC_17_s03L_5510,17,2,1,0,10,1,29,3,1,0,0,0,0,0,0,3,0,43,1
5511,MC_SC_17_s03L_5511,17,7,4,0,34,5,91,71,196,71,37,10,18,39,14,81,13,11,6
5512,MC_SC_17_s03L_5512,17,3,2,0,12,0,53,3,5,7,16,11,5,7,0,5,2,53,39
5513,MC_SC_17_s03L_5513,17,4,2,1,25,0,75,1,3,29,33,0,6,17,0,10,0,11,1
5514,MC_SC_17_s03L_5514,17,2,1,24,9,0,20,14,5,0,8,4,11,6,0,12,0,16,3
5515,MC_SC_17_s03L_5515,17,1,1,0,1,0,0,0,1,0,0,0,0,0,0,0,0,0,0
5516,MC_SC_17_s03L_5516,17,2,1,76,11,0,13,38,4,0,1,2,5,3,0,2,0,0,0
5517,MC_SC_17_s03L_5517,17,2,1,44,3,0,26,38,22,0,13,0,8,0,0,10,0,0,15
5518,MC_SC_17_s03L_5518,17,5,3,0,16,0,81,1,17,82,30,2,11,15,8,21,0,8,8
5519,MC_SC_17_s03L_5519,17,7,4,133,124,36,154,85,57,85,19,1,46,46,104,100,114,45,9
5520,MC_SC_17_s03L_5520,17,4,2,0,19,0,30,19,27,29,3,10,20,16,16,4,0,9,1
5521,MC_SC_17_s03L_5521,17,1,1,0,1,0,1,0,0,0,0,0,0,0,0,0,0,0,0
5522,MC_SC_17_s03L_5522,17,3,3,0,11,0,53,0,2,45,4,0,5,10,2,10,0,19,12
5523,MC_SC_17_s03L_5523,17,11,4,0,2,1,46,5,71,41,5,0,16,12,91,28,34,2,9
5524,MC_SC_17_s03L_5524,17,3,2,0,11,0,45,63,66,0,65,0,17,34,0,18,0,50,47
5525,MC_SC_17_s03L_5525,17,4,3,0,17,0,90,1,32,133,36,3,15,12,88,28,0,5,23
5526,MC_SC_17_s03L_5526,17,2,2,0,15,0,13,1,16,0,0,16,16,5,0,10,0,35,2
5527,MC_SC_17_s03L_5527,17,1,1,0,25,0,40,2,6,37,7,10,25,12,5,6,0,47,21
5528,MC_SC_17_s03L_5528,17,6,4,0,63,0,99,7,6,139,77,8,42,8,35,22,2,27,11
5529,MC_SC_17_s03L_5529,17,2,1,0,11,0,8,1,15,10,0,23,33,2,9,15,5,73,0
5530,MC_SC_17_s03L_5530,17,7,4,0,56,2,133,7,5,276,53,3,29,41,165,16,4,52,3
5531,MC_SC_17_s03L_5531,17,2,2,0,51,2,84,18,0,2,6,22,54,0,3,45,0,142,0
5532,MC_SC_17_s03L_5532,17,9,4,0,8,13,41,1,7,42,0,1,15,16,47,20,33,0,10
5533,MC_SC_17_s03L_5533,17,3,2,0,27,0,30,2,2,38,12,3,13,35,16,10,0,32,5
5534,MC_SC_17_s03L_5534,17,2,1,1,17,0,104,2,0,84,7,10,13,39,7,0,2,2,0
5535,MC_SC_17_s03L_5535,17,3,2,64,26,0,24,2,8,0,3,7,17,9,0,39,0,42,17
5536,MC_SC_17_s03L_5536,17,7,4,0,6,0,2,0,67,0,1,0,6,0,0,0,0,0,0
5537,MC_SC_17_s03L_5537,17,4,4,0,58,0,95,0,4,146,26,3,17,33,59,36,0,30,28
5538,MC_SC_17_s03L_5538,17,4,2,0,15,4,50,8,8,40,11,2,20,1,3,10,0,86,0
5539,MC_SC_17_s03L_5539,17,2,1,2,9,0,25,0,1,9,1,17,22,4,2,4,4,46,37
5540,MC_SC_17_s03L_5540,17,7,2,0,12,4,14,77,19,3,13,6,7,12,4,0,0,0,0
5541,MC_SC_17_s03L_5541,17,3,1,25,9,0,6,0,1,0,4,5,10,16,1,9,2,0,14
5542,MC_SC_17_s03L_5542,17,2,2,0,9,0,17,0,0,0,0,7,6,4,0,5,0,11,9
5543,MC_SC_17_s03L_5543,17,4,3,0,9,0,45,1,11,60,15,3,23,23,17,29,0,30,22
5544,MC_SC_17_s03L_5544,17,4,4,0,7,0,34,2,5,34,20,17,1,3,0,0,0,31,16
5545,MC_SC_17_s03L_5545,17,4,1,29,1,0,0,3,15,0,2,0,2,2,0,3,0,0,0
5546,MC_SC_17_s03L_5546,17,2,1,0,6,0,5,4,0,7,0,9,7,3,0,5,0,3,0
5547,MC_SC_17_s03L_5547,17,7,5,0,35,132,101,18,0,16,6,0,5,0,0,15,4,40,0
5548,MC_SC_17_s03L_5548,17,2,1,62,9,1,11,43,3,0,9,0,2,8,0,9,0,38,0
5549,MC_SC_17_s03L_5549,17,4,4,0,1,0,16,0,0,2,2,1,11,7,3,5,2,2,8
5550,MC_SC_17_s03L_5550,17,3,2,23,6,0,7,24,18,0,4,0,5,11,0,3,0,5,1
5551,MC_SC_17_s03L_5551,17,1,1,0,3,0,21,0,0,0,0,0,0,0,0,0,0,0,0
5552,MC_SC_17_s03L_5552,17,1,1,3,3,0,1,0,6,0,4,0,0,0,0,0,0,2,2
5553,MC_SC_17_s03L_5553,17,4,2,18,9,0,1,0,13,0,18,0,3,17,0,3,0,2,0
5554,MC_SC_17_s03L_5554,17,1,1,0,7,2,98,4,8,0,14,18,6,12,0,8,0,9,17
5555,MC_SC_17_s03L_5555,17,3,2,1,10,0,20,0,2,10,0,2,14,3,0,10,0,17,4
5556,MC_SC_17_s03L_5556,17,2,2,0,5,0,66,0,29,89,11,1,3,6,37,21,0,4,1
5557,MC_SC_17_s03L_5557,17,3,3,2,3,0,2,0,4,0,3,0,3,13,0,0,0,13,7
5558,MC_SC_17_s03L_5558,17,7,4,138,8,0,17,1,3,3,25,0,16,27,1,5,0,19,26
5559,MC_SC_17_s03L_5559,17,4,1,35,11,14,12,0,16,55,15,10,12,19,4,5,22,26,16
5560,MC_SC_17_s03L_5560,17,1,1,0,1,0,0,1,8,2,5,0,1,1,0,0,0,4,1
5561,MC_SC_17_s03L_5561,17,6,2,56,40,3,0,4,7,0,0,0,57,33,0,3,0,36,47
5562,MC_SC_17_s03L_5562,17,3,3,32,6,0,0,0,9,0,3,4,32,32,0,6,0,35,24
5563,MC_SC_17_s03L_5563,17,3,2,0,10,0,16,36,9,12,9,0,17,1,0,17,0,6,7
5564,MC_SC_17_s03L_5564,17,2,1,25,16,0,7,7,19,0,4,5,9,34,0,9,0,4,0
5565,MC_SC_17_s03L_5565,17,5,2,0,28,0,51,3,3,31,35,17,7,1,4,3,2,48,8
5566,MC_SC_17_s03L_5566,17,5,3,52,16,0,2,0,4,0,4,9,29,31,0,3,0,40,37
5567,MC_SC_17_s03L_5567,17,2,2,0,7,0,5,0,1,3,3,8,4,11,0,0,0,25,19
5568,MC_SC_17_s03L_5568,17,8,2,1,22,0,10,27,27,23,2,0,35,0,10,16,7,4,3
5569,MC_SC_17_s03L_5569,17,3,2,31,13,0,7,1,1,0,5,12,6,13,0,29,2,10,30
5570,MC_SC_17_s03L_5570,17,5,4,1,64,2,8,1,0,10,0,0,26,50,0,7,6,56,2
5571,MC_SC_17_s03L_5571,17,3,2,57,22,0,0,22,14,0,7,5,16,2,1,10,0,8,38
5572,MC_SC_17_s03L_5572,17,6,2,0,40,4,28,4,20,29,6,1,6,21,37,13,18,2,12
5573,MC_SC_17_s03L_5573,17,3,2,0,5,0,2,19,0,0,0,8,10,6,0,2,0,5,0
5574,MC_SC_17_s03L_5574,17,6,3,0,4,0,6,39,62,0,3,13,16,11,16,7,5,9,15
5575,MC_SC_17_s03L_5575,17,2,1,36,5,0,14,1,6,2,12,1,51,30,12,22,2,5,28
5576,MC_SC_17_s03L_5576,17,2,1,1,18,0,10,1,0,2,23,9,5,12,0,5,0,0,0
5577,MC_SC_17_s03L_5577,17,7,4,0,18,3,9,14,38,17,7,6,39,36,101,29,16,11,5
5578,MC_SC_17_s03L_5578,17,4,3,53,18,0,3,41,28,0,9,12,22,8,2,16,3,12,40
5579,MC_SC_17_s03L_5579,17,3,2,38,5,0,2,1,25,6,16,5,22,30,22,20,10,31,29
5580,MC_SC_17_s03L_5580,17,5,3,0,17,0,23,49,38,39,27,1,46,13,38,25,2,30,16
5581,MC_SC_17_s03L_5581,17,24,3,0,7,12,22,1,170,56,11,0,29,9,14,7,48,39,8
5582,MC_SC_17_s03L_5582,17,7,2,4,17,2,18,42,142,303,19,2,14,32,106,53,19,4,41
5583,MC_SC_17_s03L_5583,17,10,7,76,60,0,15,16,35,3,6,0,11,22,27,3,3,0,4
5584,MC_SC_17_s03L_5584,17,1,1,0,2,0,0,1,0,0,0,0,3,7,0,3,0,11,0
5585,MC_SC_17_s03L_5585,17,3,3,0,0,0,0,2,0,66,20,3,9,2,16,5,5,9,4
5586,MC_SC_17_s03L_5586,17,4,2,157,34,0,18,9,167,11,28,54,48,28,24,35,2,24,22
5587,MC_SC_17_s03L_5587,17,4,1,0,2,2,0,44,6,0,1,1,8,0,0,1,1,0,0
5588,MC_SC_17_s03L_5588,17,6,3,0,10,0,0,7,0,91,6,51,26,5,8,20,2,44,6
5589,MC_SC_17_s03L_5589,17,2,1,0,18,0,84,3,6,11,21,0,13,4,0,5,0,4,14
5590,MC_SC_17_s03L_5590,17,2,1,76,30,0,2,17,30,6,5,26,34,30,14,19,1,15,36
5591,MC_SC_17_s03L_5591,17,6,3,2,84,25,46,6,14,14,19,18,25,38,56,51,16,26,6
5592,MC_SC_17_s03L_5592,17,4,2,1,53,0,51,20,9,186,20,9,15,18,62,26,8,18,18
5593,MC_SC_17_s03L_5593,17,4,2,2,0,1,0,41,23,7,0,1,15,2,0,2,0,0,0
5594,MC_SC_17_s03L_5594,17,2,2,0,15,3,36,3,2,3,9,16,12,27,0,16,0,1,2
5595,MC_SC_17_s03L_5595,17,4,3,0,1,0,0,29,7,0,6,3,4,0,0,9,0,0,0
5596,MC_SC_17_s03L_5596,17,3,2,0,29,0,60,5,4,85,1,0,16,20,6,24,0,50,40
5597,MC_SC_17_s03L_5597,17,6,5,0,70,0,59,4,20,91,43,21,29,7,58,15,14,54,23
5598,MC_SC_17_s03L_5598,17,10,6,5,7,6,19,58,272,276,16,68,32,40,4,23,4,13,0
5599,MC_SC_17_s03L_5599,17,7,3,0,21,6,74,2,15,184,63,10,12,21,28,4,57,54,0
5600,MC_SC_17_s03L_5600,17,5,3,0,31,2,14,21,89,7,13,2,21,17,25,12,0,14,3
5601,MC_SC_17_s03L_5601,17,1,1,5,27,0,1,30,6,48,23,1,19,0,5,9,0,35,2
5602,MC_SC_17_s03L_5602,17,6,4,0,16,0,26,4,11,93,7,28,24,27,13,30,4,27,38
5603,MC_SC_17_s03L_5603,17,3,2,107,15,2,5,5,7,2,5,12,37,15,3,9,0,18,17
5604,MC_SC_17_s03L_5604,17,4,3,141,8,1,6,30,39,3,22,1,41,0,0,23,0,14,9
5605,MC_SC_17_s03L_5605,17,3,2,43,9,1,1,1,14,6,1,0,19,0,0,0,4,19,16
5606,MC_SC_17_s03L_5606,17,3,3,52,24,2,12,28,15,5,2,11,6,0,0,0,0,15,0
5607,MC_SC_17_s03L_5607,17,2,2,93,10,9,5,6,36,19,27,2,80,0,2,16,2,101,47
5608,MC_SC_17_s03L_5608,17,2,2,22,2,6,3,0,30,11,9,0,3,0,2,0,3,1,3
5609,MC_SC_17_s03L_5609,17,8,3,1,63,3,112,2,0,189,13,3,21,5,0,32,5,39,7
5610,MC_SC_17_s03L_5610,17,3,2,0,20,13,87,3,2,0,16,26,12,21,8,1,0,15,31
5611,MC_SC_17_s03L_5611,17,3,1,184,72,0,30,9,21,13,24,5,4,8,40,5,7,92,17
5612,MC_SC_17_s03L_5612,17,3,2,1,2,0,0,91,8,9,0,11,15,1,0,12,0,0,0
5613,MC_SC_17_s03L_5613,17,2,2,0,11,2,1,8,6,4,0,1,5,0,0,14,0,1,10
5614,MC_SC_17_s03L_5614,17,1,1,1,2,1,0,4,0,0,0,0,0,1,6,0,0,0,4
5615,MC_SC_17_s03L_5615,17,3,1,33,11,0,22,1,26,9,2,16,18,18,2,24,0,17,9
5616,MC_SC_17_s03L_5616,17,6,3,83,36,38,21,29,36,21,18,6,14,17,38,9,0,10,6
5617,MC_SC_17_s03L_5617,17,3,2,0,49,14,133,5,1,0,5,40,13,32,4,10,0,15,33
5618,MC_SC_17_s03L_5618,17,1,1,0,6,12,12,8,28,15,0,0,1,6,13,10,11,2,0
5619,MC_SC_17_s03L_5619,17,5,2,2,28,0,18,21,16,56,14,7,14,15,5,12,0,13,19
5620,MC_SC_17_s03L_5620,17,6,3,2,0,0,10,33,1,1,6,4,3,0,0,0,0,1,1
5621,MC_SC_17_s03L_5621,17,4,1,68,26,0,4,22,20,0,13,0,7,5,0,8,0,31,26
5622,MC_SC_17_s03L_5622,17,4,3,0,17,0,17,3,1,58,12,0,6,1,0,2,0,6,3
5623,MC_SC_17_s03L_5623,17,4,2,1,41,2,8,2,4,2,2,8,17,1,6,12,2,0,31
5624,MC_SC_17_s03L_5624,17,1,1,0,1,0,0,0,0,0,0,0,0,0,0,0,0,13,0
5625,MC_SC_17_s03L_5625,17,1,1,0,12,0,4,18,0,3,4,3,3,0,0,2,0,2,3
5626,MC_SC_17_s03L_5626,17,1,1,0,26,0,9,22,13,4,5,17,8,13,0,6,0,16,9
5627,MC_SC_17_s03L_5627,17,4,2,0,22,36,52,2,38,14,39,7,22,30,24,16,0,3,15
5628,MC_SC_17_s03L_5628,17,4,3,0,8,0,34,3,1,43,31,0,7,0,0,12,0,15,2
5629,MC_SC_17_s03L_5629,17,3,2,18,7,0,8,23,38,0,12,11,23,7,2,1,0,3,3
5630,MC_SC_17_s03L_5630,17,3,1,0,5,0,0,13,0,0,5,3,5,1,0,0,2,12,8
5631,MC_SC_17_s03L_5631,17,3,2,0,7,0,1,18,10,0,1,7,4,6,0,1,2,15,9
5632,MC_SC_17_s03L_5632,17,6,4,0,25,0,22,6,2,72,14,4,13,2,73,8,7,3,4
5633,MC_SC_17_s03L_5633,17,3,2,0,4,0,0,48,19,0,3,1,7,1,0,3,0,1,0
5634,MC_SC_17_s03L_5634,17,3,1,2,9,0,0,27,11,0,46,13,15,18,0,1,0,39,0
5635,MC_SC_17_s03L_5635,17,5,3,0,7,0,0,25,8,0,0,0,8,6,0,4,0,1,8
5636,MC_SC_17_s03L_5636,17,3,2,0,20,0,7,1,13,135,2,2,37,40,6,17,0,35,11
5637,MC_SC_17_s03L_5637,17,3,2,0,77,3,39,37,39,29,54,28,26,77,44,16,4,14,3
5638,MC_SC_17_s03L_5638,17,13,10,83,47,1,28,43,106,15,8,0,18,16,48,52,11,7,13
5639,MC_SC_17_s03L_5639,17,8,7,1,80,0,80,2,6,181,3,0,14,31,4,5,2,84,10
5640,MC_SC_17_s03L_5640,17,5,3,3,2,0,21,44,15,18,8,4,16,1,0,7,1,22,6
5641,MC_SC_17_s03L_5641,17,8,5,0,16,11,9,9,8,26,2,0,4,13,77,12,18,0,8
5642,MC_SC_17_s03L_5642,17,7,4,1,4,0,138,105,402,387,61,217,39,99,4,88,27,32,8
5643,MC_SC_17_s03L_5643,17,5,2,0,0,0,0,44,14,1,0,2,18,0,0,3,0,0,0
5644,MC_SC_17_s03L_5644,17,5,2,0,48,1,32,2,8,15,4,1,14,35,85,23,18,0,31
5645,MC_SC_17_s03L_5645,17,5,3,0,29,0,14,99,60,2,3,22,17,1,10,14,0,43,2
5646,MC_SC_17_s03L_5646,17,2,2,4,0,0,9,41,128,147,21,58,15,27,1,30,10,2,1
5647,MC_SC_17_s03L_5647,17,9,7,144,51,15,53,6,151,53,11,18,19,9,60,45,44,9,8
5648,MC_SC_17_s03L_5648,17,11,3,0,46,94,186,73,192,140,48,2,19,38,136,83,119,9,3
5649,MC_SC_17_s03L_5649,17,3,2,1,16,9,31,2,0,11,24,8,9,35,5,5,2,3,5
5650,MC_SC_17_s03L_5650,17,5,2,1,21,0,6,2,7,111,1,16,20,36,41,6,2,6,16
5651,MC_SC_17_s03L_5651,17,3,2,0,2,0,0,58,15,7,1,2,15,0,0,3,0,0,1
5652,MC_SC_17_s03L_5652,17,3,1,0,0,0,4,0,0,0,0,1,1,0,0,0,0,3,0
5653,MC_SC_17_s03L_5653,17,8,4,4,111,12,77,9,262,516,43,26,24,89,170,89,48,20,13
5654,MC_SC_17_s03L_5654,17,1,1,0,0,0,0,0,0,0,0,0,5,0,0,0,0,1,0
5655,MC_SC_17_s03L_5655,17,3,3,0,22,1,0,0,18,90,6,3,2,11,18,11,14,0,4
5656,MC_SC_17_s03L_5656,17,4,2,0,21,0,60,2,50,207,36,25,24,30,96,43,4,14,18
5657,MC_SC_17_s03L_5657,17,7,3,1,54,1,17,7,23,10,5,9,25,1,29,28,3,3,36
5658,MC_SC_17_s03L_5658,17,1,1,0,0,0,0,0,0,0,0,0,0,0,0,0,0,0,0
5659,MC_SC_17_s03L_5659,17,1,1,0,0,0,0,0,0,0,0,0,7,0,0,0,0,7,0
5660,MC_SC_17_s03L_5660,17,2,1,0,10,0,0,14,4,0,18,3,9,2,0,11,0,25,3
5661,MC_SC_17_s03L_5661,17,3,2,67,44,7,12,6,17,10,1,1,29,14,15,20,9,17,28
5662,MC_SC_17_s03L_5662,17,1,1,17,9,0,0,19,8,0,5,0,19,3,1,0,2,10,0
5663,MC_SC_17_s03L_5663,17,1,1,0,3,0,9,13,0,0,0,6,5,4,0,3,0,2,9
5664,MC_SC_17_s03L_5664,17,6,4,1,53,3,157,51,20,298,5,0,34,32,136,88,15,29,31
5665,MC_SC_17_s03L_5665,17,8,3,0,9,3,34,70,47,8,62,26,49,11,18,13,5,7,14
5666,MC_SC_17_s03L_5666,17,4,3,0,39,0,21,28,7,77,9,15,25,13,20,15,3,20,6
5667,MC_SC_17_s03L_5667,17,5,2,0,28,1,58,5,0,161,7,25,12,58,6,36,11,105,0
5668,MC_SC_17_s03L_5668,17,2,1,0,3,3,11,64,35,3,7,7,18,1,13,8,2,16,19
5669,MC_SC_17_s03L_5669,17,9,6,0,144,143,162,7,261,34,110,160,38,9,136,109,56,63,85
5670,MC_SC_17_s03L_5670,17,3,2,0,8,0,0,62,24,1,5,2,10,13,0,9,0,0,0
5671,MC_SC_17_s03L_5671,17,2,1,0,12,10,36,1,15,0,14,12,1,0,6,5,0,0,3
5672,MC_SC_17_s03L_5672,17,7,3,109,73,16,42,19,78,26,29,0,12,13,55,43,18,5,26
5673,MC_SC_17_s03L_5673,17,5,3,1,28,2,27,8,6,4,9,4,22,37,2,28,0,4,35
5674,MC_SC_17_s03L_5674,17,7,3,0,8,0,4,2,3,91,23,13,17,52,9,16,2,43,38
5675,MC_SC_17_s03L_5675,17,6,4,0,27,0,47,1,0,73,3,2,10,19,28,15,6,3,53
5676,MC_SC_17_s03L_5676,17,1,1,0,0,0,15,1,1,21,1,0,1,6,0,2,3,4,5
5677,MC_SC_17_s03L_5677,17,10,3,0,13,0,55,1,77,156,49,17,19,26,3,115,11,49,23
5678,MC_SC_17_s03L_5678,17,8,4,119,50,6,25,13,7,40,22,54,12,16,174,42,282,21,18
5679,MC_SC_17_s03L_5679,17,3,1,1,39,8,49,1,1,6,11,18,11,34,0,26,1,1,8
5680,MC_SC_17_s03L_5680,17,6,3,0,23,0,51,3,8,64,7,34,16,40,0,49,6,118,50
5681,MC_SC_17_s03L_5681,17,5,4,1,46,0,16,25,19,67,4,13,3,11,1,13,0,30,31
5682,MC_SC_17_s03L_5682,17,5,1,0,9,8,1,19,28,13,0,3,9,12,4,12,5,4,0
5683,MC_SC_17_s03L_5683,17,4,2,0,7,0,3,19,1,4,43,6,3,12,0,2,2,9,12
5684,MC_SC_17_s03L_5684,17,4,3,0,13,0,15,5,30,73,44,12,24,58,0,38,9,8,31
5685,MC_SC_17_s03L_5685,17,1,1,0,8,0,5,0,42,1,9,0,0,6,8,0,0,0,0
5686,MC_SC_17_s03L_5686,17,5,3,2,8,9,10,47,54,14,57,0,28,32,0,13,8,6,15
5687,MC_SC_17_s03L_5687,17,7,2,0,7,0,3,40,15,6,0,4,4,6,0,11,0,1,0
5688,MC_SC_17_s03L_5688,17,5,2,59,27,23,20,24,16,4,5,1,3,19,13,30,1,4,21
5689,MC_SC_17_s03L_5689,17,6,3,10,19,5,8,5,0,24,2,13,10,5,33,15,105,16,6
5690,MC_SC_17_s03L_5690,17,4,2,0,2,0,0,43,20,0,0,4,9,7,0,7,0,0,0
5691,MC_SC_17_s03L_5691,17,2,1,0,3,0,10,40,0,0,19,11,29,13,5,17,0,19,29
5692,MC_SC_17_s03L_5692,17,3,1,1,11,0,2,1,1,3,1,5,9,0,0,5,0,12,4
5693,MC_SC_17_s03L_5693,17,3,2,1,12,0,4,0,3,2,0,4,4,7,0,4,0,0,0
5694,MC_SC_17_s03L_5694,17,1,1,0,2,0,0,0,0,0,1,0,0,0,0,0,0,0,0
5695,MC_SC_17_s03L_5695,17,3,2,0,15,4,19,57,5,0,15,7,42,17,0,6,0,3,23
5696,MC_SC_17_s03L_5696,17,4,3,0,11,0,55,0,28,15,25,6,1,17,4,30,5,5,41
5697,MC_SC_17_s03L_5697,17,2,1,0,0,1,0,0,0,28,0,0,1,0,0,0,8,0,3
5698,MC_SC_17_s03L_5698,17,4,2,0,3,0,10,0,0,4,0,2,4,10,0,13,2,0,3
5699,MC_SC_17_s03L_5699,17,9,7,0,167,0,193,3,4,147,16,10,53,80,63,13,19,97,13
5700,MC_SC_17_s03L_5700,17,3,2,0,5,0,37,1,22,10,10,4,9,28,0,10,0,46,37
5701,MC_SC_17_s03L_5701,17,5,3,0,0,1,0,51,18,0,4,6,18,2,0,3,0,0,0
5702,MC_SC_17_s03L_5702,17,1,1,0,3,0,17,0,0,0,0,5,4,7,0,4,2,0,0
5703,MC_SC_17_s03L_5703,17,4,3,4,61,25,108,2,9,4,31,21,11,52,38,31,5,6,22
5704,MC_SC_17_s03L_5704,17,5,3,0,20,0,91,0,3,73,2,24,7,53,0,18,0,108,3
5705,MC_SC_17_s03L_5705,17,6,4,0,15,2,44,11,39,95,55,17,33,73,54,85,7,23,48
5706,MC_SC_17_s03L_5706,17,7,3,2,6,0,25,36,30,20,13,4,34,3,29,19,0,13,1
5707,MC_SC_17_s03L_5707,17,3,2,0,20,0,77,2,9,47,1,3,22,45,7,15,0,7,54
5708,MC_SC_17_s03L_5708,17,6,3,0,71,33,184,11,23,25,74,47,33,47,92,109,21,43,70
5709,MC_SC_17_s03L_5709,17,11,3,1,45,0,49,7,5,89,31,48,30,56,113,37,0,38,51
5710,MC_SC_17_s03L_5710,17,1,1,0,5,0,1,0,10,0,3,2,7,23,0,22,0,36,0
5711,MC_SC_17_s03L_5711,17,3,2,0,16,0,164,0,11,114,0,8,17,79,2,22,0,126,3
5712,MC_SC_17_s03L_5712,17,4,3,0,30,0,97,1,68,22,49,1,9,33,2,34,8,23,63
5713,MC_SC_17_s03L_5713,17,4,3,2,60,11,105,1,9,9,27,29,20,51,35,17,2,13,9
5714,MC_SC_17_s03L_5714,17,4,3,0,25,2,26,59,72,0,26,17,19,5,25,7,0,9,42
5715,MC_SC_17_s03L_5715,17,1,1,0,0,0,0,0,1,0,0,0,0,5,13,0,16,0,0
5716,MC_SC_17_s03L_5716,17,4,3,0,17,0,39,3,0,45,8,23,12,45,4,30,4,236,53
5717,MC_SC_17_s03L_5717,17,5,3,0,255,6,3,17,149,374,71,85,20,170,115,15,42,355,74
5718,MC_SC_17_s03L_5718,17,5,3,1,61,8,7,8,24,333,35,1,27,170,13,34,13,152,4
5719,MC_SC_17_s03L_5719,17,8,3,92,105,9,46,13,11,57,20,19,26,37,220,100,267,4,20
5720,MC_SC_17_s03L_5720,17,4,2,0,11,0,27,6,6,0,0,2,3,10,0,11,0,1,8
5721,MC_SC_17_s03L_5721,17,7,4,88,115,6,83,7,8,13,26,97,59,12,212,132,126,25,24
5722,MC_SC_17_s03L_5722,17,8,2,1,3,1,14,0,1,23,3,13,1,3,30,2,38,0,1
5723,MC_SC_17_s03L_5723,17,7,3,185,161,3,4,13,7,14,68,18,45,31,187,72,347,25,37
5724,MC_SC_17_s03L_5724,17,1,1,8,8,0,4,1,0,0,5,0,0,2,37,0,34,0,0
5725,MC_SC_17_s03L_5725,17,8,4,75,68,0,0,5,29,12,12,2,19,49,145,8,128,23,25
5726,MC_SC_17_s03L_5726,17,9,4,11,74,13,180,10,5,64,35,165,38,69,258,60,263,22,30
5727,MC_SC_17_s03L_5727,17,1,1,5,0,0,0,0,0,0,6,0,0,2,11,2,11,2,0
5728,MC_SC_17_s03L_5728,17,4,2,0,14,0,12,1,1,19,0,14,13,10,9,8,4,16,8
5729,MC_SC_17_s03L_5729,17,1,1,0,1,0,17,1,0,43,1,0,2,6,13,1,0,16,8
5730,MC_SC_17_s03L_5730,17,9,7,1,19,7,9,68,38,5,2,13,18,22,19,18,0,0,0
5731,MC_SC_17_s03L_5731,17,1,1,1,0,0,0,0,0,5,4,0,0,1,0,3,2,0,3
5732,MC_SC_17_s03L_5732,17,9,6,0,70,0,30,3,64,84,6,66,23,62,46,16,4,94,3
5733,MC_SC_17_s03L_5733,17,2,2,0,28,5,38,8,3,102,9,3,13,3,31,22,8,1,0
5734,MC_SC_17_s03L_5734,17,5,2,0,18,10,7,44,41,10,0,5,7,13,39,2,0,0,0
5735,MC_SC_17_s03L_5735,17,12,4,0,124,0,168,11,7,221,30,21,45,67,131,43,18,191,95
5736,MC_SC_17_s03L_5736,17,7,4,98,69,3,10,2,2,17,4,2,7,5,139,57,177,3,2
5737,MC_SC_17_s03L_5737,17,5,2,185,78,19,28,16,64,103,37,42,16,43,157,92,234,31,61
5738,MC_SC_17_s03L_5738,17,1,1,0,6,0,7,40,0,14,3,2,8,16,0,6,0,3,0
5739,MC_SC_17_s03L_5739,17,5,3,0,6,0,9,37,12,50,5,1,14,0,4,0,0,23,1
5740,MC_SC_17_s03L_5740,17,4,3,0,74,0,166,7,89,349,98,3,28,82,34,49,12,174,14
5741,MC_SC_17_s03L_5741,17,4,2,1,38,0,30,2,2,50,30,4,35,32,20,16,9,70,8
5742,MC_SC_17_s03L_5742,17,1,1,0,11,0,27,38,4,15,4,2,9,16,2,3,0,14,0
5743,MC_SC_17_s03L_5743,17,9,7,0,286,5,5,6,190,328,29,104,24,167,88,14,20,309,68
5744,MC_SC_17_s03L_5744,17,9,5,0,23,13,17,54,31,6,72,26,36,16,16,36,4,21,16
5745,MC_SC_17_s03L_5745,17,1,1,15,7,0,10,0,1,0,4,8,3,3,23,4,30,0,6
5746,MC_SC_17_s03L_5746,17,5,3,0,28,0,0,2,0,88,6,37,11,74,30,18,5,131,20
5747,MC_SC_17_s03L_5747,17,4,3,1,42,25,78,113,203,0,161,2,39,39,0,52,0,52,37
5748,MC_SC_17_s03L_5748,17,9,6,72,46,3,15,1,14,8,19,75,11,41,109,24,137,8,13
5749,MC_SC_17_s03L_5749,17,5,3,0,59,104,177,19,189,5,62,4,34,32,124,41,13,25,67
5750,MC_SC_17_s03L_5750,17,1,1,0,2,0,1,2,1,23,8,3,0,14,16,7,0,0,1
5751,MC_SC_17_s03L_5751,17,8,6,86,135,0,61,2,14,0,13,14,17,11,59,47,71,22,5
5752,MC_SC_17_s03L_5752,17,2,1,0,7,2,30,1,1,10,0,5,5,36,0,6,0,32,13
5753,MC_SC_17_s03L_5753,17,1,1,30,7,0,73,0,6,0,1,4,0,6,21,1,14,3,2
5754,MC_SC_17_s03L_5754,17,9,7,193,190,2,522,3,12,8,20,194,53,88,77,73,211,36,25
5755,MC_SC_17_s03L_5755,17,2,1,0,17,0,49,2,5,2,2,0,11,3,2,5,2,44,1
5756,MC_SC_17_s03L_5756,17,6,3,55,62,3,113,10,12,10,7,14,33,23,1,8,151,33,25
5757,MC_SC_17_s03L_5757,17,9,5,97,60,0,147,5,4,14,32,71,30,12,20,72,140,41,18
5758,MC_SC_17_s03L_5758,17,7,5,71,24,0,3,1,46,5,6,8,7,9,1,10,39,9,11
5759,MC_SC_17_s03L_5759,17,8,4,38,36,0,153,3,9,13,6,3,12,25,133,23,25,12,11
5760,MC_SC_17_s03L_5760,17,2,2,0,15,0,40,1,2,69,15,3,13,20,2,30,2,61,38
5761,MC_SC_17_s03L_5761,17,1,1,12,4,0,8,0,1,2,7,14,5,18,30,1,1,1,0
5762,MC_SC_17_s03L_5762,17,7,3,154,111,5,142,12,17,18,24,176,50,134,266,40,87,33,19
5763,MC_SC_17_s03L_5763,17,2,1,37,41,3,77,2,0,12,2,17,5,24,84,6,34,7,6
5764,MC_SC_17_s03L_5764,17,9,3,64,50,7,41,14,3,16,17,1,21,14,8,5,11,1,19
5765,MC_SC_17_s03L_5765,17,7,4,76,25,14,25,0,2,44,11,11,24,27,123,9,46,14,13
5766,MC_SC_17_s03L_5766,17,4,2,0,17,3,39,47,28,2,1,7,44,43,10,21,0,12,26
5767,MC_SC_17_s03L_5767,17,6,3,0,269,1,12,6,97,441,87,47,23,178,90,13,17,300,40
5768,MC_SC_17_s03L_5768,17,1,1,46,21,0,32,5,2,10,5,10,4,3,17,5,20,2,1
5769,MC_SC_17_s03L_5769,17,6,3,0,8,1,60,1,1,78,5,1,21,35,39,7,14,11,3
5770,MC_SC_17_s03L_5770,17,11,4,74,95,2,63,6,10,11,16,35,13,16,155,44,165,42,5
5771,MC_SC_17_s03L_5771,17,3,2,0,11,0,35,11,1,56,0,10,16,28,11,44,2,68,1
5772,MC_SC_17_s03L_5772,17,5,3,0,5,0,16,1,7,22,16,1,11,28,0,10,0,86,19
5773,MC_SC_17_s03L_5773,17,4,3,1,58,0,71,9,7,130,5,1,57,34,3,6,10,35,18
5774,MC_SC_17_s03L_5774,17,8,5,44,100,5,168,3,11,30,33,62,34,80,185,57,246,52,36
5775,MC_SC_17_s03L_5775,17,4,2,0,52,0,2,4,30,114,25,2,13,42,21,24,0,51,0
5776,MC_SC_17_s03L_5776,17,3,2,0,7,0,22,17,15,45,14,9,24,37,5,19,2,28,7
5777,MC_SC_17_s03L_5777,17,6,2,45,96,15,146,6,8,63,15,23,17,40,206,41,168,25,21
5778,MC_SC_17_s03L_5778,17,4,2,0,62,0,19,6,8,49,21,14,10,6,6,20,2,12,1
5779,MC_SC_17_s03L_5779,17,7,6,135,94,7,98,7,6,34,24,47,13,22,131,10,161,12,21
5780,MC_SC_17_s03L_5780,17,2,1,0,8,0,10,8,2,20,9,0,9,13,1,5,2,13,0
5781,MC_SC_17_s03L_5781,17,4,3,0,12,0,3,0,0,22,23,3,13,19,9,2,2,0,17
5782,MC_SC_17_s03L_5782,17,4,3,0,25,2,102,28,1,88,0,24,19,37,49,41,5,61,6
5783,MC_SC_17_s03L_5783,17,1,1,4,5,0,1,0,3,0,0,5,0,1,13,0,16,0,0
5784,MC_SC_17_s03L_5784,17,3,2,0,28,0,55,5,0,60,3,1,16,21,43,29,0,47,1
5785,MC_SC_17_s03L_5785,17,1,1,21,6,2,4,0,0,0,0,0,0,0,0,0,0,0,0
5786,MC_SC_17_s03L_5786,17,13,6,0,26,58,51,2,26,24,94,10,30,89,52,20,30,195,65
5787,MC_SC_17_s03L_5787,17,4,3,93,72,6,167,10,11,31,14,17,19,24,108,94,237,38,47
5788,MC_SC_17_s03L_5788,17,1,1,0,2,0,15,0,6,0,5,3,18,0,1,10,0,2,5
5789,MC_SC_17_s03L_5789,17,1,1,3,3,0,17,0,2,11,1,0,0,5,6,1,12,1,3
5790,MC_SC_17_s03L_5790,18,11,3,0,1,1,37,3,0,146,1,4,5,17,0,20,9,10,5
5791,MC_SC_17_s03L_5791,18,4,2,0,7,0,16,36,2,40,12,12,3,9,8,3,3,19,0
5792,MC_SC_17_s03L_5792,18,8,5,0,6,0,19,0,3,59,13,17,19,58,25,1,1,31,16
5793,MC_SC_17_s03L_5793,18,1,1,0,0,3,0,0,4,0,2,0,0,0,0,0,0,0,0
5794,MC_SC_17_s03L_5794,18,1,1,2,4,8,0,1,0,10,1,0,0,0,3,0,0,2,0
5795,MC_SC_17_s03L_5795,18,11,3,0,3,0,76,2,4,87,37,4,13,17,3,0,1,0,19
5796,MC_SC_17_s03L_5796,18,3,2,0,3,4,11,1,8,0,0,0,0,12,12,0,0,4,3
5797,MC_SC_17_s03L_5797,18,1,1,0,0,0,0,0,0,0,0,1,1,1,0,0,0,0,0
5798,MC_SC_17_s03L_5798,18,5,4,0,4,0,37,15,25,0,0,1,6,21,24,0,0,21,1
5799,MC_SC_17_s03L_5799,18,10,6,0,9,0,42,38,4,135,16,6,11,9,46,0,0,0,0
5800,MC_SC_17_s03L_5800,18,4,3,0,4,0,48,0,0,70,0,16,6,44,2,1,0,5,4
5801,MC_SC_17_s03L_5801,18,4,2,1,17,18,68,4,55,7,11,2,11,21,2,3,2,68,0
5802,MC_SC_17_s03L_5802,18,5,1,35,4,0,22,1,7,2,0,0,3,6,10,2,4,5,3
5803,MC_SC_17_s03L_5803,18,8,3,76,7,0,27,7,22,10,2,3,4,2,31,5,0,0,0
5804,MC_SC_17_s03L_5804,18,6,5,0,6,34,80,0,6,22,6,2,11,37,27,8,4,4,18
5805,MC_SC_17_s03L_5805,18,2,2,0,1,0,0,0,6,5,1,0,0,2,0,0,0,0,0
5806,MC_SC_17_s03L_5806,18,2,2,0,0,0,0,0,11,3,0,0,0,4,5,0,0,0,0
5807,MC_SC_17_s03L_5807,18,6,5,1,60,42,58,8,61,13,8,8,15,32,69,2,0,3,0
5808,MC_SC_17_s03L_5808,18,5,4,0,0,0,21,0,0,11,0,1,2,3,6,7,0,1,4
5809,MC_SC_17_s03L_5809,18,11,8,9,19,46,44,10,84,58,4,0,5,9,47,41,63,3,14
5810,MC_SC_17_s03L_5810,18,6,4,3,1,1,28,4,0,76,0,0,9,6,39,14,0,1,4
5811,MC_SC_17_s03L_5811,18,9,5,113,21,29,74,1,7,17,34,13,23,20,26,0,0,0,0
5812,MC_SC_17_s03L_5812,18,3,1,0,3,11,28,3,6,5,0,0,1,3,2,0,0,22,0
5813,MC_SC_17_s03L_5813,18,10,6,1,12,8,14,35,48,65,0,3,18,17,17,16,32,2,0
5814,MC_SC_17_s03L_5814,18,6,2,0,5,0,43,1,0,39,0,11,8,14,17,4,2,8,11
5815,MC_SC_17_s03L_5815,18,1,1,5,0,0,0,1,3,3,0,1,1,0,8,0,0,0,1
5816,MC_SC_17_s03L_5816,18,5,3,0,2,0,47,0,0,10,0,2,6,13,0,4,0,10,20
5817,MC_SC_17_s03L_5817,18,8,4,99,24,0,102,2,31,4,10,1,24,45,5,43,12,76,38
5818,MC_SC_17_s03L_5818,18,5,3,0,0,0,42,3,1,18,1,9,17,27,4,11,0,6,13
5819,MC_SC_17_s03L_5819,18,8,4,3,11,3,11,48,38,116,1,3,24,15,6,13,13,8,0
5820,MC_SC_17_s03L_5820,18,3,3,75,21,0,39,5,24,4,3,0,13,23,2,5,6,51,7
5821,MC_SC_17_s03L_5821,18,9,4,1,0,14,48,10,2,29,3,0,0,8,9,3,28,1,3
5822,MC_SC_17_s03L_5822,18,5,4,1,26,38,81,7,178,16,43,18,20,9,56,1,0,0,0
5823,MC_SC_17_s03L_5823,18,1,1,2,2,0,15,0,0,2,7,1,3,2,0,5,0,18,3
5824,MC_SC_17_s03L_5824,18,6,3,0,23,0,102,1,1,62,6,16,9,36,2,0,0,17,0
5825,MC_SC_17_s03L_5825,18,6,3,0,15,6,98,2,61,9,1,2,23,38,40,7,0,54,24
5826,MC_SC_17_s03L_5826,18,4,2,0,18,0,43,25,1,90,1,1,8,2,18,1,0,17,0
5827,MC_SC_17_s03L_5827,18,5,3,0,14,26,68,2,16,18,1,0,22,14,25,2,0,0,1
5828,MC_SC_17_s03L_5828,18,9,4,2,13,8,91,11,7,100,10,1,33,23,64,35,9,16,9
5829,MC_SC_17_s03L_5829,18,5,3,190,35,115,174,31,166,38,90,4,18,66,117,70,14,2,33
5830,MC_SC_17_s03L_5830,18,8,1,0,0,0,0,1,6,9,0,2,1,2,2,0,2,0,0
5831,MC_SC_17_s03L_5831,18,1,1,0,0,0,1,0,0,0,0,0,0,0,0,0,0,0,0
5832,MC_SC_17_s03L_5832,18,3,3,0,0,0,13,2,24,0,0,1,9,20,0,0,0,1,4
5833,MC_SC_17_s03L_5833,18,4,1,0,7,0,37,3,0,60,3,4,9,27,4,0,0,1,1
5834,MC_SC_17_s03L_5834,18,6,3,1,31,0,233,10,4,221,67,7,27,41,1,0,0,0,2
5835,MC_SC_17_s03L_5835,18,8,2,0,13,0,69,2,0,40,1,17,22,36,38,3,0,11,8
5836,MC_SC_17_s03L_5836,18,3,2,0,14,0,67,2,0,17,1,21,33,34,25,13,0,18,16
5837,MC_SC_17_s03L_5837,18,6,4,0,15,0,128,65,69,132,34,33,31,30,22,7,0,80,35
5838,MC_SC_17_s03L_5838,18,4,2,0,8,0,32,1,13,38,3,2,15,53,5,2,0,33,4
5839,MC_SC_17_s03L_5839,18,1,1,0,0,0,2,0,0,0,0,0,0,0,0,0,0,0,0
5840,MC_SC_17_s03L_5840,18,6,4,0,18,0,102,3,3,69,0,1,9,4,22,6,0,44,0
5841,MC_SC_17_s03L_5841,18,1,1,0,0,0,11,0,0,0,0,0,2,3,0,0,0,0,4
5842,MC_SC_17_s03L_5842,18,7,2,0,19,0,18,0,8,11,3,0,10,10,2,0,3,1,1
5843,MC_SC_17_s03L_5843,18,5,3,0,33,0,71,3,0,92,60,6,21,29,27,6,3,2,2
5844,MC_SC_17_s03L_5844,18,6,4,0,16,0,78,7,1,78,5,7,16,29,18,9,0,75,34
5845,MC_SC_17_s03L_5845,18,7,4,0,28,0,69,4,5,34,0,1,7,5,0,1,0,75,3
5846,MC_SC_17_s03L_5846,18,3,2,0,19,9,78,2,17,11,1,2,11,7,1,0,0,19,0
5847,MC_SC_17_s03L_5847,18,4,3,0,8,0,85,2,0,62,13,13,20,25,11,0,0,22,19
5848,MC_SC_17_s03L_5848,18,7,4,0,9,0,32,0,0,22,7,5,18,23,8,4,0,5,7
5849,MC_SC_17_s03L_5849,18,9,3,0,11,0,67,2,1,29,13,11,9,7,0,12,0,50,1
5850,MC_SC_17_s03L_5850,18,4,3,0,12,0,59,9,0,12,10,5,14,35,5,0,0,24,0
5851,MC_SC_17_s03L_5851,18,3,3,1,10,2,42,2,5,5,2,0,38,17,0,2,0,79,2
5852,MC_SC_17_s03L_5852,18,6,2,0,6,0,32,8,5,49,1,4,3,13,0,0,0,20,2
5853,MC_SC_17_s03L_5853,18,16,8,0,7,19,31,0,11,9,0,0,18,20,0,1,4,90,1
5854,MC_SC_17_s03L_5854,18,5,3,112,28,8,56,32,50,8,33,1,15,4,38,43,8,7,11
5855,MC_SC_17_s03L_5855,18,5,3,0,64,0,160,2,3,125,0,1,20,5,29,9,0,63,0
5856,MC_SC_17_s03L_5856,18,4,2,0,27,0,138,6,7,41,1,10,8,12,0,13,0,19,19
5857,MC_SC_17_s03L_5857,18,4,2,0,5,0,67,0,4,54,3,14,18,57,3,1,0,18,17
5858,MC_SC_17_s03L_5858,18,5,3,0,39,69,116,13,129,60,7,2,33,0,88,26,26,11,8
5859,MC_SC_17_s03L_5859,18,9,5,1,24,46,64,9,59,59,1,0,45,24,2,4,33,198,20
5860,MC_SC_17_s03L_5860,18,5,3,0,6,0,52,55,19,57,2,1,6,9,2,1,0,0,0
5861,MC_SC_17_s03L_5861,18,4,2,0,3,0,66,0,6,29,7,3,3,2,2,9,0,42,0
5862,MC_SC_17_s03L_5862,18,4,1,0,7,12,19,2,10,6,0,2,11,19,0,3,0,49,4
5863,MC_SC_17_s03L_5863,18,14,6,0,16,140,128,4,27,129,3,1,21,18,93,34,28,1,14
5864,MC_SC_17_s03L_5864,18,7,2,1,14,0,37,0,0,68,1,1,16,25,3,8,0,49,16
5865,MC_SC_17_s03L_5865,18,5,2,0,38,0,94,1,2,53,1,0,16,5,2,30,0,75,5
5866,MC_SC_17_s03L_5866,18,10,8,0,44,0,118,71,21,134,19,3,25,36,76,44,17,2,46
5867,MC_SC_17_s03L_5867,18,6,4,0,87,5,111,28,1,164,42,31,18,9,88,23,11,4,2
5868,MC_SC_17_s03L_5868,18,3,2,0,26,0,163,4,0,83,4,15,7,27,2,7,0,70,0
5869,MC_SC_17_s03L_5869,18,3,3,0,13,0,84,0,0,39,2,6,6,15,1,3,0,7,22
5870,MC_SC_17_s03L_5870,18,4,3,0,13,0,62,2,2,35,1,7,10,9,6,5,0,15,23
5871,MC_SC_17_s03L_5871,18,7,5,1,17,10,91,1,11,1,19,20,17,9,16,0,0,14,10
5872,MC_SC_17_s03L_5872,18,5,3,0,13,0,97,2,2,43,4,17,25,29,15,1,0,31,22
5873,MC_SC_17_s03L_5873,18,8,3,3,4,125,66,1,143,100,12,0,10,0,64,12,17,1,1
5874,MC_SC_17_s03L_5874,18,4,2,2,14,9,86,0,45,4,4,0,3,14,17,17,0,14,7
5875,MC_SC_17_s03L_5875,18,2,1,0,16,1,32,0,1,32,10,3,2,6,24,1,0,9,0
5876,MC_SC_17_s03L_5876,18,2,1,0,14,12,35,0,90,11,0,1,11,15,1,0,7,64,1
5877,MC_SC_17_s03L_5877,18,3,2,0,15,0,37,0,0,26,1,14,17,2,0,9,0,4,37
5878,MC_SC_17_s03L_5878,18,3,2,0,40,0,76,52,0,53,24,2,6,17,4,8,0,5,2
5879,MC_SC_17_s03L_5879,18,2,1,0,34,0,113,7,1,65,3,15,20,12,2,11,1,30,8
5880,MC_SC_17_s03L_5880,18,3,2,0,15,0,99,0,0,74,11,1,10,39,7,8,0,16,1
5881,MC_SC_17_s03L_5881,18,6,4,97,72,63,110,19,73,157,20,4,26,29,90,39,5,39,21
5882,MC_SC_17_s03L_5882,18,3,1,0,25,0,35,34,2,112,29,0,6,2,5,0,0,5,4
5883,MC_SC_17_s03L_5883,18,2,1,0,24,0,78,1,0,24,0,16,4,9,0,2,0,19,7
5884,MC_SC_17_s03L_5884,18,2,1,0,28,10,83,1,12,0,0,2,5,22,0,2,0,44,16
5885,MC_SC_17_s03L_5885,18,8,3,0,20,0,38,0,7,64,14,0,8,10,19,4,0,0,0
5886,MC_SC_17_s03L_5886,18,1,1,2,1,0,7,0,2,2,0,0,0,0,0,0,0,0,0
5887,MC_SC_17_s03L_5887,18,4,2,0,1,0,60,1,0,35,0,3,6,11,2,7,0,0,2
5888,MC_SC_17_s03L_5888,18,1,1,0,2,0,28,0,0,6,1,0,2,6,0,0,0,9,0
5889,MC_SC_17_s03L_5889,18,1,1,28,2,0,9,16,0,0,4,0,1,0,0,2,0,34,0
5890,MC_SC_17_s03L_5890,18,4,3,66,12,2,32,1,12,2,0,4,10,5,0,4,0,8,24
5891,MC_SC_17_s03L_5891,18,2,2,0,4,0,8,41,9,0,4,6,6,13,0,1,0,12,1
5892,MC_SC_17_s03L_5892,18,4,2,0,19,0,52,4,5,21,2,5,7,14,1,1,0,58,16
5893,MC_SC_17_s03L_5893,18,1,1,23,9,0,19,14,7,0,8,2,7,0,0,2,0,10,0
5894,MC_SC_17_s03L_5894,18,4,3,0,16,0,87,2,2,15,1,9,14,7,0,6,0,22,9
5895,MC_SC_17_s03L_5895,18,1,1,21,22,2,4,18,10,0,3,2,4,3,0,12,0,0,0
5896,MC_SC_17_s03L_5896,18,2,2,70,5,0,62,35,24,2,14,4,22,2,0,5,0,9,0
5897,MC_SC_17_s03L_5897,18,2,1,0,0,0,3,0,0,0,0,0,1,0,0,0,0,7,0
5898,MC_SC_17_s03L_5898,18,3,2,0,55,0,87,3,0,0,41,12,62,2,0,40,0,205,0
5899,MC_SC_17_s03L_5899,18,4,2,0,3,0,19,29,52,7,0,13,13,28,5,1,0,0,0
5900,MC_SC_17_s03L_5900,18,7,4,173,28,47,105,47,151,48,13,1,30,18,57,80,30,21,15
5901,MC_SC_17_s03L_5901,18,1,1,0,0,0,2,0,0,0,0,0,0,0,0,0,0,0,0
5902,MC_SC_17_s03L_5902,18,5,2,58,1,0,46,9,9,19,1,0,2,4,19,14,6,4,1
5903,MC_SC_17_s03L_5903,18,3,2,0,5,0,61,2,0,38,2,6,2,28,0,4,0,27,0
5904,MC_SC_17_s03L_5904,18,5,3,85,5,6,20,36,33,13,12,2,14,10,37,31,5,10,8
5905,MC_SC_17_s03L_5905,18,7,3,1,4,0,73,4,21,137,15,4,24,24,39,16,11,16,2
5906,MC_SC_17_s03L_5906,18,3,3,7,15,0,18,13,16,45,9,2,7,10,9,12,9,5,9
5907,MC_SC_17_s03L_5907,18,3,2,0,15,0,116,2,1,101,0,16,20,46,8,20,0,85,35
5908,MC_SC_17_s03L_5908,18,5,3,0,4,0,46,0,18,30,1,15,7,16,0,10,2,60,0
5909,MC_SC_17_s03L_5909,18,1,1,10,3,0,7,19,2,0,0,9,9,1,3,17,1,2,2
5910,MC_SC_17_s03L_5910,18,5,2,57,10,1,20,2,29,24,15,23,12,18,20,17,0,4,1
5911,MC_SC_17_s03L_5911,18,4,2,54,11,0,26,45,17,2,1,13,19,7,3,29,0,5,0
5912,MC_SC_17_s03L_5912,18,5,3,62,3,0,13,19,6,2,8,3,14,3,0,27,0,5,33
5913,MC_SC_17_s03L_5913,18,2,1,7,2,0,0,0,22,2,0,0,2,0,12,0,2,0,0
5914,MC_SC_17_s03L_5914,18,2,2,33,10,0,9,44,4,0,0,5,10,6,0,35,0,1,0
5915,MC_SC_17_s03L_5915,18,2,2,0,16,0,14,0,0,40,2,0,21,8,0,2,2,9,5
5916,MC_SC_17_s03L_5916,18,9,2,46,0,0,15,38,34,2,4,12,15,6,4,18,0,10,3
5917,MC_SC_17_s03L_5917,18,2,1,25,6,0,9,13,14,0,2,4,4,2,0,19,0,2,1
5918,MC_SC_17_s03L_5918,18,2,1,46,14,0,41,36,2,0,1,8,9,13,0,18,0,2,0
5919,MC_SC_17_s03L_5919,18,7,5,1,23,2,32,75,63,0,2,3,27,28,10,22,0,84,3
5920,MC_SC_17_s03L_5920,18,5,2,220,19,29,64,35,13,26,8,5,25,4,70,50,12,6,9
5921,MC_SC_17_s03L_5921,18,7,4,161,15,41,56,6,23,46,1,2,24,42,69,68,52,5,34
5922,MC_SC_17_s03L_5922,18,1,1,0,1,0,17,0,14,2,0,0,0,5,0,0,0,0,0
5923,MC_SC_17_s03L_5923,18,10,6,1,14,30,109,5,134,63,11,0,24,39,73,54,49,3,40
5924,MC_SC_17_s03L_5924,18,6,5,1,24,5,63,50,6,0,8,7,7,13,0,10,0,24,0
5925,MC_SC_17_s03L_5925,18,4,3,0,4,0,27,3,4,13,2,8,17,5,0,12,0,9,8
5926,MC_SC_17_s03L_5926,18,3,2,0,3,0,19,1,0,3,1,12,8,10,0,3,0,32,20
5927,MC_SC_17_s03L_5927,18,2,2,37,20,0,14,1,3,0,1,0,13,3,3,32,0,18,2
5928,MC_SC_17_s03L_5928,18,8,4,0,47,4,18,1,1,78,36,0,9,0,32,17,2,0,11
5929,MC_SC_17_s03L_5929,18,6,5,0,1,0,9,1,11,14,0,4,4,5,0,0,0,4,1
5930,MC_SC_17_s03L_5930,18,5,3,0,40,0,20,1,0,4,0,10,15,10,0,15,0,23,5
5931,MC_SC_17_s03L_5931,18,2,1,0,3,0,15,0,1,0,0,9,11,5,0,2,0,19,18
5932,MC_SC_17_s03L_5932,18,5,3,0,8,0,58,2,14,32,18,23,30,37,2,22,2,95,3
5933,MC_SC_17_s03L_5933,18,5,2,0,9,7,21,0,6,0,0,0,0,0,0,0,0,0,0
5934,MC_SC_17_s03L_5934,18,4,1,0,30,0,8,0,0,0,2,0,0,0,0,0,0,0,0
5935,MC_SC_17_s03L_5935,18,3,1,1,11,0,25,0,1,14,2,0,5,4,0,4,0,25,4
5936,MC_SC_17_s03L_5936,18,5,1,0,15,0,82,2,1,23,5,4,20,9,0,12,2,36,1
5937,MC_SC_17_s03L_5937,18,5,3,0,22,0,7,0,10,19,1,3,8,0,2,6,0,26,3
5938,MC_SC_17_s03L_5938,18,4,3,0,5,0,34,21,0,3,0,5,4,12,0,0,0,3,0
5939,MC_SC_17_s03L_5939,18,1,1,0,0,0,0,0,0,0,0,0,0,0,0,0,0,0,1
5940,MC_SC_17_s03L_5940,18,1,1,0,0,0,0,0,0,0,0,0,0,0,0,0,0,0,0
5941,MC_SC_17_s03L_5941,18,3,2,43,10,0,0,0,4,0,0,0,8,19,0,1,0,11,3
5942,MC_SC_17_s03L_5942,18,2,1,4,12,0,16,2,1,10,0,9,9,2,0,7,3,5,19
5943,MC_SC_17_s03L_5943,18,2,1,11,4,0,0,0,15,0,13,0,3,10,0,0,0,8,0
5944,MC_SC_17_s03L_5944,18,5,3,0,21,7,155,3,111,355,52,1,19,39,166,22,29,9,23
5945,MC_SC_17_s03L_5945,18,1,1,19,12,0,3,0,2,0,2,0,13,15,0,6,0,20,19
5946,MC_SC_17_s03L_5946,18,2,1,0,9,0,8,5,6,13,0,7,2,13,0,23,0,0,11
5947,MC_SC_17_s03L_5947,18,2,2,0,6,0,12,0,0,8,0,0,2,6,0,3,0,1,0
5948,MC_SC_17_s03L_5948,18,1,1,1,36,10,3,0,0,7,0,0,3,12,0,0,0,7,0
5949,MC_SC_17_s03L_5949,18,1,1,3,10,0,2,2,9,0,19,3,10,13,0,7,0,9,4
5950,MC_SC_17_s03L_5950,18,5,3,0,15,1,34,5,1,2,2,0,20,32,0,11,0,49,2
5951,MC_SC_17_s03L_5951,18,7,5,1,82,3,39,62,108,190,10,9,14,31,36,49,22,11,31
5952,MC_SC_17_s03L_5952,18,5,3,1,111,3,27,2,10,12,0,3,28,47,11,11,14,32,5
5953,MC_SC_17_s03L_5953,18,2,1,1,21,0,0,0,5,0,1,21,5,7,0,3,0,0,10
5954,MC_SC_17_s03L_5954,18,5,4,0,11,0,15,0,0,7,2,1,8,3,2,0,0,0,0
5955,MC_SC_17_s03L_5955,18,4,4,76,29,0,0,0,9,0,19,10,0,13,0,7,0,78,16
5956,MC_SC_17_s03L_5956,18,2,1,83,5,0,22,0,37,0,17,15,23,22,0,5,0,23,23
5957,MC_SC_17_s03L_5957,18,8,5,2,68,0,58,0,25,34,41,3,27,29,5,22,7,55,27
5958,MC_SC_17_s03L_5958,18,1,1,0,0,0,0,1,1,0,0,0,0,0,0,0,2,0,0
5959,MC_SC_17_s03L_5959,18,1,1,40,9,0,0,3,14,0,0,9,8,3,0,7,0,17,2
5960,MC_SC_17_s03L_5960,18,3,2,53,6,0,0,2,6,0,0,0,21,3,0,5,0,19,51
5961,MC_SC_17_s03L_5961,18,4,2,3,2,0,3,49,33,2,0,3,16,0,1,13,4,0,0
5962,MC_SC_17_s03L_5962,18,4,3,0,33,0,15,1,3,22,1,12,11,19,0,5,0,2,2
5963,MC_SC_17_s03L_5963,18,3,2,1,5,0,3,2,1,8,12,0,13,45,0,23,0,68,12
5964,MC_SC_17_s03L_5964,18,1,1,26,10,0,3,1,46,0,1,1,34,14,0,5,0,3,19
5965,MC_SC_17_s03L_5965,18,2,1,58,13,0,3,38,39,0,0,10,23,3,0,0,0,2,0
5966,MC_SC_17_s03L_5966,18,6,3,3,59,3,28,5,2,4,0,4,33,63,18,12,4,34,0
5967,MC_SC_17_s03L_5967,18,1,1,24,4,0,4,0,1,0,2,0,3,0,0,3,0,33,9
5968,MC_SC_17_s03L_5968,18,1,1,39,3,0,14,1,14,0,22,12,18,21,0,16,0,33,18
5969,MC_SC_17_s03L_5969,18,2,1,65,8,0,0,0,11,0,17,11,1,6,2,0,5,78,13
5970,MC_SC_17_s03L_5970,18,5,1,0,8,0,9,2,16,36,30,3,9,12,2,10,0,9,2
5971,MC_SC_17_s03L_5971,18,5,2,0,6,0,38,2,18,28,20,5,14,4,0,11,0,22,11
5972,MC_SC_17_s03L_5972,18,1,1,19,4,0,6,0,13,0,10,4,11,26,0,3,0,5,2
5973,MC_SC_17_s03L_5973,18,3,2,11,23,0,28,57,12,17,59,21,30,25,17,18,2,53,25
5974,MC_SC_17_s03L_5974,18,7,3,93,4,0,18,3,14,4,34,26,34,42,17,4,3,86,53
5975,MC_SC_17_s03L_5975,18,1,1,42,0,0,1,0,12,0,4,0,6,5,8,1,0,6,7
5976,MC_SC_17_s03L_5976,18,4,3,125,15,0,32,4,46,8,35,10,30,28,27,32,9,20,31
5977,MC_SC_17_s03L_5977,18,4,3,97,14,0,5,3,19,5,9,36,63,63,45,0,2,63,51
5978,MC_SC_17_s03L_5978,18,4,3,51,8,0,15,0,20,12,35,39,22,29,22,8,7,43,24
5979,MC_SC_17_s03L_5979,18,4,2,0,4,0,1,41,24,8,0,1,11,10,0,7,0,0,0
5980,MC_SC_17_s03L_5980,18,6,4,309,19,0,0,5,96,0,20,39,21,12,13,9,15,190,57
5981,MC_SC_17_s03L_5981,18,3,2,100,53,0,3,7,68,21,11,1,32,42,4,1,0,12,18
5982,MC_SC_17_s03L_5982,18,2,1,59,22,0,0,1,13,2,1,2,29,36,3,3,5,20,17
5983,MC_SC_17_s03L_5983,18,3,2,0,12,0,46,2,0,66,36,5,11,2,26,15,0,21,1
5984,MC_SC_17_s03L_5984,18,3,1,52,11,0,5,36,27,0,7,16,35,3,0,0,0,26,1
5985,MC_SC_17_s03L_5985,18,1,1,26,6,0,1,1,20,0,5,5,7,7,10,10,0,9,2
5986,MC_SC_17_s03L_5986,18,4,3,0,36,0,2,58,14,55,16,21,40,23,12,35,4,6,16
5987,MC_SC_17_s03L_5987,18,3,2,161,6,0,10,2,53,2,27,10,11,4,13,5,48,99,15
5988,MC_SC_17_s03L_5988,18,4,3,2,22,2,16,2,6,4,6,0,12,6,2,9,2,2,0
5989,MC_SC_17_s03L_5989,18,3,2,0,3,0,0,50,24,14,1,5,19,6,0,17,2,4,0
5990,MC_SC_17_s03L_5990,18,9,4,12,18,1,5,0,68,17,23,1,15,50,25,14,17,2,2
5991,MC_SC_17_s03L_5991,18,3,2,95,25,0,1,3,37,19,18,18,66,32,17,35,16,57,70
5992,MC_SC_17_s03L_5992,18,6,4,1,91,30,28,7,11,18,0,28,57,78,63,38,18,42,6
5993,MC_SC_17_s03L_5993,18,1,1,2,12,0,0,0,13,0,0,0,0,0,0,3,0,0,0
5994,MC_SC_17_s03L_5994,18,1,1,0,0,0,0,0,0,0,0,0,1,0,0,0,0,0,0
5995,MC_SC_17_s03L_5995,18,6,3,1,18,0,22,63,16,106,15,2,22,0,17,12,2,30,6
5996,MC_SC_17_s03L_5996,18,12,6,3,66,37,76,39,157,43,46,13,31,49,85,43,10,17,14
5997,MC_SC_17_s03L_5997,18,1,1,51,12,1,6,5,21,7,8,10,21,5,5,23,0,8,24
5998,MC_SC_17_s03L_5998,18,4,1,0,34,0,22,2,10,63,4,3,23,22,46,24,0,8,9
5999,MC_SC_17_s03L_5999,18,3,2,2,10,4,0,68,65,18,3,23,38,17,8,18,8,10,3
6000,MC_SC_17_s03L_6000,18,5,3,10,80,10,62,84,274,475,45,12,59,55,241,145,61,4,34
6001,MC_SC_17_s03L_6001,18,2,2,114,15,1,0,4,23,1,3,17,49,16,8,17,0,55,44
6002,MC_SC_17_s03L_6002,18,14,4,128,19,2,23,23,19,3,27,11,20,22,7,76,8,29,54
6003,MC_SC_17_s03L_6003,18,3,3,1,8,0,16,46,14,4,5,12,26,19,15,24,2,2,0
6004,MC_SC_17_s03L_6004,18,4,3,0,46,0,4,11,2,2,0,0,6,1,0,15,5,2,1
6005,MC_SC_17_s03L_6005,18,3,2,9,104,20,5,6,7,24,3,0,35,33,9,16,13,54,2
6006,MC_SC_17_s03L_6006,18,3,2,0,5,0,7,75,31,6,50,9,28,4,0,10,0,7,1
6007,MC_SC_17_s03L_6007,18,4,3,0,96,28,46,3,16,10,9,13,14,28,35,18,3,9,66
6008,MC_SC_17_s03L_6008,18,3,2,42,8,0,6,6,20,0,1,6,3,13,0,11,2,5,1
6009,MC_SC_17_s03L_6009,18,1,1,5,3,0,5,1,1,0,1,0,0,0,0,0,0,0,0
6010,MC_SC_17_s03L_6010,18,3,2,18,57,0,12,0,27,6,25,14,13,22,0,26,2,20,6
6011,MC_SC_17_s03L_6011,18,3,2,0,31,12,8,1,7,4,5,16,30,21,3,13,5,40,0
6012,MC_SC_17_s03L_6012,18,1,1,62,3,0,14,1,38,1,15,0,8,0,15,3,0,0,2
6013,MC_SC_17_s03L_6013,18,4,3,0,24,8,74,4,20,3,12,1,7,29,10,29,2,5,25
6014,MC_SC_17_s03L_6014,18,6,4,190,60,30,32,7,139,20,47,2,86,1,56,58,12,16,46
6015,MC_SC_17_s03L_6015,18,11,3,0,58,5,144,1,5,267,26,21,35,28,95,11,21,111,4
6016,MC_SC_17_s03L_6016,18,2,2,42,18,0,7,40,39,0,14,4,36,4,0,2,0,2,7
6017,MC_SC_17_s03L_6017,18,5,2,0,17,12,19,7,75,8,16,1,27,43,67,32,7,15,1
6018,MC_SC_17_s03L_6018,18,5,3,0,33,1,77,6,5,192,4,13,11,51,1,28,17,103,0
6019,MC_SC_17_s03L_6019,18,4,3,2,1,0,0,50,8,0,5,5,3,0,2,0,0,0,0
6020,MC_SC_17_s03L_6020,18,4,2,0,39,0,60,16,3,111,7,1,15,28,37,23,7,14,20
6021,MC_SC_17_s03L_6021,18,1,1,12,0,0,0,0,14,0,3,0,1,0,0,0,0,0,0
6022,MC_SC_17_s03L_6022,18,1,1,3,1,7,2,0,0,0,0,0,0,0,0,0,0,0,0
6023,MC_SC_17_s03L_6023,18,4,3,1,29,0,2,2,22,61,3,2,15,3,15,11,0,9,0
6024,MC_SC_17_s03L_6024,18,2,2,19,11,0,0,0,27,0,4,0,0,3,0,0,0,0,0
6025,MC_SC_17_s03L_6025,18,4,3,0,31,1,10,44,11,3,56,4,10,1,0,14,3,18,1
6026,MC_SC_17_s03L_6026,18,4,2,51,10,5,26,2,12,26,29,1,41,21,6,10,2,29,34
6027,MC_SC_17_s03L_6027,18,5,3,0,47,0,29,55,36,0,54,35,8,29,1,26,0,16,14
6028,MC_SC_17_s03L_6028,18,4,3,0,97,0,5,1,38,97,78,25,18,31,13,33,8,31,20
6029,MC_SC_17_s03L_6029,18,4,3,1,8,9,9,45,61,10,41,13,5,3,0,2,0,10,0
6030,MC_SC_17_s03L_6030,18,2,2,24,1,0,8,0,15,0,1,0,0,3,0,0,0,0,0
6031,MC_SC_17_s03L_6031,18,4,3,41,21,10,18,4,11,0,10,13,7,32,1,15,0,33,7
6032,MC_SC_17_s03L_6032,18,6,3,1,15,2,16,36,76,68,1,0,10,3,0,5,0,4,2
6033,MC_SC_17_s03L_6033,18,1,1,59,11,0,6,1,10,0,4,1,10,21,0,7,0,0,18
6034,MC_SC_17_s03L_6034,18,8,7,0,36,11,1,2,4,10,1,0,21,19,1,34,10,4,4
6035,MC_SC_17_s03L_6035,18,1,1,0,2,0,0,61,48,3,1,0,17,25,0,10,0,1,0
6036,MC_SC_17_s03L_6036,18,3,2,0,27,0,0,0,1,2,5,0,0,5,0,10,2,5,25
6037,MC_SC_17_s03L_6037,18,6,4,0,24,17,23,83,60,4,46,2,63,45,0,15,0,24,16
6038,MC_SC_17_s03L_6038,18,2,1,0,16,3,21,0,14,4,8,0,3,4,0,12,2,14,11
6039,MC_SC_17_s03L_6039,18,3,1,0,36,0,73,3,7,67,2,0,16,29,2,32,0,85,52
6040,MC_SC_17_s03L_6040,18,4,2,0,22,0,23,56,21,48,11,6,27,2,7,9,0,27,6
6041,MC_SC_17_s03L_6041,18,11,7,141,47,18,17,16,78,0,9,24,13,42,0,24,0,45,10
6042,MC_SC_17_s03L_6042,18,3,2,54,18,2,2,3,7,0,0,16,49,28,0,0,0,33,26
6043,MC_SC_17_s03L_6043,18,5,3,0,178,0,25,4,9,169,113,44,16,73,66,35,2,6,5
6044,MC_SC_17_s03L_6044,18,6,4,0,9,0,29,1,1,111,7,1,11,27,43,11,2,8,13
6045,MC_SC_17_s03L_6045,18,6,4,0,24,21,45,26,159,3,17,43,33,52,11,24,14,28,19
6046,MC_SC_17_s03L_6046,18,5,3,0,44,0,85,2,7,33,1,0,13,29,0,15,0,68,40
6047,MC_SC_17_s03L_6047,18,4,2,0,5,0,43,3,17,12,28,21,19,13,0,0,0,14,1
6048,MC_SC_17_s03L_6048,18,5,2,0,69,21,52,1,15,15,1,0,12,27,0,13,15,4,31
6049,MC_SC_17_s03L_6049,18,2,2,0,0,0,5,12,13,0,13,3,20,0,0,1,0,9,2
6050,MC_SC_17_s03L_6050,18,1,1,0,0,0,0,0,1,2,0,0,1,2,4,5,0,3,0
6051,MC_SC_17_s03L_6051,18,5,3,0,34,0,21,1,53,95,6,5,13,22,0,39,0,7,12
6052,MC_SC_17_s03L_6052,18,3,2,0,25,0,25,1,2,57,15,2,3,13,0,10,0,33,6
6053,MC_SC_17_s03L_6053,18,4,2,2,8,0,33,2,25,96,29,28,11,4,13,9,0,26,25
6054,MC_SC_17_s03L_6054,18,1,1,2,0,0,0,1,1,0,0,0,1,0,3,0,0,0,0
6055,MC_SC_17_s03L_6055,18,2,1,0,5,0,0,3,0,24,0,0,0,3,1,4,0,1,5
6056,MC_SC_17_s03L_6056,18,6,3,0,22,2,4,2,2,106,48,29,19,23,50,14,5,25,11
6057,MC_SC_17_s03L_6057,18,2,1,0,31,0,12,1,1,0,18,10,30,22,0,5,0,14,1
6058,MC_SC_17_s03L_6058,18,5,3,0,2,0,1,51,43,3,2,3,14,1,0,3,2,1,1
6059,MC_SC_17_s03L_6059,18,5,3,78,29,1,4,41,13,4,0,0,14,0,6,4,2,2,16
6060,MC_SC_17_s03L_6060,18,6,4,0,65,27,21,1,7,5,8,14,15,24,23,44,2,11,48
6061,MC_SC_17_s03L_6061,18,3,1,0,0,0,0,42,12,0,1,2,8,3,0,8,0,0,2
6062,MC_SC_17_s03L_6062,18,9,7,58,20,0,13,5,7,0,1,1,14,10,2,18,0,15,12
6063,MC_SC_17_s03L_6063,18,4,2,0,1,0,0,71,13,3,11,8,21,0,0,5,0,0,0
6064,MC_SC_17_s03L_6064,18,4,3,0,75,2,51,0,0,147,57,3,17,24,48,28,6,41,40
6065,MC_SC_17_s03L_6065,18,4,2,0,1,0,0,53,27,6,4,3,14,1,0,2,2,0,0
6066,MC_SC_17_s03L_6066,18,12,4,1,87,1,21,2,0,17,14,35,12,5,107,31,89,18,10
6067,MC_SC_17_s03L_6067,18,6,4,84,55,13,10,38,10,9,11,1,13,0,18,20,6,5,32
6068,MC_SC_17_s03L_6068,18,1,1,0,5,0,0,0,1,0,0,0,0,1,1,1,0,0,0
6069,MC_SC_17_s03L_6069,18,2,2,1,60,0,11,6,7,6,13,4,5,25,2,8,2,23,37
6070,MC_SC_17_s03L_6070,18,6,2,0,236,19,44,16,7,494,92,2,24,37,136,67,56,2,5
6071,MC_SC_17_s03L_6071,18,1,1,3,9,0,19,8,1,1,0,2,17,9,0,2,0,13,11
6072,MC_SC_17_s03L_6072,18,5,2,43,35,0,17,4,16,3,3,18,19,3,0,24,2,15,23
6073,MC_SC_17_s03L_6073,18,9,3,0,10,12,20,42,100,21,12,16,23,21,46,15,23,13,11
6074,MC_SC_17_s03L_6074,18,1,1,0,11,0,11,2,4,29,6,4,2,3,3,0,0,29,4
6075,MC_SC_17_s03L_6075,18,9,4,1,117,19,190,8,200,460,63,28,17,76,190,95,47,48,8
6076,MC_SC_17_s03L_6076,18,3,2,0,44,0,12,1,0,82,1,0,8,14,22,23,4,120,24
6077,MC_SC_17_s03L_6077,18,3,2,3,11,0,60,1,0,15,8,11,11,12,0,4,2,8,7
6078,MC_SC_17_s03L_6078,18,6,3,1,99,0,60,5,0,116,14,12,15,65,34,8,1,181,63
6079,MC_SC_17_s03L_6079,18,4,2,0,72,0,36,19,5,69,8,9,8,24,1,20,0,17,37
6080,MC_SC_17_s03L_6080,18,4,2,0,43,7,83,35,27,0,8,9,38,26,0,16,2,0,3
6081,MC_SC_17_s03L_6081,18,3,2,1,42,3,72,56,44,0,19,36,41,27,0,25,0,9,6
6082,MC_SC_17_s03L_6082,18,5,5,36,8,4,35,19,18,0,2,4,5,7,0,5,0,8,5
6083,MC_SC_17_s03L_6083,18,6,4,105,34,10,20,37,15,15,3,1,20,6,9,30,9,8,32
6084,MC_SC_17_s03L_6084,18,4,2,0,9,0,0,38,33,0,4,3,24,0,0,7,0,0,0
6085,MC_SC_17_s03L_6085,18,5,3,0,77,0,116,1,35,69,29,23,35,74,95,58,4,79,57
6086,MC_SC_17_s03L_6086,18,4,3,0,2,0,7,27,52,3,22,9,12,5,9,5,11,5,8
6087,MC_SC_17_s03L_6087,18,14,3,0,46,1,120,2,318,86,33,0,33,75,186,78,15,9,8
6088,MC_SC_17_s03L_6088,18,1,1,0,6,0,15,0,0,4,0,4,0,13,0,3,0,34,0
6089,MC_SC_17_s03L_6089,18,7,4,0,15,5,21,0,0,20,36,0,8,35,0,33,4,42,5
6090,MC_SC_17_s03L_6090,18,3,2,2,1,0,0,41,57,0,0,1,21,8,0,17,0,1,0
6091,MC_SC_17_s03L_6091,18,3,1,2,8,0,30,37,27,0,41,19,14,6,0,8,0,15,7
6092,MC_SC_17_s03L_6092,18,8,6,59,52,0,61,2,9,6,5,13,22,32,60,51,27,17,17
6093,MC_SC_17_s03L_6093,18,1,1,1,2,0,8,3,10,15,10,8,11,23,13,28,3,9,9
6094,MC_SC_17_s03L_6094,18,6,2,0,10,1,26,55,107,12,43,17,21,14,45,13,8,6,21
6095,MC_SC_17_s03L_6095,18,4,1,0,3,2,2,6,60,8,16,8,13,49,0,5,4,6,1
6096,MC_SC_17_s03L_6096,18,5,3,0,4,0,0,44,22,2,1,9,18,1,0,14,0,0,0
6097,MC_SC_17_s03L_6097,18,12,5,4,83,238,447,17,429,101,173,8,57,222,187,159,76,45,24
6098,MC_SC_17_s03L_6098,18,1,1,0,10,0,0,0,0,0,1,2,8,3,0,6,0,0,11
6099,MC_SC_17_s03L_6099,18,3,2,0,13,0,52,2,34,23,38,2,6,26,0,35,0,28,19
6100,MC_SC_17_s03L_6100,18,4,3,0,10,0,42,2,8,61,6,7,18,40,2,16,4,30,0
6101,MC_SC_17_s03L_6101,18,3,1,0,8,0,57,1,59,138,1,4,0,17,0,12,22,149,21
6102,MC_SC_17_s03L_6102,18,4,2,0,2,0,10,18,28,0,18,7,7,1,20,9,2,27,30
6103,MC_SC_17_s03L_6103,18,4,3,0,11,15,77,4,48,5,26,23,9,36,0,25,4,4,5
6104,MC_SC_17_s03L_6104,18,3,2,0,13,5,107,7,77,2,15,34,20,37,2,37,0,2,2
6105,MC_SC_17_s03L_6105,18,4,3,115,30,0,3,5,78,21,39,3,13,49,72,15,200,76,57
6106,MC_SC_17_s03L_6106,18,1,1,0,7,0,21,13,0,29,11,0,8,4,2,7,0,3,1
6107,MC_SC_17_s03L_6107,18,3,2,0,59,0,17,3,0,89,29,8,24,60,29,5,0,0,30
6108,MC_SC_17_s03L_6108,18,9,4,128,78,1,20,6,10,47,24,31,10,28,76,41,189,40,20
6109,MC_SC_17_s03L_6109,18,8,6,0,24,0,60,32,44,82,16,4,18,1,21,17,6,12,1
6110,MC_SC_17_s03L_6110,18,6,4,1,116,136,186,92,388,84,130,25,29,113,155,93,36,25,35
6111,MC_SC_17_s03L_6111,18,6,5,0,100,5,200,4,4,280,13,8,30,63,157,40,12,50,60
6112,MC_SC_17_s03L_6112,18,5,2,88,59,0,3,6,20,4,17,0,10,28,18,18,53,27,23
6113,MC_SC_17_s03L_6113,18,2,1,1,13,0,15,1,10,41,16,0,7,20,3,2,10,44,11
6114,MC_SC_17_s03L_6114,18,7,2,0,26,20,69,46,71,17,36,4,23,8,0,14,5,9,8
6115,MC_SC_17_s03L_6115,18,8,6,0,17,43,9,24,91,26,36,35,15,20,74,16,10,2,17
6116,MC_SC_17_s03L_6116,18,1,1,0,2,0,0,1,3,8,0,0,2,2,20,0,46,0,0
6117,MC_SC_17_s03L_6117,18,7,5,103,68,1,5,4,23,18,39,3,14,63,221,78,168,38,52
6118,MC_SC_17_s03L_6118,18,7,2,0,93,9,134,24,2,280,31,9,33,11,118,72,14,5,4
6119,MC_SC_17_s03L_6119,18,3,2,0,30,1,17,60,8,8,74,16,36,2,8,1,0,11,11
6120,MC_SC_17_s03L_6120,18,13,3,267,171,8,31,13,33,61,75,150,38,114,375,143,542,23,77
6121,MC_SC_17_s03L_6121,18,4,3,0,67,9,32,18,33,154,11,31,21,71,30,54,32,98,48
6122,MC_SC_17_s03L_6122,18,6,3,0,112,5,61,6,12,286,110,73,63,122,127,53,37,205,38
6123,MC_SC_17_s03L_6123,18,2,1,0,65,6,5,5,35,79,5,7,3,27,3,1,6,50,3
6124,MC_SC_17_s03L_6124,18,5,3,1,44,0,62,86,39,170,27,2,54,9,49,15,0,28,1
6125,MC_SC_17_s03L_6125,18,4,3,0,46,29,123,35,1,4,7,19,27,19,39,23,8,59,59
6126,MC_SC_17_s03L_6126,18,1,1,0,4,0,0,2,10,0,10,0,0,0,0,0,0,0,0
6127,MC_SC_17_s03L_6127,18,1,1,0,0,1,0,3,9,2,0,0,0,3,10,4,0,0,0
6128,MC_SC_17_s03L_6128,18,1,1,0,10,6,5,20,12,6,9,0,4,2,4,5,2,0,2
6129,MC_SC_17_s03L_6129,18,8,5,17,49,3,14,7,5,12,12,18,21,12,50,46,119,30,21
6130,MC_SC_17_s03L_6130,18,8,6,0,55,0,50,16,1,127,16,6,30,6,56,63,0,12,6
6131,MC_SC_17_s03L_6131,18,1,1,0,0,0,3,1,0,20,1,0,0,4,12,2,0,0,0
6132,MC_SC_17_s03L_6132,18,5,2,0,4,0,14,0,3,38,5,11,14,0,5,15,2,4,0
6133,MC_SC_17_s03L_6133,18,4,2,0,17,21,89,0,17,106,61,5,50,50,25,33,9,144,15
6134,MC_SC_17_s03L_6134,18,1,1,0,1,0,15,1,4,46,5,2,1,1,2,0,0,7,8
6135,MC_SC_17_s03L_6135,18,6,2,118,29,0,2,0,36,0,5,0,5,18,1,42,51,29,19
6136,MC_SC_17_s03L_6136,18,6,4,0,120,0,227,6,6,49,10,4,19,75,4,36,4,159,84
6137,MC_SC_17_s03L_6137,18,4,2,0,45,0,72,3,1,59,0,27,22,36,65,39,2,115,17
6138,MC_SC_17_s03L_6138,18,4,2,0,37,0,88,1,13,76,0,8,28,51,2,31,9,170,53
6139,MC_SC_17_s03L_6139,18,6,2,0,109,0,227,7,31,306,5,67,27,110,19,106,33,516,140
6140,MC_SC_17_s03L_6140,18,6,3,0,66,0,88,0,15,92,11,6,15,43,0,30,4,92,16
6141,MC_SC_17_s03L_6141,18,7,4,97,102,6,150,1,18,17,18,46,47,108,107,6,165,71,48
6142,MC_SC_17_s03L_6142,18,10,4,55,71,2,57,2,25,20,16,7,11,87,161,55,136,14,14
6143,MC_SC_17_s03L_6143,18,10,8,86,41,6,2,2,19,20,14,25,23,14,8,43,11,43,10
6144,MC_SC_17_s03L_6144,18,7,2,0,34,0,117,4,4,87,14,14,14,62,0,55,7,126,51
6145,MC_SC_17_s03L_6145,18,10,4,0,530,0,710,21,36,779,146,111,45,108,96,339,61,175,192
6146,MC_SC_17_s03L_6146,18,1,1,0,0,0,0,0,0,0,2,0,0,7,6,3,5,0,0
6147,MC_SC_17_s03L_6147,18,12,4,101,57,0,130,12,24,16,27,22,18,42,5,16,13,16,19
6148,MC_SC_17_s03L_6148,18,4,3,0,9,1,4,0,0,20,0,2,9,14,4,0,0,1,0
6149,MC_SC_17_s03L_6149,18,8,4,0,3,0,5,0,4,46,3,31,10,4,4,0,0,0,0
6150,MC_SC_17_s03L_6150,18,6,3,0,54,0,194,4,112,244,8,71,22,94,0,90,10,462,78
6151,MC_SC_17_s03L_6151,18,4,2,0,72,0,133,4,0,236,7,48,20,97,52,21,0,139,52
6152,MC_SC_17_s03L_6152,18,1,1,0,3,0,0,0,1,23,0,0,0,1,0,0,0,0,0
6153,MC_SC_17_s03L_6153,18,7,4,0,34,0,48,2,5,81,7,5,24,37,15,2,3,87,15
6154,MC_SC_17_s03L_6154,18,9,5,158,89,18,24,9,8,92,13,2,8,16,82,63,98,19,8
6155,MC_SC_17_s03L_6155,18,3,2,0,65,1,67,3,62,193,18,26,12,70,53,36,4,169,54
6156,MC_SC_17_s03L_6156,18,7,4,55,94,3,62,9,7,33,28,10,14,24,94,21,136,11,18
6157,MC_SC_17_s03L_6157,18,1,1,0,12,0,3,2,1,70,1,0,0,14,11,8,2,7,1
6158,MC_SC_17_s03L_6158,18,7,5,0,263,3,317,9,17,790,49,44,58,231,325,196,36,69,156
6159,MC_SC_17_s03L_6159,18,9,7,96,72,8,86,9,0,52,9,17,12,25,144,10,138,1,4
6160,MC_SC_17_s03L_6160,18,3,2,0,26,0,14,1,0,39,22,8,17,23,6,4,0,0,30
6161,MC_SC_17_s03L_6161,18,6,4,0,6,0,11,3,3,83,34,5,12,61,2,6,0,71,22
6162,MC_SC_17_s03L_6162,18,7,2,1,74,0,30,12,67,255,29,90,33,117,1,13,12,270,46
6163,MC_SC_17_s03L_6163,18,5,3,0,111,0,2,8,70,145,30,16,4,69,19,16,4,171,34
6164,MC_SC_17_s03L_6164,18,5,3,1,133,3,270,13,59,250,68,73,44,140,187,94,14,79,40
6165,MC_SC_17_s03L_6165,18,1,1,0,2,0,10,2,1,3,5,2,4,1,0,7,0,24,0
6166,MC_SC_17_s03L_6166,18,4,3,0,20,0,61,16,3,55,8,22,20,51,9,32,1,52,0
6167,MC_SC_17_s03L_6167,18,1,1,3,0,0,6,1,0,0,2,0,0,1,3,0,20,0,0
6168,MC_SC_17_s03L_6168,18,4,2,0,4,0,10,1,5,37,11,6,12,2,11,5,0,0,2
6169,MC_SC_17_s03L_6169,18,4,3,0,20,0,36,1,0,71,0,17,22,37,34,22,1,4,0
6170,MC_SC_17_s03L_6170,18,1,1,35,17,0,15,3,4,9,9,20,8,7,50,14,80,2,4
6171,MC_SC_17_s03L_6171,18,5,3,0,15,0,39,5,38,129,6,6,30,37,4,18,6,8,25
6172,MC_SC_17_s03L_6172,18,3,2,0,20,0,92,33,0,67,2,3,7,19,4,16,0,40,1
6173,MC_SC_17_s03L_6173,18,1,1,0,1,0,27,10,15,4,24,1,5,16,2,10,0,0,1
6174,MC_SC_17_s03L_6174,18,7,4,121,144,4,190,13,11,29,31,165,51,43,300,183,427,47,38
6175,MC_SC_17_s03L_6175,18,7,1,0,14,0,22,5,10,43,8,22,11,4,23,0,3,17,1
6176,MC_SC_17_s03L_6176,18,12,4,120,231,0,62,9,25,10,46,204,41,37,318,184,365,54,22
6177,MC_SC_17_s03L_6177,18,1,1,1,13,0,45,13,2,9,10,7,13,38,8,0,0,2,4
6178,MC_SC_17_s03L_6178,18,4,3,0,0,0,2,29,0,5,6,11,13,6,0,8,0,2,3
6179,MC_SC_17_s03L_6179,18,5,2,0,22,0,0,0,0,0,1,2,14,17,11,0,0,9,11
6180,MC_SC_17_s03L_6180,18,4,3,0,15,0,0,0,0,44,8,0,14,28,12,15,0,46,0
6181,MC_SC_17_s03L_6181,18,2,2,0,2,0,13,1,3,10,11,1,8,15,2,8,3,1,1
6182,MC_SC_17_s03L_6182,18,4,2,0,22,0,26,11,29,73,34,15,28,12,17,23,3,0,2
6183,MC_SC_17_s03L_6183,18,1,1,14,1,0,4,1,0,1,6,0,0,5,30,12,32,0,1
6184,MC_SC_17_s03L_6184,18,2,2,0,4,0,14,0,0,0,0,0,4,0,0,0,0,0,0
6185,MC_SC_17_s03L_6185,18,1,1,11,7,0,11,0,5,26,2,1,1,4,15,8,37,3,4
6186,MC_SC_17_s03L_6186,19,5,4,0,0,0,29,1,0,67,1,16,3,14,11,5,0,13,4
6187,MC_SC_17_s03L_6187,19,8,3,5,4,0,43,0,2,28,2,1,11,16,26,5,29,3,5
6188,MC_SC_17_s03L_6188,19,4,2,1,2,2,13,23,14,17,1,0,2,8,7,0,0,1,2
6189,MC_SC_17_s03L_6189,19,5,2,0,2,0,28,25,1,65,25,14,4,19,23,0,0,4,0
6190,MC_SC_17_s03L_6190,19,7,6,1,30,0,161,0,1,212,44,33,33,56,17,4,3,21,41
6191,MC_SC_17_s03L_6191,19,2,1,4,1,20,4,0,4,44,3,0,0,3,5,0,24,2,0
6192,MC_SC_17_s03L_6192,19,6,3,0,22,0,125,81,102,200,43,28,35,56,43,10,0,75,44
6193,MC_SC_17_s03L_6193,19,5,3,104,22,1,46,28,14,15,1,1,20,21,25,16,0,5,16
6194,MC_SC_17_s03L_6194,19,5,3,57,1,0,18,1,1,4,0,3,5,4,0,3,0,5,9
6195,MC_SC_17_s03L_6195,19,4,3,0,6,0,35,3,11,6,0,0,18,21,42,3,7,98,0
6196,MC_SC_17_s03L_6196,19,2,1,0,3,0,19,27,6,17,0,6,8,0,0,0,2,0,18
6197,MC_SC_17_s03L_6197,19,5,3,0,10,0,18,62,47,56,3,0,3,8,2,0,0,0,0
6198,MC_SC_17_s03L_6198,19,1,1,0,0,0,0,0,0,8,0,0,1,0,0,0,0,0,0
6199,MC_SC_17_s03L_6199,19,11,7,61,16,13,79,16,157,57,47,1,30,55,87,24,0,0,5
6200,MC_SC_17_s03L_6200,19,5,5,63,10,0,13,2,10,1,4,5,3,4,11,2,0,0,2
6201,MC_SC_17_s03L_6201,19,7,5,0,11,0,59,1,0,67,1,18,21,36,7,2,0,3,7
6202,MC_SC_17_s03L_6202,19,4,2,1,5,40,55,4,43,72,2,2,23,29,76,1,0,0,0
6203,MC_SC_17_s03L_6203,19,8,3,0,12,5,79,36,8,4,9,5,36,46,40,3,0,84,0
6204,MC_SC_17_s03L_6204,19,3,3,0,0,6,24,0,26,15,3,0,3,1,12,2,3,0,0
6205,MC_SC_17_s03L_6205,19,10,7,0,10,1,127,5,3,169,48,8,29,36,2,0,0,2,10
6206,MC_SC_17_s03L_6206,19,1,1,0,2,0,10,0,0,4,2,0,0,2,0,0,0,1,1
6207,MC_SC_17_s03L_6207,19,6,3,0,1,0,57,47,7,85,40,7,6,3,12,3,0,4,0
6208,MC_SC_17_s03L_6208,19,6,4,0,17,0,94,0,4,94,7,13,24,23,5,0,0,0,2
6209,MC_SC_17_s03L_6209,19,11,8,0,5,0,79,3,0,137,47,8,4,22,16,0,0,0,9
6210,MC_SC_17_s03L_6210,19,10,9,0,34,2,84,37,20,4,11,3,27,23,76,0,0,22,0
6211,MC_SC_17_s03L_6211,19,8,5,4,5,1,119,57,11,183,7,1,21,12,7,0,0,0,0
6212,MC_SC_17_s03L_6212,19,1,1,0,1,4,17,0,4,2,0,2,1,3,0,0,0,3,0
6213,MC_SC_17_s03L_6213,19,1,1,0,0,0,6,0,1,8,0,1,0,1,0,3,0,0,0
6214,MC_SC_17_s03L_6214,19,5,3,1,11,0,70,1,1,87,3,18,11,22,6,3,0,3,0
6215,MC_SC_17_s03L_6215,19,6,2,0,5,11,43,0,18,6,0,1,8,7,12,8,0,5,17
6216,MC_SC_17_s03L_6216,19,6,4,0,33,0,97,1,1,111,27,23,36,61,65,2,0,83,0
6217,MC_SC_17_s03L_6217,19,10,5,1,154,40,152,9,3,518,13,2,37,31,144,69,33,3,21
6218,MC_SC_17_s03L_6218,19,3,2,0,5,0,24,0,1,29,0,4,6,21,1,5,0,9,13
6219,MC_SC_17_s03L_6219,19,6,3,0,44,0,137,9,5,150,50,18,60,11,54,5,0,53,0
6220,MC_SC_17_s03L_6220,19,12,3,0,8,50,60,5,21,40,3,0,16,26,46,8,0,2,6
6221,MC_SC_17_s03L_6221,19,1,1,0,3,0,39,3,9,63,10,1,1,12,0,0,0,0,0
6222,MC_SC_17_s03L_6222,19,1,1,0,1,0,61,2,0,51,0,4,2,12,0,0,0,55,1
6223,MC_SC_17_s03L_6223,19,14,5,0,44,0,146,2,0,78,13,13,21,59,48,3,0,54,1
6224,MC_SC_17_s03L_6224,19,4,1,0,5,0,62,1,12,64,0,6,2,30,0,8,0,58,11
6225,MC_SC_17_s03L_6225,19,6,4,0,9,26,92,4,26,33,1,0,16,24,20,15,0,7,21
6226,MC_SC_17_s03L_6226,19,3,3,1,2,0,23,0,4,28,0,2,3,21,2,2,0,13,2
6227,MC_SC_17_s03L_6227,19,4,2,0,13,2,105,2,9,0,0,0,20,20,9,4,0,2,15
6228,MC_SC_17_s03L_6228,19,9,7,0,9,12,52,1,23,20,0,0,12,13,0,0,2,79,4
6229,MC_SC_17_s03L_6229,19,7,5,2,10,28,106,4,18,12,4,1,35,39,35,28,20,2,13
6230,MC_SC_17_s03L_6230,19,6,3,0,12,0,38,1,0,67,10,20,16,25,24,2,0,5,2
6231,MC_SC_17_s03L_6231,19,4,4,0,12,0,37,0,3,17,1,0,7,12,0,1,0,28,0
6232,MC_SC_17_s03L_6232,19,4,2,0,11,0,52,1,0,46,1,12,15,25,16,7,0,11,11
6233,MC_SC_17_s03L_6233,19,4,3,0,46,0,67,0,0,20,0,1,15,13,3,14,0,66,0
6234,MC_SC_17_s03L_6234,19,7,3,0,16,0,68,59,6,167,17,0,12,6,33,18,2,0,12
6235,MC_SC_17_s03L_6235,19,13,7,0,32,0,121,4,1,100,5,14,12,55,3,5,2,71,1
6236,MC_SC_17_s03L_6236,19,10,7,0,19,0,102,2,2,71,38,0,29,27,16,18,0,42,4
6237,MC_SC_17_s03L_6237,19,3,2,0,53,0,132,7,5,113,0,7,26,7,32,24,4,134,7
6238,MC_SC_17_s03L_6238,19,3,3,0,31,0,66,3,2,52,1,2,7,6,5,15,0,71,1
6239,MC_SC_17_s03L_6239,19,6,4,0,8,0,54,4,0,0,0,0,11,0,0,0,0,0,0
6240,MC_SC_17_s03L_6240,19,5,3,0,10,14,75,6,1,21,0,0,26,46,0,2,5,150,4
6241,MC_SC_17_s03L_6241,19,1,1,0,2,0,2,3,0,1,0,0,8,3,0,0,0,23,0
6242,MC_SC_17_s03L_6242,19,1,1,1,0,0,5,0,1,0,0,0,0,2,0,1,0,0,0
6243,MC_SC_17_s03L_6243,19,5,3,0,30,0,93,1,0,16,4,5,18,7,0,0,0,0,5
6244,MC_SC_17_s03L_6244,19,6,3,0,14,0,68,44,2,77,4,0,10,7,37,1,0,15,0
6245,MC_SC_17_s03L_6245,19,8,3,1,5,36,76,5,53,47,9,0,9,3,28,32,45,8,22
6246,MC_SC_17_s03L_6246,19,1,1,0,16,0,11,14,2,15,2,5,5,12,8,0,0,28,1
6247,MC_SC_17_s03L_6247,19,1,1,0,0,4,7,0,25,34,0,0,3,1,13,3,9,0,2
6248,MC_SC_17_s03L_6248,19,17,6,0,30,0,140,6,0,219,68,11,37,46,167,14,2,19,0
6249,MC_SC_17_s03L_6249,19,7,5,90,10,45,39,16,83,2,15,0,13,11,27,29,0,0,6
6250,MC_SC_17_s03L_6250,19,6,2,0,13,0,29,0,1,20,0,3,2,11,0,1,0,17,11
6251,MC_SC_17_s03L_6251,19,4,3,0,28,0,37,6,35,0,3,4,15,7,0,18,0,54,0
6252,MC_SC_17_s03L_6252,19,5,3,0,24,8,100,5,43,0,1,6,11,34,0,6,2,62,28
6253,MC_SC_17_s03L_6253,19,7,5,94,43,3,87,24,20,7,3,6,7,8,2,2,2,2,2
6254,MC_SC_17_s03L_6254,19,3,2,0,10,0,59,0,38,0,0,0,7,10,0,14,0,39,17
6255,MC_SC_17_s03L_6255,19,1,1,0,21,0,65,0,0,4,6,2,17,15,0,6,0,45,13
6256,MC_SC_17_s03L_6256,19,6,3,1,14,3,27,64,61,97,26,5,19,23,42,42,21,9,1
6257,MC_SC_17_s03L_6257,19,1,1,0,0,0,7,0,3,3,0,0,2,4,4,0,3,0,1
6258,MC_SC_17_s03L_6258,19,1,1,7,0,0,3,0,3,0,1,0,1,2,0,2,0,0,0
6259,MC_SC_17_s03L_6259,19,5,3,1,7,1,69,28,32,0,29,19,8,28,0,5,2,12,19
6260,MC_SC_17_s03L_6260,19,4,3,0,12,0,149,0,0,14,9,11,0,37,0,2,0,54,0
6261,MC_SC_17_s03L_6261,19,1,1,0,12,0,16,0,0,0,0,2,1,9,0,7,0,16,2
6262,MC_SC_17_s03L_6262,19,5,3,0,2,1,68,66,3,102,1,0,15,35,2,13,14,10,27
6263,MC_SC_17_s03L_6263,19,3,2,0,14,0,59,0,2,0,3,1,13,10,0,9,0,9,26
6264,MC_SC_17_s03L_6264,19,4,2,0,7,0,69,0,2,6,1,4,4,19,0,2,11,42,0
6265,MC_SC_17_s03L_6265,19,7,5,1,11,0,27,17,122,66,17,10,7,10,33,30,15,15,2
6266,MC_SC_17_s03L_6266,19,4,3,0,13,0,103,0,11,0,2,0,20,22,4,13,2,16,43
6267,MC_SC_17_s03L_6267,19,3,2,1,47,0,116,42,1,2,2,15,36,1,4,10,0,69,0
6268,MC_SC_17_s03L_6268,19,3,1,0,0,0,6,0,0,0,0,0,0,0,0,0,0,0,0
6269,MC_SC_17_s03L_6269,19,3,2,0,6,0,50,72,43,34,3,0,15,19,0,12,0,13,22
6270,MC_SC_17_s03L_6270,19,7,2,46,4,0,3,15,21,2,3,0,3,15,6,3,0,37,0
6271,MC_SC_17_s03L_6271,19,3,3,1,4,0,21,47,53,18,1,5,2,21,0,9,2,12,1
6272,MC_SC_17_s03L_6272,19,3,1,0,3,0,0,0,0,0,0,0,0,0,0,0,0,0,0
6273,MC_SC_17_s03L_6273,19,1,1,2,1,0,0,0,0,0,1,0,0,0,2,0,0,0,0
6274,MC_SC_17_s03L_6274,19,5,3,50,22,4,27,6,18,15,35,10,12,13,19,29,10,3,1
6275,MC_SC_17_s03L_6275,19,5,2,69,16,9,39,25,76,19,15,0,10,1,62,32,12,2,2
6276,MC_SC_17_s03L_6276,19,1,1,0,4,0,14,1,0,1,0,1,2,0,2,1,0,22,0
6277,MC_SC_17_s03L_6277,19,3,2,53,18,0,20,41,15,0,6,4,11,1,0,14,0,1,0
6278,MC_SC_17_s03L_6278,19,3,2,0,23,0,38,1,1,3,1,0,3,0,0,4,0,40,3
6279,MC_SC_17_s03L_6279,19,2,1,0,17,0,56,2,0,50,1,2,5,20,1,0,0,10,0
6280,MC_SC_17_s03L_6280,19,5,1,19,2,0,1,2,10,0,6,0,2,3,0,2,0,8,2
6281,MC_SC_17_s03L_6281,19,4,3,161,16,64,45,12,147,55,6,1,11,27,118,79,39,5,12
6282,MC_SC_17_s03L_6282,19,1,1,0,1,0,5,0,8,46,1,1,1,3,0,4,6,3,0
6283,MC_SC_17_s03L_6283,19,1,1,0,0,0,0,0,0,0,0,0,0,0,0,1,0,0,0
6284,MC_SC_17_s03L_6284,19,4,3,0,12,0,43,0,1,54,3,0,33,4,2,16,3,42,2
6285,MC_SC_17_s03L_6285,19,4,2,0,109,8,115,45,0,0,10,19,80,0,6,33,0,98,0
6286,MC_SC_17_s03L_6286,19,2,1,0,18,0,18,4,1,6,3,3,21,1,0,12,0,26,13
6287,MC_SC_17_s03L_6287,19,1,1,20,1,0,0,1,18,0,2,0,1,0,0,0,4,14,2
6288,MC_SC_17_s03L_6288,19,2,1,0,26,0,66,1,3,16,12,0,23,8,11,11,0,27,20
6289,MC_SC_17_s03L_6289,19,1,1,16,7,0,2,2,1,0,3,1,0,1,0,0,0,5,1
6290,MC_SC_17_s03L_6290,19,3,2,0,9,0,53,0,0,44,0,3,14,10,0,7,0,26,25
6291,MC_SC_17_s03L_6291,19,3,1,0,6,0,14,3,0,23,0,1,10,0,0,19,0,22,3
6292,MC_SC_17_s03L_6292,19,2,1,38,15,0,4,14,0,0,4,0,7,10,0,3,0,15,2
6293,MC_SC_17_s03L_6293,19,5,3,0,18,1,10,15,9,0,5,0,0,2,0,0,0,0,0
6294,MC_SC_17_s03L_6294,19,3,2,0,0,0,5,0,0,0,0,0,0,0,0,0,0,0,0
6295,MC_SC_17_s03L_6295,19,2,1,4,1,0,1,3,5,0,6,3,14,7,0,0,0,4,0
6296,MC_SC_17_s03L_6296,19,4,2,22,40,0,2,5,10,0,0,0,7,1,0,3,0,1,7
6297,MC_SC_17_s03L_6297,19,2,1,12,5,0,0,1,9,0,4,0,7,11,0,0,0,3,1
6298,MC_SC_17_s03L_6298,19,2,1,0,2,0,22,0,0,0,0,0,0,0,0,0,0,0,0
6299,MC_SC_17_s03L_6299,19,8,5,2,24,0,1,40,165,110,13,0,10,11,5,23,2,6,0
6300,MC_SC_17_s03L_6300,19,2,1,0,1,0,2,0,0,0,0,0,0,0,0,0,0,0,0
6301,MC_SC_17_s03L_6301,19,3,1,28,6,2,0,0,10,0,0,10,13,10,0,2,0,3,15
6302,MC_SC_17_s03L_6302,19,2,2,2,10,0,3,1,1,4,6,0,10,14,0,7,0,12,0
6303,MC_SC_17_s03L_6303,19,4,2,0,11,20,78,4,33,0,0,0,13,17,14,18,0,23,30
6304,MC_SC_17_s03L_6304,19,4,2,26,17,0,0,0,18,0,0,0,14,0,0,2,0,29,14
6305,MC_SC_17_s03L_6305,19,5,3,17,22,0,2,1,8,0,13,0,2,5,0,4,0,2,2
6306,MC_SC_17_s03L_6306,19,3,2,0,31,0,20,0,0,5,0,0,16,6,0,27,6,26,6
6307,MC_SC_17_s03L_6307,19,1,1,0,1,0,1,0,0,0,0,0,0,0,0,0,0,0,0
6308,MC_SC_17_s03L_6308,19,4,3,3,6,0,2,1,2,11,0,1,5,0,0,8,0,3,0
6309,MC_SC_17_s03L_6309,19,1,1,0,0,0,0,0,3,11,0,1,0,1,0,0,0,0,0
6310,MC_SC_17_s03L_6310,19,8,4,2,29,0,21,63,52,190,20,10,14,32,8,16,10,6,6
6311,MC_SC_17_s03L_6311,19,2,1,0,8,0,5,0,0,2,0,2,2,1,0,5,0,4,0
6312,MC_SC_17_s03L_6312,19,4,2,0,17,0,0,0,2,10,0,0,2,1,0,8,0,22,0
6313,MC_SC_17_s03L_6313,19,3,2,6,7,0,2,0,0,0,8,5,5,12,0,3,0,7,0
6314,MC_SC_17_s03L_6314,19,1,1,16,1,0,3,1,0,0,2,0,1,1,0,0,0,4,3
6315,MC_SC_17_s03L_6315,19,7,3,0,30,0,48,0,1,51,20,1,8,17,29,24,0,3,9
6316,MC_SC_17_s03L_6316,19,2,2,0,11,0,32,0,0,5,4,0,2,0,0,5,0,9,0
6317,MC_SC_17_s03L_6317,19,2,2,0,8,0,11,20,13,0,8,9,8,2,0,15,0,26,13
6318,MC_SC_17_s03L_6318,19,1,1,0,0,0,0,2,0,0,0,0,0,0,0,0,0,0,0
6319,MC_SC_17_s03L_6319,19,3,2,9,7,0,4,4,9,0,0,7,10,0,6,1,0,13,1
6320,MC_SC_17_s03L_6320,19,3,2,0,25,0,2,32,0,4,1,5,25,2,0,10,0,10,3
6321,MC_SC_17_s03L_6321,19,4,3,2,53,0,40,1,8,11,15,11,27,67,12,33,0,49,12
6322,MC_SC_17_s03L_6322,19,6,4,0,2,0,34,0,0,0,1,3,0,1,0,4,0,7,2
6323,MC_SC_17_s03L_6323,19,3,2,68,2,1,0,0,4,2,0,2,15,2,0,0,2,8,16
6324,MC_SC_17_s03L_6324,19,9,4,0,50,26,74,32,32,12,16,0,19,29,24,17,8,4,10
6325,MC_SC_17_s03L_6325,19,4,2,59,8,0,21,0,5,0,7,0,21,20,0,11,0,22,29
6326,MC_SC_17_s03L_6326,19,6,2,0,17,0,19,0,0,22,0,5,7,11,0,12,0,20,1
6327,MC_SC_17_s03L_6327,19,2,2,0,6,0,5,0,0,11,0,0,8,8,0,0,2,23,0
6328,MC_SC_17_s03L_6328,19,4,3,0,6,0,25,0,1,0,8,1,3,4,0,6,0,17,18
6329,MC_SC_17_s03L_6329,19,4,2,0,22,0,10,5,0,52,0,12,18,9,0,15,8,33,14
6330,MC_SC_17_s03L_6330,19,11,6,0,37,9,157,25,62,291,25,0,18,11,6,75,74,24,5
6331,MC_SC_17_s03L_6331,19,2,1,62,8,0,0,2,12,0,5,1,26,1,0,1,0,11,32
6332,MC_SC_17_s03L_6332,19,6,4,0,1,0,5,39,12,0,6,5,12,0,0,0,3,0,0
6333,MC_SC_17_s03L_6333,19,1,1,12,0,0,0,0,1,0,2,0,2,4,2,0,0,0,0
6334,MC_SC_17_s03L_6334,19,4,3,97,1,0,0,3,19,0,4,3,32,10,21,14,0,22,78
6335,MC_SC_17_s03L_6335,19,1,1,0,16,0,5,1,0,0,3,9,4,7,0,10,0,0,0
6336,MC_SC_17_s03L_6336,19,3,2,56,26,0,0,39,28,0,17,18,21,9,6,7,0,9,25
6337,MC_SC_17_s03L_6337,19,12,5,1,49,14,31,0,249,326,21,9,27,15,209,93,92,73,13
6338,MC_SC_17_s03L_6338,19,3,2,0,17,0,4,3,32,0,2,2,12,15,4,6,1,5,4
6339,MC_SC_17_s03L_6339,19,4,2,75,35,0,22,4,71,7,4,42,45,28,28,53,2,9,23
6340,MC_SC_17_s03L_6340,19,5,2,0,15,0,1,0,0,17,2,0,2,4,0,4,0,5,2
6341,MC_SC_17_s03L_6341,19,1,1,24,10,0,0,12,14,0,7,24,13,2,0,3,0,0,0
6342,MC_SC_17_s03L_6342,19,7,4,1,19,0,7,17,65,92,6,18,20,22,34,56,15,10,33
6343,MC_SC_17_s03L_6343,19,1,1,0,0,0,2,0,1,0,2,1,0,1,0,0,0,0,0
6344,MC_SC_17_s03L_6344,19,6,2,0,25,0,11,0,13,5,15,16,10,28,29,15,6,16,1
6345,MC_SC_17_s03L_6345,19,1,1,4,2,0,2,2,25,5,0,6,7,2,4,20,0,1,9
6346,MC_SC_17_s03L_6346,19,4,1,0,24,0,8,31,12,18,10,7,17,3,1,2,0,0,2
6347,MC_SC_17_s03L_6347,19,7,4,5,88,2,11,5,2,15,0,0,35,70,13,7,6,32,6
6348,MC_SC_17_s03L_6348,19,4,3,46,12,0,8,4,93,5,21,25,14,21,4,7,2,21,15
6349,MC_SC_17_s03L_6349,19,3,2,1,14,0,29,3,2,3,15,2,7,21,3,22,0,4,1
6350,MC_SC_17_s03L_6350,19,6,5,0,0,0,3,14,0,0,1,4,5,0,0,0,0,0,0
6351,MC_SC_17_s03L_6351,19,5,3,125,37,3,1,1,67,24,21,7,21,28,32,24,12,13,23
6352,MC_SC_17_s03L_6352,19,2,1,0,1,2,6,1,8,87,2,0,4,9,27,16,4,0,6
6353,MC_SC_17_s03L_6353,19,8,5,0,67,1,90,8,4,380,39,25,32,54,180,67,35,8,37
6354,MC_SC_17_s03L_6354,19,3,2,30,10,0,2,2,48,4,4,5,20,27,0,11,3,18,1
6355,MC_SC_17_s03L_6355,19,1,1,0,7,0,3,0,0,0,5,5,6,5,0,5,0,0,6
6356,MC_SC_17_s03L_6356,19,1,1,0,0,0,12,0,16,21,7,2,0,6,5,2,0,5,1
6357,MC_SC_17_s03L_6357,19,10,3,139,11,2,10,2,18,12,16,8,40,4,72,14,6,15,52
6358,MC_SC_17_s03L_6358,19,1,1,6,0,0,0,0,0,0,0,0,0,0,0,0,0,0,0
6359,MC_SC_17_s03L_6359,19,2,1,0,2,0,7,0,1,15,10,1,5,0,0,2,0,14,1
6360,MC_SC_17_s03L_6360,19,1,1,0,3,1,1,4,56,11,0,0,8,5,3,5,4,0,2
6361,MC_SC_17_s03L_6361,19,6,4,115,109,7,96,41,240,8,30,2,50,22,70,108,2,26,12
6362,MC_SC_17_s03L_6362,19,4,3,0,43,1,4,2,10,3,0,4,6,12,0,2,8,25,0
6363,MC_SC_17_s03L_6363,19,3,2,0,2,0,0,43,17,14,0,1,10,5,2,9,0,1,0
6364,MC_SC_17_s03L_6364,19,1,1,0,1,0,0,0,0,0,0,0,1,2,0,0,0,7,1
6365,MC_SC_17_s03L_6365,19,1,1,0,0,0,5,2,11,2,2,0,1,0,0,0,0,0,0
6366,MC_SC_17_s03L_6366,19,6,3,0,37,0,17,3,32,30,4,1,9,21,5,26,3,2,6
6367,MC_SC_17_s03L_6367,19,7,5,3,139,35,28,2,1,13,0,5,35,39,36,17,10,16,1
6368,MC_SC_17_s03L_6368,19,4,2,57,24,3,3,55,10,0,6,12,17,0,0,0,0,18,0
6369,MC_SC_17_s03L_6369,19,2,2,0,24,0,32,1,15,68,13,15,5,0,21,1,0,20,4
6370,MC_SC_17_s03L_6370,19,2,1,0,9,1,20,2,19,93,17,5,2,6,5,0,4,40,0
6371,MC_SC_17_s03L_6371,19,5,3,0,5,0,8,1,21,4,42,0,19,32,10,18,2,17,7
6372,MC_SC_17_s03L_6372,19,4,2,0,31,0,50,8,24,115,57,3,19,20,25,41,6,10,42
6373,MC_SC_17_s03L_6373,19,3,2,0,45,0,87,3,7,147,13,6,12,3,0,23,2,74,6
6374,MC_SC_17_s03L_6374,19,5,2,0,8,5,0,37,21,15,0,2,2,0,0,6,2,0,0
6375,MC_SC_17_s03L_6375,19,4,2,109,46,15,40,6,64,27,9,30,30,29,32,49,8,7,15
6376,MC_SC_17_s03L_6376,19,2,2,0,24,0,0,28,25,26,7,7,6,15,14,18,0,7,4
6377,MC_SC_17_s03L_6377,19,3,2,79,23,4,13,4,9,3,24,15,24,11,15,30,5,15,19
6378,MC_SC_17_s03L_6378,19,4,3,1,90,30,2,66,86,12,13,46,9,0,17,23,2,11,5
6379,MC_SC_17_s03L_6379,19,3,2,86,32,0,5,2,13,6,16,23,55,33,10,16,2,38,37
6380,MC_SC_17_s03L_6380,19,3,2,0,24,0,10,9,7,56,13,0,25,2,10,13,2,10,2
6381,MC_SC_17_s03L_6381,19,3,2,4,18,0,11,14,10,60,2,22,2,19,0,9,0,4,28
6382,MC_SC_17_s03L_6382,19,4,3,44,14,8,0,48,34,14,2,1,20,2,0,4,2,0,9
6383,MC_SC_17_s03L_6383,19,5,3,41,30,0,5,11,28,2,12,0,12,19,9,25,2,10,19
6384,MC_SC_17_s03L_6384,19,4,3,0,68,1,65,1,3,184,65,36,27,12,95,29,15,14,22
6385,MC_SC_17_s03L_6385,19,9,7,82,13,29,6,15,35,17,8,11,10,7,53,21,7,1,10
6386,MC_SC_17_s03L_6386,19,1,1,1,10,12,9,1,60,3,2,1,1,2,24,13,3,0,0
6387,MC_SC_17_s03L_6387,19,8,3,234,122,39,36,11,115,37,41,0,29,9,12,56,15,14,38
6388,MC_SC_17_s03L_6388,19,3,2,0,35,15,51,2,35,7,31,7,10,21,27,31,2,6,25
6389,MC_SC_17_s03L_6389,19,4,3,0,11,4,110,4,2,1,11,25,10,5,4,8,0,3,17
6390,MC_SC_17_s03L_6390,19,8,4,2,49,14,13,33,1,236,19,1,15,0,37,26,32,13,21
6391,MC_SC_17_s03L_6391,19,4,3,157,29,0,69,4,14,0,31,1,4,0,0,2,4,128,25
6392,MC_SC_17_s03L_6392,19,3,2,1,44,4,5,37,15,0,3,6,20,26,0,8,0,11,2
6393,MC_SC_17_s03L_6393,19,4,2,0,58,0,62,3,29,110,9,6,15,25,43,30,6,20,13
6394,MC_SC_17_s03L_6394,19,5,2,2,5,0,6,0,3,72,3,6,1,34,0,9,3,50,12
6395,MC_SC_17_s03L_6395,19,4,3,34,18,0,0,0,12,0,15,7,17,28,1,11,0,6,11
6396,MC_SC_17_s03L_6396,19,3,3,0,8,1,51,0,9,0,17,7,7,6,0,3,0,5,18
6397,MC_SC_17_s03L_6397,19,6,3,0,17,5,11,38,25,2,6,12,6,0,1,20,2,25,0
6398,MC_SC_17_s03L_6398,19,2,1,0,54,1,4,5,2,178,63,7,3,37,57,8,14,1,0
6399,MC_SC_17_s03L_6399,19,1,1,0,0,0,0,0,0,24,1,0,0,0,0,0,0,2,0
6400,MC_SC_17_s03L_6400,19,8,4,91,3,3,26,8,56,2,21,0,28,4,0,10,2,14,25
6401,MC_SC_17_s03L_6401,19,3,2,0,15,0,20,2,3,2,0,10,9,28,0,21,4,25,1
6402,MC_SC_17_s03L_6402,19,4,3,0,53,0,8,0,24,41,60,20,10,20,4,11,0,16,8
6403,MC_SC_17_s03L_6403,19,3,2,0,15,12,4,0,31,0,2,8,26,41,0,9,2,16,4
6404,MC_SC_17_s03L_6404,19,3,2,0,24,0,45,1,9,17,4,11,4,7,9,4,13,38,4
6405,MC_SC_17_s03L_6405,19,9,6,97,28,27,0,65,82,18,2,3,19,1,16,17,7,2,20
6406,MC_SC_17_s03L_6406,19,2,1,0,6,0,0,0,0,8,0,0,4,0,0,1,2,38,0
6407,MC_SC_17_s03L_6407,19,3,2,36,16,0,9,0,16,0,0,5,27,4,0,12,0,7,9
6408,MC_SC_17_s03L_6408,19,4,2,4,40,0,25,1,3,9,13,0,14,2,2,15,0,8,10
6409,MC_SC_17_s03L_6409,19,1,1,0,15,0,42,1,42,15,18,7,6,19,0,11,4,3,15
6410,MC_SC_17_s03L_6410,19,5,3,0,98,61,80,1,72,22,8,0,14,45,0,40,5,15,45
6411,MC_SC_17_s03L_6411,19,2,1,13,0,1,0,2,4,2,2,1,1,0,0,2,5,0,2
6412,MC_SC_17_s03L_6412,19,2,1,0,1,2,1,37,12,2,0,3,12,8,0,17,0,3,3
6413,MC_SC_17_s03L_6413,19,4,2,0,32,2,20,14,74,0,1,6,23,20,0,21,10,6,1
6414,MC_SC_17_s03L_6414,19,7,4,0,2,2,8,30,107,29,2,21,9,17,0,15,7,4,0
6415,MC_SC_17_s03L_6415,19,8,3,1,39,0,8,10,1,13,9,13,29,2,2,20,2,18,2
6416,MC_SC_17_s03L_6416,19,4,2,0,63,3,17,84,130,5,31,10,19,56,0,37,2,25,13
6417,MC_SC_17_s03L_6417,19,4,3,1,10,0,2,4,0,20,12,6,9,35,0,12,0,47,6
6418,MC_SC_17_s03L_6418,19,3,1,0,38,1,0,1,6,0,64,8,3,19,0,8,0,9,1
6419,MC_SC_17_s03L_6419,19,5,2,0,67,0,105,2,7,92,7,1,5,26,22,29,16,12,14
6420,MC_SC_17_s03L_6420,19,1,1,0,7,0,1,14,3,2,0,5,22,2,0,12,2,22,1
6421,MC_SC_17_s03L_6421,19,2,1,0,20,0,10,0,12,0,7,5,6,18,0,3,0,21,22
6422,MC_SC_17_s03L_6422,19,8,4,4,23,2,8,6,17,16,10,1,9,12,6,35,8,16,1
6423,MC_SC_17_s03L_6423,19,3,2,87,32,0,6,54,31,0,0,0,8,0,0,7,0,6,12
6424,MC_SC_17_s03L_6424,19,6,2,0,1,0,0,19,2,0,7,3,7,0,0,0,0,0,0
6425,MC_SC_17_s03L_6425,19,8,5,0,121,5,30,5,95,25,45,5,31,102,30,41,12,19,5
6426,MC_SC_17_s03L_6426,19,6,3,1,41,0,21,18,68,145,21,10,29,37,2,52,16,22,31
6427,MC_SC_17_s03L_6427,19,4,2,0,14,0,20,0,2,116,64,8,16,23,24,46,0,22,19
6428,MC_SC_17_s03L_6428,19,6,3,0,87,0,50,6,43,245,67,48,21,41,74,25,0,22,11
6429,MC_SC_17_s03L_6429,19,1,1,10,4,0,0,2,9,2,0,0,0,0,3,1,0,0,0
6430,MC_SC_17_s03L_6430,19,4,2,0,44,1,12,27,67,31,18,13,32,37,6,18,0,8,11
6431,MC_SC_17_s03L_6431,19,6,3,3,28,1,32,9,42,13,58,38,41,29,52,34,7,27,37
6432,MC_SC_17_s03L_6432,19,2,2,0,2,0,2,55,22,2,0,1,14,2,1,9,0,0,0
6433,MC_SC_17_s03L_6433,19,10,3,146,53,8,19,2,40,39,4,0,15,19,39,14,22,7,6
6434,MC_SC_17_s03L_6434,19,3,3,1,15,0,0,44,25,2,1,19,8,1,2,6,0,19,1
6435,MC_SC_17_s03L_6435,19,9,5,2,37,10,18,7,16,12,20,16,14,37,13,4,0,19,0
6436,MC_SC_17_s03L_6436,19,3,2,0,50,0,38,74,19,7,75,9,9,10,0,15,0,34,0
6437,MC_SC_17_s03L_6437,19,6,4,14,30,5,7,7,6,5,1,1,21,28,42,22,3,3,4
6438,MC_SC_17_s03L_6438,19,11,5,2,163,23,79,3,302,571,34,16,30,120,207,66,61,52,10
6439,MC_SC_17_s03L_6439,19,5,3,0,11,0,19,49,12,85,5,1,31,1,30,10,3,29,5
6440,MC_SC_17_s03L_6440,19,4,2,0,0,0,0,87,6,0,2,23,13,0,0,9,0,0,0
6441,MC_SC_17_s03L_6441,19,11,9,0,79,7,65,3,11,241,9,0,32,41,1,37,12,26,11
6442,MC_SC_17_s03L_6442,19,7,2,0,35,13,25,1,5,1,10,9,12,36,40,21,6,12,1
6443,MC_SC_17_s03L_6443,19,1,1,0,4,0,3,0,0,0,0,0,9,0,0,0,0,7,0
6444,MC_SC_17_s03L_6444,19,5,3,0,28,14,0,8,15,12,1,3,21,37,67,38,27,5,7
6445,MC_SC_17_s03L_6445,19,3,1,3,81,17,22,7,8,18,6,17,21,11,44,43,7,8,60
6446,MC_SC_17_s03L_6446,19,4,3,0,9,0,10,26,2,33,3,0,13,0,0,0,3,0,1
6447,MC_SC_17_s03L_6447,19,4,2,29,12,2,0,8,17,7,15,8,28,15,1,23,0,16,27
6448,MC_SC_17_s03L_6448,19,5,2,0,78,1,8,5,13,105,65,44,30,21,41,56,2,31,16
6449,MC_SC_17_s03L_6449,19,5,2,0,12,0,32,46,20,111,19,5,25,3,33,15,13,19,7
6450,MC_SC_17_s03L_6450,19,7,4,0,22,0,32,12,10,84,4,0,16,16,0,17,4,29,37
6451,MC_SC_17_s03L_6451,19,4,2,2,2,0,2,35,30,1,0,2,11,3,0,2,0,0,0
6452,MC_SC_17_s03L_6452,19,5,3,0,73,0,43,3,23,124,73,2,10,21,30,35,8,38,31
6453,MC_SC_17_s03L_6453,19,2,2,0,15,2,39,8,3,20,7,6,7,17,0,16,5,5,20
6454,MC_SC_17_s03L_6454,19,1,1,0,1,0,0,0,6,0,2,0,0,10,0,0,0,14,0
6455,MC_SC_17_s03L_6455,19,2,1,0,7,0,9,0,0,10,0,0,4,1,0,1,0,26,1
6456,MC_SC_17_s03L_6456,19,1,1,0,11,0,12,1,41,2,19,14,2,1,7,4,0,1,7
6457,MC_SC_17_s03L_6457,19,1,1,0,2,0,0,9,1,5,0,0,2,0,2,0,0,0,0
6458,MC_SC_17_s03L_6458,19,9,3,0,49,0,74,10,61,138,31,26,26,49,72,44,5,15,39
6459,MC_SC_17_s03L_6459,19,1,1,7,18,0,9,38,7,4,16,12,29,9,0,12,2,13,19
6460,MC_SC_17_s03L_6460,19,5,3,0,42,9,38,0,10,0,13,4,4,31,0,11,0,15,33
6461,MC_SC_17_s03L_6461,19,3,2,1,41,0,75,3,19,3,1,22,6,30,0,21,0,22,6
6462,MC_SC_17_s03L_6462,19,3,2,0,1,0,2,44,20,2,1,3,16,0,0,8,0,0,1
6463,MC_SC_17_s03L_6463,19,7,3,0,21,3,64,8,16,0,3,4,18,30,8,26,0,2,24
6464,MC_SC_17_s03L_6464,19,3,3,1,2,0,1,50,24,0,4,10,12,0,0,8,0,2,2
6465,MC_SC_17_s03L_6465,19,18,6,0,63,0,73,1,1,58,51,22,17,64,37,56,9,11,37
6466,MC_SC_17_s03L_6466,19,9,3,0,13,11,31,31,28,30,14,3,4,4,1,9,24,0,6
6467,MC_SC_17_s03L_6467,19,3,2,0,4,0,36,0,26,41,24,5,13,0,12,2,15,13,14
6468,MC_SC_17_s03L_6468,19,4,1,2,18,8,37,8,8,3,7,4,12,44,12,29,3,2,19
6469,MC_SC_17_s03L_6469,19,2,1,2,25,0,17,3,0,11,5,17,20,27,0,7,3,43,24
6470,MC_SC_17_s03L_6470,19,2,1,0,21,0,75,4,80,8,41,0,10,29,0,36,0,33,33
6471,MC_SC_17_s03L_6471,19,2,1,0,3,0,22,0,1,0,0,21,3,6,0,9,0,38,14
6472,MC_SC_17_s03L_6472,19,5,4,0,13,0,0,34,29,4,2,0,20,30,0,1,4,0,0
6473,MC_SC_17_s03L_6473,19,6,3,1,54,0,53,1,4,24,0,23,23,37,6,7,0,35,59
6474,MC_SC_17_s03L_6474,19,9,7,18,46,5,12,4,1,50,4,45,12,10,52,19,37,55,9
6475,MC_SC_17_s03L_6475,19,2,2,0,9,0,14,0,2,9,0,5,0,5,2,0,0,8,12
6476,MC_SC_17_s03L_6476,19,4,3,0,5,0,0,28,35,2,0,1,10,3,0,9,2,2,1
6477,MC_SC_17_s03L_6477,19,3,2,0,3,0,10,0,0,0,0,12,14,7,0,7,0,2,2
6478,MC_SC_17_s03L_6478,19,4,3,0,30,0,39,7,10,53,22,16,18,57,5,27,2,8,46
6479,MC_SC_17_s03L_6479,19,3,2,0,9,0,13,0,21,6,5,0,0,1,0,4,0,0,0
6480,MC_SC_17_s03L_6480,19,7,2,166,65,1,87,4,163,4,34,1,30,51,65,41,0,6,34
6481,MC_SC_17_s03L_6481,19,11,2,1,68,5,217,43,213,20,93,53,26,29,9,76,14,29,4
6482,MC_SC_17_s03L_6482,19,4,3,0,40,0,75,4,5,89,11,9,13,29,0,3,2,80,31
6483,MC_SC_17_s03L_6483,19,1,1,0,0,0,0,0,0,0,1,2,0,2,0,0,0,0,0
6484,MC_SC_17_s03L_6484,19,1,1,0,1,0,1,0,23,6,0,0,0,7,12,0,3,0,0
6485,MC_SC_17_s03L_6485,19,6,3,0,15,0,38,5,15,3,8,1,26,52,77,50,3,7,26
6486,MC_SC_17_s03L_6486,19,2,2,0,0,0,11,36,10,0,35,0,13,3,0,0,0,0,0
6487,MC_SC_17_s03L_6487,19,7,3,1,35,13,29,77,170,8,6,30,21,51,98,93,7,12,6
6488,MC_SC_17_s03L_6488,19,13,10,132,43,4,254,8,2,21,20,12,14,12,178,21,167,25,33
6489,MC_SC_17_s03L_6489,19,9,3,65,22,0,7,1,6,8,19,18,5,21,66,10,48,15,12
6490,MC_SC_17_s03L_6490,19,4,2,0,1,0,0,65,42,0,0,3,24,34,0,12,0,1,0
6491,MC_SC_17_s03L_6491,19,3,3,0,19,3,31,8,18,179,45,43,29,88,58,1,21,214,9
6492,MC_SC_17_s03L_6492,19,3,1,0,27,11,36,5,43,9,15,24,7,6,0,32,2,1,0
6493,MC_SC_17_s03L_6493,19,17,6,0,6,10,36,53,70,3,7,24,17,30,46,13,6,13,11
6494,MC_SC_17_s03L_6494,19,6,3,3,164,4,198,11,134,417,56,66,40,118,157,81,41,95,43
6495,MC_SC_17_s03L_6495,19,3,1,0,8,0,17,1,1,11,0,8,8,6,1,20,2,20,15
6496,MC_SC_17_s03L_6496,19,9,6,1,81,51,132,82,92,16,73,79,35,11,113,89,12,11,11
6497,MC_SC_17_s03L_6497,19,8,4,0,111,13,72,2,151,193,2,59,24,28,108,55,58,39,12
6498,MC_SC_17_s03L_6498,19,3,3,1,5,0,1,58,38,0,1,1,37,22,0,1,0,0,1
6499,MC_SC_17_s03L_6499,19,7,5,37,55,4,3,8,7,28,3,0,25,18,114,36,186,27,18
6500,MC_SC_17_s03L_6500,19,11,9,0,53,0,52,3,0,127,5,5,23,30,9,18,9,157,64
6501,MC_SC_17_s03L_6501,19,6,4,0,133,0,178,8,2,211,40,16,23,89,97,25,15,218,118
6502,MC_SC_17_s03L_6502,19,5,3,0,142,117,134,9,166,2,66,84,77,38,15,70,12,152,14
6503,MC_SC_17_s03L_6503,19,2,2,0,64,14,145,6,3,1,1,29,26,9,13,8,0,25,25
6504,MC_SC_17_s03L_6504,19,1,1,13,3,0,6,0,2,1,4,2,2,1,21,4,30,3,0
6505,MC_SC_17_s03L_6505,19,2,1,21,13,3,4,2,5,34,8,11,5,2,47,7,48,0,2
6506,MC_SC_17_s03L_6506,19,10,7,90,220,2,25,4,5,64,17,79,47,22,167,72,362,61,21
6507,MC_SC_17_s03L_6507,19,3,2,0,47,19,86,78,136,9,130,2,42,43,14,32,0,13,22
6508,MC_SC_17_s03L_6508,19,12,4,1,56,61,139,99,245,147,26,69,52,92,151,82,2,4,24
6509,MC_SC_17_s03L_6509,19,8,5,138,72,0,4,14,35,12,47,157,49,92,292,155,341,46,48
6510,MC_SC_17_s03L_6510,19,3,2,0,10,0,10,20,0,23,19,17,24,39,10,37,4,3,1
6511,MC_SC_17_s03L_6511,19,1,1,48,18,1,7,1,17,5,21,30,4,21,59,12,93,1,22
6512,MC_SC_17_s03L_6512,19,1,1,0,6,0,21,19,6,0,17,6,15,12,0,9,0,17,5
6513,MC_SC_17_s03L_6513,19,6,2,0,75,15,0,0,24,63,9,3,3,21,0,1,11,56,4
6514,MC_SC_17_s03L_6514,19,5,1,34,8,2,2,1,3,5,10,9,3,8,31,6,29,3,5
6515,MC_SC_17_s03L_6515,19,6,4,60,68,2,48,4,13,16,27,49,17,17,106,20,140,34,21
6516,MC_SC_17_s03L_6516,19,5,3,0,65,1,7,2,51,143,64,5,24,88,5,25,18,179,55
6517,MC_SC_17_s03L_6517,19,11,4,122,97,5,81,0,4,4,18,1,10,37,6,134,183,17,11
6518,MC_SC_17_s03L_6518,19,8,5,0,71,1,32,5,121,243,63,114,44,217,263,76,77,402,97
6519,MC_SC_17_s03L_6519,19,2,2,20,6,0,0,0,3,0,3,3,0,3,3,4,0,0,2
6520,MC_SC_17_s03L_6520,19,9,3,34,16,3,0,1,7,21,5,13,2,5,30,2,17,12,5
6521,MC_SC_17_s03L_6521,19,5,4,12,13,0,20,2,6,0,7,7,3,13,0,7,47,29,15
6522,MC_SC_17_s03L_6522,19,4,2,1,51,0,128,4,76,46,79,9,21,43,68,18,4,26,70
6523,MC_SC_17_s03L_6523,19,10,8,51,61,0,2,1,20,6,5,34,6,8,36,41,12,6,4
6524,MC_SC_17_s03L_6524,19,5,3,2,48,9,85,2,106,12,13,3,5,8,16,33,7,12,7
6525,MC_SC_17_s03L_6525,19,6,3,80,51,0,4,8,1,10,3,2,17,9,9,11,0,11,1
6526,MC_SC_17_s03L_6526,19,3,2,0,0,0,62,12,3,11,0,4,3,17,0,10,0,10,2
6527,MC_SC_17_s03L_6527,19,6,4,0,45,8,93,2,0,72,4,1,25,27,0,44,17,91,27
6528,MC_SC_17_s03L_6528,19,8,6,60,26,0,0,1,24,0,4,0,4,4,45,1,0,28,22
6529,MC_SC_17_s03L_6529,19,3,2,0,3,0,45,16,0,25,0,19,4,14,0,18,0,8,0
6530,MC_SC_17_s03L_6530,19,6,4,101,104,13,149,8,16,37,28,35,32,56,215,36,25,35,23
6531,MC_SC_17_s03L_6531,19,5,4,0,20,0,35,0,13,73,10,2,14,62,6,3,0,30,11
6532,MC_SC_17_s03L_6532,19,2,1,5,7,0,3,1,0,0,3,3,1,2,10,2,4,0,2
6533,MC_SC_17_s03L_6533,19,8,3,114,61,14,7,5,8,58,14,0,12,8,47,36,74,12,4
6534,MC_SC_17_s03L_6534,19,6,4,0,74,4,9,3,77,240,42,32,12,89,19,5,41,254,29
6535,MC_SC_17_s03L_6535,19,7,4,0,93,5,356,6,188,659,44,58,48,217,257,111,21,29,82
6536,MC_SC_17_s03L_6536,19,4,2,0,24,0,36,3,19,50,0,16,7,23,53,24,0,9,0
6537,MC_SC_17_s03L_6537,19,8,4,101,100,11,76,4,2,64,12,110,34,20,185,63,251,33,28
6538,MC_SC_17_s03L_6538,19,8,5,111,57,0,50,9,6,28,18,33,45,11,92,36,107,38,42
6539,MC_SC_17_s03L_6539,19,8,4,0,107,0,191,3,20,217,23,2,93,55,77,7,4,51,16
6540,MC_SC_17_s03L_6540,19,3,2,0,8,1,19,0,2,55,0,17,10,18,37,19,13,12,0
6541,MC_SC_17_s03L_6541,19,5,3,0,16,1,44,2,12,40,1,2,7,6,6,16,5,59,0
6542,MC_SC_17_s03L_6542,19,3,2,0,32,0,93,12,1,95,0,30,33,34,32,41,0,60,2
6543,MC_SC_17_s03L_6543,19,3,2,0,28,21,108,37,3,1,2,11,49,1,10,9,0,63,4
6544,MC_SC_17_s03L_6544,19,4,3,0,20,0,25,5,0,73,43,11,34,57,40,11,4,1,41
6545,MC_SC_17_s03L_6545,19,2,1,0,15,2,21,1,4,3,1,8,30,4,0,6,0,2,1
6546,MC_SC_17_s03L_6546,19,8,4,68,48,14,29,2,5,85,27,35,31,24,92,7,149,14,35
6547,MC_SC_17_s03L_6547,19,4,2,0,26,0,31,0,0,2,0,2,21,53,4,5,0,2,20
6548,MC_SC_17_s03L_6548,19,7,4,112,114,15,157,3,5,38,43,18,14,28,178,118,317,37,30
6549,MC_SC_17_s03L_6549,19,5,1,0,8,0,42,0,11,68,18,3,6,1,7,6,2,31,1
6550,MC_SC_17_s03L_6550,19,11,6,0,67,0,65,3,130,100,10,36,77,126,70,39,15,171,10
6551,MC_SC_17_s03L_6551,19,4,3,0,4,0,10,0,0,11,19,1,8,15,6,4,2,0,10
6552,MC_SC_17_s03L_6552,19,1,1,0,0,0,11,0,0,0,0,0,0,0,0,0,0,0,0
6553,MC_SC_17_s03L_6553,19,4,2,0,7,0,29,1,0,54,0,15,12,20,29,30,6,9,1
6554,MC_SC_17_s03L_6554,19,7,4,0,43,0,38,3,34,172,5,11,31,110,26,16,7,29,60
6555,MC_SC_17_s03L_6555,19,3,1,59,26,17,117,4,7,71,14,10,16,20,84,46,202,40,32
6556,MC_SC_17_s03L_6556,19,3,2,0,3,0,9,0,17,84,0,5,7,19,0,1,0,7,20
6557,MC_SC_17_s03L_6557,19,4,2,0,1,0,20,0,0,41,14,19,21,0,0,10,0,16,14
6558,MC_SC_17_s03L_6558,20,5,4,0,3,23,22,6,26,8,2,10,31,34,15,1,3,2,0
6559,MC_SC_17_s03L_6559,20,4,3,1,5,0,49,15,3,62,2,0,6,11,32,0,0,35,0
6560,MC_SC_17_s03L_6560,20,4,2,63,19,24,54,2,35,5,15,10,16,13,19,21,0,4,14
6561,MC_SC_17_s03L_6561,20,5,2,46,17,0,39,43,18,5,1,16,15,7,16,10,12,6,2
6562,MC_SC_17_s03L_6562,20,14,10,0,15,76,108,5,14,59,22,0,21,1,114,1,0,3,0
6563,MC_SC_17_s03L_6563,20,5,3,0,19,0,73,1,0,75,3,19,24,24,5,2,0,0,11
6564,MC_SC_17_s03L_6564,20,4,3,1,11,0,85,50,4,95,9,1,9,4,46,0,0,5,0
6565,MC_SC_17_s03L_6565,20,6,3,0,1,0,44,3,1,99,1,6,19,31,34,14,0,10,2
6566,MC_SC_17_s03L_6566,20,8,2,5,8,0,94,2,0,129,50,8,21,36,0,1,2,25,21
6567,MC_SC_17_s03L_6567,20,9,3,1,3,0,29,48,0,63,1,2,10,17,59,7,16,5,13
6568,MC_SC_17_s03L_6568,20,8,6,0,30,0,100,22,44,344,64,19,12,65,96,7,0,2,12
6569,MC_SC_17_s03L_6569,20,5,2,0,24,0,45,39,6,104,9,4,10,7,24,0,0,0,0
6570,MC_SC_17_s03L_6570,20,12,9,0,26,30,109,32,49,32,14,4,42,51,134,16,6,97,2
6571,MC_SC_17_s03L_6571,20,9,3,60,26,0,35,0,44,0,0,3,9,23,9,12,3,55,6
6572,MC_SC_17_s03L_6572,20,1,1,0,0,0,0,0,0,0,0,0,0,0,0,0,0,0,0
6573,MC_SC_17_s03L_6573,20,7,6,0,13,0,58,0,0,47,4,4,4,17,22,0,0,42,0
6574,MC_SC_17_s03L_6574,20,1,1,0,0,0,6,0,6,0,0,0,0,0,0,0,2,0,0
6575,MC_SC_17_s03L_6575,20,5,4,0,16,0,38,34,5,98,21,2,7,5,28,0,0,10,0
6576,MC_SC_17_s03L_6576,20,18,13,0,12,64,109,4,41,54,3,0,13,38,67,6,10,3,10
6577,MC_SC_17_s03L_6577,20,5,3,0,2,0,36,2,0,14,0,14,10,48,20,5,0,0,9
6578,MC_SC_17_s03L_6578,20,4,1,2,1,0,35,7,0,0,5,0,9,6,2,6,0,0,2
6579,MC_SC_17_s03L_6579,20,3,2,0,11,0,101,4,11,75,5,6,11,10,7,7,0,43,7
6580,MC_SC_17_s03L_6580,20,6,6,0,10,0,34,15,1,17,0,4,2,14,0,4,0,30,0
6581,MC_SC_17_s03L_6581,20,12,7,0,19,0,76,38,40,196,24,9,11,23,59,5,0,2,1
6582,MC_SC_17_s03L_6582,20,4,3,0,2,0,31,0,1,24,0,1,7,9,0,7,0,10,17
6583,MC_SC_17_s03L_6583,20,1,1,0,1,0,19,12,1,5,0,0,2,0,5,0,0,1,0
6584,MC_SC_17_s03L_6584,20,6,3,0,5,2,124,15,7,169,4,21,17,31,31,24,0,1,3
6585,MC_SC_17_s03L_6585,20,4,2,0,23,0,119,28,0,66,2,17,16,37,4,6,0,31,0
6586,MC_SC_17_s03L_6586,20,4,2,0,7,0,16,0,0,42,8,0,0,7,12,0,0,5,3
6587,MC_SC_17_s03L_6587,20,4,3,0,12,0,69,0,0,9,3,9,7,19,0,0,0,0,0
6588,MC_SC_17_s03L_6588,20,2,2,0,0,0,36,2,4,18,1,1,5,26,0,4,0,13,1
6589,MC_SC_17_s03L_6589,20,12,6,1,47,13,149,57,51,233,36,21,33,27,52,16,2,5,20
6590,MC_SC_17_s03L_6590,20,3,2,0,8,0,52,0,0,11,0,14,14,23,11,0,0,5,9
6591,MC_SC_17_s03L_6591,20,1,1,0,2,0,9,0,2,5,0,0,2,3,0,0,0,2,0
6592,MC_SC_17_s03L_6592,20,6,3,0,5,0,40,1,0,30,0,5,4,8,8,0,0,11,4
6593,MC_SC_17_s03L_6593,20,6,4,6,80,0,66,15,0,107,8,2,6,7,37,11,2,2,2
6594,MC_SC_17_s03L_6594,20,5,2,0,12,0,67,33,3,47,3,0,9,24,5,2,0,36,0
6595,MC_SC_17_s03L_6595,20,1,1,0,0,0,13,0,0,4,3,0,1,2,0,0,0,11,0
6596,MC_SC_17_s03L_6596,20,5,4,0,14,0,38,28,0,76,5,0,8,6,11,4,0,19,0
6597,MC_SC_17_s03L_6597,20,1,1,0,1,0,11,0,0,3,1,0,0,2,2,0,1,6,8
6598,MC_SC_17_s03L_6598,20,7,4,0,16,11,78,3,19,23,0,2,14,31,2,0,8,93,5
6599,MC_SC_17_s03L_6599,20,4,4,0,52,0,125,4,1,116,22,15,21,16,39,10,0,70,4
6600,MC_SC_17_s03L_6600,20,8,6,0,54,0,92,1,3,40,24,12,28,27,29,23,0,16,4
6601,MC_SC_17_s03L_6601,20,4,2,0,3,0,56,0,0,12,1,6,10,13,4,0,0,24,20
6602,MC_SC_17_s03L_6602,20,4,2,0,11,0,42,0,2,15,0,4,14,11,1,6,0,28,23
6603,MC_SC_17_s03L_6603,20,4,2,0,26,0,92,2,1,29,5,11,8,24,8,1,0,8,13
6604,MC_SC_17_s03L_6604,20,7,3,0,83,6,220,4,4,350,24,4,31,67,132,45,28,28,6
6605,MC_SC_17_s03L_6605,20,4,1,0,12,4,63,3,1,0,6,0,23,0,0,17,3,42,0
6606,MC_SC_17_s03L_6606,20,4,3,0,4,0,87,0,0,21,1,8,16,12,2,0,0,28,34
6607,MC_SC_17_s03L_6607,20,4,2,0,6,0,16,0,28,0,1,0,10,3,0,4,0,38,2
6608,MC_SC_17_s03L_6608,20,1,1,0,0,0,8,2,5,0,0,0,4,0,0,0,0,0,0
6609,MC_SC_17_s03L_6609,20,11,2,0,1,0,18,0,0,11,0,0,1,5,0,0,0,0,0
6610,MC_SC_17_s03L_6610,20,9,3,0,11,0,110,6,0,103,1,1,20,6,28,8,2,88,0
6611,MC_SC_17_s03L_6611,20,6,3,0,53,0,95,0,3,117,5,4,19,16,5,3,0,50,0
6612,MC_SC_17_s03L_6612,20,4,3,0,34,0,55,1,0,44,1,5,11,6,9,2,3,0,0
6613,MC_SC_17_s03L_6613,20,20,7,46,26,51,79,12,21,13,4,0,20,2,26,32,2,3,12
6614,MC_SC_17_s03L_6614,20,6,4,0,20,0,102,2,0,74,2,15,18,23,7,6,0,12,11
6615,MC_SC_17_s03L_6615,20,6,4,0,3,0,107,1,0,89,10,28,17,21,7,0,0,50,30
6616,MC_SC_17_s03L_6616,20,5,3,0,48,0,122,3,0,62,14,15,24,16,4,13,0,2,4
6617,MC_SC_17_s03L_6617,20,5,3,1,1,0,67,0,2,0,0,0,26,3,14,3,2,1,16
6618,MC_SC_17_s03L_6618,20,4,2,0,5,1,80,1,4,0,0,0,3,1,0,13,0,0,10
6619,MC_SC_17_s03L_6619,20,4,3,0,31,0,134,1,0,60,0,24,12,5,3,11,0,67,10
6620,MC_SC_17_s03L_6620,20,6,3,0,12,0,45,0,51,8,0,4,24,15,7,0,16,92,5
6621,MC_SC_17_s03L_6621,20,2,1,0,5,5,13,2,0,8,0,2,5,0,0,0,0,1,0
6622,MC_SC_17_s03L_6622,20,6,3,0,8,0,64,30,0,44,1,5,4,26,10,5,2,26,0
6623,MC_SC_17_s03L_6623,20,1,1,0,1,0,2,0,0,6,2,0,0,1,4,0,0,0,1
6624,MC_SC_17_s03L_6624,20,4,2,0,63,0,157,4,24,193,11,9,24,3,1,16,0,69,3
6625,MC_SC_17_s03L_6625,20,5,3,0,10,6,80,2,0,0,2,0,3,1,0,13,0,0,13
6626,MC_SC_17_s03L_6626,20,2,1,0,43,0,73,0,0,19,0,0,10,0,0,16,2,99,0
6627,MC_SC_17_s03L_6627,20,2,1,1,23,0,56,3,8,65,11,14,10,10,21,4,0,8,16
6628,MC_SC_17_s03L_6628,20,5,3,0,15,0,112,36,10,5,2,28,27,39,3,1,0,25,28
6629,MC_SC_17_s03L_6629,20,3,2,0,19,0,68,4,2,54,56,5,19,35,16,11,0,5,2
6630,MC_SC_17_s03L_6630,20,6,4,0,30,0,103,4,0,78,2,17,16,56,4,9,0,44,16
6631,MC_SC_17_s03L_6631,20,3,2,0,24,0,73,0,0,30,3,8,17,6,0,17,0,20,27
6632,MC_SC_17_s03L_6632,20,3,2,0,19,0,79,0,0,14,15,3,11,4,0,5,0,2,12
6633,MC_SC_17_s03L_6633,20,4,2,1,49,0,29,1,34,56,23,0,10,7,2,11,0,20,15
6634,MC_SC_17_s03L_6634,20,4,3,0,16,0,47,0,0,12,2,2,3,3,0,5,0,0,3
6635,MC_SC_17_s03L_6635,20,1,1,0,1,0,9,4,1,26,4,2,4,4,31,6,3,1,10
6636,MC_SC_17_s03L_6636,20,6,4,0,13,0,65,0,9,26,3,12,3,9,2,11,0,56,6
6637,MC_SC_17_s03L_6637,20,5,3,0,23,0,21,6,39,0,5,4,21,10,0,12,2,59,7
6638,MC_SC_17_s03L_6638,20,15,5,0,24,0,87,56,7,74,32,0,10,18,5,23,2,13,34
6639,MC_SC_17_s03L_6639,20,2,2,0,21,0,83,2,0,32,1,8,18,2,2,6,0,4,14
6640,MC_SC_17_s03L_6640,20,4,2,1,41,20,69,1,0,27,3,0,2,0,2,0,0,47,1
6641,MC_SC_17_s03L_6641,20,3,2,0,65,0,89,0,0,23,1,0,5,0,0,27,0,136,4
6642,MC_SC_17_s03L_6642,20,9,5,60,18,0,24,0,54,11,3,0,2,3,0,5,6,0,6
6643,MC_SC_17_s03L_6643,20,6,4,0,41,0,160,4,5,112,39,34,23,34,111,21,10,31,57
6644,MC_SC_17_s03L_6644,20,1,1,0,7,1,25,0,0,0,8,4,0,4,0,0,0,17,0
6645,MC_SC_17_s03L_6645,20,6,3,0,3,49,87,2,68,19,3,0,17,44,27,12,6,26,23
6646,MC_SC_17_s03L_6646,20,4,2,0,46,0,97,0,2,6,1,0,12,6,0,13,0,77,1
6647,MC_SC_17_s03L_6647,20,3,2,0,5,0,101,2,0,23,1,1,9,16,0,2,0,50,0
6648,MC_SC_17_s03L_6648,20,11,5,0,1,0,22,0,20,7,1,0,5,4,0,29,3,7,16
6649,MC_SC_17_s03L_6649,20,5,2,0,4,0,30,0,0,4,2,3,1,3,0,0,3,6,11
6650,MC_SC_17_s03L_6650,20,12,9,107,3,7,58,2,11,3,2,3,15,6,2,15,0,0,0
6651,MC_SC_17_s03L_6651,20,6,4,1,36,0,52,94,67,17,1,4,16,7,0,43,4,14,7
6652,MC_SC_17_s03L_6652,20,1,1,0,27,5,29,3,0,0,15,10,18,0,0,17,0,15,0
6653,MC_SC_17_s03L_6653,20,3,2,0,72,2,157,1,20,0,55,21,47,4,0,41,0,165,0
6654,MC_SC_17_s03L_6654,20,1,1,7,5,0,4,1,5,12,0,0,0,3,2,0,5,0,0
6655,MC_SC_17_s03L_6655,20,3,1,0,60,2,90,0,23,0,41,13,57,4,0,28,0,150,0
6656,MC_SC_17_s03L_6656,20,5,2,0,15,1,49,13,22,0,0,0,19,10,0,0,2,133,8
6657,MC_SC_17_s03L_6657,20,3,2,44,17,1,23,1,5,0,5,5,17,0,0,18,0,0,1
6658,MC_SC_17_s03L_6658,20,3,2,0,49,0,82,9,0,0,35,6,28,2,0,33,2,116,0
6659,MC_SC_17_s03L_6659,20,10,7,0,5,0,35,19,1,0,6,8,12,32,3,20,0,15,25
6660,MC_SC_17_s03L_6660,20,2,2,0,44,5,27,5,0,3,14,3,3,0,0,10,4,53,0
6661,MC_SC_17_s03L_6661,20,5,3,0,33,19,137,8,55,25,3,0,15,48,5,15,13,48,31
6662,MC_SC_17_s03L_6662,20,5,2,0,6,0,35,1,7,0,0,0,6,0,0,0,0,3,1
6663,MC_SC_17_s03L_6663,20,3,3,69,0,0,38,23,20,0,4,11,16,15,5,14,0,11,1
6664,MC_SC_17_s03L_6664,20,5,2,1,28,0,52,37,5,113,10,7,9,28,30,36,9,4,25
6665,MC_SC_17_s03L_6665,20,3,3,0,2,0,17,0,18,0,1,0,7,19,8,0,0,0,0
6666,MC_SC_17_s03L_6666,20,10,4,30,44,62,61,11,85,199,9,0,11,12,145,24,177,0,0
6667,MC_SC_17_s03L_6667,20,3,3,0,4,0,14,3,0,14,0,5,3,0,0,0,0,10,1
6668,MC_SC_17_s03L_6668,20,2,1,0,0,0,0,0,0,0,0,0,0,0,0,0,0,0,0
6669,MC_SC_17_s03L_6669,20,2,1,0,6,0,34,0,0,34,0,0,12,8,0,8,0,24,15
6670,MC_SC_17_s03L_6670,20,3,2,0,15,0,127,0,0,38,2,1,2,23,0,8,0,80,2
6671,MC_SC_17_s03L_6671,20,3,2,46,8,1,7,25,16,4,2,2,19,1,4,19,0,0,0
6672,MC_SC_17_s03L_6672,20,2,2,0,31,2,92,1,0,6,0,30,91,1,8,20,0,98,0
6673,MC_SC_17_s03L_6673,20,6,2,0,63,0,217,7,3,417,78,3,33,39,207,32,14,89,3
6674,MC_SC_17_s03L_6674,20,2,2,0,8,0,26,1,0,34,1,0,13,7,3,0,5,15,2
6675,MC_SC_17_s03L_6675,20,9,6,3,15,0,17,66,26,38,3,3,14,1,1,17,0,3,3
6676,MC_SC_17_s03L_6676,20,3,2,0,57,0,92,35,1,0,0,14,54,0,2,29,0,140,0
6677,MC_SC_17_s03L_6677,20,3,2,0,62,0,109,29,0,0,0,42,76,1,5,39,0,134,0
6678,MC_SC_17_s03L_6678,20,6,5,0,15,0,43,24,2,2,8,1,9,22,0,5,0,8,2
6679,MC_SC_17_s03L_6679,20,6,5,0,16,0,77,4,74,24,7,0,31,37,20,19,11,14,31
6680,MC_SC_17_s03L_6680,20,8,4,0,18,0,4,44,31,44,1,0,16,15,0,14,8,1,1
6681,MC_SC_17_s03L_6681,20,3,2,49,19,1,30,21,20,3,14,1,24,9,20,30,2,1,32
6682,MC_SC_17_s03L_6682,20,3,2,27,5,0,0,24,24,0,1,0,5,0,0,31,0,3,0
6683,MC_SC_17_s03L_6683,20,4,2,0,33,0,89,5,3,14,2,23,100,4,0,30,11,113,0
6684,MC_SC_17_s03L_6684,20,3,3,0,8,0,28,0,4,29,3,2,8,10,0,4,0,12,12
6685,MC_SC_17_s03L_6685,20,3,2,0,14,0,108,1,12,81,2,3,18,1,2,3,0,43,0
6686,MC_SC_17_s03L_6686,20,2,2,0,0,0,18,0,4,2,14,0,3,5,0,1,0,9,3
6687,MC_SC_17_s03L_6687,20,5,3,78,24,0,34,9,39,4,48,33,21,30,1,55,10,16,6
6688,MC_SC_17_s03L_6688,20,1,1,13,4,11,3,0,3,25,1,0,1,3,16,8,29,0,6
6689,MC_SC_17_s03L_6689,20,2,2,0,8,0,14,0,0,0,0,0,0,0,0,0,0,0,0
6690,MC_SC_17_s03L_6690,20,6,2,0,11,0,32,15,26,2,2,0,15,1,0,2,0,46,0
6691,MC_SC_17_s03L_6691,20,5,3,0,57,0,97,7,4,285,26,8,28,5,13,36,9,43,5
6692,MC_SC_17_s03L_6692,20,1,1,0,0,0,16,1,20,0,0,0,3,3,0,0,0,2,0
6693,MC_SC_17_s03L_6693,20,4,3,17,11,0,1,17,6,0,1,1,4,0,0,7,0,0,0
6694,MC_SC_17_s03L_6694,20,2,2,0,3,0,18,1,0,18,8,10,16,5,0,14,0,19,0
6695,MC_SC_17_s03L_6695,20,11,2,0,60,0,62,2,6,128,30,7,25,94,39,21,2,60,50
6696,MC_SC_17_s03L_6696,20,6,2,0,0,2,1,0,2,0,0,0,2,2,0,0,0,18,0
6697,MC_SC_17_s03L_6697,20,2,1,0,10,0,11,1,2,0,0,5,4,1,0,4,0,12,8
6698,MC_SC_17_s03L_6698,20,1,1,0,11,0,10,1,3,0,1,8,6,0,0,5,0,11,0
6699,MC_SC_17_s03L_6699,20,7,2,0,21,2,28,28,47,2,7,6,9,16,16,25,0,4,0
6700,MC_SC_17_s03L_6700,20,6,3,1,15,3,16,24,53,17,8,6,12,11,20,33,8,15,8
6701,MC_SC_17_s03L_6701,20,4,3,0,0,0,25,3,33,78,18,32,2,6,0,2,0,0,0
6702,MC_SC_17_s03L_6702,20,2,1,34,10,0,2,1,4,0,0,6,3,3,0,2,0,0,10
6703,MC_SC_17_s03L_6703,20,3,2,0,41,5,110,16,0,2,0,28,44,1,12,33,1,127,0
6704,MC_SC_17_s03L_6704,20,5,4,1,0,0,10,18,9,2,4,0,2,5,0,1,0,0,0
6705,MC_SC_17_s03L_6705,20,1,1,0,2,0,0,2,2,0,5,2,26,3,0,13,0,1,7
6706,MC_SC_17_s03L_6706,20,1,1,0,0,6,3,1,2,27,2,0,3,0,1,0,26,0,1
6707,MC_SC_17_s03L_6707,20,1,1,1,0,0,7,2,0,0,6,1,0,0,0,5,0,2,0
6708,MC_SC_17_s03L_6708,20,6,3,0,16,3,213,4,3,208,10,34,20,32,38,21,19,53,13
6709,MC_SC_17_s03L_6709,20,1,1,2,2,0,0,0,4,0,18,3,4,4,0,5,0,3,2
6710,MC_SC_17_s03L_6710,20,6,2,0,28,3,153,2,0,105,34,13,28,10,45,26,1,91,8
6711,MC_SC_17_s03L_6711,20,3,1,0,29,0,8,2,3,37,2,3,4,3,8,5,0,10,7
6712,MC_SC_17_s03L_6712,20,1,1,0,0,0,1,1,6,0,0,0,0,0,0,0,0,0,0
6713,MC_SC_17_s03L_6713,20,3,1,30,25,0,5,0,14,0,1,0,12,1,0,1,0,15,1
6714,MC_SC_17_s03L_6714,20,1,1,7,3,0,0,0,1,0,2,0,1,0,0,4,0,13,0
6715,MC_SC_17_s03L_6715,20,1,1,2,5,0,0,2,1,0,2,0,0,2,0,2,0,6,1
6716,MC_SC_17_s03L_6716,20,7,4,19,30,0,3,0,7,0,1,3,10,8,0,5,0,15,3
6717,MC_SC_17_s03L_6717,20,4,1,1,11,0,38,1,16,0,20,0,9,15,0,2,0,32,11
6718,MC_SC_17_s03L_6718,20,3,2,0,11,0,21,1,1,13,6,2,7,11,0,12,0,7,1
6719,MC_SC_17_s03L_6719,20,5,3,0,4,6,83,0,38,2,2,0,18,19,0,8,7,16,34
6720,MC_SC_17_s03L_6720,20,3,1,0,0,0,28,0,0,6,0,1,2,12,0,3,0,23,0
6721,MC_SC_17_s03L_6721,20,1,1,8,0,0,3,0,0,3,3,1,0,0,0,0,0,0,0
6722,MC_SC_17_s03L_6722,20,1,1,0,0,0,0,0,28,0,0,0,0,0,0,1,0,3,0
6723,MC_SC_17_s03L_6723,20,4,3,0,8,0,6,0,0,0,5,0,12,0,0,4,0,2,0
6724,MC_SC_17_s03L_6724,20,4,2,17,17,0,10,3,1,0,17,14,15,16,0,8,0,4,1
6725,MC_SC_17_s03L_6725,20,6,3,141,37,0,17,8,66,1,28,19,29,43,2,15,1,43,44
6726,MC_SC_17_s03L_6726,20,1,1,17,1,0,0,0,0,0,0,0,20,0,0,1,0,7,20
6727,MC_SC_17_s03L_6727,20,4,2,0,45,0,13,0,2,2,27,1,10,16,0,4,0,8,9
6728,MC_SC_17_s03L_6728,20,2,1,0,6,0,4,3,7,7,1,0,4,1,0,8,0,0,2
6729,MC_SC_17_s03L_6729,20,7,5,7,89,4,18,4,10,5,2,1,36,60,0,10,8,52,1
6730,MC_SC_17_s03L_6730,20,8,7,0,15,0,2,6,8,16,3,6,4,3,12,2,7,8,3
6731,MC_SC_17_s03L_6731,20,5,4,71,31,0,2,4,30,0,4,9,43,23,4,3,6,40,35
6732,MC_SC_17_s03L_6732,20,4,3,0,12,0,46,0,1,3,15,2,5,19,0,6,0,5,15
6733,MC_SC_17_s03L_6733,20,4,2,1,2,0,0,5,26,16,0,21,13,20,2,47,2,11,21
6734,MC_SC_17_s03L_6734,20,2,1,0,6,0,9,3,28,0,0,1,10,16,0,5,0,13,5
6735,MC_SC_17_s03L_6735,20,4,2,0,0,0,0,30,28,0,0,2,12,0,0,6,0,1,0
6736,MC_SC_17_s03L_6736,20,5,3,65,34,0,10,0,12,0,4,13,39,33,13,16,8,42,29
6737,MC_SC_17_s03L_6737,20,7,3,0,19,0,23,45,33,14,13,5,18,9,20,18,8,10,14
6738,MC_SC_17_s03L_6738,20,5,4,100,1,0,28,4,10,11,37,2,76,27,29,21,16,52,59
6739,MC_SC_17_s03L_6739,20,4,2,1,5,0,13,0,44,0,4,4,8,9,0,13,0,4,1
6740,MC_SC_17_s03L_6740,20,6,3,10,11,0,12,2,8,126,64,13,50,6,70,20,4,54,33
6741,MC_SC_17_s03L_6741,20,1,1,0,2,0,7,41,26,2,14,5,34,0,3,10,3,19,11
6742,MC_SC_17_s03L_6742,20,1,1,0,5,0,13,16,13,2,2,1,9,0,2,0,0,14,0
6743,MC_SC_17_s03L_6743,20,1,1,0,3,0,11,0,4,7,2,0,0,0,0,3,0,1,0
6744,MC_SC_17_s03L_6744,20,4,3,145,11,0,0,0,41,2,15,9,2,2,3,1,39,96,24
6745,MC_SC_17_s03L_6745,20,4,3,0,35,0,71,79,87,7,16,27,46,4,69,37,5,33,5
6746,MC_SC_17_s03L_6746,20,4,2,25,7,0,0,15,47,79,14,12,16,30,8,35,18,31,25
6747,MC_SC_17_s03L_6747,20,1,1,0,3,0,5,0,5,2,4,1,0,2,1,0,0,0,0
6748,MC_SC_17_s03L_6748,20,1,1,0,12,0,16,4,8,61,2,4,35,30,0,22,6,79,28
6749,MC_SC_17_s03L_6749,20,7,5,1,7,0,4,87,56,4,40,22,39,1,0,7,6,2,1
6750,MC_SC_17_s03L_6750,20,6,3,0,68,75,185,2,6,12,58,19,19,54,88,40,12,11,31
6751,MC_SC_17_s03L_6751,20,9,7,0,37,1,78,43,9,0,1,3,25,8,24,10,8,2,24
6752,MC_SC_17_s03L_6752,20,5,2,0,36,22,2,22,70,51,11,0,27,41,115,27,39,6,8
6753,MC_SC_17_s03L_6753,20,4,3,79,11,0,1,1,6,0,6,1,16,2,0,1,4,12,22
6754,MC_SC_17_s03L_6754,20,2,1,0,7,0,5,3,54,80,5,1,2,3,51,16,7,0,3
6755,MC_SC_17_s03L_6755,20,1,1,109,5,3,17,3,93,9,16,20,55,8,5,41,0,71,43
6756,MC_SC_17_s03L_6756,20,1,1,0,1,0,10,2,1,0,2,0,7,2,3,1,0,1,8
6757,MC_SC_17_s03L_6757,20,1,1,1,57,40,13,2,13,20,6,5,2,21,26,9,22,3,4
6758,MC_SC_17_s03L_6758,20,3,1,0,7,0,4,0,2,3,0,1,7,29,0,16,3,32,0
6759,MC_SC_17_s03L_6759,20,7,5,0,88,4,118,3,2,109,6,7,2,20,62,30,22,19,30
6760,MC_SC_17_s03L_6760,20,2,1,76,23,0,10,1,72,0,9,28,19,12,0,28,0,22,30
6761,MC_SC_17_s03L_6761,20,5,3,0,6,2,1,63,34,5,1,5,22,13,0,3,0,0,0
6762,MC_SC_17_s03L_6762,20,4,2,0,1,0,0,49,27,12,3,5,12,7,0,0,1,0,0
6763,MC_SC_17_s03L_6763,20,3,2,63,17,4,5,34,7,2,0,0,29,9,15,8,5,15,1
6764,MC_SC_17_s03L_6764,20,6,3,0,71,33,156,83,26,10,11,8,52,37,130,51,4,7,42
6765,MC_SC_17_s03L_6765,20,1,1,29,10,0,2,0,11,0,0,17,16,10,0,3,0,23,9
6766,MC_SC_17_s03L_6766,20,4,4,0,113,24,139,85,110,13,23,10,26,3,116,54,7,17,8
6767,MC_SC_17_s03L_6767,20,9,2,73,6,1,4,9,32,4,18,0,37,0,2,19,0,14,30
6768,MC_SC_17_s03L_6768,20,3,2,1,50,0,1,1,8,2,35,8,9,19,0,8,0,7,2
6769,MC_SC_17_s03L_6769,20,6,3,1,42,3,159,4,78,138,10,4,19,8,0,24,15,42,3
6770,MC_SC_17_s03L_6770,20,2,2,0,21,0,98,0,0,42,0,6,9,38,2,7,0,42,0
6771,MC_SC_17_s03L_6771,20,4,2,0,33,0,45,3,15,81,12,7,24,12,21,14,0,10,8
6772,MC_SC_17_s03L_6772,20,8,5,152,37,21,30,8,88,31,14,15,35,8,59,50,20,5,12
6773,MC_SC_17_s03L_6773,20,4,2,0,28,0,50,3,24,73,29,10,20,19,37,33,15,5,26
6774,MC_SC_17_s03L_6774,20,2,2,53,35,1,13,5,59,4,5,20,41,7,0,22,0,6,6
6775,MC_SC_17_s03L_6775,20,9,4,0,31,0,125,1,40,118,10,5,18,5,2,36,5,47,3
6776,MC_SC_17_s03L_6776,20,2,2,70,35,4,1,5,39,7,6,12,12,0,15,31,2,28,37
6777,MC_SC_17_s03L_6777,20,5,3,0,45,0,40,1,0,66,0,0,10,11,0,8,0,38,25
6778,MC_SC_17_s03L_6778,20,2,1,2,69,0,28,54,25,71,17,25,23,26,33,20,3,28,43
6779,MC_SC_17_s03L_6779,20,4,3,0,47,7,6,0,6,0,10,4,5,5,2,10,8,5,32
6780,MC_SC_17_s03L_6780,20,3,2,0,28,0,17,4,1,0,0,0,17,26,0,25,3,19,3
6781,MC_SC_17_s03L_6781,20,5,3,0,14,0,18,0,0,48,1,4,7,12,27,22,9,10,11
6782,MC_SC_17_s03L_6782,20,2,2,2,42,0,12,20,17,35,8,23,10,27,5,11,0,44,46
6783,MC_SC_17_s03L_6783,20,5,2,0,78,0,68,38,1,106,13,0,17,13,40,38,3,15,12
6784,MC_SC_17_s03L_6784,20,7,3,0,66,0,75,0,2,89,22,0,6,17,26,34,3,6,13
6785,MC_SC_17_s03L_6785,20,5,3,2,15,3,4,50,44,7,19,4,22,10,7,7,2,1,4
6786,MC_SC_17_s03L_6786,20,4,3,0,98,4,181,3,35,128,25,75,15,28,56,45,11,120,4
6787,MC_SC_17_s03L_6787,20,5,2,2,15,18,17,72,55,5,2,11,24,0,17,15,2,15,2
6788,MC_SC_17_s03L_6788,20,6,3,0,38,1,17,0,2,0,0,8,8,18,0,8,0,23,4
6789,MC_SC_17_s03L_6789,20,4,2,0,21,0,4,0,4,0,3,6,7,5,0,23,0,2,33
6790,MC_SC_17_s03L_6790,20,2,1,0,24,2,78,4,12,0,3,17,9,21,2,13,0,16,31
6791,MC_SC_17_s03L_6791,20,4,2,0,13,0,30,0,0,0,9,4,7,16,0,5,0,2,3
6792,MC_SC_17_s03L_6792,20,5,2,92,77,16,29,51,97,18,4,0,13,5,36,16,20,11,10
6793,MC_SC_17_s03L_6793,20,2,1,45,11,0,0,6,12,0,0,3,5,12,0,11,0,6,23
6794,MC_SC_17_s03L_6794,20,4,3,1,111,28,29,2,13,11,10,10,5,41,0,6,4,2,25
6795,MC_SC_17_s03L_6795,20,4,2,0,1,0,4,37,3,0,2,1,6,1,0,5,0,1,0
6796,MC_SC_17_s03L_6796,20,4,2,0,1,0,0,20,15,0,0,1,8,4,0,5,0,0,0
6797,MC_SC_17_s03L_6797,20,5,4,1,45,9,48,1,2,4,30,15,25,50,34,21,7,19,10
6798,MC_SC_17_s03L_6798,20,1,1,0,0,0,0,3,1,0,0,0,3,3,0,1,0,0,0
6799,MC_SC_17_s03L_6799,20,5,3,0,35,0,118,4,45,142,28,1,19,46,4,40,0,20,0
6800,MC_SC_17_s03L_6800,20,3,1,0,2,0,5,1,16,36,21,5,14,20,2,23,2,17,4
6801,MC_SC_17_s03L_6801,20,6,3,60,33,0,10,52,79,3,5,14,43,31,7,39,2,27,12
6802,MC_SC_17_s03L_6802,20,6,3,0,24,0,12,3,10,3,4,12,17,29,12,14,2,5,40
6803,MC_SC_17_s03L_6803,20,1,1,0,2,0,0,0,1,1,0,1,0,0,4,0,0,0,0
6804,MC_SC_17_s03L_6804,20,5,2,0,19,0,12,42,59,0,8,2,12,34,0,28,0,3,0
6805,MC_SC_17_s03L_6805,20,4,3,0,11,0,49,0,2,8,25,7,8,32,2,10,0,29,22
6806,MC_SC_17_s03L_6806,20,5,3,0,25,4,12,0,10,4,3,9,24,31,35,20,6,10,3
6807,MC_SC_17_s03L_6807,20,1,1,1,1,0,8,0,2,17,2,0,0,0,0,0,0,0,0
6808,MC_SC_17_s03L_6808,20,4,3,19,20,0,6,13,19,39,20,13,26,58,6,30,3,69,8
6809,MC_SC_17_s03L_6809,20,5,3,0,50,0,37,21,72,219,76,26,29,52,53,82,24,27,52
6810,MC_SC_17_s03L_6810,20,5,3,123,82,5,16,86,89,0,7,51,33,69,6,51,2,48,18
6811,MC_SC_17_s03L_6811,20,1,1,46,16,1,9,4,21,0,4,3,14,13,3,8,2,1,11
6812,MC_SC_17_s03L_6812,20,5,2,0,66,0,19,21,19,108,9,13,7,27,34,21,3,25,36
6813,MC_SC_17_s03L_6813,20,7,4,81,33,1,15,14,19,3,3,8,22,26,16,21,0,32,19
6814,MC_SC_17_s03L_6814,20,8,2,0,60,0,11,5,7,44,3,18,34,35,7,40,0,26,27
6815,MC_SC_17_s03L_6815,20,1,1,0,20,9,4,0,1,6,4,6,5,16,25,8,6,8,0
6816,MC_SC_17_s03L_6816,20,1,1,1,21,0,6,6,6,39,2,4,3,4,8,7,0,16,17
6817,MC_SC_17_s03L_6817,20,6,4,0,5,1,2,62,28,3,0,3,19,7,0,18,2,0,0
6818,MC_SC_17_s03L_6818,20,7,6,103,55,3,1,87,50,7,2,1,34,1,4,22,2,4,25
6819,MC_SC_17_s03L_6819,20,4,2,0,96,0,86,8,8,189,2,0,48,49,18,34,6,97,38
6820,MC_SC_17_s03L_6820,20,5,3,61,28,0,13,36,23,4,1,0,27,0,0,16,4,40,9
6821,MC_SC_17_s03L_6821,20,5,3,0,28,35,87,3,63,51,2,8,16,47,0,6,26,57,45
6822,MC_SC_17_s03L_6822,20,4,2,0,6,0,8,33,22,32,1,5,11,10,5,7,0,1,0
6823,MC_SC_17_s03L_6823,20,7,5,1,15,2,5,38,16,2,1,10,8,0,4,0,2,13,3
6824,MC_SC_17_s03L_6824,20,3,2,2,17,0,15,32,5,0,1,15,19,10,0,14,4,14,4
6825,MC_SC_17_s03L_6825,20,5,3,49,39,1,20,13,53,3,7,2,22,22,0,33,0,6,13
6826,MC_SC_17_s03L_6826,20,4,2,0,35,0,30,0,0,85,10,3,18,10,29,12,4,43,26
6827,MC_SC_17_s03L_6827,20,3,2,0,2,0,2,0,0,0,0,11,7,0,0,5,0,15,0
6828,MC_SC_17_s03L_6828,20,4,3,0,28,0,126,2,4,103,61,17,14,4,40,11,4,72,1
6829,MC_SC_17_s03L_6829,20,6,4,0,55,23,6,3,27,20,1,21,24,64,8,15,12,116,2
6830,MC_SC_17_s03L_6830,20,5,4,0,34,0,135,9,18,134,7,20,18,33,9,39,8,167,0
6831,MC_SC_17_s03L_6831,20,2,1,0,28,2,50,1,3,4,39,2,12,13,0,27,2,18,23
6832,MC_SC_17_s03L_6832,20,3,2,0,8,0,16,0,0,0,4,2,0,11,0,10,0,1,16
6833,MC_SC_17_s03L_6833,20,10,7,1,74,22,82,55,177,28,58,3,44,46,76,53,27,18,16
6834,MC_SC_17_s03L_6834,20,4,3,0,1,1,4,56,16,0,4,8,14,3,0,4,0,0,0
6835,MC_SC_17_s03L_6835,20,7,4,0,66,3,169,0,0,127,18,50,18,1,0,20,4,96,4
6836,MC_SC_17_s03L_6836,20,1,1,6,7,1,6,8,8,0,5,0,0,1,7,5,0,0,2
6837,MC_SC_17_s03L_6837,20,3,2,0,13,0,8,22,4,2,67,23,31,29,0,11,2,43,26
6838,MC_SC_17_s03L_6838,20,5,2,0,16,4,42,1,18,0,21,11,9,32,0,17,6,5,17
6839,MC_SC_17_s03L_6839,20,5,3,1,53,0,83,2,2,78,1,21,25,41,9,19,10,25,60
6840,MC_SC_17_s03L_6840,20,5,3,0,71,0,192,9,73,125,50,25,27,87,0,59,12,49,7
6841,MC_SC_17_s03L_6841,20,4,3,0,2,0,12,0,0,8,0,1,7,6,0,10,0,0,0
6842,MC_SC_17_s03L_6842,20,5,2,0,8,7,16,42,81,7,40,18,25,7,11,31,0,12,16
6843,MC_SC_17_s03L_6843,20,5,3,0,11,0,27,1,0,29,12,20,12,29,0,12,8,82,1
6844,MC_SC_17_s03L_6844,20,6,3,0,7,0,16,27,21,2,12,7,8,3,0,8,2,9,10
6845,MC_SC_17_s03L_6845,20,5,3,56,20,0,36,45,25,0,3,12,18,0,0,18,0,27,17
6846,MC_SC_17_s03L_6846,20,4,2,0,0,0,0,50,24,0,0,1,17,27,0,5,0,0,2
6847,MC_SC_17_s03L_6847,20,5,2,0,13,0,6,1,0,4,1,1,2,23,0,10,0,39,6
6848,MC_SC_17_s03L_6848,20,1,1,23,6,0,1,0,0,0,0,0,0,0,0,0,0,0,0
6849,MC_SC_17_s03L_6849,20,1,1,0,6,0,0,28,1,0,0,0,1,6,0,3,0,0,0
6850,MC_SC_17_s03L_6850,20,8,4,0,24,108,313,30,284,30,83,1,23,122,26,77,29,11,23
6851,MC_SC_17_s03L_6851,20,1,1,0,0,0,16,1,12,0,6,0,1,10,0,1,0,0,0
6852,MC_SC_17_s03L_6852,20,1,1,10,0,19,2,0,9,58,0,0,0,0,0,0,25,0,0
6853,MC_SC_17_s03L_6853,20,4,3,0,16,3,123,7,78,1,40,19,19,9,2,40,2,10,0
6854,MC_SC_17_s03L_6854,20,1,1,2,4,0,9,40,4,7,6,3,13,15,0,5,0,1,0
6855,MC_SC_17_s03L_6855,20,1,1,0,0,0,0,1,2,3,2,0,0,0,0,0,0,1,0
6856,MC_SC_17_s03L_6856,20,8,3,0,39,1,20,44,76,12,7,2,8,27,19,38,8,15,1
6857,MC_SC_17_s03L_6857,20,6,4,0,101,0,80,0,136,26,8,55,14,31,0,35,0,42,5
6858,MC_SC_17_s03L_6858,20,1,1,8,4,0,0,2,17,0,4,0,1,13,4,1,0,0,2
6859,MC_SC_17_s03L_6859,20,5,2,0,0,0,1,20,15,0,2,4,14,0,0,0,0,0,0
6860,MC_SC_17_s03L_6860,20,7,3,141,72,3,59,0,79,8,21,1,17,36,48,48,8,1,19
6861,MC_SC_17_s03L_6861,20,5,3,1,54,0,41,2,14,148,38,1,7,76,25,15,2,0,39
6862,MC_SC_17_s03L_6862,20,3,2,0,23,0,37,3,65,26,29,3,16,17,0,36,12,47,28
6863,MC_SC_17_s03L_6863,20,4,2,0,14,0,1,3,0,30,0,0,23,13,0,12,5,89,9
6864,MC_SC_17_s03L_6864,20,3,1,0,19,1,91,30,1,0,68,8,52,54,2,13,2,32,4
6865,MC_SC_17_s03L_6865,20,2,1,0,13,1,59,1,19,1,13,1,7,10,27,4,0,4,2
6866,MC_SC_17_s03L_6866,20,1,1,0,11,0,20,1,14,0,2,8,15,15,0,1,0,25,0
6867,MC_SC_17_s03L_6867,20,6,3,116,16,2,13,10,10,30,28,19,38,44,155,12,174,24,40
6868,MC_SC_17_s03L_6868,20,6,4,0,55,12,87,1,14,10,25,14,10,30,31,27,0,28,2
6869,MC_SC_17_s03L_6869,20,3,2,0,28,11,70,19,6,4,0,2,12,5,0,10,2,26,0
6870,MC_SC_17_s03L_6870,20,7,4,0,27,19,50,2,50,38,8,0,16,53,22,7,29,13,3
6871,MC_SC_17_s03L_6871,20,4,3,0,10,0,0,38,8,0,1,7,28,0,0,9,0,2,1
6872,MC_SC_17_s03L_6872,20,5,2,0,36,13,58,6,26,4,13,15,46,47,72,56,1,10,30
6873,MC_SC_17_s03L_6873,20,4,2,0,23,0,97,54,0,0,3,13,28,5,0,19,2,59,44
6874,MC_SC_17_s03L_6874,20,5,3,0,36,2,95,31,143,6,63,58,38,40,141,70,4,3,30
6875,MC_SC_17_s03L_6875,20,1,1,0,7,2,30,10,3,0,0,3,14,7,0,8,2,0,25
6876,MC_SC_17_s03L_6876,20,6,4,265,51,0,0,3,104,2,46,37,41,45,10,29,115,187,71
6877,MC_SC_17_s03L_6877,20,7,5,7,58,3,154,5,19,32,8,84,22,25,115,17,134,22,22
6878,MC_SC_17_s03L_6878,20,5,3,86,24,4,9,8,4,16,22,5,26,28,108,11,134,20,23
6879,MC_SC_17_s03L_6879,20,1,1,0,16,0,26,13,1,1,1,4,7,6,0,3,0,4,15
6880,MC_SC_17_s03L_6880,20,2,1,0,14,3,5,26,11,7,4,2,25,15,3,5,0,2,8
6881,MC_SC_17_s03L_6881,20,2,2,0,39,0,57,13,1,18,19,26,36,36,2,8,0,48,7
6882,MC_SC_17_s03L_6882,20,8,6,44,41,4,19,4,4,49,5,13,13,5,84,25,141,5,1
6883,MC_SC_17_s03L_6883,20,1,1,26,9,0,2,0,3,5,6,2,4,3,23,9,54,8,7
6884,MC_SC_17_s03L_6884,20,2,1,0,3,3,7,89,34,1,5,6,26,41,1,8,0,0,0
6885,MC_SC_17_s03L_6885,20,6,4,77,33,7,17,7,3,33,10,5,11,41,161,24,172,16,62
6886,MC_SC_17_s03L_6886,20,2,1,0,12,0,12,15,2,0,3,2,5,10,0,9,0,1,13
6887,MC_SC_17_s03L_6887,20,3,2,0,68,63,177,3,62,5,23,1,12,60,30,9,5,187,71
6888,MC_SC_17_s03L_6888,20,6,3,0,21,0,24,52,14,88,24,0,15,0,32,4,0,13,0
6889,MC_SC_17_s03L_6889,20,4,1,0,20,0,28,1,1,14,3,22,18,4,2,9,0,50,15
6890,MC_SC_17_s03L_6890,20,4,3,0,6,0,37,0,31,47,9,7,12,18,2,25,1,56,46
6891,MC_SC_17_s03L_6891,20,4,2,0,43,2,74,3,23,1,38,7,16,16,0,21,2,40,26
6892,MC_SC_17_s03L_6892,20,3,2,0,12,0,77,4,8,19,2,1,15,1,0,20,0,29,0
6893,MC_SC_17_s03L_6893,20,1,1,0,0,0,0,1,20,28,4,4,0,9,4,0,8,38,1
6894,MC_SC_17_s03L_6894,20,6,3,81,21,2,7,1,43,3,12,5,5,50,93,14,43,6,32
6895,MC_SC_17_s03L_6895,20,3,2,0,12,0,73,4,19,88,18,1,11,1,0,25,0,73,0
6896,MC_SC_17_s03L_6896,20,2,2,21,10,0,0,0,2,0,2,5,0,0,17,5,22,0,1
6897,MC_SC_17_s03L_6897,20,6,3,91,75,0,287,8,37,2,3,7,19,60,82,9,104,27,12
6898,MC_SC_17_s03L_6898,20,4,2,1,47,0,69,0,10,24,5,8,22,41,51,20,0,83,20
6899,MC_SC_17_s03L_6899,20,12,9,0,109,1,258,1,1,248,31,41,51,100,113,160,56,67,139
6900,MC_SC_17_s03L_6900,20,2,2,0,2,0,1,0,0,2,8,0,6,16,0,9,0,0,7
6901,MC_SC_17_s03L_6901,20,3,3,0,32,0,22,0,0,2,18,1,15,23,8,9,0,1,40
6902,MC_SC_17_s03L_6902,20,1,1,0,0,1,1,1,8,6,0,1,6,12,0,17,3,24,0
6903,MC_SC_17_s03L_6903,20,10,3,72,98,0,44,5,11,6,9,60,29,4,35,38,127,3,5
6904,MC_SC_17_s03L_6904,20,5,3,49,31,0,24,0,0,0,4,10,2,9,26,10,5,11,12
6905,MC_SC_17_s03L_6905,20,5,2,0,12,0,47,1,5,4,13,7,0,10,1,9,0,70,18
6906,MC_SC_17_s03L_6906,20,7,3,0,28,0,1,2,31,18,6,4,5,42,4,3,14,80,25
6907,MC_SC_17_s03L_6907,20,2,1,0,29,0,59,5,6,5,0,5,9,40,0,19,0,107,61
6908,MC_SC_17_s03L_6908,20,5,4,0,15,0,57,0,16,24,30,4,11,62,0,18,0,129,29
6909,MC_SC_17_s03L_6909,20,2,1,0,0,0,2,0,0,2,1,0,0,2,0,1,0,0,2
6910,MC_SC_17_s03L_6910,20,6,4,50,60,3,128,9,5,25,11,36,6,20,6,28,147,41,22
6911,MC_SC_17_s03L_6911,20,8,6,43,3,0,0,0,19,0,0,4,7,6,1,6,0,6,9
6912,MC_SC_17_s03L_6912,20,4,2,0,30,3,14,1,4,54,38,13,34,43,2,8,17,80,5
6913,MC_SC_17_s03L_6913,20,5,4,0,35,4,0,8,110,111,31,16,9,84,2,2,16,179,34
6914,MC_SC_17_s03L_6914,20,5,2,0,61,0,119,4,12,72,13,20,16,78,19,64,9,92,54
6915,MC_SC_17_s03L_6915,20,9,6,50,26,0,3,0,40,3,7,5,11,16,0,9,16,15,7
6916,MC_SC_17_s03L_6916,20,16,4,0,112,0,12,4,73,142,77,72,34,165,4,60,20,306,70
6917,MC_SC_17_s03L_6917,20,8,6,36,12,1,77,0,1,11,4,9,16,33,89,6,23,1,5
6918,MC_SC_17_s03L_6918,20,3,2,1,52,0,188,5,25,163,32,30,25,140,56,85,0,43,69
6919,MC_SC_17_s03L_6919,20,2,2,7,1,0,0,0,5,0,1,1,0,2,0,0,0,0,0
6920,MC_SC_17_s03L_6920,20,4,2,1,12,0,36,1,4,32,14,4,6,33,2,6,0,46,13
6921,MC_SC_17_s03L_6921,20,9,3,67,61,1,89,14,8,25,16,14,8,2,13,20,19,7,17
6922,MC_SC_17_s03L_6922,20,1,1,16,28,0,7,0,4,8,6,4,4,14,59,13,2,1,7
6923,MC_SC_17_s03L_6923,20,8,5,219,76,4,11,4,8,65,21,7,16,13,113,21,47,3,7
6924,MC_SC_17_s03L_6924,20,3,2,0,31,3,24,5,7,82,2,5,12,42,0,11,6,61,39
6925,MC_SC_17_s03L_6925,20,5,4,0,60,1,5,1,7,45,1,10,6,62,0,1,2,83,23
6926,MC_SC_17_s03L_6926,20,1,1,16,4,0,0,0,0,11,1,4,3,0,11,2,3,0,0
6927,MC_SC_17_s03L_6927,20,1,1,0,0,0,0,0,18,16,1,1,0,1,0,0,0,25,0
6928,MC_SC_17_s03L_6928,20,1,1,0,1,0,2,2,2,15,0,1,0,4,8,2,0,1,0
6929,MC_SC_17_s03L_6929,20,7,2,0,17,0,18,55,1,55,8,12,21,13,3,9,2,8,4
6930,MC_SC_17_s03L_6930,20,11,7,102,98,2,75,2,26,40,9,11,36,108,265,25,287,11,44
6931,MC_SC_17_s03L_6931,20,6,4,0,159,3,0,7,58,273,64,34,41,149,95,21,20,274,40
6932,MC_SC_17_s03L_6932,20,1,1,0,1,0,2,0,1,26,0,0,0,4,6,5,0,1,1
6933,MC_SC_17_s03L_6933,20,4,2,0,1,0,69,28,0,36,4,18,10,30,5,10,2,4,0
6934,MC_SC_17_s03L_6934,20,2,1,0,25,0,25,3,9,20,20,8,25,42,3,7,0,46,2
6935,MC_SC_17_s03L_6935,20,2,2,0,35,0,15,4,1,42,29,3,21,49,25,21,0,54,0
6936,MC_SC_17_s03L_6936,20,6,3,129,134,2,85,23,21,48,29,96,75,23,147,116,172,30,23
6937,MC_SC_17_s03L_6937,20,2,1,0,5,0,6,8,7,24,6,3,1,0,0,0,0,0,0
6938,MC_SC_17_s03L_6938,20,5,3,130,135,4,187,15,7,56,31,77,50,33,138,100,310,83,31
6939,MC_SC_17_s03L_6939,20,3,2,0,4,0,38,22,1,26,19,0,14,4,3,14,2,0,0
6940,MC_SC_17_s03L_6940,20,1,1,0,9,0,6,2,10,13,3,1,4,10,0,0,0,2,0
6941,MC_SC_17_s03L_6941,20,2,1,0,24,0,78,4,25,9,10,1,25,12,0,15,0,85,0
6942,MC_SC_17_s03L_6942,20,4,2,0,23,0,46,1,1,64,1,0,26,40,28,38,9,30,0
6943,MC_SC_17_s03L_6943,20,9,4,52,76,2,95,4,2,9,8,40,16,31,169,55,130,41,3
6944,MC_SC_17_s03L_6944,20,7,3,0,16,0,101,17,3,86,4,16,22,37,22,14,5,79,0
6945,MC_SC_17_s03L_6945,20,1,1,0,1,0,6,0,0,3,2,1,0,1,13,4,16,2,0
6946,MC_SC_17_s03L_6946,20,3,2,0,14,0,26,76,3,18,14,12,21,21,0,14,0,9,0
6947,MC_SC_17_s03L_6947,20,3,1,0,1,0,0,9,0,0,1,3,8,3,0,0,0,0,3
6948,MC_SC_17_s03L_6948,20,1,1,37,10,0,9,0,4,0,0,0,0,0,0,0,0,0,0
6949,MC_SC_17_s03L_6949,20,1,1,0,5,0,16,31,0,18,8,7,14,16,0,2,0,25,0
6950,MC_SC_17_s03L_6950,20,3,1,78,20,18,34,0,5,0,1,0,3,0,0,2,0,4,4
6951,MC_SC_17_s03L_6951,20,1,1,0,6,0,6,0,5,30,0,4,0,0,4,1,0,10,0
6952,MC_SC_17_s03L_6952,21,5,3,0,4,0,32,50,5,44,25,6,2,7,3,5,1,6,0
6953,MC_SC_17_s03L_6953,21,1,1,0,4,0,8,12,0,8,8,0,3,5,3,0,0,1,2
6954,MC_SC_17_s03L_6954,21,3,2,1,0,0,11,36,8,16,1,1,8,15,4,2,0,5,5
6955,MC_SC_17_s03L_6955,21,9,5,0,1,0,44,17,1,22,13,2,10,8,0,10,2,0,0
6956,MC_SC_17_s03L_6956,21,4,3,0,13,0,26,76,11,89,5,4,28,5,19,2,0,2,2
6957,MC_SC_17_s03L_6957,21,3,1,54,7,0,30,36,44,0,13,14,24,7,8,11,0,3,0
6958,MC_SC_17_s03L_6958,21,11,8,0,27,81,163,5,115,26,3,27,27,41,87,5,0,41,4
6959,MC_SC_17_s03L_6959,21,16,3,70,4,1,19,3,15,10,1,2,7,4,5,3,2,0,0
6960,MC_SC_17_s03L_6960,21,9,8,1,24,1,103,1,10,89,15,10,6,40,51,4,0,3,0
6961,MC_SC_17_s03L_6961,21,1,1,0,0,3,9,0,4,3,2,0,0,8,5,0,0,35,0
6962,MC_SC_17_s03L_6962,21,5,2,26,7,3,15,2,5,0,0,0,0,0,2,0,0,0,0
6963,MC_SC_17_s03L_6963,21,15,3,0,5,0,12,0,0,50,27,3,10,42,6,7,0,40,14
6964,MC_SC_17_s03L_6964,21,6,5,0,19,0,9,35,24,34,1,0,6,4,2,0,0,0,0
6965,MC_SC_17_s03L_6965,21,8,3,1,12,0,11,55,68,100,6,8,15,12,30,26,11,1,1
6966,MC_SC_17_s03L_6966,21,1,1,0,0,0,4,0,15,0,2,0,0,0,6,2,0,1,0
6967,MC_SC_17_s03L_6967,21,4,3,1,37,37,114,3,231,12,37,8,19,10,103,17,0,5,4
6968,MC_SC_17_s03L_6968,21,6,4,16,3,0,25,29,23,0,44,14,6,19,16,2,0,5,3
6969,MC_SC_17_s03L_6969,21,3,1,0,17,0,51,1,1,83,3,13,25,21,7,1,0,0,0
6970,MC_SC_17_s03L_6970,21,4,3,0,9,67,42,4,23,94,0,0,14,24,69,1,0,0,1
6971,MC_SC_17_s03L_6971,21,6,3,3,3,0,85,25,0,36,11,1,13,23,41,0,0,0,0
6972,MC_SC_17_s03L_6972,21,10,2,0,3,0,47,3,5,60,6,5,15,31,17,8,0,27,32
6973,MC_SC_17_s03L_6973,21,3,2,33,6,0,23,19,6,1,0,4,9,2,5,2,0,0,0
6974,MC_SC_17_s03L_6974,21,6,2,0,2,14,10,30,33,4,16,0,2,13,0,0,0,0,0
6975,MC_SC_17_s03L_6975,21,9,2,0,7,2,56,3,1,156,2,3,8,20,19,0,0,0,0
6976,MC_SC_17_s03L_6976,21,7,2,0,22,0,57,1,0,77,5,1,9,4,6,3,0,16,0
6977,MC_SC_17_s03L_6977,21,11,4,107,14,47,90,27,90,11,71,2,31,56,54,3,0,0,0
6978,MC_SC_17_s03L_6978,21,1,1,0,0,0,3,1,4,3,0,0,0,4,0,0,0,0,0
6979,MC_SC_17_s03L_6979,21,1,1,10,8,0,0,13,9,0,1,0,5,0,4,7,0,2,0
6980,MC_SC_17_s03L_6980,21,5,4,0,4,0,69,1,1,22,1,19,25,41,10,8,0,15,16
6981,MC_SC_17_s03L_6981,21,12,3,0,8,3,113,2,32,7,5,1,11,63,62,9,0,1,7
6982,MC_SC_17_s03L_6982,21,8,2,2,18,0,102,52,3,91,6,0,13,7,25,0,0,1,0
6983,MC_SC_17_s03L_6983,21,5,4,0,14,0,83,45,4,109,6,1,18,1,57,0,0,0,0
6984,MC_SC_17_s03L_6984,21,11,5,0,19,0,128,2,0,152,58,43,42,68,122,7,0,87,1
6985,MC_SC_17_s03L_6985,21,1,1,0,3,0,22,7,27,64,11,2,0,10,26,0,0,0,0
6986,MC_SC_17_s03L_6986,21,5,3,0,16,0,61,1,10,100,13,14,9,5,5,5,0,6,3
6987,MC_SC_17_s03L_6987,21,2,1,0,22,0,103,4,0,75,9,3,12,42,9,1,0,15,0
6988,MC_SC_17_s03L_6988,21,4,3,1,24,0,60,88,1,13,12,17,25,4,39,2,0,0,0
6989,MC_SC_17_s03L_6989,21,6,3,0,21,3,121,73,47,245,48,17,31,50,109,6,0,0,1
6990,MC_SC_17_s03L_6990,21,2,1,0,8,0,25,0,0,35,1,0,1,0,0,2,0,30,3
6991,MC_SC_17_s03L_6991,21,3,2,39,16,0,31,64,25,0,1,1,19,0,4,25,5,15,1
6992,MC_SC_17_s03L_6992,21,6,3,0,20,0,94,1,0,62,19,5,35,51,59,9,0,52,0
6993,MC_SC_17_s03L_6993,21,3,2,2,13,0,19,6,27,57,24,5,9,28,0,16,0,22,13
6994,MC_SC_17_s03L_6994,21,6,4,0,1,0,14,0,0,9,2,9,12,18,6,0,0,4,3
6995,MC_SC_17_s03L_6995,21,9,4,0,3,1,63,60,11,92,1,0,8,14,9,4,4,4,15
6996,MC_SC_17_s03L_6996,21,4,3,57,29,0,8,32,21,2,7,2,19,1,2,17,0,10,1
6997,MC_SC_17_s03L_6997,21,1,1,0,6,0,6,4,6,21,1,0,0,0,2,0,0,0,0
6998,MC_SC_17_s03L_6998,21,7,5,0,41,0,141,2,0,75,24,5,16,34,8,0,0,58,0
6999,MC_SC_17_s03L_6999,21,4,2,0,13,0,50,1,2,37,0,10,7,16,11,0,0,12,8
7000,MC_SC_17_s03L_7000,21,4,2,0,22,0,55,4,1,52,1,8,20,26,15,1,0,17,8
7001,MC_SC_17_s03L_7001,21,6,5,1,17,8,20,21,46,47,2,5,22,16,57,10,20,5,6
7002,MC_SC_17_s03L_7002,21,1,1,0,1,1,6,2,9,71,1,1,2,0,4,0,20,0,0
7003,MC_SC_17_s03L_7003,21,5,2,0,29,11,56,6,54,4,6,2,21,7,0,8,0,51,0
7004,MC_SC_17_s03L_7004,21,2,1,38,15,0,8,32,12,0,3,0,21,0,4,20,0,14,1
7005,MC_SC_17_s03L_7005,21,16,5,0,28,0,128,2,2,56,3,7,17,40,0,14,0,56,16
7006,MC_SC_17_s03L_7006,21,9,3,0,10,8,27,1,7,3,0,0,6,13,0,0,2,81,1
7007,MC_SC_17_s03L_7007,21,7,5,0,5,0,55,0,0,15,9,15,8,30,4,2,0,16,17
7008,MC_SC_17_s03L_7008,21,6,3,0,14,0,74,1,1,78,8,0,0,1,0,1,0,26,1
7009,MC_SC_17_s03L_7009,21,1,1,0,0,0,13,0,0,4,0,1,2,9,2,2,0,5,2
7010,MC_SC_17_s03L_7010,21,6,4,0,14,40,109,3,9,56,2,0,25,0,16,23,18,24,12
7011,MC_SC_17_s03L_7011,21,6,1,0,18,0,51,2,5,5,4,1,9,18,0,11,0,33,22
7012,MC_SC_17_s03L_7012,21,8,5,1,64,5,38,35,8,135,6,1,36,3,153,61,40,20,0
7013,MC_SC_17_s03L_7013,21,9,4,0,6,0,116,2,0,66,6,15,17,30,10,21,3,1,7
7014,MC_SC_17_s03L_7014,21,3,2,0,23,0,64,4,1,47,2,13,21,28,18,18,0,39,13
7015,MC_SC_17_s03L_7015,21,7,3,100,30,0,93,3,4,2,0,2,7,21,0,1,8,103,1
7016,MC_SC_17_s03L_7016,21,3,2,0,2,0,39,0,1,31,0,1,10,4,0,13,0,9,8
7017,MC_SC_17_s03L_7017,21,7,3,0,46,2,105,52,3,118,9,10,23,6,31,17,5,19,3
7018,MC_SC_17_s03L_7018,21,6,3,0,21,85,108,6,21,96,7,0,21,32,109,21,27,3,24
7019,MC_SC_17_s03L_7019,21,2,2,0,6,0,16,0,0,15,0,1,4,6,1,4,0,5,5
7020,MC_SC_17_s03L_7020,21,4,3,0,14,1,35,63,4,119,27,7,3,6,32,2,0,18,0
7021,MC_SC_17_s03L_7021,21,5,3,0,21,0,61,3,0,75,0,6,19,32,12,5,0,30,19
7022,MC_SC_17_s03L_7022,21,4,3,0,6,0,61,1,6,0,0,0,3,2,0,2,0,2,5
7023,MC_SC_17_s03L_7023,21,4,3,0,16,30,157,0,83,41,1,1,17,25,59,11,5,41,21
7024,MC_SC_17_s03L_7024,21,4,2,0,6,0,80,6,2,54,1,11,13,37,0,21,0,9,1
7025,MC_SC_17_s03L_7025,21,3,2,0,19,32,127,2,12,11,3,1,19,14,23,12,2,9,26
7026,MC_SC_17_s03L_7026,21,4,3,0,16,0,143,1,0,29,0,14,11,15,0,9,0,11,26
7027,MC_SC_17_s03L_7027,21,3,2,0,44,0,89,6,0,35,0,1,5,8,0,23,0,81,0
7028,MC_SC_17_s03L_7028,21,5,4,1,28,0,80,0,5,4,2,4,11,0,2,14,8,21,5
7029,MC_SC_17_s03L_7029,21,4,3,0,9,38,133,2,28,24,1,2,19,20,17,13,9,9,22
7030,MC_SC_17_s03L_7030,21,6,3,99,68,111,138,2,231,78,15,0,8,18,50,54,19,13,9
7031,MC_SC_17_s03L_7031,21,4,2,0,26,0,80,2,6,33,42,1,21,20,5,23,0,7,0
7032,MC_SC_17_s03L_7032,21,9,5,0,16,0,74,1,0,54,13,3,2,8,2,17,0,45,4
7033,MC_SC_17_s03L_7033,21,4,2,0,37,0,57,0,0,60,16,6,16,9,10,9,0,5,2
7034,MC_SC_17_s03L_7034,21,7,5,1,22,0,85,6,7,103,7,2,11,7,13,27,8,0,0
7035,MC_SC_17_s03L_7035,21,3,1,0,10,0,60,1,0,32,2,15,12,4,4,1,0,3,13
7036,MC_SC_17_s03L_7036,21,4,1,0,30,13,38,17,0,0,38,10,31,2,4,4,0,61,0
7037,MC_SC_17_s03L_7037,21,2,1,0,17,0,55,0,1,13,2,6,16,18,0,17,0,12,25
7038,MC_SC_17_s03L_7038,21,2,2,0,5,0,21,0,0,0,6,1,7,2,0,0,0,2,0
7039,MC_SC_17_s03L_7039,21,3,2,0,54,0,104,49,2,0,37,22,51,0,2,20,0,104,0
7040,MC_SC_17_s03L_7040,21,4,3,29,9,0,45,0,12,0,6,2,1,0,0,18,0,0,3
7041,MC_SC_17_s03L_7041,21,5,4,1,35,0,51,1,2,53,46,1,18,17,7,22,0,5,8
7042,MC_SC_17_s03L_7042,21,4,2,1,24,0,99,2,3,66,17,19,12,5,58,2,0,41,23
7043,MC_SC_17_s03L_7043,21,4,3,0,1,0,25,0,0,19,1,2,4,15,5,2,0,5,1
7044,MC_SC_17_s03L_7044,21,4,2,2,9,7,87,0,6,0,0,0,15,4,3,3,0,0,10
7045,MC_SC_17_s03L_7045,21,6,4,0,8,29,75,1,51,67,4,0,9,26,8,39,60,13,25
7046,MC_SC_17_s03L_7046,21,1,1,0,0,9,0,0,0,12,0,0,0,0,0,0,0,0,0
7047,MC_SC_17_s03L_7047,21,11,1,0,22,0,35,0,0,14,18,0,8,6,3,5,0,12,0
7048,MC_SC_17_s03L_7048,21,5,2,1,23,1,12,2,16,28,1,1,11,18,7,2,5,0,7
7049,MC_SC_17_s03L_7049,21,2,2,36,6,0,24,20,21,0,6,1,10,5,0,10,0,0,0
7050,MC_SC_17_s03L_7050,21,6,3,2,19,5,8,33,76,30,9,5,13,31,0,17,15,5,0
7051,MC_SC_17_s03L_7051,21,2,2,0,2,0,26,0,0,3,1,2,7,2,2,4,0,9,8
7052,MC_SC_17_s03L_7052,21,2,1,0,4,0,34,16,22,0,0,0,5,4,0,0,0,2,0
7053,MC_SC_17_s03L_7053,21,4,3,0,13,0,15,22,30,2,0,1,6,19,0,0,0,4,2
7054,MC_SC_17_s03L_7054,21,3,1,0,22,0,26,15,4,4,6,2,7,12,0,2,0,18,6
7055,MC_SC_17_s03L_7055,21,7,3,3,24,2,71,35,5,24,3,0,9,8,0,19,2,12,31
7056,MC_SC_17_s03L_7056,21,1,1,6,2,0,5,13,4,2,4,1,1,6,0,4,3,26,4
7057,MC_SC_17_s03L_7057,21,7,4,0,10,0,87,0,0,24,8,1,22,5,2,5,0,32,2
7058,MC_SC_17_s03L_7058,21,4,2,0,1,3,57,1,3,2,0,0,2,1,0,0,0,6,11
7059,MC_SC_17_s03L_7059,21,5,3,0,24,0,37,0,37,4,0,0,18,26,17,0,0,0,0
7060,MC_SC_17_s03L_7060,21,6,3,110,5,10,28,22,10,9,5,4,11,4,2,24,6,3,0
7061,MC_SC_17_s03L_7061,21,4,3,0,0,0,15,46,33,0,16,0,8,15,0,1,0,18,24
7062,MC_SC_17_s03L_7062,21,4,1,15,5,0,6,0,7,7,0,8,6,14,0,0,0,11,6
7063,MC_SC_17_s03L_7063,21,3,3,0,3,0,74,2,2,74,7,5,7,28,0,4,0,36,0
7064,MC_SC_17_s03L_7064,21,8,4,1,26,0,50,0,9,135,10,3,30,14,71,22,16,15,5
7065,MC_SC_17_s03L_7065,21,5,3,1,8,0,65,1,3,158,6,1,50,41,41,51,3,14,3
7066,MC_SC_17_s03L_7066,21,3,2,0,0,0,28,11,4,0,9,4,10,16,0,7,0,4,0
7067,MC_SC_17_s03L_7067,21,7,3,0,2,0,24,25,31,21,1,1,21,11,2,2,0,0,0
7068,MC_SC_17_s03L_7068,21,7,3,5,20,4,18,65,69,204,3,0,21,4,79,29,44,4,0
7069,MC_SC_17_s03L_7069,21,1,1,0,0,0,0,0,0,0,2,0,0,1,0,0,0,0,0
7070,MC_SC_17_s03L_7070,21,1,1,0,0,0,0,0,0,0,1,1,0,0,0,0,0,0,0
7071,MC_SC_17_s03L_7071,21,3,2,0,7,0,41,0,1,64,9,8,18,16,14,4,0,33,11
7072,MC_SC_17_s03L_7072,21,6,2,63,1,0,10,6,15,3,16,0,7,4,0,9,0,3,13
7073,MC_SC_17_s03L_7073,21,4,2,0,3,0,9,2,13,5,1,0,3,5,0,0,0,27,1
7074,MC_SC_17_s03L_7074,21,4,2,0,13,0,44,2,17,83,20,1,8,14,20,18,0,3,9
7075,MC_SC_17_s03L_7075,21,1,1,0,0,0,0,0,0,0,0,0,0,0,0,0,0,0,0
7076,MC_SC_17_s03L_7076,21,6,3,124,47,21,88,7,164,46,33,4,30,42,41,63,38,10,8
7077,MC_SC_17_s03L_7077,21,5,2,97,14,2,42,21,3,0,5,6,11,5,6,19,0,0,0
7078,MC_SC_17_s03L_7078,21,5,2,0,21,0,49,7,12,107,10,4,21,3,0,6,0,41,1
7079,MC_SC_17_s03L_7079,21,4,2,71,19,3,32,2,17,2,23,7,9,8,15,23,0,8,0
7080,MC_SC_17_s03L_7080,21,3,2,30,18,0,10,38,26,0,0,3,10,0,0,44,0,3,0
7081,MC_SC_17_s03L_7081,21,3,1,0,4,0,0,27,3,0,1,3,4,3,0,1,0,0,0
7082,MC_SC_17_s03L_7082,21,2,1,0,20,0,20,3,2,67,1,0,0,5,30,8,2,2,1
7083,MC_SC_17_s03L_7083,21,7,3,0,8,0,16,2,5,2,0,0,7,1,0,0,0,33,3
7084,MC_SC_17_s03L_7084,21,6,5,3,12,0,17,14,26,17,0,3,7,16,0,3,0,7,0
7085,MC_SC_17_s03L_7085,21,2,2,0,6,0,5,23,0,0,1,1,1,2,0,0,0,0,0
7086,MC_SC_17_s03L_7086,21,2,1,0,13,0,2,1,1,0,0,0,0,12,0,0,0,0,0
7087,MC_SC_17_s03L_7087,21,5,1,41,1,1,19,5,0,0,0,0,2,1,0,0,0,1,0
7088,MC_SC_17_s03L_7088,21,11,6,0,2,0,86,45,224,211,17,18,18,8,0,7,2,10,0
7089,MC_SC_17_s03L_7089,21,5,4,0,6,0,6,0,0,0,0,0,0,0,0,0,0,0,0
7090,MC_SC_17_s03L_7090,21,3,2,76,8,3,38,91,14,0,19,1,9,5,0,15,0,102,0
7091,MC_SC_17_s03L_7091,21,6,4,0,56,0,89,5,15,36,9,5,16,14,1,23,2,15,17
7092,MC_SC_17_s03L_7092,21,5,2,0,16,6,38,2,76,0,2,0,11,9,16,15,4,13,14
7093,MC_SC_17_s03L_7093,21,1,1,0,0,0,12,0,0,0,0,0,0,2,0,0,0,0,0
7094,MC_SC_17_s03L_7094,21,5,3,0,68,1,120,4,59,212,31,13,13,17,152,35,20,10,24
7095,MC_SC_17_s03L_7095,21,4,3,35,18,0,11,0,1,0,0,0,6,0,0,0,0,6,3
7096,MC_SC_17_s03L_7096,21,3,2,50,59,2,4,4,22,0,1,0,20,3,0,5,0,12,9
7097,MC_SC_17_s03L_7097,21,3,2,0,23,0,46,0,0,49,2,2,12,24,5,19,0,25,7
7098,MC_SC_17_s03L_7098,21,3,1,0,19,0,99,46,10,121,8,1,14,19,30,43,0,11,13
7099,MC_SC_17_s03L_7099,21,4,2,0,16,0,19,0,4,12,0,0,23,1,0,9,0,23,2
7100,MC_SC_17_s03L_7100,21,6,4,0,8,2,25,31,29,4,39,11,26,5,0,0,2,16,12
7101,MC_SC_17_s03L_7101,21,4,2,38,3,0,3,3,9,0,1,5,3,6,0,1,0,3,0
7102,MC_SC_17_s03L_7102,21,5,3,55,31,0,1,0,36,0,0,16,18,2,0,2,0,19,12
7103,MC_SC_17_s03L_7103,21,6,5,0,16,0,83,0,9,0,1,1,12,0,2,15,2,68,4
7104,MC_SC_17_s03L_7104,21,5,2,202,148,20,79,3,149,25,8,0,10,39,0,13,6,15,15
7105,MC_SC_17_s03L_7105,21,1,1,1,71,0,34,0,8,1,8,17,4,12,0,14,2,163,25
7106,MC_SC_17_s03L_7106,21,2,2,2,11,0,5,56,22,0,15,13,23,0,0,2,0,0,1
7107,MC_SC_17_s03L_7107,21,3,2,0,43,0,36,2,0,46,0,9,24,15,6,15,0,30,23
7108,MC_SC_17_s03L_7108,21,6,3,0,38,0,66,1,7,47,24,0,11,17,21,30,2,5,11
7109,MC_SC_17_s03L_7109,21,2,2,35,16,0,0,0,6,0,2,0,2,2,0,0,0,4,1
7110,MC_SC_17_s03L_7110,21,2,1,4,10,0,24,2,16,0,28,6,13,10,2,12,0,17,3
7111,MC_SC_17_s03L_7111,21,2,2,0,1,0,4,22,2,0,0,9,0,3,0,0,0,8,0
7112,MC_SC_17_s03L_7112,21,5,2,1,8,6,36,5,275,53,3,0,36,7,7,12,36,80,4
7113,MC_SC_17_s03L_7113,21,3,2,61,22,0,0,11,10,2,13,1,11,4,0,11,0,7,14
7114,MC_SC_17_s03L_7114,21,7,4,1,38,25,8,31,48,18,9,0,27,51,40,34,20,27,3
7115,MC_SC_17_s03L_7115,21,4,2,0,42,0,53,3,6,28,11,1,9,7,0,12,0,7,4
7116,MC_SC_17_s03L_7116,21,1,1,0,7,0,0,0,0,0,0,0,4,2,0,0,0,6,1
7117,MC_SC_17_s03L_7117,21,1,1,18,3,0,1,0,4,0,28,28,9,32,0,4,0,28,14
7118,MC_SC_17_s03L_7118,21,5,3,75,32,0,12,3,35,0,3,1,7,2,0,1,8,47,7
7119,MC_SC_17_s03L_7119,21,7,4,0,7,0,30,3,30,0,12,0,4,14,0,0,0,13,4
7120,MC_SC_17_s03L_7120,21,1,1,42,5,0,7,0,10,0,7,13,23,14,0,12,0,13,19
7121,MC_SC_17_s03L_7121,21,8,4,0,56,3,33,57,123,181,20,7,15,30,99,71,18,12,28
7122,MC_SC_17_s03L_7122,21,5,3,6,39,0,1,8,4,0,0,0,24,23,0,5,6,48,2
7123,MC_SC_17_s03L_7123,21,3,2,106,13,0,5,2,104,2,3,14,30,16,0,20,0,51,31
7124,MC_SC_17_s03L_7124,21,4,2,68,16,0,6,6,11,0,13,25,31,21,0,10,0,61,49
7125,MC_SC_17_s03L_7125,21,4,2,2,19,0,14,25,3,1,6,41,5,28,0,16,5,5,7
7126,MC_SC_17_s03L_7126,21,7,5,3,12,16,65,2,264,41,4,1,40,15,23,40,51,75,14
7127,MC_SC_17_s03L_7127,21,1,1,0,3,0,4,5,22,28,1,0,2,7,20,5,0,0,2
7128,MC_SC_17_s03L_7128,21,1,1,0,0,0,0,0,0,0,0,0,0,0,0,0,0,0,0
7129,MC_SC_17_s03L_7129,21,6,3,0,1,0,3,38,7,0,2,14,5,0,0,0,1,1,0
7130,MC_SC_17_s03L_7130,21,4,3,1,32,0,16,32,49,13,9,12,11,15,5,19,0,37,30
7131,MC_SC_17_s03L_7131,21,2,1,0,0,0,7,10,1,0,0,12,15,12,0,17,0,11,0
7132,MC_SC_17_s03L_7132,21,3,2,0,14,0,22,2,3,64,5,0,8,4,6,10,2,14,0
7133,MC_SC_17_s03L_7133,21,1,1,63,4,0,1,1,5,0,5,4,25,18,0,10,0,7,33
7134,MC_SC_17_s03L_7134,21,1,1,1,0,0,0,0,4,0,2,0,0,0,4,0,0,0,0
7135,MC_SC_17_s03L_7135,21,1,1,0,0,0,4,0,1,0,0,0,0,0,0,0,0,0,0
7136,MC_SC_17_s03L_7136,21,8,4,1,18,0,15,2,5,4,0,0,8,8,0,24,5,8,2
7137,MC_SC_17_s03L_7137,21,7,6,45,25,0,7,0,17,0,2,2,20,19,6,4,0,18,3
7138,MC_SC_17_s03L_7138,21,3,1,0,4,0,0,0,15,55,0,0,0,0,6,4,7,22,0
7139,MC_SC_17_s03L_7139,21,5,3,0,4,0,19,1,10,6,9,0,5,13,0,16,4,2,13
7140,MC_SC_17_s03L_7140,21,8,2,0,20,0,5,51,27,56,20,3,28,0,17,4,10,20,3
7141,MC_SC_17_s03L_7141,21,2,1,25,10,0,0,1,13,2,20,9,12,18,1,1,0,22,16
7142,MC_SC_17_s03L_7142,21,10,4,0,29,0,27,3,65,130,19,2,12,38,45,43,6,3,14
7143,MC_SC_17_s03L_7143,21,2,1,0,7,0,11,26,11,0,0,5,9,0,0,6,0,7,0
7144,MC_SC_17_s03L_7144,21,4,3,122,25,8,56,4,6,39,34,5,51,54,70,19,5,18,29
7145,MC_SC_17_s03L_7145,21,4,3,42,19,3,5,4,47,11,23,9,33,28,1,28,5,28,11
7146,MC_SC_17_s03L_7146,21,6,4,1,29,0,1,36,48,0,7,18,3,2,4,13,0,2,6
7147,MC_SC_17_s03L_7147,21,4,2,60,15,0,5,0,36,0,1,8,28,4,3,15,0,25,19
7148,MC_SC_17_s03L_7148,21,2,2,0,18,0,10,0,0,0,11,5,7,20,0,0,0,1,3
7149,MC_SC_17_s03L_7149,21,3,2,0,7,0,66,1,7,45,18,2,13,1,1,9,0,28,2
7150,MC_SC_17_s03L_7150,21,3,1,59,2,2,4,9,43,5,8,8,30,13,2,5,2,14,10
7151,MC_SC_17_s03L_7151,21,3,2,26,33,12,30,2,28,1,58,45,27,39,28,36,6,24,25
7152,MC_SC_17_s03L_7152,21,3,2,57,7,2,19,4,27,1,30,16,11,17,14,52,2,13,22
7153,MC_SC_17_s03L_7153,21,4,2,0,1,0,0,30,21,6,1,1,12,4,0,5,0,0,0
7154,MC_SC_17_s03L_7154,21,3,2,81,7,6,34,4,20,0,46,12,32,15,15,17,2,37,27
7155,MC_SC_17_s03L_7155,21,2,1,0,0,0,1,0,0,0,0,0,3,0,0,0,0,3,0
7156,MC_SC_17_s03L_7156,21,4,3,0,70,0,30,1,0,35,8,0,5,24,6,14,3,63,18
7157,MC_SC_17_s03L_7157,21,3,2,7,32,0,14,32,47,67,8,25,18,23,30,21,3,18,31
7158,MC_SC_17_s03L_7158,21,3,1,79,23,0,4,2,8,0,5,13,15,0,8,17,2,8,21
7159,MC_SC_17_s03L_7159,21,4,2,6,20,7,23,44,27,7,4,17,31,19,11,25,12,3,0
7160,MC_SC_17_s03L_7160,21,2,1,0,1,0,0,0,7,0,6,1,5,6,0,2,0,2,0
7161,MC_SC_17_s03L_7161,21,2,1,0,5,2,10,0,0,0,0,0,1,0,0,0,0,0,1
7162,MC_SC_17_s03L_7162,21,7,3,0,31,0,177,3,41,146,6,0,25,4,3,35,8,37,1
7163,MC_SC_17_s03L_7163,21,3,2,0,43,2,7,0,0,0,58,6,14,7,0,6,0,21,1
7164,MC_SC_17_s03L_7164,21,4,3,0,15,0,44,2,5,60,5,9,8,12,38,13,9,6,22
7165,MC_SC_17_s03L_7165,21,5,2,2,31,26,13,5,3,14,3,2,19,24,12,3,17,27,0
7166,MC_SC_17_s03L_7166,21,4,3,1,52,0,7,49,11,124,4,61,8,28,9,22,4,1,13
7167,MC_SC_17_s03L_7167,21,3,2,0,0,0,3,76,26,9,3,9,18,12,3,20,0,1,0
7168,MC_SC_17_s03L_7168,21,3,2,17,2,0,32,0,4,0,18,0,13,11,0,12,0,21,21
7169,MC_SC_17_s03L_7169,21,2,1,0,0,0,0,0,0,0,0,0,0,0,0,0,0,1,0
7170,MC_SC_17_s03L_7170,21,1,1,0,4,0,23,2,0,75,4,2,3,7,25,1,7,24,0
7171,MC_SC_17_s03L_7171,21,2,1,0,0,0,0,0,0,0,0,0,1,0,0,0,0,9,0
7172,MC_SC_17_s03L_7172,21,6,4,1,59,25,35,0,4,0,3,4,7,24,23,8,0,0,51
7173,MC_SC_17_s03L_7173,21,10,7,310,206,39,74,3,103,22,39,0,18,42,22,25,16,14,26
7174,MC_SC_17_s03L_7174,21,6,4,0,49,35,140,74,16,6,37,8,19,4,24,45,6,7,4
7175,MC_SC_17_s03L_7175,21,6,1,0,54,15,55,1,31,3,24,16,9,24,25,34,4,17,50
7176,MC_SC_17_s03L_7176,21,1,1,0,0,0,1,0,0,0,0,0,3,0,0,0,0,0,0
7177,MC_SC_17_s03L_7177,21,3,2,116,2,1,4,3,32,9,1,2,17,0,2,7,5,16,23
7178,MC_SC_17_s03L_7178,21,8,5,0,3,0,0,16,0,12,5,0,1,0,0,0,0,13,0
7179,MC_SC_17_s03L_7179,21,7,3,0,132,0,69,11,210,434,29,32,35,51,222,99,34,6,11
7180,MC_SC_17_s03L_7180,21,2,2,2,2,0,2,1,5,0,0,0,0,3,0,2,0,0,2
7181,MC_SC_17_s03L_7181,21,4,2,59,4,0,0,0,12,0,18,5,1,0,0,9,5,64,13
7182,MC_SC_17_s03L_7182,21,1,1,0,2,0,2,0,0,7,2,0,0,2,2,4,2,0,0
7183,MC_SC_17_s03L_7183,21,4,2,0,1,0,1,38,4,0,5,0,18,20,0,2,0,0,0
7184,MC_SC_17_s03L_7184,21,6,3,0,185,8,15,3,6,240,48,1,15,9,69,40,26,0,6
7185,MC_SC_17_s03L_7185,21,6,3,0,50,13,12,3,13,5,13,3,1,11,6,1,11,17,2
7186,MC_SC_17_s03L_7186,21,7,4,6,26,2,6,33,157,135,12,6,9,14,32,25,3,21,1
7187,MC_SC_17_s03L_7187,21,8,4,4,35,0,12,41,31,87,7,19,20,9,38,35,0,25,38
7188,MC_SC_17_s03L_7188,21,1,1,0,0,0,0,0,2,0,0,0,0,0,0,0,0,0,1
7189,MC_SC_17_s03L_7189,21,6,3,50,14,0,9,1,7,0,11,0,20,1,1,0,0,13,19
7190,MC_SC_17_s03L_7190,21,3,2,0,3,1,1,79,27,5,1,0,20,15,0,6,0,0,0
7191,MC_SC_17_s03L_7191,21,3,2,0,2,0,33,0,2,16,7,1,2,0,0,0,0,14,0
7192,MC_SC_17_s03L_7192,21,6,4,138,100,30,25,58,98,59,14,2,30,3,71,53,40,11,23
7193,MC_SC_17_s03L_7193,21,3,2,0,26,0,4,0,1,0,31,2,2,8,0,6,2,15,1
7194,MC_SC_17_s03L_7194,21,2,2,14,17,0,0,3,8,0,1,0,1,6,0,0,0,0,0
7195,MC_SC_17_s03L_7195,21,1,1,9,0,0,1,1,6,2,2,0,0,0,12,6,0,0,1
7196,MC_SC_17_s03L_7196,21,3,2,0,26,0,9,0,5,0,64,6,15,22,0,4,0,13,4
7197,MC_SC_17_s03L_7197,21,5,3,1,67,45,40,42,48,31,18,0,13,54,98,73,16,3,27
7198,MC_SC_17_s03L_7198,21,3,1,0,0,0,0,0,0,0,0,0,0,0,0,3,0,9,0
7199,MC_SC_17_s03L_7199,21,5,3,0,21,0,11,1,0,87,27,2,5,29,19,19,4,0,24
7200,MC_SC_17_s03L_7200,21,6,3,0,27,4,62,1,3,4,9,6,5,17,10,20,0,7,25
7201,MC_SC_17_s03L_7201,21,1,1,10,4,1,1,13,12,3,9,5,25,2,3,2,2,9,1
7202,MC_SC_17_s03L_7202,21,5,3,0,7,0,4,58,30,2,1,0,26,0,0,8,0,0,0
7203,MC_SC_17_s03L_7203,21,3,1,0,52,0,13,0,2,0,9,5,3,4,0,3,3,1,12
7204,MC_SC_17_s03L_7204,21,1,1,0,0,0,0,0,0,0,0,0,0,0,0,0,0,2,0
7205,MC_SC_17_s03L_7205,21,4,2,0,4,0,0,18,15,22,7,10,22,10,0,1,0,17,20
7206,MC_SC_17_s03L_7206,21,4,2,0,4,0,53,2,1,27,15,1,13,2,4,7,0,18,0
7207,MC_SC_17_s03L_7207,21,4,3,0,36,3,7,59,65,0,24,15,9,1,2,38,2,19,40
7208,MC_SC_17_s03L_7208,21,3,2,34,12,3,0,0,16,0,6,6,9,11,1,5,0,3,14
7209,MC_SC_17_s03L_7209,21,4,2,0,4,0,19,0,4,4,2,0,1,16,0,7,0,11,0
7210,MC_SC_17_s03L_7210,21,3,2,0,38,0,71,59,10,0,38,8,19,14,0,40,2,15,0
7211,MC_SC_17_s03L_7211,21,5,2,0,2,0,0,6,12,2,30,6,15,8,0,0,2,29,5
7212,MC_SC_17_s03L_7212,21,6,3,0,16,0,3,1,31,33,0,0,11,0,3,8,5,4,8
7213,MC_SC_17_s03L_7213,21,4,2,2,40,0,12,18,14,12,7,20,19,22,2,11,0,35,14
7214,MC_SC_17_s03L_7214,21,3,2,0,4,0,5,41,18,2,2,3,22,5,0,8,0,2,2
7215,MC_SC_17_s03L_7215,21,6,2,0,29,0,27,0,3,3,26,6,7,29,0,16,2,15,7
7216,MC_SC_17_s03L_7216,21,3,1,0,1,0,3,28,15,0,34,2,23,0,2,1,0,16,8
7217,MC_SC_17_s03L_7217,21,10,7,2,135,3,41,3,16,4,0,6,42,79,13,16,6,24,0
7218,MC_SC_17_s03L_7218,21,9,4,0,48,2,75,52,192,15,39,19,43,49,85,62,23,24,33
7219,MC_SC_17_s03L_7219,21,8,6,17,22,0,4,2,37,0,14,11,13,18,3,13,2,9,4
7220,MC_SC_17_s03L_7220,21,2,1,1,0,0,0,3,11,0,2,0,2,2,0,4,2,0,4
7221,MC_SC_17_s03L_7221,21,1,1,1,1,0,0,26,3,0,1,0,8,0,0,2,0,0,0
7222,MC_SC_17_s03L_7222,21,3,2,41,23,0,13,8,32,0,0,2,9,6,2,0,0,18,19
7223,MC_SC_17_s03L_7223,21,4,2,0,8,0,21,0,34,87,34,5,8,23,2,34,0,22,20
7224,MC_SC_17_s03L_7224,21,1,1,0,0,0,2,0,0,15,2,0,1,0,0,0,0,0,0
7225,MC_SC_17_s03L_7225,21,4,3,2,13,1,5,37,41,18,8,10,16,0,44,21,4,19,1
7226,MC_SC_17_s03L_7226,21,1,1,0,0,0,0,0,1,0,1,0,0,1,0,2,0,0,0
7227,MC_SC_17_s03L_7227,21,8,4,0,105,7,14,16,2,239,57,0,13,41,109,28,25,0,1
7228,MC_SC_17_s03L_7228,21,5,3,3,64,0,44,32,12,32,7,23,18,28,0,3,2,41,43
7229,MC_SC_17_s03L_7229,21,8,3,0,87,2,39,11,62,37,8,58,34,76,78,86,54,43,13
7230,MC_SC_17_s03L_7230,21,4,2,0,12,0,32,47,11,58,26,1,25,0,20,19,0,30,2
7231,MC_SC_17_s03L_7231,21,9,6,0,34,191,235,77,90,179,49,0,2,1,89,54,135,11,10
7232,MC_SC_17_s03L_7232,21,4,2,0,0,0,0,52,16,1,0,4,18,7,0,4,0,2,0
7233,MC_SC_17_s03L_7233,21,7,4,0,33,16,12,34,98,14,16,8,45,32,99,30,19,8,4
7234,MC_SC_17_s03L_7234,21,1,1,0,4,12,11,2,17,0,1,0,0,1,8,6,0,0,0
7235,MC_SC_17_s03L_7235,21,3,2,0,4,0,40,3,0,6,3,0,16,13,13,12,2,5,2
7236,MC_SC_17_s03L_7236,21,1,1,0,5,0,0,0,0,0,1,0,2,3,0,2,0,0,1
7237,MC_SC_17_s03L_7237,21,9,7,0,2,0,28,9,10,64,34,42,7,37,8,1,0,5,2
7238,MC_SC_17_s03L_7238,21,4,2,0,3,0,1,63,21,1,1,7,21,9,0,9,0,1,3
7239,MC_SC_17_s03L_7239,21,6,5,75,37,2,24,3,17,5,7,1,9,14,44,24,10,8,21
7240,MC_SC_17_s03L_7240,21,6,3,0,41,27,21,16,3,2,3,5,14,31,10,16,0,19,29
7241,MC_SC_17_s03L_7241,21,4,2,1,18,0,31,3,44,174,34,8,34,57,70,70,8,6,48
7242,MC_SC_17_s03L_7242,21,6,2,62,9,2,11,64,42,6,0,2,18,0,12,6,4,23,5
7243,MC_SC_17_s03L_7243,21,4,2,78,47,8,11,15,28,9,13,2,44,25,34,32,19,4,36
7244,MC_SC_17_s03L_7244,21,4,2,93,40,4,23,20,36,12,2,0,7,6,18,28,3,15,18
7245,MC_SC_17_s03L_7245,21,4,2,0,15,0,28,28,14,20,15,11,28,6,0,11,8,10,20
7246,MC_SC_17_s03L_7246,21,12,4,1,60,17,86,74,167,13,49,3,36,55,22,58,18,33,40
7247,MC_SC_17_s03L_7247,21,7,4,76,34,1,27,71,38,2,5,22,14,0,0,18,0,45,35
7248,MC_SC_17_s03L_7248,21,4,2,0,12,0,47,2,26,91,11,25,10,2,42,5,2,42,17
7249,MC_SC_17_s03L_7249,21,9,8,0,31,0,15,64,42,4,6,13,42,1,14,30,2,4,3
7250,MC_SC_17_s03L_7250,21,4,2,0,0,0,0,50,20,0,0,1,9,4,0,7,0,0,0
7251,MC_SC_17_s03L_7251,21,7,3,105,46,6,21,10,27,18,7,0,16,7,18,17,16,18,12
7252,MC_SC_17_s03L_7252,21,9,5,0,25,3,48,3,35,144,25,2,12,66,8,60,27,36,0
7253,MC_SC_17_s03L_7253,21,5,3,0,8,14,81,2,63,12,16,25,27,23,0,36,15,4,4
7254,MC_SC_17_s03L_7254,21,3,2,0,38,11,43,3,0,3,24,23,10,47,21,31,3,8,16
7255,MC_SC_17_s03L_7255,21,4,2,0,3,0,0,44,2,0,0,0,12,0,0,3,0,0,0
7256,MC_SC_17_s03L_7256,21,7,4,0,40,18,68,10,46,26,5,15,15,42,21,6,24,11,3
7257,MC_SC_17_s03L_7257,21,4,2,65,24,0,5,3,7,0,0,4,13,2,3,10,0,13,13
7258,MC_SC_17_s03L_7258,21,4,1,0,37,9,1,3,20,18,4,3,3,22,0,14,3,47,1
7259,MC_SC_17_s03L_7259,21,5,3,0,8,0,26,3,1,31,15,6,13,22,0,13,2,52,1
7260,MC_SC_17_s03L_7260,21,4,2,1,25,0,29,36,2,2,0,6,16,5,0,17,0,26,0
7261,MC_SC_17_s03L_7261,21,3,2,0,19,9,23,0,9,2,25,1,19,16,0,15,0,4,15
7262,MC_SC_17_s03L_7262,21,13,10,123,85,2,11,55,57,0,5,2,10,0,5,20,2,0,13
7263,MC_SC_17_s03L_7263,21,4,2,0,5,0,34,28,0,31,0,6,6,11,0,1,2,14,0
7264,MC_SC_17_s03L_7264,21,4,2,0,11,0,15,29,0,0,0,14,24,0,0,14,0,23,1
7265,MC_SC_17_s03L_7265,21,5,3,2,31,0,72,8,61,31,49,0,17,31,0,30,4,51,36
7266,MC_SC_17_s03L_7266,21,6,3,0,61,0,293,3,30,181,40,105,41,29,0,43,13,188,5
7267,MC_SC_17_s03L_7267,21,2,1,0,1,0,1,0,0,0,0,1,0,0,0,0,0,2,0
7268,MC_SC_17_s03L_7268,21,6,2,0,31,0,9,0,0,9,2,0,6,4,8,2,4,16,5
7269,MC_SC_17_s03L_7269,21,5,3,0,0,2,2,42,0,1,2,5,6,0,0,2,0,0,0
7270,MC_SC_17_s03L_7270,21,4,3,0,32,0,116,5,60,173,98,7,11,23,18,26,10,35,34
7271,MC_SC_17_s03L_7271,21,10,4,0,34,0,134,1,6,133,5,6,10,43,16,32,6,130,4
7272,MC_SC_17_s03L_7272,21,3,2,0,8,0,14,0,0,11,0,3,3,15,2,11,0,0,0
7273,MC_SC_17_s03L_7273,21,5,4,0,22,0,47,1,4,5,0,11,6,26,17,11,2,17,0
7274,MC_SC_17_s03L_7274,21,6,3,0,0,0,0,39,18,1,1,5,23,0,0,1,0,1,0
7275,MC_SC_17_s03L_7275,21,8,4,0,83,0,10,1,0,5,16,39,13,0,113,35,99,21,6
7276,MC_SC_17_s03L_7276,21,4,2,0,0,0,0,43,22,2,1,3,15,12,0,8,1,0,1
7277,MC_SC_17_s03L_7277,21,2,2,0,0,0,1,1,0,24,3,0,1,8,10,5,8,0,0
7278,MC_SC_17_s03L_7278,21,2,2,1,16,0,35,0,55,90,4,1,3,5,55,21,0,0,0
7279,MC_SC_17_s03L_7279,21,4,4,4,1,0,7,13,7,0,6,4,2,0,0,22,0,16,17
7280,MC_SC_17_s03L_7280,21,1,1,0,6,0,0,0,0,1,0,0,0,0,0,0,0,0,0
7281,MC_SC_17_s03L_7281,21,7,3,1,100,7,263,1,276,277,28,12,18,18,239,157,50,30,3
7282,MC_SC_17_s03L_7282,21,7,5,2,24,1,11,0,3,0,2,0,6,24,0,1,0,0,28
7283,MC_SC_17_s03L_7283,21,4,3,0,0,0,0,26,12,0,0,2,14,3,0,11,0,3,1
7284,MC_SC_17_s03L_7284,21,6,4,39,50,0,5,0,1,0,12,6,20,8,0,12,27,26,18
7285,MC_SC_17_s03L_7285,21,5,4,1,0,0,0,52,21,1,3,2,8,1,0,1,0,0,0
7286,MC_SC_17_s03L_7286,21,4,2,2,13,0,67,21,20,101,13,6,17,49,0,17,2,54,23
7287,MC_SC_17_s03L_7287,21,4,3,0,29,0,105,7,81,69,53,17,18,51,0,42,3,8,59
7288,MC_SC_17_s03L_7288,21,1,1,0,1,0,3,1,7,0,2,0,3,5,0,4,0,0,0
7289,MC_SC_17_s03L_7289,21,4,1,14,5,0,9,22,38,0,4,2,21,30,8,3,0,3,3
7290,MC_SC_17_s03L_7290,21,8,3,0,11,0,3,22,26,3,0,3,9,14,17,18,0,6,0
7291,MC_SC_17_s03L_7291,21,4,2,0,13,0,21,0,7,2,46,0,2,10,0,22,2,15,24
7292,MC_SC_17_s03L_7292,21,7,3,1,28,0,77,3,35,149,49,4,17,22,0,66,15,12,28
7293,MC_SC_17_s03L_7293,21,3,2,29,11,0,1,0,0,3,1,4,10,1,4,3,0,0,0
7294,MC_SC_17_s03L_7294,21,13,4,0,78,8,82,2,4,311,19,42,24,83,67,40,12,26,40
7295,MC_SC_17_s03L_7295,21,1,1,0,4,0,3,0,2,13,2,1,0,3,15,11,2,3,6
7296,MC_SC_17_s03L_7296,21,3,1,0,7,0,53,1,3,4,19,1,9,14,0,18,0,30,17
7297,MC_SC_17_s03L_7297,21,3,2,0,24,0,97,3,6,48,1,2,34,36,5,12,5,24,39
7298,MC_SC_17_s03L_7298,21,6,3,112,64,0,21,5,5,12,9,6,9,3,12,22,61,24,32
7299,MC_SC_17_s03L_7299,21,6,2,0,12,0,7,3,5,0,2,10,18,31,16,16,2,4,28
7300,MC_SC_17_s03L_7300,21,5,3,0,178,65,317,12,87,36,47,23,19,23,151,62,11,10,25
7301,MC_SC_17_s03L_7301,21,5,3,0,80,12,172,6,56,11,45,1,10,73,5,14,4,48,63
7302,MC_SC_17_s03L_7302,21,6,3,0,3,0,66,2,4,52,27,29,19,41,12,1,0,90,26
7303,MC_SC_17_s03L_7303,21,7,3,124,96,0,0,3,37,6,5,0,18,37,74,25,36,34,36
7304,MC_SC_17_s03L_7304,21,4,2,1,65,17,120,94,145,7,81,5,30,26,2,46,1,25,7
7305,MC_SC_17_s03L_7305,21,4,3,0,44,13,17,68,41,5,2,24,18,16,23,32,3,4,3
7306,MC_SC_17_s03L_7306,21,7,4,0,75,0,32,1,26,86,44,3,37,16,50,31,3,17,2
7307,MC_SC_17_s03L_7307,21,7,6,0,19,4,55,83,102,14,95,7,55,12,5,20,6,21,10
7308,MC_SC_17_s03L_7308,21,4,2,0,12,0,0,54,20,1,4,12,32,0,0,11,2,0,0
7309,MC_SC_17_s03L_7309,21,1,1,0,0,0,1,0,0,0,1,0,0,0,0,0,0,0,0
7310,MC_SC_17_s03L_7310,21,4,2,0,12,0,38,23,15,8,2,18,12,14,0,14,2,8,0
7311,MC_SC_17_s03L_7311,21,8,6,0,23,0,54,85,53,92,28,28,32,42,41,9,0,1,0
7312,MC_SC_17_s03L_7312,21,5,3,0,0,4,14,2,2,73,13,32,13,47,10,11,14,70,14
7313,MC_SC_17_s03L_7313,21,7,3,156,117,4,18,4,9,57,14,39,43,33,275,90,336,50,71
7314,MC_SC_17_s03L_7314,21,7,3,0,80,17,93,6,3,228,16,24,24,40,131,59,49,27,18
7315,MC_SC_17_s03L_7315,21,4,2,0,44,0,64,1,0,33,5,5,7,28,2,12,2,81,35
7316,MC_SC_17_s03L_7316,21,1,1,1,2,8,0,2,9,27,0,0,0,0,2,0,3,0,2
7317,MC_SC_17_s03L_7317,21,5,3,182,96,0,5,11,31,0,10,0,18,23,16,15,39,44,28
7318,MC_SC_17_s03L_7318,21,5,3,0,26,0,50,17,7,56,8,31,31,38,2,11,0,30,4
7319,MC_SC_17_s03L_7319,21,1,1,0,2,2,0,31,21,0,2,1,7,16,0,1,0,0,0
7320,MC_SC_17_s03L_7320,21,1,1,0,11,1,0,1,5,23,1,1,0,3,0,0,2,21,3
7321,MC_SC_17_s03L_7321,21,5,3,118,118,2,58,7,12,15,50,35,53,39,251,85,274,46,47
7322,MC_SC_17_s03L_7322,21,1,1,0,23,0,25,2,32,69,1,3,7,10,4,6,4,71,11
7323,MC_SC_17_s03L_7323,21,1,1,0,10,4,12,3,1,2,3,0,0,2,9,0,0,0,0
7324,MC_SC_17_s03L_7324,21,2,1,1,10,0,20,0,1,4,0,19,12,9,0,1,0,29,28
7325,MC_SC_17_s03L_7325,21,1,1,2,4,0,4,0,2,0,0,6,0,0,15,2,28,3,0
7326,MC_SC_17_s03L_7326,21,1,1,23,6,0,9,2,4,10,3,34,2,8,57,18,68,2,9
7327,MC_SC_17_s03L_7327,21,3,1,0,25,3,16,58,54,0,47,8,39,34,23,11,0,4,10
7328,MC_SC_17_s03L_7328,21,6,4,0,56,2,274,9,91,459,12,92,42,112,44,127,57,512,130
7329,MC_SC_17_s03L_7329,21,9,5,67,93,2,197,11,22,19,9,77,48,35,133,38,192,20,37
7330,MC_SC_17_s03L_7330,21,1,1,0,0,0,3,0,0,13,0,0,0,1,1,0,0,0,0
7331,MC_SC_17_s03L_7331,21,7,3,0,160,2,31,6,46,315,56,27,25,121,102,85,31,119,56
7332,MC_SC_17_s03L_7332,21,5,2,0,33,1,98,10,0,203,85,41,21,61,93,53,10,164,82
7333,MC_SC_17_s03L_7333,21,16,3,114,134,2,7,6,24,5,18,26,21,28,96,69,171,18,34
7334,MC_SC_17_s03L_7334,21,4,3,0,82,0,205,4,1,132,7,10,23,51,68,14,15,216,102
7335,MC_SC_17_s03L_7335,21,4,3,0,30,0,57,0,0,22,0,3,18,23,6,11,0,103,34
7336,MC_SC_17_s03L_7336,21,9,4,0,18,30,101,55,27,0,39,19,32,39,2,34,13,30,21
7337,MC_SC_17_s03L_7337,21,5,2,0,16,0,21,28,1,22,6,0,7,0,0,0,0,16,3
7338,MC_SC_17_s03L_7338,21,15,7,79,68,3,0,2,5,5,17,8,1,35,69,62,115,1,22
7339,MC_SC_17_s03L_7339,21,1,1,20,22,0,83,1,15,0,0,0,1,13,20,0,66,6,4
7340,MC_SC_17_s03L_7340,21,1,1,0,34,0,45,1,10,37,2,8,15,42,2,5,3,76,34
7341,MC_SC_17_s03L_7341,21,6,4,1,93,1,124,2,1,20,7,44,18,63,84,67,13,71,51
7342,MC_SC_17_s03L_7342,21,4,2,0,71,0,137,5,20,71,10,9,13,59,55,24,8,199,63
7343,MC_SC_17_s03L_7343,21,1,1,13,8,0,0,1,3,0,0,1,0,1,1,0,8,0,1
7344,MC_SC_17_s03L_7344,21,1,1,0,11,3,26,0,3,0,2,1,0,0,17,11,0,0,3
7345,MC_SC_17_s03L_7345,21,1,1,0,2,0,2,0,0,1,0,0,0,3,0,2,0,7,3
7346,MC_SC_17_s03L_7346,21,5,3,0,74,0,78,2,0,17,4,28,28,74,0,52,2,159,57
7347,MC_SC_17_s03L_7347,21,6,4,0,110,0,165,0,1,65,8,3,8,61,13,33,2,21,61
7348,MC_SC_17_s03L_7348,21,9,3,89,64,11,68,7,3,44,8,13,6,8,57,7,18,2,4
7349,MC_SC_17_s03L_7349,21,5,3,0,28,0,70,0,1,6,3,3,5,45,0,11,0,35,17
7350,MC_SC_17_s03L_7350,21,9,5,106,176,1,317,5,18,8,44,111,61,117,190,36,63,47,35
7351,MC_SC_17_s03L_7351,21,4,3,0,173,0,200,6,3,160,4,1,28,92,0,25,0,62,69
7352,MC_SC_17_s03L_7352,21,12,4,78,52,0,90,0,4,6,12,79,22,46,116,2,4,5,6
7353,MC_SC_17_s03L_7353,21,6,5,0,196,1,174,1,7,219,26,21,17,83,117,142,28,52,76
7354,MC_SC_17_s03L_7354,21,6,3,99,123,2,214,3,5,16,19,105,41,35,133,67,36,30,13
7355,MC_SC_17_s03L_7355,21,10,5,117,122,1,191,13,2,19,18,70,44,47,195,17,12,23,16
7356,MC_SC_17_s03L_7356,21,8,5,172,130,0,56,14,18,23,44,87,33,32,135,41,165,14,13
7357,MC_SC_17_s03L_7357,21,9,6,109,120,3,140,8,5,14,27,84,29,65,172,43,109,31,19
7358,MC_SC_17_s03L_7358,21,4,2,0,197,0,18,9,107,272,41,69,27,156,42,5,6,218,47
7359,MC_SC_17_s03L_7359,21,3,2,0,32,0,20,0,0,0,0,17,8,1,0,4,4,114,22
7360,MC_SC_17_s03L_7360,21,14,4,106,99,14,5,6,4,68,6,1,25,12,51,63,124,26,27
7361,MC_SC_17_s03L_7361,21,2,1,0,3,0,21,10,0,14,18,1,8,18,0,14,0,7,0
7362,MC_SC_17_s03L_7362,21,11,6,178,150,21,262,8,9,124,47,101,43,72,341,75,447,33,44
7363,MC_SC_17_s03L_7363,21,9,4,51,72,2,182,7,7,31,14,31,35,65,113,24,142,23,15
7364,MC_SC_17_s03L_7364,21,4,3,2,29,1,49,2,1,86,2,19,13,19,38,25,21,5,2
7365,MC_SC_17_s03L_7365,21,8,5,80,67,4,127,7,6,35,12,19,25,10,106,51,121,38,32
7366,MC_SC_17_s03L_7366,21,8,3,36,31,9,24,4,9,57,7,5,30,45,204,80,268,30,21
7367,MC_SC_17_s03L_7367,21,2,2,0,22,0,80,1,5,59,8,3,18,16,3,21,3,41,1
7368,MC_SC_17_s03L_7368,21,3,2,0,16,0,52,1,3,2,10,0,22,9,3,12,0,6,22
7369,MC_SC_17_s03L_7369,21,7,4,79,90,4,132,6,3,21,15,70,40,42,127,20,92,16,23
7370,MC_SC_17_s03L_7370,21,1,1,0,29,0,13,2,47,64,3,9,7,29,15,4,7,31,1
7371,MC_SC_17_s03L_7371,21,2,1,0,22,2,47,6,0,0,7,0,11,0,0,17,0,20,22
7372,MC_SC_17_s03L_7372,21,6,3,0,89,0,119,0,82,203,10,47,62,103,64,26,27,109,4
7373,MC_SC_17_s03L_7373,21,9,3,0,28,0,42,6,0,75,0,5,23,18,43,19,7,25,3
7374,MC_SC_17_s03L_7374,21,1,1,0,9,7,11,3,0,1,18,2,10,13,14,2,2,30,5
7375,MC_SC_17_s03L_7375,21,1,1,0,0,0,6,0,0,3,1,1,1,0,0,0,0,0,1
7376,MC_SC_17_s03L_7376,21,5,3,0,14,0,45,6,6,29,6,0,15,15,1,24,6,75,1
7377,MC_SC_17_s03L_7377,21,3,2,8,2,0,7,0,0,0,1,4,0,0,20,1,17,0,3
7378,MC_SC_17_s03L_7378,21,1,1,6,2,0,5,0,0,0,0,3,5,4,28,7,27,2,3
7379,MC_SC_17_s03L_7379,21,1,1,0,0,0,1,0,20,0,0,0,1,0,0,0,0,2,1
7380,MC_SC_17_s03L_7380,21,2,1,1,1,0,3,1,0,1,0,0,0,0,6,0,8,0,0
7381,MC_SC_17_s03L_7381,21,4,2,0,8,0,14,0,0,32,0,11,6,23,11,11,3,9,6
7382,MC_SC_17_s03L_7382,21,9,5,0,41,0,86,5,70,99,12,3,42,76,13,28,2,19,53
7383,MC_SC_17_s03L_7383,21,8,6,0,12,2,40,0,80,10,3,0,19,7,2,8,30,96,12
7384,MC_SC_17_s03L_7384,21,4,2,0,7,0,27,16,0,0,0,0,1,5,2,0,0,14,1
7385,MC_SC_17_s03L_7385,21,4,3,0,16,0,3,3,15,66,0,5,42,14,0,0,11,127,59
7386,MC_SC_17_s03L_7386,21,11,7,0,19,0,35,0,0,0,0,0,0,0,0,3,0,3,6
7387,MC_SC_17_s03L_7387,21,3,2,0,2,0,23,1,1,68,17,3,10,0,2,10,0,15,18
7388,MC_SC_17_s03L_7388,22,1,1,0,0,0,9,0,1,0,0,0,2,19,1,0,0,18,0
7389,MC_SC_17_s03L_7389,22,1,1,30,3,0,1,15,10,0,4,1,10,0,0,2,0,0,1
7390,MC_SC_17_s03L_7390,22,1,1,0,0,0,31,6,0,0,15,2,20,10,0,8,4,0,0
7391,MC_SC_17_s03L_7391,22,6,3,0,5,1,50,5,19,2,0,2,30,23,55,0,0,107,1
7392,MC_SC_17_s03L_7392,22,10,8,1,7,0,130,1,6,114,59,17,30,43,0,4,4,27,26
7393,MC_SC_17_s03L_7393,22,5,2,74,22,0,30,58,4,2,2,3,10,0,0,7,2,16,0
7394,MC_SC_17_s03L_7394,22,6,3,0,9,0,36,0,3,51,8,3,2,29,1,1,0,1,1
7395,MC_SC_17_s03L_7395,22,15,9,0,15,0,133,2,3,145,47,16,23,69,10,4,0,13,35
7396,MC_SC_17_s03L_7396,22,5,3,0,20,0,52,1,0,108,2,21,23,37,20,12,1,33,10
7397,MC_SC_17_s03L_7397,22,5,3,0,21,0,30,90,10,71,0,7,26,9,5,5,0,1,0
7398,MC_SC_17_s03L_7398,22,4,2,0,3,34,126,8,121,44,12,0,18,13,41,8,4,4,8
7399,MC_SC_17_s03L_7399,22,6,2,0,5,19,41,7,1,10,43,12,8,29,3,19,3,3,6
7400,MC_SC_17_s03L_7400,22,5,1,0,0,0,12,0,5,3,5,5,0,23,0,5,0,32,6
7401,MC_SC_17_s03L_7401,22,9,7,0,7,4,37,0,28,0,6,0,8,42,18,2,0,1,6
7402,MC_SC_17_s03L_7402,22,5,4,0,20,11,45,1,50,0,0,1,9,18,13,1,0,17,0
7403,MC_SC_17_s03L_7403,22,9,3,0,6,0,51,10,0,12,1,1,1,23,6,3,2,41,0
7404,MC_SC_17_s03L_7404,22,7,3,125,48,29,73,47,31,64,8,0,41,18,52,20,19,6,1
7405,MC_SC_17_s03L_7405,22,1,1,0,1,0,4,0,1,17,2,0,0,2,5,0,0,0,0
7406,MC_SC_17_s03L_7406,22,10,4,0,21,0,94,4,0,68,2,12,12,44,39,2,0,30,0
7407,MC_SC_17_s03L_7407,22,4,2,0,10,0,55,2,0,52,1,16,6,28,4,8,0,11,20
7408,MC_SC_17_s03L_7408,22,3,2,0,2,0,1,0,19,0,0,29,7,5,0,0,0,25,0
7409,MC_SC_17_s03L_7409,22,4,3,0,2,0,43,2,0,8,0,12,6,7,4,1,0,17,15
7410,MC_SC_17_s03L_7410,22,5,1,1,4,5,53,9,0,17,3,0,18,22,9,22,5,5,5
7411,MC_SC_17_s03L_7411,22,2,2,0,5,0,18,1,0,20,0,2,3,5,0,0,0,4,3
7412,MC_SC_17_s03L_7412,22,8,4,0,64,3,267,6,10,178,18,12,25,79,72,13,0,110,0
7413,MC_SC_17_s03L_7413,22,2,2,0,2,0,19,2,0,46,4,2,15,7,0,4,0,30,1
7414,MC_SC_17_s03L_7414,22,8,7,0,18,0,64,1,2,45,10,2,16,33,8,1,0,58,0
7415,MC_SC_17_s03L_7415,22,6,3,85,2,6,63,25,71,2,0,14,7,12,20,1,0,0,0
7416,MC_SC_17_s03L_7416,22,4,1,0,24,0,39,1,0,40,9,1,20,27,32,4,0,41,0
7417,MC_SC_17_s03L_7417,22,2,2,0,24,0,56,1,3,48,1,2,5,25,10,1,0,22,0
7418,MC_SC_17_s03L_7418,22,2,2,0,8,0,71,6,0,41,10,3,9,38,20,2,0,39,0
7419,MC_SC_17_s03L_7419,22,11,5,0,33,0,79,2,0,45,9,1,12,11,2,9,0,81,0
7420,MC_SC_17_s03L_7420,22,1,1,0,3,0,27,4,0,8,9,1,1,16,8,0,0,16,0
7421,MC_SC_17_s03L_7421,22,1,1,0,2,0,25,0,0,14,1,0,2,16,18,0,0,21,0
7422,MC_SC_17_s03L_7422,22,8,4,1,5,2,162,1,0,69,45,13,24,53,4,3,4,2,28
7423,MC_SC_17_s03L_7423,22,14,10,0,73,1,92,11,12,184,17,40,39,84,111,32,0,0,12
7424,MC_SC_17_s03L_7424,22,2,1,0,0,0,22,0,0,0,0,0,2,12,0,0,0,16,0
7425,MC_SC_17_s03L_7425,22,5,3,0,26,0,75,5,0,57,4,1,18,1,1,19,0,76,1
7426,MC_SC_17_s03L_7426,22,1,1,0,6,0,22,0,0,17,2,0,3,7,0,0,0,17,0
7427,MC_SC_17_s03L_7427,22,5,2,5,35,6,40,17,2,125,1,1,7,1,34,6,2,25,1
7428,MC_SC_17_s03L_7428,22,8,5,0,18,4,216,3,8,18,5,21,50,107,31,6,0,55,9
7429,MC_SC_17_s03L_7429,22,10,4,0,36,3,113,1,1,109,9,0,14,52,71,6,0,3,1
7430,MC_SC_17_s03L_7430,22,5,2,0,0,0,92,2,2,76,0,13,11,22,7,1,0,9,14
7431,MC_SC_17_s03L_7431,22,5,4,0,25,0,48,3,2,66,16,6,11,8,0,2,0,1,7
7432,MC_SC_17_s03L_7432,22,4,4,0,32,0,62,2,4,91,9,4,12,6,6,15,1,55,16
7433,MC_SC_17_s03L_7433,22,4,3,0,7,0,42,6,2,13,0,9,3,27,0,6,0,5,3
7434,MC_SC_17_s03L_7434,22,2,2,1,8,1,21,0,0,58,3,0,1,2,12,1,0,0,0
7435,MC_SC_17_s03L_7435,22,3,2,0,5,0,14,0,4,9,0,0,1,26,0,1,0,27,4
7436,MC_SC_17_s03L_7436,22,1,1,0,5,0,14,2,0,34,1,4,5,4,2,1,0,4,4
7437,MC_SC_17_s03L_7437,22,7,4,117,14,0,89,3,1,1,0,1,14,35,0,0,2,73,0
7438,MC_SC_17_s03L_7438,22,6,4,0,9,0,48,0,0,6,5,1,16,38,13,4,0,33,3
7439,MC_SC_17_s03L_7439,22,7,3,0,15,0,80,0,0,22,4,2,2,42,19,3,0,28,0
7440,MC_SC_17_s03L_7440,22,4,3,0,21,1,62,0,0,70,6,10,24,22,23,0,0,1,0
7441,MC_SC_17_s03L_7441,22,2,1,0,6,5,11,1,6,0,0,1,8,13,0,1,0,36,2
7442,MC_SC_17_s03L_7442,22,4,3,0,19,34,100,3,25,20,0,0,13,6,11,10,2,23,27
7443,MC_SC_17_s03L_7443,22,11,8,0,13,1,115,5,1,172,2,6,13,14,12,26,8,2,6
7444,MC_SC_17_s03L_7444,22,7,5,0,11,19,61,4,71,11,0,0,23,33,1,0,0,66,3
7445,MC_SC_17_s03L_7445,22,1,1,0,1,10,4,0,33,12,1,0,3,0,0,2,17,28,0
7446,MC_SC_17_s03L_7446,22,1,1,0,0,0,3,0,0,0,0,0,0,0,0,0,0,0,0
7447,MC_SC_17_s03L_7447,22,6,3,0,66,0,282,4,1,140,72,37,44,61,140,29,0,164,1
7448,MC_SC_17_s03L_7448,22,4,4,1,18,0,32,1,22,25,12,0,8,0,0,0,6,19,1
7449,MC_SC_17_s03L_7449,22,1,1,0,0,0,19,0,0,0,3,0,0,3,4,0,0,26,0
7450,MC_SC_17_s03L_7450,22,4,2,0,18,0,89,0,0,19,0,13,4,27,8,9,0,81,1
7451,MC_SC_17_s03L_7451,22,5,2,0,30,3,76,55,5,132,1,2,9,0,60,12,14,21,0
7452,MC_SC_17_s03L_7452,22,4,3,0,22,1,55,0,0,48,2,16,19,25,0,5,0,4,6
7453,MC_SC_17_s03L_7453,22,3,2,0,2,0,37,2,4,2,1,0,8,3,5,1,0,0,13
7454,MC_SC_17_s03L_7454,22,5,3,0,19,0,92,3,3,41,1,14,18,10,2,7,0,8,10
7455,MC_SC_17_s03L_7455,22,14,4,0,66,19,27,0,65,187,6,0,1,4,44,17,94,17,4
7456,MC_SC_17_s03L_7456,22,13,9,0,5,0,37,0,0,0,0,0,1,0,0,0,0,0,0
7457,MC_SC_17_s03L_7457,22,7,4,1,3,10,76,3,95,12,4,3,14,0,29,22,4,0,4
7458,MC_SC_17_s03L_7458,22,5,3,0,5,6,53,0,1,0,0,0,5,0,0,9,0,28,1
7459,MC_SC_17_s03L_7459,22,2,1,61,10,0,28,23,20,0,9,6,16,2,0,17,0,4,0
7460,MC_SC_17_s03L_7460,22,2,2,0,6,0,5,3,2,0,0,0,3,0,0,0,0,20,0
7461,MC_SC_17_s03L_7461,22,4,3,0,12,0,18,38,0,22,28,1,4,2,0,9,2,18,2
7462,MC_SC_17_s03L_7462,22,11,1,0,4,0,22,1,36,0,3,0,5,0,0,13,0,0,0
7463,MC_SC_17_s03L_7463,22,3,2,122,9,9,65,20,37,11,2,7,12,12,16,12,2,1,5
7464,MC_SC_17_s03L_7464,22,4,3,0,21,0,46,30,12,87,31,13,11,8,38,6,6,10,36
7465,MC_SC_17_s03L_7465,22,7,3,139,56,53,49,0,102,9,9,0,17,28,0,53,27,3,10
7466,MC_SC_17_s03L_7466,22,4,2,0,46,0,83,3,0,10,1,1,7,0,0,19,0,140,5
7467,MC_SC_17_s03L_7467,22,4,2,0,23,0,82,0,9,28,16,1,6,3,1,24,0,14,18
7468,MC_SC_17_s03L_7468,22,2,1,0,0,0,5,0,0,0,0,0,4,0,0,0,0,0,0
7469,MC_SC_17_s03L_7469,22,4,3,0,15,0,51,48,18,0,2,0,5,4,0,16,0,25,0
7470,MC_SC_17_s03L_7470,22,3,1,0,10,0,71,5,0,18,6,11,15,8,14,3,0,9,20
7471,MC_SC_17_s03L_7471,22,3,2,0,0,0,1,0,0,0,0,0,0,0,0,0,0,12,0
7472,MC_SC_17_s03L_7472,22,1,1,0,20,0,13,0,0,0,8,5,0,1,0,2,0,0,2
7473,MC_SC_17_s03L_7473,22,5,3,0,0,0,49,0,0,4,0,1,1,7,0,0,0,20,0
7474,MC_SC_17_s03L_7474,22,2,2,0,1,0,19,0,11,0,0,0,3,14,0,2,0,8,3
7475,MC_SC_17_s03L_7475,22,7,3,0,4,0,65,1,1,11,0,5,8,19,2,13,2,1,1
7476,MC_SC_17_s03L_7476,22,5,3,0,2,0,46,0,0,0,0,5,4,15,0,6,0,28,0
7477,MC_SC_17_s03L_7477,22,7,3,85,59,0,108,3,63,18,4,0,14,21,9,51,16,36,12
7478,MC_SC_17_s03L_7478,22,6,2,2,38,1,84,55,31,111,12,2,22,20,39,39,16,9,23
7479,MC_SC_17_s03L_7479,22,4,3,0,10,5,124,0,23,0,0,0,8,5,0,6,0,12,26
7480,MC_SC_17_s03L_7480,22,4,3,63,24,2,38,8,2,0,2,6,3,0,0,9,0,0,0
7481,MC_SC_17_s03L_7481,22,8,4,100,12,9,64,21,119,52,11,4,28,42,34,72,42,9,15
7482,MC_SC_17_s03L_7482,22,2,1,0,0,0,29,4,0,2,0,4,10,15,0,6,0,3,16
7483,MC_SC_17_s03L_7483,22,3,2,0,10,0,47,2,1,35,3,2,20,0,0,0,0,31,0
7484,MC_SC_17_s03L_7484,22,8,6,0,2,0,33,55,3,83,4,0,8,26,18,21,10,0,17
7485,MC_SC_17_s03L_7485,22,6,2,64,4,0,20,0,4,4,0,2,1,7,3,4,4,12,20
7486,MC_SC_17_s03L_7486,22,1,1,8,0,0,1,2,0,7,0,0,0,0,5,1,2,0,0
7487,MC_SC_17_s03L_7487,22,2,2,0,3,0,56,0,3,44,0,0,9,6,0,5,0,21,6
7488,MC_SC_17_s03L_7488,22,1,1,13,9,1,14,0,17,13,2,0,2,2,32,2,13,0,0
7489,MC_SC_17_s03L_7489,22,1,1,9,22,8,17,0,18,39,2,0,5,3,36,8,31,0,1
7490,MC_SC_17_s03L_7490,22,4,3,0,25,0,57,1,0,13,21,11,3,38,11,8,2,103,45
7491,MC_SC_17_s03L_7491,22,3,2,1,51,0,51,1,1,52,22,5,16,11,3,10,2,23,13
7492,MC_SC_17_s03L_7492,22,5,3,21,18,0,20,10,18,0,17,4,13,5,1,28,0,0,5
7493,MC_SC_17_s03L_7493,22,5,2,0,4,0,24,27,13,12,0,1,13,7,0,0,0,3,0
7494,MC_SC_17_s03L_7494,22,1,1,1,2,0,0,0,1,0,0,0,0,0,0,0,0,0,0
7495,MC_SC_17_s03L_7495,22,2,2,0,6,0,6,0,13,0,3,1,0,0,0,2,2,0,0
7496,MC_SC_17_s03L_7496,22,3,2,0,12,3,18,10,4,5,32,1,9,11,7,21,4,9,0
7497,MC_SC_17_s03L_7497,22,5,2,31,21,2,30,1,5,5,13,10,11,11,8,10,0,8,1
7498,MC_SC_17_s03L_7498,22,6,4,1,12,0,37,8,10,57,1,1,8,0,1,9,7,22,2
7499,MC_SC_17_s03L_7499,22,4,3,64,25,0,6,49,0,0,17,0,13,10,0,26,2,72,2
7500,MC_SC_17_s03L_7500,22,2,1,31,24,0,12,48,13,0,1,3,5,6,0,0,1,0,0
7501,MC_SC_17_s03L_7501,22,1,1,16,16,2,20,0,1,0,1,4,8,1,0,25,2,5,0
7502,MC_SC_17_s03L_7502,22,7,2,0,10,10,105,0,28,0,30,0,21,8,7,23,4,5,14
7503,MC_SC_17_s03L_7503,22,6,2,0,32,0,18,3,3,28,7,7,1,7,0,21,2,16,1
7504,MC_SC_17_s03L_7504,22,2,2,0,2,0,0,0,5,0,0,0,4,0,0,0,0,0,0
7505,MC_SC_17_s03L_7505,22,1,1,1,0,0,1,0,1,0,0,0,0,0,0,0,0,3,0
7506,MC_SC_17_s03L_7506,22,8,6,0,13,2,104,18,2,0,7,2,16,14,10,22,2,0,2
7507,MC_SC_17_s03L_7507,22,3,1,0,21,0,0,1,0,0,0,0,0,18,0,4,0,2,0
7508,MC_SC_17_s03L_7508,22,3,2,0,38,0,77,3,23,16,2,23,16,11,0,5,2,1,3
7509,MC_SC_17_s03L_7509,22,6,4,97,5,6,56,15,48,49,32,6,27,19,0,23,2,15,29
7510,MC_SC_17_s03L_7510,22,13,11,4,70,0,164,104,247,138,81,20,17,9,0,26,27,65,0
7511,MC_SC_17_s03L_7511,22,1,1,0,4,0,20,1,5,13,0,1,2,4,0,2,0,0,0
7512,MC_SC_17_s03L_7512,22,2,1,0,5,0,18,0,0,7,0,7,3,2,0,3,2,18,5
7513,MC_SC_17_s03L_7513,22,3,2,0,24,0,92,4,17,75,2,4,7,1,0,12,0,37,4
7514,MC_SC_17_s03L_7514,22,5,2,0,15,0,36,34,9,1,4,0,7,0,0,0,0,18,0
7515,MC_SC_17_s03L_7515,22,4,2,21,18,1,72,4,8,111,24,5,2,21,26,11,4,57,39
7516,MC_SC_17_s03L_7516,22,2,1,0,2,0,18,3,2,0,3,6,7,0,0,4,0,27,14
7517,MC_SC_17_s03L_7517,22,5,2,1,16,0,16,0,11,0,24,0,7,11,0,9,4,21,4
7518,MC_SC_17_s03L_7518,22,4,2,49,10,0,3,0,0,0,0,0,0,0,0,0,0,0,0
7519,MC_SC_17_s03L_7519,22,3,3,0,21,0,21,0,0,67,12,0,16,3,37,8,0,12,1
7520,MC_SC_17_s03L_7520,22,5,4,1,0,0,5,0,3,0,12,0,2,3,0,3,0,4,1
7521,MC_SC_17_s03L_7521,22,6,3,0,4,0,35,62,47,17,1,5,16,27,2,6,0,1,0
7522,MC_SC_17_s03L_7522,22,5,2,3,75,0,1,49,54,3,5,15,7,0,0,7,0,0,3
7523,MC_SC_17_s03L_7523,22,7,3,0,52,0,87,4,55,135,38,3,15,25,68,27,8,2,1
7524,MC_SC_17_s03L_7524,22,6,4,0,44,0,101,1,23,198,48,0,12,20,112,27,2,4,13
7525,MC_SC_17_s03L_7525,22,7,5,0,19,0,63,9,0,20,9,3,22,0,12,23,2,2,7
7526,MC_SC_17_s03L_7526,22,5,3,0,2,0,12,38,18,26,1,4,10,16,0,2,0,3,0
7527,MC_SC_17_s03L_7527,22,3,3,1,9,0,12,32,0,0,10,8,8,6,0,6,0,3,8
7528,MC_SC_17_s03L_7528,22,1,1,0,1,0,2,5,4,17,4,0,0,5,1,0,0,1,0
7529,MC_SC_17_s03L_7529,22,3,2,0,8,0,36,0,0,13,1,13,12,9,0,3,0,32,19
7530,MC_SC_17_s03L_7530,22,3,1,23,13,0,7,1,6,0,11,3,7,18,0,0,0,22,7
7531,MC_SC_17_s03L_7531,22,3,2,43,1,0,8,2,0,0,3,1,11,24,0,2,0,21,12
7532,MC_SC_17_s03L_7532,22,1,1,11,4,0,0,0,7,0,1,3,2,7,0,4,0,7,1
7533,MC_SC_17_s03L_7533,22,4,2,15,9,0,6,2,0,0,16,17,19,23,0,7,0,17,4
7534,MC_SC_17_s03L_7534,22,6,2,131,26,0,28,2,60,0,26,8,5,23,0,0,0,68,18
7535,MC_SC_17_s03L_7535,22,5,2,0,23,2,11,2,1,0,1,2,14,34,0,3,0,40,1
7536,MC_SC_17_s03L_7536,22,4,2,17,22,0,13,3,11,0,28,11,17,19,0,9,0,24,10
7537,MC_SC_17_s03L_7537,22,3,1,14,18,0,6,2,16,0,18,8,7,15,0,0,0,19,2
7538,MC_SC_17_s03L_7538,22,7,4,0,36,0,69,3,12,24,17,1,7,1,1,0,2,21,14
7539,MC_SC_17_s03L_7539,22,2,1,43,5,0,1,2,7,0,4,2,20,11,0,8,0,15,13
7540,MC_SC_17_s03L_7540,22,3,2,0,15,0,11,0,0,0,0,0,13,4,0,9,2,14,4
7541,MC_SC_17_s03L_7541,22,3,2,0,6,0,2,17,3,0,51,4,10,6,0,15,0,30,6
7542,MC_SC_17_s03L_7542,22,1,1,7,4,0,10,0,2,2,8,0,5,11,0,0,0,11,5
7543,MC_SC_17_s03L_7543,22,3,1,0,42,0,0,0,5,4,0,0,25,21,0,7,2,42,13
7544,MC_SC_17_s03L_7544,22,6,3,2,34,0,17,54,6,27,13,5,37,5,0,15,0,14,16
7545,MC_SC_17_s03L_7545,22,3,2,0,7,0,37,0,0,24,1,0,0,6,0,0,0,10,0
7546,MC_SC_17_s03L_7546,22,4,4,181,29,0,2,0,56,0,2,15,3,1,0,1,2,227,3
7547,MC_SC_17_s03L_7547,22,1,1,0,8,0,9,1,1,0,1,1,0,2,2,0,0,0,0
7548,MC_SC_17_s03L_7548,22,3,2,133,5,0,0,1,13,0,0,8,11,1,2,22,0,10,41
7549,MC_SC_17_s03L_7549,22,7,3,0,2,1,29,1,14,2,12,0,3,7,0,0,0,6,5
7550,MC_SC_17_s03L_7550,22,2,2,0,12,0,7,0,5,3,1,0,0,6,0,0,0,9,5
7551,MC_SC_17_s03L_7551,22,4,2,0,33,0,13,18,26,5,12,20,24,21,0,13,0,36,10
7552,MC_SC_17_s03L_7552,22,7,4,1,30,0,31,17,146,142,15,11,19,42,65,65,18,10,26
7553,MC_SC_17_s03L_7553,22,6,3,1,87,0,79,1,9,82,27,8,27,82,2,16,0,32,44
7554,MC_SC_17_s03L_7554,22,13,4,0,35,0,64,22,2,67,3,0,17,31,20,24,0,2,7
7555,MC_SC_17_s03L_7555,22,14,3,0,24,0,1,33,40,4,3,36,18,21,3,27,4,0,1
7556,MC_SC_17_s03L_7556,22,1,1,0,0,0,0,3,2,0,1,0,0,2,0,0,0,0,0
7557,MC_SC_17_s03L_7557,22,1,1,0,10,0,11,0,4,2,0,0,0,3,0,6,0,0,0
7558,MC_SC_17_s03L_7558,22,1,1,34,5,2,1,1,8,2,5,2,25,10,0,7,0,35,31
7559,MC_SC_17_s03L_7559,22,2,1,0,3,0,2,10,16,0,3,8,9,3,4,14,0,4,8
7560,MC_SC_17_s03L_7560,22,5,4,20,32,0,6,1,3,0,1,1,27,50,0,3,0,24,38
7561,MC_SC_17_s03L_7561,22,6,3,0,24,0,33,51,24,7,8,9,40,3,8,24,4,21,12
7562,MC_SC_17_s03L_7562,22,5,4,0,5,0,20,46,68,10,15,2,33,21,18,31,11,14,9
7563,MC_SC_17_s03L_7563,22,2,2,0,1,0,7,1,46,0,2,0,3,0,0,13,18,10,1
7564,MC_SC_17_s03L_7564,22,2,2,0,9,0,1,4,0,0,0,0,4,1,0,11,0,0,0
7565,MC_SC_17_s03L_7565,22,2,2,0,0,0,0,0,9,0,0,0,0,1,0,0,0,0,0
7566,MC_SC_17_s03L_7566,22,3,2,39,1,0,27,3,2,7,19,6,28,19,11,3,8,28,21
7567,MC_SC_17_s03L_7567,22,2,1,0,2,0,0,0,8,0,0,4,0,3,0,0,0,0,0
7568,MC_SC_17_s03L_7568,22,18,3,1,27,0,13,0,23,0,0,22,47,12,0,8,0,44,1
7569,MC_SC_17_s03L_7569,22,2,1,0,9,0,3,27,1,0,1,2,10,5,0,8,4,1,0
7570,MC_SC_17_s03L_7570,22,10,4,3,24,0,27,4,19,9,11,7,17,39,6,25,14,13,5
7571,MC_SC_17_s03L_7571,22,2,1,41,7,0,6,3,6,0,0,5,14,9,2,2,4,4,15
7572,MC_SC_17_s03L_7572,22,4,2,0,29,0,71,5,5,88,0,0,19,23,3,16,0,61,24
7573,MC_SC_17_s03L_7573,22,6,2,0,60,3,22,6,3,23,0,0,38,49,33,26,11,41,5
7574,MC_SC_17_s03L_7574,22,1,1,0,8,0,0,0,0,0,0,0,0,12,1,2,3,0,0
7575,MC_SC_17_s03L_7575,22,5,3,0,1,0,2,43,9,1,7,8,6,0,0,2,2,0,0
7576,MC_SC_17_s03L_7576,22,5,3,0,46,0,29,2,26,101,9,0,50,40,8,21,3,67,30
7577,MC_SC_17_s03L_7577,22,1,1,0,12,0,26,0,11,19,0,0,2,6,0,0,0,11,9
7578,MC_SC_17_s03L_7578,22,7,5,0,1,0,3,44,42,12,9,18,17,2,14,11,3,4,6
7579,MC_SC_17_s03L_7579,22,3,2,13,26,0,18,4,42,5,21,2,14,33,5,18,0,39,10
7580,MC_SC_17_s03L_7580,22,6,3,30,6,0,0,1,25,0,16,5,8,26,0,7,0,14,3
7581,MC_SC_17_s03L_7581,22,4,4,0,4,0,21,29,19,48,13,5,28,1,21,12,2,16,7
7582,MC_SC_17_s03L_7582,22,1,1,151,12,0,2,6,95,3,8,28,39,6,7,16,0,28,20
7583,MC_SC_17_s03L_7583,22,4,3,0,16,0,63,0,3,8,0,0,3,16,0,21,0,22,4
7584,MC_SC_17_s03L_7584,22,6,4,6,33,5,21,2,8,13,1,3,45,37,26,9,4,41,0
7585,MC_SC_17_s03L_7585,22,5,2,0,14,10,7,65,90,22,0,23,28,20,13,6,9,4,12
7586,MC_SC_17_s03L_7586,22,4,3,0,10,6,83,18,4,0,7,9,15,22,7,18,2,7,13
7587,MC_SC_17_s03L_7587,22,5,2,0,10,0,15,4,2,54,3,0,7,1,9,1,0,0,0
7588,MC_SC_17_s03L_7588,22,3,1,112,38,1,2,4,36,12,9,12,20,19,7,17,1,1,5
7589,MC_SC_17_s03L_7589,22,6,2,102,22,0,10,3,33,5,5,1,40,0,9,19,0,22,31
7590,MC_SC_17_s03L_7590,22,2,1,0,49,0,46,1,22,75,18,13,18,0,35,5,2,25,10
7591,MC_SC_17_s03L_7591,22,3,2,144,14,6,66,4,79,11,32,21,38,37,24,45,10,15,35
7592,MC_SC_17_s03L_7592,22,12,4,2,43,0,14,0,2,2,5,7,19,1,5,29,0,0,39
7593,MC_SC_17_s03L_7593,22,1,1,0,1,0,0,0,0,17,2,0,0,6,3,1,0,4,0
7594,MC_SC_17_s03L_7594,22,4,2,105,44,1,5,1,14,6,7,21,24,0,17,44,2,39,38
7595,MC_SC_17_s03L_7595,22,5,3,0,61,0,41,4,3,122,21,3,22,41,57,23,7,36,19
7596,MC_SC_17_s03L_7596,22,1,1,0,0,0,0,0,1,4,0,0,0,0,0,0,2,1,0
7597,MC_SC_17_s03L_7597,22,3,2,38,34,3,5,2,35,0,8,2,8,19,0,28,0,15,1
7598,MC_SC_17_s03L_7598,22,5,4,1,6,10,65,1,43,4,54,0,1,21,8,12,8,18,5
7599,MC_SC_17_s03L_7599,22,4,2,0,1,0,0,7,0,0,1,0,0,0,0,3,0,3,0
7600,MC_SC_17_s03L_7600,22,5,3,10,66,14,11,6,10,22,0,12,35,42,21,28,25,61,2
7601,MC_SC_17_s03L_7601,22,1,1,1,34,2,4,0,1,2,4,12,38,34,3,12,10,21,3
7602,MC_SC_17_s03L_7602,22,11,6,120,16,2,66,4,3,11,26,3,30,38,42,16,11,15,33
7603,MC_SC_17_s03L_7603,22,1,1,0,0,0,0,3,0,0,0,0,0,0,0,0,0,0,0
7604,MC_SC_17_s03L_7604,22,13,6,6,22,5,2,23,0,129,27,1,13,0,21,45,40,36,29
7605,MC_SC_17_s03L_7605,22,4,2,135,103,23,27,92,102,15,19,13,39,25,66,46,6,19,26
7606,MC_SC_17_s03L_7606,22,4,3,0,3,0,0,0,0,0,0,0,0,0,0,0,0,2,0
7607,MC_SC_17_s03L_7607,22,7,4,0,186,8,20,8,9,249,73,22,20,41,128,88,24,10,14
7608,MC_SC_17_s03L_7608,22,2,1,46,25,0,0,0,18,2,4,0,0,1,0,1,8,3,0
7609,MC_SC_17_s03L_7609,22,5,2,45,17,0,13,32,23,0,4,1,34,11,0,17,0,29,0
7610,MC_SC_17_s03L_7610,22,10,6,95,34,20,17,4,17,4,3,11,12,10,35,13,4,12,4
7611,MC_SC_17_s03L_7611,22,5,3,0,73,44,64,22,26,9,8,4,18,18,42,23,23,4,18
7612,MC_SC_17_s03L_7612,22,4,3,3,4,3,1,25,8,5,12,5,4,2,0,3,2,0,6
7613,MC_SC_17_s03L_7613,22,16,14,0,172,0,31,0,30,0,7,2,25,61,4,21,3,15,3
7614,MC_SC_17_s03L_7614,22,4,2,40,23,4,5,3,10,9,3,22,37,24,10,0,0,18,20
7615,MC_SC_17_s03L_7615,22,4,2,54,15,5,7,93,55,12,5,3,11,0,0,8,2,19,9
7616,MC_SC_17_s03L_7616,22,8,5,0,5,0,12,2,2,4,1,1,1,2,0,35,0,25,10
7617,MC_SC_17_s03L_7617,22,12,4,1,125,5,13,3,1,170,61,3,16,31,56,40,17,5,5
7618,MC_SC_17_s03L_7618,22,2,1,0,44,1,1,3,3,35,2,2,29,4,4,3,3,14,2
7619,MC_SC_17_s03L_7619,22,4,3,115,34,8,27,38,36,8,15,0,20,8,44,36,2,26,56
7620,MC_SC_17_s03L_7620,22,1,1,70,7,0,0,7,12,0,6,2,5,1,0,8,4,37,8
7621,MC_SC_17_s03L_7621,22,1,1,0,1,0,2,0,0,0,0,0,0,1,0,0,0,0,0
7622,MC_SC_17_s03L_7622,22,7,4,2,48,70,9,58,54,31,25,31,19,1,75,41,16,16,33
7623,MC_SC_17_s03L_7623,22,4,3,0,67,6,77,2,6,113,38,1,15,24,99,45,14,8,17
7624,MC_SC_17_s03L_7624,22,1,1,0,1,0,8,0,0,8,0,0,0,0,4,0,0,0,0
7625,MC_SC_17_s03L_7625,22,15,12,0,32,14,39,36,91,8,46,14,36,56,63,30,3,24,3
7626,MC_SC_17_s03L_7626,22,3,2,0,6,0,0,32,3,0,0,5,3,0,0,0,0,10,1
7627,MC_SC_17_s03L_7627,22,5,2,3,5,0,5,51,2,0,2,4,9,5,0,1,0,1,0
7628,MC_SC_17_s03L_7628,22,4,3,94,93,4,7,1,13,2,4,7,12,5,2,16,4,51,25
7629,MC_SC_17_s03L_7629,22,13,8,4,30,0,7,3,0,50,26,0,9,0,9,1,9,0,0
7630,MC_SC_17_s03L_7630,22,1,1,0,2,0,2,0,2,32,1,2,0,2,6,4,0,0,0
7631,MC_SC_17_s03L_7631,22,2,1,45,30,1,2,2,14,0,1,6,18,4,0,0,0,3,12
7632,MC_SC_17_s03L_7632,22,1,1,28,21,3,15,7,15,0,3,9,17,16,0,10,3,28,1
7633,MC_SC_17_s03L_7633,22,5,2,58,26,0,40,3,34,6,1,16,38,8,2,12,0,12,3
7634,MC_SC_17_s03L_7634,22,1,1,0,4,0,1,0,0,0,0,0,0,1,0,0,0,0,0
7635,MC_SC_17_s03L_7635,22,5,3,83,40,8,18,2,29,8,16,2,15,16,2,32,2,19,27
7636,MC_SC_17_s03L_7636,22,7,4,0,11,2,22,0,3,9,0,0,3,5,0,4,6,7,5
7637,MC_SC_17_s03L_7637,22,5,3,1,101,4,31,2,14,4,0,5,24,60,4,11,3,14,0
7638,MC_SC_17_s03L_7638,22,5,3,1,43,0,61,1,2,11,13,0,11,1,3,25,8,13,6
7639,MC_SC_17_s03L_7639,22,3,1,0,0,0,0,25,16,0,0,1,6,3,0,15,2,0,1
7640,MC_SC_17_s03L_7640,22,4,2,5,30,3,16,44,39,4,6,8,10,2,2,30,7,10,0
7641,MC_SC_17_s03L_7641,22,8,5,2,2,0,88,20,131,158,26,95,27,38,7,37,6,8,3
7642,MC_SC_17_s03L_7642,22,4,2,4,0,0,1,38,2,0,1,18,17,0,0,5,0,0,0
7643,MC_SC_17_s03L_7643,22,3,2,0,14,1,1,26,42,3,0,6,16,1,0,7,2,29,0
7644,MC_SC_17_s03L_7644,22,2,1,0,1,0,0,0,0,0,0,0,7,0,0,0,0,7,0
7645,MC_SC_17_s03L_7645,22,2,1,0,2,0,4,22,4,0,0,6,16,2,0,6,2,9,2
7646,MC_SC_17_s03L_7646,22,3,2,0,0,0,0,0,0,0,0,0,3,0,0,0,0,1,0
7647,MC_SC_17_s03L_7647,22,1,1,4,22,0,11,41,18,1,13,7,22,12,2,3,4,20,18
7648,MC_SC_17_s03L_7648,22,1,1,0,0,0,1,0,3,0,0,0,0,1,0,0,0,0,0
7649,MC_SC_17_s03L_7649,22,3,1,3,0,25,1,0,4,25,0,0,0,0,2,0,0,0,0
7650,MC_SC_17_s03L_7650,22,6,3,0,23,0,42,0,8,15,34,17,9,24,0,25,0,42,9
7651,MC_SC_17_s03L_7651,22,14,10,100,56,2,52,38,77,13,6,1,34,22,97,57,13,34,11
7652,MC_SC_17_s03L_7652,22,2,2,0,0,0,25,3,35,31,4,29,17,4,0,16,2,1,0
7653,MC_SC_17_s03L_7653,22,7,4,0,67,1,65,2,143,75,30,20,15,59,14,24,2,11,7
7654,MC_SC_17_s03L_7654,22,6,1,1,15,0,12,1,2,33,5,0,5,0,34,21,5,6,6
7655,MC_SC_17_s03L_7655,22,1,1,0,6,0,62,0,4,16,3,1,11,9,0,13,2,23,0
7656,MC_SC_17_s03L_7656,22,7,3,1,9,0,16,19,2,8,0,0,18,2,3,16,3,0,0
7657,MC_SC_17_s03L_7657,22,7,4,0,125,3,17,14,8,235,30,0,22,11,112,34,40,4,9
7658,MC_SC_17_s03L_7658,22,8,5,31,41,0,17,20,11,4,11,9,13,14,10,6,2,13,3
7659,MC_SC_17_s03L_7659,22,3,2,0,16,0,9,0,1,3,7,0,14,18,0,26,0,49,25
7660,MC_SC_17_s03L_7660,22,6,3,113,81,0,16,28,63,17,4,0,18,12,19,38,10,19,18
7661,MC_SC_17_s03L_7661,22,4,1,5,0,0,4,0,3,0,0,1,2,8,0,13,0,4,2
7662,MC_SC_17_s03L_7662,22,4,3,1,8,0,93,2,13,87,3,0,3,14,2,36,3,44,3
7663,MC_SC_17_s03L_7663,22,6,3,74,28,1,5,52,81,3,3,26,17,43,14,37,5,38,8
7664,MC_SC_17_s03L_7664,22,5,3,90,49,3,13,52,69,8,9,18,26,26,15,35,0,24,9
7665,MC_SC_17_s03L_7665,22,6,3,0,23,3,61,1,28,10,9,4,4,40,0,48,5,10,34
7666,MC_SC_17_s03L_7666,22,6,3,8,20,0,5,59,50,0,0,19,17,7,6,24,2,19,1
7667,MC_SC_17_s03L_7667,22,4,2,0,41,3,21,11,21,4,3,1,30,27,32,21,10,36,0
7668,MC_SC_17_s03L_7668,22,4,2,0,16,2,25,2,30,8,9,13,39,37,0,21,8,15,5
7669,MC_SC_17_s03L_7669,22,5,3,0,19,0,5,75,97,4,13,15,32,6,15,28,8,17,0
7670,MC_SC_17_s03L_7670,22,7,5,0,28,1,105,7,17,173,61,13,21,23,69,31,3,13,38
7671,MC_SC_17_s03L_7671,22,5,4,1,15,0,14,5,8,0,28,14,13,15,0,12,0,15,3
7672,MC_SC_17_s03L_7672,22,4,2,0,25,0,10,0,1,0,30,10,6,17,0,4,0,0,7
7673,MC_SC_17_s03L_7673,22,5,3,0,12,2,42,2,28,87,13,6,14,47,0,47,5,114,5
7674,MC_SC_17_s03L_7674,22,3,2,0,2,0,1,20,7,0,41,0,4,0,0,4,0,8,3
7675,MC_SC_17_s03L_7675,22,4,2,125,68,4,23,121,101,2,8,9,18,0,0,14,2,31,37
7676,MC_SC_17_s03L_7676,22,5,4,2,52,0,8,0,8,88,4,0,9,24,6,9,1,48,22
7677,MC_SC_17_s03L_7677,22,3,3,0,13,5,0,1,16,8,0,0,2,11,19,2,9,1,0
7678,MC_SC_17_s03L_7678,22,2,1,0,26,0,6,1,0,21,0,3,14,10,0,15,6,0,0
7679,MC_SC_17_s03L_7679,22,2,1,0,0,0,8,0,0,0,0,0,15,0,0,0,0,16,0
7680,MC_SC_17_s03L_7680,22,5,3,0,11,0,53,2,35,29,36,15,13,25,0,34,5,3,47
7681,MC_SC_17_s03L_7681,22,4,2,1,16,0,0,6,11,0,32,5,23,9,0,6,0,16,0
7682,MC_SC_17_s03L_7682,22,8,5,0,24,2,12,4,2,37,1,5,11,15,0,8,5,25,6
7683,MC_SC_17_s03L_7683,22,4,2,0,8,6,20,0,8,0,8,2,11,8,0,16,3,11,35
7684,MC_SC_17_s03L_7684,22,5,4,115,53,0,49,75,55,4,10,25,10,2,0,17,5,36,14
7685,MC_SC_17_s03L_7685,22,5,2,56,21,0,12,70,36,0,9,30,6,0,0,15,0,25,27
7686,MC_SC_17_s03L_7686,22,7,4,4,28,0,4,29,12,13,6,3,9,5,0,15,2,30,30
7687,MC_SC_17_s03L_7687,22,3,2,0,41,40,104,15,5,8,21,71,27,61,66,41,9,26,12
7688,MC_SC_17_s03L_7688,22,2,2,0,29,0,19,0,0,0,1,0,1,3,0,6,0,13,5
7689,MC_SC_17_s03L_7689,22,5,2,0,16,0,23,2,5,85,26,14,18,24,28,29,0,0,19
7690,MC_SC_17_s03L_7690,22,5,3,0,55,0,66,0,13,76,19,24,13,30,24,42,2,1,42
7691,MC_SC_17_s03L_7691,22,4,1,98,56,2,31,1,40,4,20,2,7,8,2,22,2,1,13
7692,MC_SC_17_s03L_7692,22,8,5,0,27,0,2,2,1,40,14,21,18,97,25,19,0,140,15
7693,MC_SC_17_s03L_7693,22,7,5,0,282,0,340,14,11,284,36,41,77,112,0,49,24,90,52
7694,MC_SC_17_s03L_7694,22,6,3,0,16,0,38,2,20,40,20,19,5,1,11,18,0,25,33
7695,MC_SC_17_s03L_7695,22,5,3,0,3,0,8,47,14,2,36,2,11,6,0,14,0,31,17
7696,MC_SC_17_s03L_7696,22,6,3,49,55,4,14,68,31,4,8,16,31,0,0,33,2,41,26
7697,MC_SC_17_s03L_7697,22,3,2,0,33,0,67,2,12,71,34,9,18,4,23,21,3,63,0
7698,MC_SC_17_s03L_7698,22,1,1,0,0,0,0,1,0,8,0,0,0,0,0,0,0,2,0
7699,MC_SC_17_s03L_7699,22,1,1,0,0,0,0,0,2,0,1,0,0,2,0,0,0,0,0
7700,MC_SC_17_s03L_7700,22,3,2,3,29,4,84,6,5,0,22,23,18,46,8,27,0,17,23
7701,MC_SC_17_s03L_7701,22,4,2,1,11,0,12,13,0,2,0,8,13,1,0,9,0,32,2
7702,MC_SC_17_s03L_7702,22,6,3,0,105,1,96,0,37,147,5,4,11,72,90,48,41,20,33
7703,MC_SC_17_s03L_7703,22,3,1,0,18,3,1,0,10,0,5,9,2,6,0,8,0,3,8
7704,MC_SC_17_s03L_7704,22,1,1,0,0,0,1,5,14,0,1,0,0,1,0,0,2,0,0
7705,MC_SC_17_s03L_7705,22,5,3,0,30,1,27,0,1,0,8,4,0,14,0,13,0,2,24
7706,MC_SC_17_s03L_7706,22,6,5,0,7,0,2,22,0,23,0,0,19,1,2,3,6,0,2
7707,MC_SC_17_s03L_7707,22,4,3,0,31,2,111,27,15,0,20,19,15,11,2,10,3,1,0
7708,MC_SC_17_s03L_7708,22,2,1,1,6,0,16,0,18,0,3,4,2,4,0,34,0,38,0
7709,MC_SC_17_s03L_7709,22,3,3,0,25,8,27,4,2,87,8,0,23,7,33,27,24,3,6
7710,MC_SC_17_s03L_7710,22,6,3,0,53,10,79,0,3,0,15,16,12,35,1,18,0,19,12
7711,MC_SC_17_s03L_7711,22,2,1,0,1,0,2,49,24,0,2,2,9,3,0,3,0,2,0
7712,MC_SC_17_s03L_7712,22,8,4,0,25,2,49,32,4,94,11,6,53,12,45,44,4,6,6
7713,MC_SC_17_s03L_7713,22,3,1,0,1,0,6,0,19,0,2,6,3,4,0,32,0,19,0
7714,MC_SC_17_s03L_7714,22,2,1,30,25,0,23,2,15,0,3,26,19,23,0,16,0,16,0
7715,MC_SC_17_s03L_7715,22,5,3,0,33,0,49,9,7,8,6,19,18,30,0,6,0,8,12
7716,MC_SC_17_s03L_7716,22,4,3,0,3,0,0,16,17,0,0,1,7,2,0,5,0,0,0
7717,MC_SC_17_s03L_7717,22,1,1,0,10,0,5,3,20,0,2,6,7,25,0,20,0,56,2
7718,MC_SC_17_s03L_7718,22,2,1,0,2,0,21,11,11,0,1,0,2,13,0,0,0,0,2
7719,MC_SC_17_s03L_7719,22,4,2,0,30,0,67,3,39,75,29,8,18,36,3,22,7,4,15
7720,MC_SC_17_s03L_7720,22,3,1,0,2,0,7,29,29,0,1,2,9,3,11,13,0,5,1
7721,MC_SC_17_s03L_7721,22,2,2,0,7,0,41,22,3,3,4,1,10,25,6,2,2,3,30
7722,MC_SC_17_s03L_7722,22,6,4,29,45,4,92,6,8,22,5,61,27,12,81,17,48,38,9
7723,MC_SC_17_s03L_7723,22,4,3,0,5,4,6,48,25,5,1,18,34,12,33,29,1,7,5
7724,MC_SC_17_s03L_7724,22,3,1,0,3,0,2,6,8,77,9,0,1,21,1,0,5,24,0
7725,MC_SC_17_s03L_7725,22,8,3,102,40,3,45,0,14,29,11,8,26,6,158,26,179,21,18
7726,MC_SC_17_s03L_7726,22,16,12,0,112,86,184,148,394,44,33,36,66,61,287,99,10,13,15
7727,MC_SC_17_s03L_7727,22,8,4,1,202,250,369,13,243,49,27,4,40,110,273,51,69,34,131
7728,MC_SC_17_s03L_7728,22,4,1,3,72,44,75,6,37,1,26,28,17,41,27,52,6,36,21
7729,MC_SC_17_s03L_7729,22,10,8,39,135,9,263,10,11,39,57,190,60,38,277,110,241,12,33
7730,MC_SC_17_s03L_7730,22,8,3,1,31,0,17,5,21,151,61,6,7,48,16,2,12,101,26
7731,MC_SC_17_s03L_7731,22,5,3,0,57,20,2,7,38,176,27,4,25,72,4,16,66,234,56
7732,MC_SC_17_s03L_7732,22,10,4,73,90,23,152,0,10,50,16,85,18,21,155,23,99,21,14
7733,MC_SC_17_s03L_7733,22,2,1,0,52,0,128,4,5,107,51,38,14,85,63,26,11,145,98
7734,MC_SC_17_s03L_7734,22,1,1,0,0,0,11,1,11,45,2,3,2,12,1,10,1,69,3
7735,MC_SC_17_s03L_7735,22,10,3,1,57,4,81,2,4,349,39,59,24,111,179,76,19,61,34
7736,MC_SC_17_s03L_7736,22,1,1,0,27,2,128,0,1,0,3,7,25,7,7,9,0,1,19
7737,MC_SC_17_s03L_7737,22,1,1,0,18,7,10,7,52,0,27,1,4,10,3,3,0,0,3
7738,MC_SC_17_s03L_7738,22,9,3,95,59,0,18,5,6,13,22,9,8,10,140,38,147,13,23
7739,MC_SC_17_s03L_7739,22,4,3,1,54,0,164,5,50,146,32,66,48,40,98,45,4,152,0
7740,MC_SC_17_s03L_7740,22,7,2,0,16,0,9,30,67,0,6,17,17,26,5,2,3,47,0
7741,MC_SC_17_s03L_7741,22,5,2,0,34,0,31,0,1,5,0,23,15,19,10,21,0,8,1
7742,MC_SC_17_s03L_7742,22,4,2,0,63,0,113,0,1,37,4,20,18,46,16,27,7,203,76
7743,MC_SC_17_s03L_7743,22,4,3,0,49,0,10,1,5,49,4,3,28,31,33,22,3,121,24
7744,MC_SC_17_s03L_7744,22,6,4,0,10,0,28,0,1,3,0,13,7,30,20,21,0,6,0
7745,MC_SC_17_s03L_7745,22,8,3,126,43,1,2,2,3,11,8,4,27,32,106,19,154,4,9
7746,MC_SC_17_s03L_7746,22,9,3,56,37,3,6,2,9,4,12,0,2,19,44,7,7,5,3
7747,MC_SC_17_s03L_7747,22,8,1,0,10,0,12,23,1,4,2,0,2,0,0,0,0,2,0
7748,MC_SC_17_s03L_7748,22,10,6,49,30,0,31,0,5,0,10,2,9,60,100,18,154,14,18
7749,MC_SC_17_s03L_7749,22,12,6,41,35,0,200,1,7,6,8,4,5,7,32,2,21,0,9
7750,MC_SC_17_s03L_7750,22,5,3,0,33,0,132,0,0,30,8,0,19,81,0,27,2,107,58
7751,MC_SC_17_s03L_7751,22,5,3,0,11,2,24,2,0,30,2,2,8,25,0,36,0,46,34
7752,MC_SC_17_s03L_7752,22,11,3,108,48,12,149,2,2,46,17,12,12,24,172,8,44,21,10
7753,MC_SC_17_s03L_7753,22,5,2,0,68,0,57,4,28,176,36,81,14,142,0,25,2,203,24
7754,MC_SC_17_s03L_7754,22,4,3,0,27,0,28,0,0,80,12,17,13,81,0,6,0,123,17
7755,MC_SC_17_s03L_7755,22,5,2,30,30,0,88,6,5,9,12,8,13,16,21,11,3,31,18
7756,MC_SC_17_s03L_7756,22,3,2,1,29,0,39,4,4,42,1,1,7,7,43,20,0,57,2
7757,MC_SC_17_s03L_7757,22,6,4,0,85,0,105,3,1,177,7,12,27,35,1,18,2,94,43
7758,MC_SC_17_s03L_7758,22,1,1,0,13,0,8,13,0,38,20,24,19,15,5,10,0,3,2
7759,MC_SC_17_s03L_7759,22,3,2,0,1,0,17,19,0,20,4,5,3,16,0,2,2,1,0
7760,MC_SC_17_s03L_7760,22,1,1,0,16,0,10,1,10,0,1,9,12,2,0,13,4,5,1
7761,MC_SC_17_s03L_7761,22,3,2,0,13,0,15,1,5,23,18,5,15,19,9,1,0,0,14
7762,MC_SC_17_s03L_7762,22,4,3,0,62,1,3,1,34,147,35,9,26,64,4,10,7,141,44
7763,MC_SC_17_s03L_7763,22,2,2,17,13,0,22,0,1,18,2,2,14,4,33,25,42,8,1
7764,MC_SC_17_s03L_7764,22,9,3,43,10,3,28,13,5,0,0,1,4,1,0,0,0,29,1
7765,MC_SC_17_s03L_7765,22,1,1,0,1,0,4,1,2,0,1,1,3,8,5,4,0,0,3
7766,MC_SC_17_s03L_7766,22,1,1,0,14,0,8,1,0,26,0,0,13,26,4,0,8,2,4
7767,MC_SC_17_s03L_7767,22,5,4,0,21,1,39,0,5,56,0,19,6,23,21,9,3,19,0
7768,MC_SC_17_s03L_7768,22,2,2,0,9,0,41,51,0,21,12,4,9,31,0,9,0,8,0
7769,MC_SC_17_s03L_7769,22,2,2,0,1,0,19,0,0,0,0,1,1,1,0,1,0,6,1
7770,MC_SC_17_s03L_7770,22,3,2,0,12,0,61,66,0,14,18,3,14,20,0,4,0,37,1
7771,MC_SC_17_s03L_7771,22,4,3,0,11,0,66,0,5,15,33,0,12,0,16,16,0,76,5
7772,MC_SC_17_s03L_7772,22,6,3,0,37,0,44,0,17,31,2,0,30,27,30,35,12,32,25
7773,MC_SC_17_s03L_7773,22,6,3,61,81,0,103,6,14,14,13,41,14,25,161,87,225,66,59
7774,MC_SC_17_s03L_7774,22,3,3,0,6,0,40,12,2,13,6,4,7,3,2,3,0,0,3
7775,MC_SC_17_s03L_7775,22,1,1,0,22,0,52,2,11,3,11,3,2,6,0,13,0,28,0
7776,MC_SC_17_s03L_7776,22,9,6,0,14,0,30,2,12,67,0,46,20,0,45,0,7,53,3
7777,MC_SC_17_s03L_7777,22,10,8,72,69,7,216,2,3,28,32,28,11,32,139,44,238,28,32
7778,MC_SC_17_s03L_7778,22,8,3,0,5,2,55,0,2,99,41,9,39,0,14,7,9,1,62
7779,MC_SC_17_s03L_7779,23,2,1,0,6,0,14,20,0,21,10,2,4,2,3,1,0,3,0
7780,MC_SC_17_s03L_7780,23,5,2,40,15,0,25,37,22,0,4,1,17,1,0,9,2,0,0
7781,MC_SC_17_s03L_7781,23,6,4,0,1,0,61,9,4,0,0,0,8,3,0,7,0,144,1
7782,MC_SC_17_s03L_7782,23,3,1,45,1,0,31,24,35,8,9,13,28,19,4,19,10,10,0
7783,MC_SC_17_s03L_7783,23,5,2,1,3,0,2,29,1,0,1,5,28,36,3,10,0,7,4
7784,MC_SC_17_s03L_7784,23,18,16,0,17,0,84,5,5,67,6,14,14,84,65,16,2,58,0
7785,MC_SC_17_s03L_7785,23,4,3,0,15,12,62,2,74,2,11,0,36,16,19,7,0,77,2
7786,MC_SC_17_s03L_7786,23,4,1,0,6,0,49,1,0,54,5,3,8,4,4,4,3,33,6
7787,MC_SC_17_s03L_7787,23,5,3,0,10,57,116,7,22,34,2,4,19,38,43,0,0,7,3
7788,MC_SC_17_s03L_7788,23,10,4,0,7,0,51,3,3,90,1,2,15,50,9,5,1,5,0
7789,MC_SC_17_s03L_7789,23,3,1,0,12,0,28,0,0,5,0,0,10,8,1,0,0,0,0
7790,MC_SC_17_s03L_7790,23,3,2,1,4,0,9,30,1,3,1,0,3,6,0,0,0,0,0
7791,MC_SC_17_s03L_7791,23,7,5,0,5,17,99,3,28,11,0,8,19,49,25,5,3,5,15
7792,MC_SC_17_s03L_7792,23,4,2,77,12,4,17,0,5,0,36,22,10,14,1,2,0,0,0
7793,MC_SC_17_s03L_7793,23,7,3,1,6,0,30,60,5,98,2,1,15,36,7,7,4,0,8
7794,MC_SC_17_s03L_7794,23,4,3,0,5,0,45,1,10,41,0,12,8,30,0,3,0,14,11
7795,MC_SC_17_s03L_7795,23,6,5,0,14,0,118,15,1,54,17,5,26,37,22,5,2,82,0
7796,MC_SC_17_s03L_7796,23,8,4,0,40,0,83,1,4,113,29,8,18,34,43,18,5,3,4
7797,MC_SC_17_s03L_7797,23,9,2,0,21,25,31,3,90,4,4,1,15,39,45,1,0,0,0
7798,MC_SC_17_s03L_7798,23,11,2,0,9,0,47,62,3,78,36,12,5,7,10,3,0,5,4
7799,MC_SC_17_s03L_7799,23,5,2,1,20,0,109,11,0,82,9,4,11,42,15,0,1,45,0
7800,MC_SC_17_s03L_7800,23,16,5,0,2,0,102,4,0,85,3,1,9,43,16,2,0,5,0
7801,MC_SC_17_s03L_7801,23,1,1,18,0,1,22,0,18,1,12,0,6,9,6,0,0,0,0
7802,MC_SC_17_s03L_7802,23,3,2,50,7,0,20,3,6,7,3,3,16,9,0,8,0,0,0
7803,MC_SC_17_s03L_7803,23,4,2,0,11,0,51,1,0,16,1,7,7,13,11,6,0,21,20
7804,MC_SC_17_s03L_7804,23,1,1,0,5,0,0,0,0,0,0,0,0,0,0,0,0,0,0
7805,MC_SC_17_s03L_7805,23,5,2,0,26,0,67,3,0,59,11,3,14,7,3,0,0,0,0
7806,MC_SC_17_s03L_7806,23,5,3,0,18,27,85,3,100,22,21,13,25,5,44,21,5,9,10
7807,MC_SC_17_s03L_7807,23,6,3,0,32,0,112,3,0,127,27,6,28,49,62,3,0,84,1
7808,MC_SC_17_s03L_7808,23,5,2,0,69,4,89,47,1,117,14,14,18,27,72,22,0,18,5
7809,MC_SC_17_s03L_7809,23,3,1,0,8,0,91,0,2,41,8,24,31,35,6,0,0,44,23
7810,MC_SC_17_s03L_7810,23,1,1,0,1,0,14,0,0,14,3,0,1,3,7,3,0,9,0
7811,MC_SC_17_s03L_7811,23,2,2,67,11,0,23,0,11,4,17,11,25,2,0,10,0,10,2
7812,MC_SC_17_s03L_7812,23,5,2,0,9,0,42,0,0,22,2,0,4,20,10,0,0,24,0
7813,MC_SC_17_s03L_7813,23,6,3,0,12,0,93,1,1,12,0,16,8,16,2,1,0,1,2
7814,MC_SC_17_s03L_7814,23,2,2,0,0,2,0,0,0,2,0,1,0,0,0,0,0,0,0
7815,MC_SC_17_s03L_7815,23,2,1,0,10,13,0,0,0,8,0,0,0,0,0,0,0,0,0
7816,MC_SC_17_s03L_7816,23,8,3,0,31,97,95,9,5,92,13,0,31,2,100,26,34,27,28
7817,MC_SC_17_s03L_7817,23,2,1,0,7,0,16,37,19,20,1,4,14,9,2,0,0,0,0
7818,MC_SC_17_s03L_7818,23,9,3,0,38,12,51,5,4,166,8,0,10,8,52,13,25,1,2
7819,MC_SC_17_s03L_7819,23,3,1,0,0,0,18,2,8,17,0,1,2,36,0,11,0,19,9
7820,MC_SC_17_s03L_7820,23,5,3,0,7,18,88,4,9,17,2,3,9,13,33,2,0,4,9
7821,MC_SC_17_s03L_7821,23,3,2,0,5,0,74,25,3,25,18,4,19,29,3,1,0,21,0
7822,MC_SC_17_s03L_7822,23,3,3,0,10,0,25,0,0,6,1,0,11,11,0,5,0,6,6
7823,MC_SC_17_s03L_7823,23,1,1,0,5,0,2,1,0,0,0,0,0,0,0,0,0,0,0
7824,MC_SC_17_s03L_7824,23,5,3,0,69,38,242,4,63,17,1,10,35,50,89,24,20,115,38
7825,MC_SC_17_s03L_7825,23,4,2,0,5,0,46,1,0,64,2,3,7,22,0,9,0,7,3
7826,MC_SC_17_s03L_7826,23,3,3,0,8,0,76,1,0,28,0,9,9,29,1,8,0,7,15
7827,MC_SC_17_s03L_7827,23,9,3,0,36,0,119,1,0,50,11,10,31,23,26,6,0,7,3
7828,MC_SC_17_s03L_7828,23,10,6,0,56,1,179,4,0,161,109,10,27,44,88,20,2,62,1
7829,MC_SC_17_s03L_7829,23,5,2,1,86,0,79,14,3,136,22,1,11,17,46,12,8,6,1
7830,MC_SC_17_s03L_7830,23,5,4,0,8,0,75,2,1,82,3,12,11,27,21,3,0,31,0
7831,MC_SC_17_s03L_7831,23,7,4,3,11,52,152,5,36,65,8,1,24,0,29,19,23,4,20
7832,MC_SC_17_s03L_7832,23,1,1,0,1,11,3,0,0,13,1,0,0,2,0,0,3,0,0
7833,MC_SC_17_s03L_7833,23,2,2,0,0,0,1,0,0,0,0,0,0,0,0,0,0,0,0
7834,MC_SC_17_s03L_7834,23,6,4,3,28,70,78,3,8,99,5,0,17,1,82,6,63,10,8
7835,MC_SC_17_s03L_7835,23,7,3,1,14,9,22,0,9,12,0,0,31,20,0,0,6,84,1
7836,MC_SC_17_s03L_7836,23,7,5,0,34,2,52,3,3,45,22,0,18,20,5,14,0,7,8
7837,MC_SC_17_s03L_7837,23,4,3,0,0,0,37,20,2,9,19,11,5,5,0,12,0,14,0
7838,MC_SC_17_s03L_7838,23,4,3,0,14,0,69,0,0,40,1,19,12,23,6,9,0,6,21
7839,MC_SC_17_s03L_7839,23,4,1,0,5,0,38,1,2,0,2,1,13,2,0,4,0,1,2
7840,MC_SC_17_s03L_7840,23,6,3,2,36,36,98,3,37,31,1,0,12,6,36,12,11,21,19
7841,MC_SC_17_s03L_7841,23,2,1,0,0,0,3,0,0,0,0,0,0,0,0,0,0,0,0
7842,MC_SC_17_s03L_7842,23,11,3,0,7,0,107,1,2,24,1,3,19,55,59,41,0,26,8
7843,MC_SC_17_s03L_7843,23,3,2,0,15,4,24,0,2,3,0,0,19,12,0,0,0,39,0
7844,MC_SC_17_s03L_7844,23,1,1,0,2,0,1,0,0,4,0,0,2,2,0,0,0,1,1
7845,MC_SC_17_s03L_7845,23,4,2,0,13,0,36,0,0,30,2,13,14,9,2,1,0,0,2
7846,MC_SC_17_s03L_7846,23,6,1,0,20,10,70,30,4,2,3,0,13,4,4,0,0,58,3
7847,MC_SC_17_s03L_7847,23,2,1,0,0,0,3,0,2,7,0,0,0,2,3,0,2,0,0
7848,MC_SC_17_s03L_7848,23,2,2,0,2,0,2,0,0,12,1,0,1,1,7,0,0,0,0
7849,MC_SC_17_s03L_7849,23,4,3,0,25,0,75,2,0,40,20,9,8,21,1,10,0,35,0
7850,MC_SC_17_s03L_7850,23,1,1,0,2,0,39,0,0,16,0,0,1,8,2,7,0,17,2
7851,MC_SC_17_s03L_7851,23,4,2,0,7,0,94,2,6,59,1,10,15,28,14,10,0,14,2
7852,MC_SC_17_s03L_7852,23,7,5,0,1,0,28,0,0,0,0,0,6,0,0,0,0,0,0
7853,MC_SC_17_s03L_7853,23,6,3,0,59,2,55,0,0,192,7,0,5,9,2,24,9,5,3
7854,MC_SC_17_s03L_7854,23,4,2,0,0,0,13,0,0,0,0,0,6,15,0,0,0,34,0
7855,MC_SC_17_s03L_7855,23,1,1,0,5,0,10,0,2,7,0,4,0,0,1,0,0,5,2
7856,MC_SC_17_s03L_7856,23,4,2,0,10,1,64,0,4,2,3,0,6,5,0,4,0,5,9
7857,MC_SC_17_s03L_7857,23,6,3,0,2,0,15,0,5,0,0,0,2,8,0,0,0,0,0
7858,MC_SC_17_s03L_7858,23,4,2,0,14,0,63,1,4,22,3,12,13,5,12,0,0,18,23
7859,MC_SC_17_s03L_7859,23,5,3,1,10,3,78,0,15,0,1,1,6,6,13,4,0,7,19
7860,MC_SC_17_s03L_7860,23,3,3,0,41,0,115,0,0,22,2,1,28,13,0,3,0,73,29
7861,MC_SC_17_s03L_7861,23,4,2,0,30,0,51,0,4,16,34,0,15,18,2,11,0,0,8
7862,MC_SC_17_s03L_7862,23,12,7,0,8,2,113,0,1,3,0,8,5,39,10,11,5,19,4
7863,MC_SC_17_s03L_7863,23,7,5,85,40,91,123,28,106,63,14,0,18,37,3,53,59,9,14
7864,MC_SC_17_s03L_7864,23,3,2,0,28,0,43,14,8,0,13,17,11,5,8,16,0,37,33
7865,MC_SC_17_s03L_7865,23,3,2,0,27,0,117,2,5,8,14,0,6,4,0,22,0,35,1
7866,MC_SC_17_s03L_7866,23,3,3,1,12,1,41,25,37,1,0,8,10,18,0,9,3,3,1
7867,MC_SC_17_s03L_7867,23,13,9,0,8,0,20,32,22,19,2,2,15,4,0,15,8,5,2
7868,MC_SC_17_s03L_7868,23,5,2,0,25,0,151,0,38,11,8,19,17,16,0,32,0,149,10
7869,MC_SC_17_s03L_7869,23,14,4,0,65,17,29,1,27,202,0,0,8,5,39,5,66,1,1
7870,MC_SC_17_s03L_7870,23,2,1,0,1,0,25,0,6,2,0,0,0,0,0,0,1,39,0
7871,MC_SC_17_s03L_7871,23,2,1,19,4,0,16,1,22,14,0,0,1,0,2,17,11,4,0
7872,MC_SC_17_s03L_7872,23,4,3,0,13,0,58,2,2,4,22,7,19,9,0,15,0,57,2
7873,MC_SC_17_s03L_7873,23,4,3,1,0,0,23,2,4,0,17,0,6,5,0,2,0,0,5
7874,MC_SC_17_s03L_7874,23,5,3,0,15,0,30,0,9,4,0,10,40,11,0,22,0,61,0
7875,MC_SC_17_s03L_7875,23,1,1,0,8,0,34,2,5,4,1,0,1,8,6,3,0,2,2
7876,MC_SC_17_s03L_7876,23,4,3,56,9,0,13,30,1,0,0,3,8,3,0,0,0,0,0
7877,MC_SC_17_s03L_7877,23,2,1,0,6,0,20,2,3,18,3,5,10,2,0,4,0,25,3
7878,MC_SC_17_s03L_7878,23,7,3,9,9,0,32,2,5,2,1,0,3,1,0,0,0,42,0
7879,MC_SC_17_s03L_7879,23,5,2,1,7,0,43,1,26,2,5,0,2,0,0,4,0,9,11
7880,MC_SC_17_s03L_7880,23,6,3,0,2,0,50,0,3,12,5,1,15,1,0,13,0,40,0
7881,MC_SC_17_s03L_7881,23,3,2,1,24,0,93,2,2,65,9,0,8,18,2,4,0,36,4
7882,MC_SC_17_s03L_7882,23,1,1,0,0,0,2,0,4,0,1,0,0,4,0,0,0,3,0
7883,MC_SC_17_s03L_7883,23,5,1,0,3,0,9,2,11,0,3,1,3,6,0,3,0,1,0
7884,MC_SC_17_s03L_7884,23,4,2,0,22,0,25,1,1,17,0,0,6,0,0,3,0,4,3
7885,MC_SC_17_s03L_7885,23,1,1,13,1,0,36,32,17,0,5,4,6,0,0,14,0,5,12
7886,MC_SC_17_s03L_7886,23,8,4,0,15,1,40,21,64,10,1,12,6,8,8,22,7,0,0
7887,MC_SC_17_s03L_7887,23,6,3,66,12,30,22,18,41,18,9,0,13,15,50,26,21,0,1
7888,MC_SC_17_s03L_7888,23,3,1,0,10,0,6,14,0,6,0,6,3,7,0,4,0,0,3
7889,MC_SC_17_s03L_7889,23,2,1,0,7,0,11,3,0,49,7,2,8,5,4,3,0,9,20
7890,MC_SC_17_s03L_7890,23,3,2,0,3,0,0,0,0,0,0,0,0,0,0,0,0,0,0
7891,MC_SC_17_s03L_7891,23,3,2,17,1,0,18,0,0,0,0,8,3,0,0,5,2,6,0
7892,MC_SC_17_s03L_7892,23,8,3,0,29,0,7,0,50,75,10,1,13,17,22,51,4,1,12
7893,MC_SC_17_s03L_7893,23,2,2,0,2,0,7,5,1,6,0,0,0,2,2,0,0,0,3
7894,MC_SC_17_s03L_7894,23,6,2,1,83,51,165,64,19,35,8,3,37,22,133,73,27,12,27
7895,MC_SC_17_s03L_7895,23,2,1,0,1,0,0,0,0,6,0,0,1,7,3,4,0,3,0
7896,MC_SC_17_s03L_7896,23,8,3,0,27,0,110,64,6,136,13,0,25,23,59,43,2,20,27
7897,MC_SC_17_s03L_7897,23,10,9,122,52,0,7,2,17,0,8,16,8,4,4,15,9,151,35
7898,MC_SC_17_s03L_7898,23,2,2,0,3,0,11,0,2,0,2,0,4,1,0,0,0,0,7
7899,MC_SC_17_s03L_7899,23,4,1,0,3,1,32,12,7,0,0,10,7,5,2,0,0,4,6
7900,MC_SC_17_s03L_7900,23,1,1,0,1,0,7,0,0,0,0,0,10,0,0,0,0,3,0
7901,MC_SC_17_s03L_7901,23,2,2,24,15,0,0,28,10,0,2,10,16,0,0,2,0,0,0
7902,MC_SC_17_s03L_7902,23,4,2,0,17,0,56,12,8,0,2,20,17,18,0,7,0,34,35
7903,MC_SC_17_s03L_7903,23,4,2,0,8,1,1,38,24,6,0,2,3,7,7,9,0,0,2
7904,MC_SC_17_s03L_7904,23,9,4,1,32,0,48,11,46,76,26,20,15,0,21,4,8,12,3
7905,MC_SC_17_s03L_7905,23,3,2,1,8,0,26,1,0,7,14,11,4,7,0,9,0,40,16
7906,MC_SC_17_s03L_7906,23,2,2,0,9,0,30,0,7,41,1,0,1,0,0,6,2,0,2
7907,MC_SC_17_s03L_7907,23,6,3,43,9,0,7,1,0,0,0,1,10,5,3,9,0,18,19
7908,MC_SC_17_s03L_7908,23,4,2,0,46,0,30,0,8,62,8,1,11,4,49,12,2,20,0
7909,MC_SC_17_s03L_7909,23,6,3,27,5,0,0,2,2,0,2,3,16,25,0,0,0,6,24
7910,MC_SC_17_s03L_7910,23,2,1,0,48,0,9,1,2,12,2,4,1,1,0,4,4,70,11
7911,MC_SC_17_s03L_7911,23,1,1,11,7,0,10,4,9,0,1,4,3,6,0,0,0,0,1
7912,MC_SC_17_s03L_7912,23,1,1,0,12,0,8,0,0,0,0,0,0,3,0,0,0,4,0
7913,MC_SC_17_s03L_7913,23,6,4,120,81,2,30,1,73,8,34,1,14,30,2,8,4,11,16
7914,MC_SC_17_s03L_7914,23,2,1,0,3,0,26,0,1,0,8,0,4,1,0,0,0,3,0
7915,MC_SC_17_s03L_7915,23,5,2,0,69,0,68,0,0,32,23,10,7,0,3,6,0,6,8
7916,MC_SC_17_s03L_7916,23,2,1,10,2,0,0,0,9,0,3,11,15,18,0,5,0,7,19
7917,MC_SC_17_s03L_7917,23,3,2,2,11,0,17,0,9,0,29,13,18,21,0,2,0,17,4
7918,MC_SC_17_s03L_7918,23,4,3,33,4,0,8,1,5,0,30,13,7,25,0,6,0,17,11
7919,MC_SC_17_s03L_7919,23,3,1,120,31,0,12,1,68,3,6,2,1,0,0,2,2,31,3
7920,MC_SC_17_s03L_7920,23,3,2,28,4,0,6,0,23,0,8,0,4,12,0,6,0,4,1
7921,MC_SC_17_s03L_7921,23,6,3,0,20,1,21,0,2,22,0,0,5,0,3,5,9,17,0
7922,MC_SC_17_s03L_7922,23,2,2,0,12,0,1,0,0,2,0,0,0,4,0,0,0,0,0
7923,MC_SC_17_s03L_7923,23,3,2,96,66,3,11,1,55,10,37,4,16,43,0,11,4,21,22
7924,MC_SC_17_s03L_7924,23,3,2,0,14,0,0,2,0,0,5,0,0,0,0,7,0,0,11
7925,MC_SC_17_s03L_7925,23,4,3,37,15,0,1,0,45,0,38,24,12,23,0,6,0,19,4
7926,MC_SC_17_s03L_7926,23,6,4,13,45,0,42,6,1,9,62,50,26,63,61,34,15,22,23
7927,MC_SC_17_s03L_7927,23,2,1,27,6,1,11,1,2,2,13,6,14,12,0,1,4,34,13
7928,MC_SC_17_s03L_7928,23,4,2,1,31,0,54,0,0,19,12,14,5,23,7,15,0,32,28
7929,MC_SC_17_s03L_7929,23,1,1,41,1,0,0,2,10,0,2,0,11,1,0,0,0,2,11
7930,MC_SC_17_s03L_7930,23,1,1,23,7,0,5,0,18,0,8,3,12,11,0,7,0,42,6
7931,MC_SC_17_s03L_7931,23,4,2,3,22,2,21,3,5,3,25,20,13,25,10,29,2,14,5
7932,MC_SC_17_s03L_7932,23,9,6,95,63,2,31,9,53,10,51,13,60,62,138,81,23,33,30
7933,MC_SC_17_s03L_7933,23,6,5,4,36,0,10,2,0,7,0,28,13,18,6,11,11,31,3
7934,MC_SC_17_s03L_7934,23,2,1,138,26,0,37,7,73,2,34,30,34,60,25,53,1,26,34
7935,MC_SC_17_s03L_7935,23,3,2,52,22,0,4,65,22,5,5,3,21,5,5,1,0,36,0
7936,MC_SC_17_s03L_7936,23,14,11,0,8,4,23,1,3,56,21,5,4,12,0,3,4,34,3
7937,MC_SC_17_s03L_7937,23,3,1,0,9,0,6,27,1,3,18,4,18,7,0,15,3,2,12
7938,MC_SC_17_s03L_7938,23,3,2,0,2,0,0,44,41,0,1,4,16,5,0,17,2,6,0
7939,MC_SC_17_s03L_7939,23,11,6,0,1,0,2,27,35,5,15,9,15,1,5,1,4,1,2
7940,MC_SC_17_s03L_7940,23,4,2,0,14,0,9,2,15,63,0,0,7,2,2,2,5,13,20
7941,MC_SC_17_s03L_7941,23,2,1,0,4,0,5,0,0,5,0,0,4,0,0,8,0,16,0
7942,MC_SC_17_s03L_7942,23,4,2,3,29,0,9,43,13,61,21,13,42,7,3,25,0,16,16
7943,MC_SC_17_s03L_7943,23,3,2,52,6,0,0,3,4,0,0,1,17,0,0,5,0,10,17
7944,MC_SC_17_s03L_7944,23,5,3,0,27,4,4,33,0,1,7,0,18,24,0,2,5,32,0
7945,MC_SC_17_s03L_7945,23,1,1,84,31,0,13,83,41,2,6,41,51,3,0,3,0,47,2
7946,MC_SC_17_s03L_7946,23,13,5,69,6,0,0,1,4,0,1,13,17,1,0,4,0,4,29
7947,MC_SC_17_s03L_7947,23,4,3,130,12,4,13,3,47,9,2,17,21,4,33,18,4,7,38
7948,MC_SC_17_s03L_7948,23,4,2,4,20,0,72,1,4,29,7,5,11,3,8,18,0,14,8
7949,MC_SC_17_s03L_7949,23,4,2,0,0,0,0,12,0,9,3,1,3,0,0,0,0,30,0
7950,MC_SC_17_s03L_7950,23,12,1,7,20,0,21,0,15,2,44,29,13,34,1,24,2,8,3
7951,MC_SC_17_s03L_7951,23,2,1,101,14,0,2,4,19,4,1,2,37,1,2,5,0,6,18
7952,MC_SC_17_s03L_7952,23,3,2,0,1,0,4,0,14,3,9,0,12,12,7,4,5,1,13
7953,MC_SC_17_s03L_7953,23,4,2,0,26,2,12,0,18,0,52,5,13,17,2,4,0,14,2
7954,MC_SC_17_s03L_7954,23,4,3,1,19,0,1,29,7,10,2,11,19,2,2,6,0,6,18
7955,MC_SC_17_s03L_7955,23,5,2,119,21,3,4,80,42,23,11,32,41,8,1,7,15,17,17
7956,MC_SC_17_s03L_7956,23,7,4,1,27,0,22,8,7,182,10,6,18,24,150,40,7,8,30
7957,MC_SC_17_s03L_7957,23,4,2,0,14,0,62,1,1,41,17,3,33,2,5,12,0,36,0
7958,MC_SC_17_s03L_7958,23,3,3,6,62,0,4,32,32,12,11,0,5,16,0,8,0,2,5
7959,MC_SC_17_s03L_7959,23,6,4,88,5,22,21,14,59,25,11,17,20,11,75,40,10,15,4
7960,MC_SC_17_s03L_7960,23,5,3,4,42,8,1,59,67,1,9,38,9,0,40,25,2,10,15
7961,MC_SC_17_s03L_7961,23,5,3,0,13,0,61,1,6,57,40,2,4,1,10,15,2,38,0
7962,MC_SC_17_s03L_7962,23,7,5,0,88,2,64,0,129,226,42,3,18,40,119,60,15,15,36
7963,MC_SC_17_s03L_7963,23,4,2,0,21,0,28,47,21,71,6,1,20,0,10,18,4,15,6
7964,MC_SC_17_s03L_7964,23,3,2,40,44,0,13,2,5,0,24,15,16,30,0,11,0,35,31
7965,MC_SC_17_s03L_7965,23,1,1,0,3,0,4,0,0,1,0,0,8,3,0,2,0,2,3
7966,MC_SC_17_s03L_7966,23,4,2,0,11,0,44,0,3,18,1,1,11,8,0,15,4,20,17
7967,MC_SC_17_s03L_7967,23,4,4,3,30,0,5,3,0,51,9,1,18,0,2,4,0,0,1
7968,MC_SC_17_s03L_7968,23,4,3,0,23,2,64,0,5,12,1,10,5,21,0,25,6,15,0
7969,MC_SC_17_s03L_7969,23,6,4,0,98,40,219,72,17,33,45,15,33,15,127,68,27,12,5
7970,MC_SC_17_s03L_7970,23,6,4,2,17,0,9,32,12,81,12,5,16,0,4,12,2,15,3
7971,MC_SC_17_s03L_7971,23,1,1,0,3,0,7,1,5,0,4,1,1,1,0,2,0,0,0
7972,MC_SC_17_s03L_7972,23,4,3,24,30,0,16,5,66,1,35,9,16,23,2,17,2,16,3
7973,MC_SC_17_s03L_7973,23,3,2,0,21,0,41,0,0,0,23,4,3,19,0,8,0,0,5
7974,MC_SC_17_s03L_7974,23,3,1,37,6,0,13,0,0,0,5,1,9,4,0,6,0,21,2
7975,MC_SC_17_s03L_7975,23,4,1,0,25,4,2,29,20,1,5,6,8,2,8,8,0,4,12
7976,MC_SC_17_s03L_7976,23,5,3,2,81,51,37,91,108,154,37,11,28,53,78,42,10,21,15
7977,MC_SC_17_s03L_7977,23,5,3,1,19,16,40,8,6,193,14,4,10,25,114,47,36,10,26
7978,MC_SC_17_s03L_7978,23,7,5,4,148,1,13,5,9,203,78,34,16,53,105,44,18,4,9
7979,MC_SC_17_s03L_7979,23,4,3,50,7,1,0,1,21,0,4,12,24,23,2,3,0,36,16
7980,MC_SC_17_s03L_7980,23,7,4,1,115,1,157,41,4,182,18,1,32,24,120,83,31,23,33
7981,MC_SC_17_s03L_7981,23,6,4,73,20,10,14,7,20,1,6,29,12,1,18,15,6,4,6
7982,MC_SC_17_s03L_7982,23,7,4,119,54,30,30,33,66,17,13,7,23,10,66,58,18,16,14
7983,MC_SC_17_s03L_7983,23,2,2,17,4,0,3,24,12,4,36,12,18,6,2,6,3,8,2
7984,MC_SC_17_s03L_7984,23,4,2,97,27,4,24,1,62,0,21,27,23,34,9,40,0,18,20
7985,MC_SC_17_s03L_7985,23,6,3,2,61,17,38,1,3,9,18,7,23,19,32,40,2,6,2
7986,MC_SC_17_s03L_7986,23,2,1,1,9,3,6,38,21,2,1,1,2,0,3,12,0,3,5
7987,MC_SC_17_s03L_7987,23,4,2,149,68,16,9,80,82,8,2,0,10,2,0,9,2,5,14
7988,MC_SC_17_s03L_7988,23,1,1,0,20,0,3,3,1,0,3,0,18,9,0,5,0,8,0
7989,MC_SC_17_s03L_7989,23,1,1,0,9,0,0,0,1,9,2,1,1,0,0,0,0,0,0
7990,MC_SC_17_s03L_7990,23,2,1,35,11,0,0,1,4,0,4,1,6,5,0,5,0,0,6
7991,MC_SC_17_s03L_7991,23,4,3,2,60,0,54,45,80,103,30,8,17,24,0,39,0,31,43
7992,MC_SC_17_s03L_7992,23,4,2,0,30,0,26,0,1,32,0,3,25,2,0,14,2,27,0
7993,MC_SC_17_s03L_7993,23,4,2,62,27,6,22,0,7,2,5,3,15,6,0,22,0,15,2
7994,MC_SC_17_s03L_7994,23,4,3,0,4,0,0,70,16,2,8,5,20,0,0,5,0,0,0
7995,MC_SC_17_s03L_7995,23,2,2,0,21,0,0,1,5,0,1,0,0,1,0,5,0,0,22
7996,MC_SC_17_s03L_7996,23,5,3,0,140,14,12,3,5,8,0,2,31,67,0,20,13,23,5
7997,MC_SC_17_s03L_7997,23,2,2,0,6,0,34,0,7,3,3,1,8,6,0,16,0,19,0
7998,MC_SC_17_s03L_7998,23,3,2,0,27,1,23,19,12,12,3,4,9,35,0,9,11,0,16
7999,MC_SC_17_s03L_7999,23,2,1,5,18,0,6,16,6,0,3,2,17,3,0,1,0,0,11
8000,MC_SC_17_s03L_8000,23,1,1,0,0,0,1,0,0,0,0,0,1,0,0,0,0,0,0
8001,MC_SC_17_s03L_8001,23,2,1,0,0,0,0,9,0,0,0,0,1,0,0,0,0,0,0
8002,MC_SC_17_s03L_8002,23,5,3,0,30,0,38,38,14,49,27,4,24,1,0,7,0,23,4
8003,MC_SC_17_s03L_8003,23,4,2,0,38,8,99,1,1,3,6,10,20,25,40,24,0,7,7
8004,MC_SC_17_s03L_8004,23,2,1,0,12,0,3,21,1,0,0,11,14,2,0,3,2,9,1
8005,MC_SC_17_s03L_8005,23,2,1,0,0,0,0,9,0,0,0,1,16,0,0,0,0,0,0
8006,MC_SC_17_s03L_8006,23,7,4,0,47,0,11,1,0,8,3,0,10,12,0,7,6,7,2
8007,MC_SC_17_s03L_8007,23,6,4,0,24,0,42,5,4,5,6,6,13,25,2,34,10,6,14
8008,MC_SC_17_s03L_8008,23,5,3,0,3,0,24,1,6,13,3,3,6,10,0,6,6,5,4
8009,MC_SC_17_s03L_8009,23,7,3,0,145,0,15,0,3,68,58,7,8,41,9,28,0,0,0
8010,MC_SC_17_s03L_8010,23,16,9,0,104,2,60,1,201,124,21,7,8,45,7,44,5,49,3
8011,MC_SC_17_s03L_8011,23,1,1,0,9,0,9,26,3,2,5,1,16,5,0,7,2,8,12
8012,MC_SC_17_s03L_8012,23,9,6,0,61,12,52,1,12,0,1,0,6,29,0,21,7,1,26
8013,MC_SC_17_s03L_8013,23,3,2,48,39,0,5,35,33,0,0,4,17,0,3,3,0,22,24
8014,MC_SC_17_s03L_8014,23,5,3,0,5,0,29,34,10,20,4,1,21,0,0,24,2,25,0
8015,MC_SC_17_s03L_8015,23,1,1,20,6,0,1,0,9,0,0,5,0,6,0,3,0,12,1
8016,MC_SC_17_s03L_8016,23,16,4,1,242,3,12,16,4,214,137,3,25,49,176,60,18,6,13
8017,MC_SC_17_s03L_8017,23,4,2,13,11,0,4,2,49,0,19,3,1,5,0,14,0,19,0
8018,MC_SC_17_s03L_8018,23,3,2,28,11,0,19,5,20,4,3,18,37,15,0,16,6,17,12
8019,MC_SC_17_s03L_8019,23,1,1,12,1,0,0,5,3,0,0,3,10,1,0,0,0,0,0
8020,MC_SC_17_s03L_8020,23,5,3,0,14,0,10,0,0,8,35,6,16,16,5,16,0,39,13
8021,MC_SC_17_s03L_8021,23,2,2,2,10,0,30,14,4,6,2,1,23,5,7,12,0,35,5
8022,MC_SC_17_s03L_8022,23,5,3,0,27,0,6,2,0,42,2,0,11,39,0,4,0,41,0
8023,MC_SC_17_s03L_8023,23,4,3,0,3,0,0,48,19,0,7,3,18,0,0,3,4,4,1
8024,MC_SC_17_s03L_8024,23,12,3,4,12,0,1,0,1,62,5,7,1,44,4,2,4,60,16
8025,MC_SC_17_s03L_8025,23,4,2,0,37,0,71,2,8,112,1,0,29,46,0,15,3,112,31
8026,MC_SC_17_s03L_8026,23,4,2,0,13,0,18,30,26,0,8,3,23,0,0,12,5,24,1
8027,MC_SC_17_s03L_8027,23,4,2,0,32,0,0,2,3,0,2,5,7,11,0,3,0,3,13
8028,MC_SC_17_s03L_8028,23,6,4,0,50,4,17,3,78,239,27,38,25,39,48,31,18,4,2
8029,MC_SC_17_s03L_8029,23,4,2,0,10,0,0,31,23,1,19,6,19,2,11,14,0,8,3
8030,MC_SC_17_s03L_8030,23,3,1,0,19,0,50,4,25,26,15,2,18,29,0,35,3,1,13
8031,MC_SC_17_s03L_8031,23,4,2,0,3,0,13,1,6,24,6,2,9,20,0,12,0,43,0
8032,MC_SC_17_s03L_8032,23,9,8,40,10,0,0,19,5,0,2,0,11,0,4,2,0,0,13
8033,MC_SC_17_s03L_8033,23,3,2,0,0,0,0,0,1,0,0,0,3,0,0,0,0,0,0
8034,MC_SC_17_s03L_8034,23,8,2,0,19,3,7,6,41,132,0,0,7,1,20,6,6,20,13
8035,MC_SC_17_s03L_8035,23,3,2,0,0,0,2,0,0,0,0,0,3,0,0,0,0,0,0
8036,MC_SC_17_s03L_8036,23,7,3,1,15,3,6,15,7,56,5,1,25,5,12,16,22,6,3
8037,MC_SC_17_s03L_8037,23,5,3,0,31,0,7,1,3,2,44,7,8,25,0,11,6,50,3
8038,MC_SC_17_s03L_8038,23,4,3,0,44,0,68,6,5,2,9,9,11,25,0,12,3,10,43
8039,MC_SC_17_s03L_8039,23,1,1,0,1,0,3,0,0,0,0,0,1,0,0,0,0,0,0
8040,MC_SC_17_s03L_8040,23,8,5,70,56,2,39,79,78,2,4,26,30,5,25,33,2,36,30
8041,MC_SC_17_s03L_8041,23,3,2,0,1,0,4,0,0,0,0,0,8,0,0,0,0,1,0
8042,MC_SC_17_s03L_8042,23,4,2,0,70,43,68,5,176,28,10,5,53,55,127,48,30,14,17
8043,MC_SC_17_s03L_8043,23,8,6,118,36,14,8,45,117,31,8,0,21,0,10,20,6,2,13
8044,MC_SC_17_s03L_8044,23,1,1,0,2,0,1,0,0,0,0,0,6,0,0,0,0,0,0
8045,MC_SC_17_s03L_8045,23,3,2,0,16,4,4,32,7,3,0,6,13,1,4,2,0,2,0
8046,MC_SC_17_s03L_8046,23,6,3,0,22,2,58,5,7,8,5,0,20,1,0,13,0,6,20
8047,MC_SC_17_s03L_8047,23,8,3,0,16,0,38,51,29,51,23,0,24,2,0,17,0,22,2
8048,MC_SC_17_s03L_8048,23,3,2,0,59,6,45,2,3,5,41,12,10,49,4,11,0,12,4
8049,MC_SC_17_s03L_8049,23,3,2,0,29,0,1,4,3,5,3,19,17,13,5,6,0,31,29
8050,MC_SC_17_s03L_8050,23,1,1,0,1,0,0,0,0,0,0,2,3,3,9,3,4,2,1
8051,MC_SC_17_s03L_8051,23,4,3,30,13,0,4,0,20,0,2,12,7,20,2,12,0,7,4
8052,MC_SC_17_s03L_8052,23,2,1,0,1,0,0,7,1,10,0,0,0,0,2,3,0,0,0
8053,MC_SC_17_s03L_8053,23,5,2,59,35,5,8,13,24,0,1,1,8,5,4,31,5,17,13
8054,MC_SC_17_s03L_8054,23,3,2,2,26,3,12,65,45,2,0,9,25,0,0,12,2,40,0
8055,MC_SC_17_s03L_8055,23,2,2,0,14,0,10,5,38,0,4,5,5,6,2,9,0,0,4
8056,MC_SC_17_s03L_8056,23,3,2,1,9,0,7,3,6,21,0,0,21,0,1,4,0,6,0
8057,MC_SC_17_s03L_8057,23,1,1,0,3,0,29,0,2,0,19,1,5,1,0,20,0,6,12
8058,MC_SC_17_s03L_8058,23,2,1,16,3,0,1,6,6,0,2,0,5,9,0,15,0,2,0
8059,MC_SC_17_s03L_8059,23,6,3,88,18,14,2,42,15,4,0,1,18,1,15,15,14,6,25
8060,MC_SC_17_s03L_8060,23,10,4,0,41,20,16,10,15,4,1,25,25,28,30,26,5,10,20
8061,MC_SC_17_s03L_8061,23,3,2,0,26,8,69,10,0,0,11,28,5,25,15,13,2,21,10
8062,MC_SC_17_s03L_8062,23,4,2,0,15,0,25,12,26,0,36,0,10,9,0,0,0,5,11
8063,MC_SC_17_s03L_8063,23,4,2,0,41,0,17,2,12,46,2,4,9,0,15,26,0,16,17
8064,MC_SC_17_s03L_8064,23,6,3,1,42,0,3,0,5,15,9,15,6,24,0,6,0,24,16
8065,MC_SC_17_s03L_8065,23,7,4,0,36,0,36,5,5,82,20,3,4,44,11,39,3,101,37
8066,MC_SC_17_s03L_8066,23,3,3,0,8,0,34,18,11,15,0,10,8,21,0,25,0,7,1
8067,MC_SC_17_s03L_8067,23,3,2,0,28,1,24,1,2,0,9,10,9,14,0,7,0,2,2
8068,MC_SC_17_s03L_8068,23,6,2,0,3,0,5,32,50,0,8,1,2,8,0,3,0,0,3
8069,MC_SC_17_s03L_8069,23,3,1,1,6,0,1,22,2,3,1,2,4,4,0,0,3,3,1
8070,MC_SC_17_s03L_8070,23,4,2,0,3,0,0,55,24,3,0,0,11,27,0,2,0,1,1
8071,MC_SC_17_s03L_8071,23,7,4,0,48,0,32,0,22,99,11,11,17,75,0,38,8,102,1
8072,MC_SC_17_s03L_8072,23,1,1,0,3,0,3,0,0,0,0,0,0,1,0,0,0,0,1
8073,MC_SC_17_s03L_8073,23,2,1,0,1,0,2,13,26,3,5,0,5,4,0,11,0,0,2
8074,MC_SC_17_s03L_8074,23,11,3,1,32,0,43,3,113,232,15,0,14,29,55,40,13,28,0
8075,MC_SC_17_s03L_8075,23,9,5,0,48,1,88,0,64,30,7,35,15,17,2,15,3,48,3
8076,MC_SC_17_s03L_8076,23,2,1,0,17,0,6,1,3,3,0,0,12,4,0,14,0,11,3
8077,MC_SC_17_s03L_8077,23,5,2,0,30,0,0,57,44,0,34,6,16,3,0,0,0,24,5
8078,MC_SC_17_s03L_8078,23,3,1,0,0,0,1,46,20,0,10,0,18,1,2,8,0,3,14
8079,MC_SC_17_s03L_8079,23,1,1,0,0,0,7,0,0,4,0,2,0,5,0,3,0,0,6
8080,MC_SC_17_s03L_8080,23,1,1,0,0,0,12,5,16,0,7,4,1,19,0,14,0,31,1
8081,MC_SC_17_s03L_8081,23,5,2,36,18,0,1,4,0,2,4,14,7,3,4,12,0,16,1
8082,MC_SC_17_s03L_8082,23,5,2,0,0,0,22,3,3,2,19,2,19,3,0,5,2,7,4
8083,MC_SC_17_s03L_8083,23,8,6,0,103,34,145,4,105,18,97,9,12,67,28,32,2,34,3
8084,MC_SC_17_s03L_8084,23,18,7,0,49,13,107,39,161,8,46,10,26,64,110,76,20,26,38
8085,MC_SC_17_s03L_8085,23,13,5,68,81,2,9,2,9,10,4,3,15,24,87,30,10,18,17
8086,MC_SC_17_s03L_8086,23,5,3,0,1,0,0,51,31,2,1,6,19,0,0,11,3,0,0
8087,MC_SC_17_s03L_8087,23,2,1,0,21,0,56,31,11,5,49,9,31,52,4,14,2,55,17
8088,MC_SC_17_s03L_8088,23,3,1,0,10,0,14,0,2,13,16,9,9,0,3,4,1,8,4
8089,MC_SC_17_s03L_8089,23,8,5,0,45,0,105,0,180,73,25,44,73,91,114,98,18,30,0
8090,MC_SC_17_s03L_8090,23,3,2,0,33,7,24,1,7,5,6,0,10,7,4,8,7,3,12
8091,MC_SC_17_s03L_8091,23,7,1,0,1,0,0,64,46,0,0,0,38,14,0,5,0,0,0
8092,MC_SC_17_s03L_8092,23,6,3,0,22,0,2,1,1,61,2,0,2,16,3,4,0,84,15
8093,MC_SC_17_s03L_8093,23,3,1,3,6,7,11,6,45,0,14,1,3,11,6,5,0,0,1
8094,MC_SC_17_s03L_8094,23,5,3,1,82,0,45,1,2,35,10,21,20,36,2,10,4,15,35
8095,MC_SC_17_s03L_8095,23,6,2,0,32,0,55,27,21,79,8,2,26,2,23,15,2,2,0
8096,MC_SC_17_s03L_8096,23,13,4,0,11,0,15,3,2,38,8,0,14,1,20,16,0,5,2
8097,MC_SC_17_s03L_8097,23,2,1,3,28,0,36,0,8,1,1,15,1,5,30,1,27,0,0
8098,MC_SC_17_s03L_8098,23,1,1,0,4,0,7,43,14,2,0,2,13,8,2,0,0,0,0
8099,MC_SC_17_s03L_8099,23,10,4,0,13,14,78,49,56,4,47,34,37,26,19,35,0,7,15
8100,MC_SC_17_s03L_8100,23,6,4,0,35,0,1,1,0,98,10,25,11,97,1,17,4,157,33
8101,MC_SC_17_s03L_8101,23,2,1,0,24,0,12,91,70,17,6,4,33,37,0,3,0,0,0
8102,MC_SC_17_s03L_8102,23,8,4,0,55,92,215,4,22,11,73,14,40,32,137,54,20,47,24
8103,MC_SC_17_s03L_8103,23,7,3,31,44,0,1,3,0,9,2,2,5,11,51,13,50,9,8
8104,MC_SC_17_s03L_8104,23,8,4,18,58,2,79,5,3,19,3,59,12,7,86,28,51,7,3
8105,MC_SC_17_s03L_8105,23,8,5,1,88,0,98,2,0,110,11,15,25,38,105,47,15,29,27
8106,MC_SC_17_s03L_8106,23,1,1,2,8,0,1,0,0,0,2,6,1,4,28,4,6,0,0
8107,MC_SC_17_s03L_8107,23,1,1,4,9,0,0,3,2,1,0,1,1,0,0,0,17,0,0
8108,MC_SC_17_s03L_8108,23,4,4,0,8,2,1,16,21,0,2,3,2,8,13,0,2,1,0
8109,MC_SC_17_s03L_8109,23,6,3,57,103,14,34,10,4,69,11,20,31,5,160,51,323,24,17
8110,MC_SC_17_s03L_8110,23,2,1,0,0,0,1,0,2,24,6,2,1,1,8,9,2,0,0
8111,MC_SC_17_s03L_8111,23,1,1,0,1,0,25,2,11,69,2,10,8,13,4,12,5,57,10
8112,MC_SC_17_s03L_8112,23,8,2,53,44,0,0,5,18,13,43,44,19,27,142,26,160,0,22
8113,MC_SC_17_s03L_8113,23,9,5,0,43,7,123,2,12,0,19,8,19,18,21,28,16,16,16
8114,MC_SC_17_s03L_8114,23,2,2,0,46,0,51,6,0,119,9,12,10,49,60,18,0,7,7
8115,MC_SC_17_s03L_8115,23,1,1,0,13,2,59,0,8,0,11,3,32,22,22,16,0,18,27
8116,MC_SC_17_s03L_8116,23,6,3,0,79,0,107,10,0,206,14,32,24,90,132,73,12,42,56
8117,MC_SC_17_s03L_8117,23,8,5,0,44,0,187,3,62,345,1,59,47,59,10,176,46,303,122
8118,MC_SC_17_s03L_8118,23,9,3,0,81,72,158,7,50,21,58,25,22,21,90,56,11,22,14
8119,MC_SC_17_s03L_8119,23,7,4,67,66,1,7,5,5,15,11,6,22,27,141,37,256,23,24
8120,MC_SC_17_s03L_8120,23,10,5,76,160,0,28,3,5,3,18,73,35,16,187,61,271,17,9
8121,MC_SC_17_s03L_8121,23,3,2,0,33,0,24,0,2,28,3,8,27,31,5,7,2,63,31
8122,MC_SC_17_s03L_8122,23,6,5,29,127,6,301,2,14,10,34,3,12,40,53,54,64,20,25
8123,MC_SC_17_s03L_8123,23,5,3,38,35,0,0,0,12,0,4,6,14,9,12,12,26,12,13
8124,MC_SC_17_s03L_8124,23,6,3,75,60,5,0,1,6,9,14,7,17,28,107,16,81,0,6
8125,MC_SC_17_s03L_8125,23,6,3,1,49,0,74,2,1,69,10,28,23,92,31,44,10,166,44
8126,MC_SC_17_s03L_8126,23,5,2,0,6,3,16,0,14,8,5,1,6,29,0,1,11,98,8
8127,MC_SC_17_s03L_8127,23,7,4,0,123,2,69,0,0,112,15,45,34,85,130,55,38,80,40
8128,MC_SC_17_s03L_8128,23,8,6,27,150,0,32,1,8,0,10,27,13,12,29,50,185,5,23
8129,MC_SC_17_s03L_8129,23,9,4,0,20,4,85,55,100,0,87,0,15,49,0,3,0,6,11
8130,MC_SC_17_s03L_8130,23,3,2,0,31,0,68,1,6,21,38,8,14,1,20,15,0,70,0
8131,MC_SC_17_s03L_8131,23,8,3,0,78,47,197,4,22,0,41,31,29,52,86,42,7,78,22
8132,MC_SC_17_s03L_8132,23,5,3,0,64,0,113,0,29,66,24,25,31,33,68,31,2,99,0
8133,MC_SC_17_s03L_8133,23,7,5,124,47,8,15,2,8,21,6,6,24,29,82,46,157,34,7
8134,MC_SC_17_s03L_8134,23,7,3,0,7,1,4,0,20,0,0,7,9,9,0,1,5,10,1
8135,MC_SC_17_s03L_8135,23,5,3,0,7,0,16,2,0,2,8,5,2,38,0,16,0,42,20
8136,MC_SC_17_s03L_8136,23,7,4,0,68,0,64,4,3,130,4,26,16,82,35,51,10,97,90
8137,MC_SC_17_s03L_8137,23,9,3,98,60,0,3,9,31,2,16,33,8,17,3,10,4,40,4
8138,MC_SC_17_s03L_8138,23,9,3,46,69,0,0,1,1,4,25,3,12,46,116,41,114,19,11
8139,MC_SC_17_s03L_8139,23,10,5,97,128,3,20,4,10,19,20,61,46,16,89,29,21,26,5
8140,MC_SC_17_s03L_8140,23,6,4,56,44,2,108,10,7,18,8,9,3,16,0,3,40,14,6
8141,MC_SC_17_s03L_8141,23,4,2,0,5,0,39,38,2,15,12,5,10,12,0,28,0,7,5
8142,MC_SC_17_s03L_8142,23,6,4,0,522,6,602,12,316,758,45,41,58,315,382,329,42,74,119
8143,MC_SC_17_s03L_8143,23,1,1,0,1,0,11,0,1,9,1,0,0,3,0,0,0,1,4
8144,MC_SC_17_s03L_8144,23,3,2,0,8,0,3,0,0,3,0,9,9,4,2,9,0,0,0
8145,MC_SC_17_s03L_8145,23,8,5,63,79,3,146,4,0,15,22,21,21,28,156,52,151,65,37
8146,MC_SC_17_s03L_8146,23,7,4,1,341,4,255,12,8,382,105,151,41,123,178,103,49,284,80
8147,MC_SC_17_s03L_8147,23,5,1,0,8,2,71,6,6,5,0,1,17,0,0,1,0,192,2
8148,MC_SC_17_s03L_8148,23,1,1,0,0,0,14,0,2,2,1,1,0,0,0,0,0,0,0
8149,MC_SC_17_s03L_8149,23,7,3,0,4,0,6,0,3,2,1,0,1,0,0,0,0,0,0
8150,MC_SC_17_s03L_8150,23,2,2,0,1,0,11,0,0,0,1,0,2,1,0,0,0,0,0
8151,MC_SC_17_s03L_8151,23,6,4,0,35,0,6,4,49,94,41,7,13,57,0,5,17,133,35
8152,MC_SC_17_s03L_8152,23,1,1,0,4,0,16,17,8,17,26,3,17,35,2,15,0,12,2
8153,MC_SC_17_s03L_8153,23,5,4,0,26,2,1,1,44,85,31,8,14,73,4,1,19,146,34
8154,MC_SC_17_s03L_8154,23,3,2,0,12,0,4,0,0,0,0,0,0,6,0,0,0,0,0
8155,MC_SC_17_s03L_8155,23,8,3,226,159,2,33,9,11,15,18,106,50,22,249,154,428,75,39
8156,MC_SC_17_s03L_8156,23,3,2,0,14,0,60,73,3,11,4,2,24,28,0,16,0,39,1
8157,MC_SC_17_s03L_8157,23,9,3,136,68,1,11,10,11,26,25,79,22,28,222,98,388,50,32
8158,MC_SC_17_s03L_8158,23,1,1,0,15,0,10,1,19,115,4,5,5,60,6,3,19,12,11
8159,MC_SC_17_s03L_8159,23,7,3,0,4,0,32,0,0,14,22,7,13,0,12,26,6,0,25
8160,MC_SC_17_s03L_8160,23,6,3,0,9,0,25,0,1,57,15,1,3,28,1,8,0,57,13
8161,MC_SC_17_s03L_8161,23,3,2,0,4,0,81,4,1,58,16,10,17,0,55,22,63,4,37
8162,MC_SC_17_s03L_8162,23,1,1,0,1,0,1,0,5,0,0,1,7,0,0,8,0,8,0
8163,MC_SC_17_s03L_8163,23,3,1,8,22,0,13,0,8,1,1,8,6,2,24,6,34,0,0
8164,MC_SC_17_s03L_8164,23,6,3,18,9,8,45,0,2,64,2,23,3,2,32,22,86,6,17
8165,MC_SC_17_s03L_8165,23,4,2,0,13,0,7,1,21,57,0,8,6,3,12,0,0,9,1
8166,MC_SC_17_s03L_8166,24,4,3,0,2,0,22,19,0,12,2,4,0,6,3,0,0,17,0
8167,MC_SC_17_s03L_8167,24,4,3,0,4,4,17,48,34,29,0,0,14,37,5,2,0,0,4
8168,MC_SC_17_s03L_8168,24,5,3,0,3,50,46,0,40,0,2,4,10,15,35,3,0,20,9
8169,MC_SC_17_s03L_8169,24,1,1,0,0,0,21,0,1,0,0,1,4,27,2,0,0,20,0
8170,MC_SC_17_s03L_8170,24,4,2,0,0,0,18,24,10,9,0,0,4,18,2,1,0,4,4
8171,MC_SC_17_s03L_8171,24,1,1,0,0,1,0,0,0,4,0,0,0,0,0,0,2,29,0
8172,MC_SC_17_s03L_8172,24,9,3,0,5,0,25,1,1,12,7,11,15,54,15,2,0,45,9
8173,MC_SC_17_s03L_8173,24,5,2,0,5,0,32,0,0,56,0,9,0,19,2,3,0,2,5
8174,MC_SC_17_s03L_8174,24,4,1,15,5,3,3,0,5,0,4,0,0,0,0,0,0,0,0
8175,MC_SC_17_s03L_8175,24,7,3,42,5,0,6,33,27,0,4,7,12,3,0,9,0,5,0
8176,MC_SC_17_s03L_8176,24,5,3,0,5,0,36,3,6,29,0,17,14,48,4,2,0,33,6
8177,MC_SC_17_s03L_8177,24,6,4,80,17,0,35,54,2,2,0,10,15,2,5,26,8,1,5
8178,MC_SC_17_s03L_8178,24,6,4,118,5,7,40,0,9,7,1,1,10,33,26,8,0,0,0
8179,MC_SC_17_s03L_8179,24,8,7,0,33,0,124,68,32,0,3,2,53,83,85,0,0,120,0
8180,MC_SC_17_s03L_8180,24,4,3,52,0,0,37,28,32,0,2,7,7,2,1,0,0,0,0
8181,MC_SC_17_s03L_8181,24,1,1,0,1,0,0,1,16,18,0,0,1,0,5,0,0,0,0
8182,MC_SC_17_s03L_8182,24,1,1,15,0,0,11,2,1,0,3,2,1,1,2,0,0,0,0
8183,MC_SC_17_s03L_8183,24,3,2,0,10,0,87,0,1,79,0,19,7,38,0,5,0,0,0
8184,MC_SC_17_s03L_8184,24,8,4,0,6,0,96,0,2,87,30,5,12,12,0,0,0,0,0
8185,MC_SC_17_s03L_8185,24,7,4,0,18,0,214,1,2,178,46,11,25,44,4,2,0,0,2
8186,MC_SC_17_s03L_8186,24,7,3,0,1,0,71,2,0,81,0,11,17,25,0,0,0,2,3
8187,MC_SC_17_s03L_8187,24,13,5,0,17,51,144,10,114,20,7,21,13,63,28,7,0,1,0
8188,MC_SC_17_s03L_8188,24,5,2,2,13,1,19,40,38,68,1,1,13,5,10,7,14,4,1
8189,MC_SC_17_s03L_8189,24,1,1,0,2,0,11,0,0,23,0,0,0,12,4,0,0,21,0
8190,MC_SC_17_s03L_8190,24,6,3,104,41,36,44,56,45,13,8,0,10,1,3,24,10,15,5
8191,MC_SC_17_s03L_8191,24,10,4,1,47,53,160,16,88,80,3,0,13,82,25,1,13,74,0
8192,MC_SC_17_s03L_8192,24,15,3,0,25,0,169,1,1,108,38,7,25,61,54,9,2,114,1
8193,MC_SC_17_s03L_8193,24,12,7,1,41,48,68,3,17,143,7,2,23,16,63,14,8,3,6
8194,MC_SC_17_s03L_8194,24,7,6,8,3,0,22,19,7,6,1,6,15,1,0,5,4,0,0
8195,MC_SC_17_s03L_8195,24,6,3,79,28,9,49,41,36,8,11,0,5,0,2,26,8,9,0
8196,MC_SC_17_s03L_8196,24,1,1,0,1,0,18,8,0,6,3,2,4,16,6,1,0,21,0
8197,MC_SC_17_s03L_8197,24,7,5,0,24,47,82,2,116,22,13,0,25,3,60,30,13,5,9
8198,MC_SC_17_s03L_8198,24,5,2,0,13,0,43,36,1,80,17,4,16,6,15,2,2,16,0
8199,MC_SC_17_s03L_8199,24,5,3,0,5,0,16,0,16,8,0,1,2,22,2,2,0,23,6
8200,MC_SC_17_s03L_8200,24,9,6,1,0,2,63,2,88,15,2,0,19,2,4,35,12,6,12
8201,MC_SC_17_s03L_8201,24,4,3,0,15,0,18,33,15,0,1,0,12,27,0,0,0,0,0
8202,MC_SC_17_s03L_8202,24,7,5,0,5,0,28,36,0,71,45,4,1,4,3,6,0,12,1
8203,MC_SC_17_s03L_8203,24,9,5,0,10,25,102,0,19,41,0,3,8,28,31,14,0,18,29
8204,MC_SC_17_s03L_8204,24,4,3,0,7,2,57,7,3,3,0,0,10,3,1,2,2,42,0
8205,MC_SC_17_s03L_8205,24,8,3,0,13,0,95,0,5,58,2,12,3,46,2,7,0,32,9
8206,MC_SC_17_s03L_8206,24,8,2,0,39,0,130,0,1,77,11,8,9,28,11,2,0,75,2
8207,MC_SC_17_s03L_8207,24,3,2,0,7,0,59,1,0,27,0,16,15,4,2,4,0,7,19
8208,MC_SC_17_s03L_8208,24,4,4,0,14,0,143,23,2,75,7,24,27,45,10,3,0,34,23
8209,MC_SC_17_s03L_8209,24,9,1,0,4,0,68,0,0,4,0,10,4,15,2,0,0,26,4
8210,MC_SC_17_s03L_8210,24,5,3,0,50,0,143,1,7,88,2,2,22,4,4,10,2,105,4
8211,MC_SC_17_s03L_8211,24,5,4,0,4,0,43,1,3,16,0,1,2,4,4,0,0,32,0
8212,MC_SC_17_s03L_8212,24,4,4,0,18,0,23,4,3,54,6,0,2,1,5,0,4,7,0
8213,MC_SC_17_s03L_8213,24,13,4,0,18,0,117,3,0,24,6,7,11,13,0,17,0,13,26
8214,MC_SC_17_s03L_8214,24,6,3,1,68,2,112,84,15,262,23,0,15,20,27,43,12,4,22
8215,MC_SC_17_s03L_8215,24,1,1,6,0,12,0,0,0,0,0,0,0,0,0,0,0,0,0
8216,MC_SC_17_s03L_8216,24,5,2,0,31,2,76,57,2,153,37,0,8,5,26,5,0,9,0
8217,MC_SC_17_s03L_8217,24,10,8,0,34,1,144,3,9,137,36,16,48,13,38,18,5,141,2
8218,MC_SC_17_s03L_8218,24,7,3,0,20,18,63,0,38,9,0,1,25,29,0,0,14,156,1
8219,MC_SC_17_s03L_8219,24,1,1,0,1,0,17,0,1,16,2,0,0,4,1,0,0,5,0
8220,MC_SC_17_s03L_8220,24,10,6,0,23,42,153,2,31,26,11,6,17,15,77,5,10,23,22
8221,MC_SC_17_s03L_8221,24,1,1,1,4,2,26,0,5,9,2,0,2,2,10,3,2,0,1
8222,MC_SC_17_s03L_8222,24,4,2,0,55,0,160,3,13,53,3,10,33,9,4,25,0,80,4
8223,MC_SC_17_s03L_8223,24,8,6,0,15,1,70,2,2,131,1,6,3,23,37,11,19,0,8
8224,MC_SC_17_s03L_8224,24,5,3,0,18,0,88,4,1,49,0,19,24,4,5,10,0,23,20
8225,MC_SC_17_s03L_8225,24,2,1,0,20,0,66,1,0,16,0,1,7,4,0,3,0,1,6
8226,MC_SC_17_s03L_8226,24,3,2,4,1,0,36,2,0,48,0,8,5,4,8,12,2,9,0
8227,MC_SC_17_s03L_8227,24,4,2,0,14,0,21,7,2,3,0,1,1,8,4,2,0,5,1
8228,MC_SC_17_s03L_8228,24,4,2,0,50,0,80,3,0,95,7,23,35,19,21,11,0,12,5
8229,MC_SC_17_s03L_8229,24,7,4,0,16,8,37,51,22,58,12,0,9,9,17,20,11,0,5
8230,MC_SC_17_s03L_8230,24,1,1,0,3,2,22,0,0,0,2,0,7,2,10,3,0,1,0
8231,MC_SC_17_s03L_8231,24,1,1,0,1,0,6,0,0,0,0,0,0,1,0,0,0,0,3
8232,MC_SC_17_s03L_8232,24,4,2,0,17,0,114,3,3,106,3,31,7,20,46,0,2,41,39
8233,MC_SC_17_s03L_8233,24,5,3,0,35,34,121,35,10,17,12,14,31,24,91,27,7,1,27
8234,MC_SC_17_s03L_8234,24,3,1,0,14,0,33,12,5,0,4,1,11,6,0,29,2,53,0
8235,MC_SC_17_s03L_8235,24,6,3,0,23,0,88,4,3,76,33,10,15,13,43,3,12,13,20
8236,MC_SC_17_s03L_8236,24,4,4,50,27,0,61,22,34,0,8,6,8,7,0,10,0,0,0
8237,MC_SC_17_s03L_8237,24,7,4,95,5,4,44,0,83,0,7,0,14,19,0,21,0,11,17
8238,MC_SC_17_s03L_8238,24,3,2,0,31,0,29,17,0,0,56,8,22,2,4,0,0,11,0
8239,MC_SC_17_s03L_8239,24,2,2,0,5,0,34,1,0,8,1,5,6,0,2,18,0,13,15
8240,MC_SC_17_s03L_8240,24,1,1,0,0,10,0,0,0,19,0,0,0,0,0,0,16,0,0
8241,MC_SC_17_s03L_8241,24,5,3,0,32,0,73,1,1,54,9,13,13,18,13,5,0,50,28
8242,MC_SC_17_s03L_8242,24,1,1,0,7,0,6,0,3,0,0,0,0,0,0,0,0,0,0
8243,MC_SC_17_s03L_8243,24,1,1,0,1,2,11,1,11,3,0,1,0,2,4,0,0,0,0
8244,MC_SC_17_s03L_8244,24,9,7,0,32,0,85,19,9,31,18,4,27,22,39,21,2,0,21
8245,MC_SC_17_s03L_8245,24,8,4,3,15,3,16,18,25,30,0,1,4,13,0,7,7,0,1
8246,MC_SC_17_s03L_8246,24,2,1,0,45,0,114,0,0,13,1,0,7,9,2,18,0,85,4
8247,MC_SC_17_s03L_8247,24,4,2,0,26,0,49,0,0,0,0,0,2,2,0,0,0,13,4
8248,MC_SC_17_s03L_8248,24,6,3,0,1,21,46,0,78,23,7,0,14,14,0,23,21,2,14
8249,MC_SC_17_s03L_8249,24,3,2,0,27,0,127,0,0,0,2,3,4,30,0,7,0,76,1
8250,MC_SC_17_s03L_8250,24,4,2,0,37,0,41,0,0,0,8,0,10,11,4,3,0,31,5
8251,MC_SC_17_s03L_8251,24,1,1,0,51,0,72,1,0,0,0,12,44,1,0,17,0,101,0
8252,MC_SC_17_s03L_8252,24,2,1,0,3,0,29,15,9,2,1,0,6,2,0,7,0,1,1
8253,MC_SC_17_s03L_8253,24,4,2,0,9,0,19,0,0,0,1,0,8,0,0,11,0,27,0
8254,MC_SC_17_s03L_8254,24,8,6,1,24,8,79,50,72,90,21,2,5,20,23,10,16,1,1
8255,MC_SC_17_s03L_8255,24,1,1,21,3,0,7,0,6,0,2,0,5,4,0,9,0,0,12
8256,MC_SC_17_s03L_8256,24,1,1,12,0,0,2,3,0,0,0,0,0,0,1,0,0,0,0
8257,MC_SC_17_s03L_8257,24,5,3,43,19,0,33,10,15,54,10,1,34,8,13,19,5,0,23
8258,MC_SC_17_s03L_8258,24,5,4,56,40,3,31,3,33,81,0,0,11,15,65,19,74,13,1
8259,MC_SC_17_s03L_8259,24,1,1,1,0,0,8,0,0,3,3,0,0,2,2,0,0,3,0
8260,MC_SC_17_s03L_8260,24,4,2,0,7,0,29,0,4,2,1,0,12,0,2,10,2,26,1
8261,MC_SC_17_s03L_8261,24,3,2,37,1,0,24,26,22,0,3,1,5,0,0,8,0,4,8
8262,MC_SC_17_s03L_8262,24,5,3,40,11,0,0,6,21,3,6,0,13,2,0,12,0,0,26
8263,MC_SC_17_s03L_8263,24,1,1,0,5,0,1,0,0,17,8,0,0,0,4,0,0,0,0
8264,MC_SC_17_s03L_8264,24,2,2,0,0,0,2,0,0,0,0,0,0,0,0,0,0,0,0
8265,MC_SC_17_s03L_8265,24,5,4,27,8,0,29,40,2,0,13,0,9,0,0,27,3,69,0
8266,MC_SC_17_s03L_8266,24,2,2,0,0,0,0,0,0,0,0,0,1,0,0,0,0,0,0
8267,MC_SC_17_s03L_8267,24,1,1,12,2,0,6,2,8,0,1,0,3,1,2,1,2,0,2
8268,MC_SC_17_s03L_8268,24,7,4,0,17,2,71,49,3,101,1,0,19,21,9,22,13,0,23
8269,MC_SC_17_s03L_8269,24,2,2,0,36,0,118,0,1,71,15,6,5,32,18,4,0,6,2
8270,MC_SC_17_s03L_8270,24,6,3,47,15,0,10,13,13,2,5,15,7,3,0,21,0,5,5
8271,MC_SC_17_s03L_8271,24,1,1,0,0,0,2,0,0,0,0,0,0,0,0,0,0,0,0
8272,MC_SC_17_s03L_8272,24,5,2,104,23,0,39,6,28,2,23,15,20,12,17,38,0,6,16
8273,MC_SC_17_s03L_8273,24,2,2,50,14,0,2,21,15,0,4,1,3,0,0,13,0,0,0
8274,MC_SC_17_s03L_8274,24,1,1,1,0,0,0,0,4,0,1,0,0,0,0,0,0,0,0
8275,MC_SC_17_s03L_8275,24,3,2,0,13,0,38,2,2,9,1,0,21,0,4,14,0,37,2
8276,MC_SC_17_s03L_8276,24,2,1,4,3,0,30,19,39,16,2,2,3,14,2,10,0,10,4
8277,MC_SC_17_s03L_8277,24,5,4,30,17,0,13,5,13,0,4,9,9,5,2,19,0,3,5
8278,MC_SC_17_s03L_8278,24,8,4,0,16,1,84,2,3,160,15,2,4,5,19,12,16,7,2
8279,MC_SC_17_s03L_8279,24,3,1,2,26,0,19,77,27,152,20,3,23,0,59,18,0,0,2
8280,MC_SC_17_s03L_8280,24,2,1,0,0,0,0,0,0,0,0,0,0,0,0,0,0,0,0
8281,MC_SC_17_s03L_8281,24,2,1,66,12,0,20,23,22,2,4,3,8,1,0,15,0,6,1
8282,MC_SC_17_s03L_8282,24,2,1,0,12,0,17,8,0,3,0,2,3,4,0,14,0,0,1
8283,MC_SC_17_s03L_8283,24,4,2,0,9,0,17,3,0,15,0,0,15,2,0,14,2,15,1
8284,MC_SC_17_s03L_8284,24,1,1,0,3,0,24,1,0,2,0,0,1,4,0,0,0,0,0
8285,MC_SC_17_s03L_8285,24,2,2,0,11,0,18,0,2,67,5,0,4,1,43,4,0,0,0
8286,MC_SC_17_s03L_8286,24,10,3,104,29,0,1,0,24,0,6,17,7,0,0,0,2,108,5
8287,MC_SC_17_s03L_8287,24,10,5,4,61,0,170,5,8,51,28,23,22,1,13,10,2,33,19
8288,MC_SC_17_s03L_8288,24,2,1,0,24,0,19,3,0,0,0,0,5,1,0,12,0,32,0
8289,MC_SC_17_s03L_8289,24,5,3,0,1,0,11,2,2,0,12,0,0,3,0,2,0,4,2
8290,MC_SC_17_s03L_8290,24,3,3,1,4,0,45,0,5,4,3,11,8,4,0,3,0,43,0
8291,MC_SC_17_s03L_8291,24,3,2,0,4,0,64,9,27,75,29,41,6,11,0,5,0,8,0
8292,MC_SC_17_s03L_8292,24,6,3,0,37,3,65,1,1,87,32,8,43,4,73,40,18,39,4
8293,MC_SC_17_s03L_8293,24,6,3,0,38,4,79,0,13,167,12,1,29,8,8,45,25,25,4
8294,MC_SC_17_s03L_8294,24,5,2,18,5,0,1,1,11,0,0,0,10,5,0,1,0,2,6
8295,MC_SC_17_s03L_8295,24,1,1,11,6,0,0,15,5,0,0,3,3,0,0,0,0,0,1
8296,MC_SC_17_s03L_8296,24,8,7,1,31,1,139,33,9,10,2,2,13,8,64,9,4,10,15
8297,MC_SC_17_s03L_8297,24,10,8,20,19,0,9,5,15,0,12,0,4,24,0,18,0,23,4
8298,MC_SC_17_s03L_8298,24,1,1,43,12,0,1,0,34,0,1,0,0,2,0,0,0,0,2
8299,MC_SC_17_s03L_8299,24,3,2,22,14,0,1,3,0,0,0,0,11,13,0,0,0,15,7
8300,MC_SC_17_s03L_8300,24,7,4,5,19,0,20,48,8,51,32,1,33,1,0,13,0,21,7
8301,MC_SC_17_s03L_8301,24,3,1,16,16,0,2,0,9,0,8,6,10,20,0,5,0,18,1
8302,MC_SC_17_s03L_8302,24,7,2,4,56,0,10,61,21,190,5,4,10,16,1,22,2,11,8
8303,MC_SC_17_s03L_8303,24,2,1,4,3,0,17,0,3,0,32,13,9,21,0,4,0,6,2
8304,MC_SC_17_s03L_8304,24,3,2,2,6,0,31,1,4,0,26,3,14,19,0,3,0,8,5
8305,MC_SC_17_s03L_8305,24,3,2,15,24,0,24,1,10,0,47,38,17,36,1,34,3,25,25
8306,MC_SC_17_s03L_8306,24,2,2,9,17,0,0,1,6,0,0,3,11,29,0,1,2,19,11
8307,MC_SC_17_s03L_8307,24,1,1,0,5,5,20,0,9,18,0,1,0,11,7,0,14,0,0
8308,MC_SC_17_s03L_8308,24,4,3,21,21,0,0,0,20,0,3,0,22,8,0,0,0,7,15
8309,MC_SC_17_s03L_8309,24,4,3,0,3,1,1,45,16,0,2,2,19,7,0,2,0,0,0
8310,MC_SC_17_s03L_8310,24,1,1,0,2,0,3,1,3,0,5,0,0,3,0,0,0,10,0
8311,MC_SC_17_s03L_8311,24,11,5,1,135,0,30,10,2,106,46,9,20,21,62,54,22,11,5
8312,MC_SC_17_s03L_8312,24,5,2,1,12,0,5,12,4,0,1,1,5,2,2,3,0,13,2
8313,MC_SC_17_s03L_8313,24,3,2,9,17,0,1,3,4,3,0,17,31,2,0,9,0,18,17
8314,MC_SC_17_s03L_8314,24,9,7,0,155,17,256,84,256,3,19,1,12,2,1,101,13,15,3
8315,MC_SC_17_s03L_8315,24,3,2,65,25,0,1,22,26,0,22,15,28,15,5,10,0,13,21
8316,MC_SC_17_s03L_8316,24,4,2,0,12,1,4,25,49,11,11,17,11,15,9,16,2,9,2
8317,MC_SC_17_s03L_8317,24,4,4,74,1,0,0,7,21,0,1,8,10,1,20,10,0,10,32
8318,MC_SC_17_s03L_8318,24,9,4,1,27,0,37,3,0,61,15,4,19,6,7,9,0,31,0
8319,MC_SC_17_s03L_8319,24,2,1,0,17,0,0,4,16,3,0,4,2,13,0,2,0,19,0
8320,MC_SC_17_s03L_8320,24,2,2,13,8,0,4,119,53,0,8,38,45,6,0,2,0,3,5
8321,MC_SC_17_s03L_8321,24,1,1,0,3,0,0,36,14,0,2,1,14,0,0,2,0,0,2
8322,MC_SC_17_s03L_8322,24,9,8,3,19,0,2,17,15,46,1,30,13,28,2,13,6,3,21
8323,MC_SC_17_s03L_8323,24,1,1,0,1,0,3,3,0,4,0,0,0,0,0,0,0,0,0
8324,MC_SC_17_s03L_8324,24,14,4,4,47,0,46,3,13,25,9,16,34,65,69,20,6,10,5
8325,MC_SC_17_s03L_8325,24,1,1,0,14,0,0,0,1,10,0,0,1,1,0,0,0,5,0
8326,MC_SC_17_s03L_8326,24,5,3,0,29,0,90,46,2,108,4,0,14,20,28,21,3,13,8
8327,MC_SC_17_s03L_8327,24,5,3,0,24,0,1,0,1,0,0,1,4,6,4,17,3,2,10
8328,MC_SC_17_s03L_8328,24,4,2,0,11,0,9,22,0,0,2,15,7,4,4,8,2,9,3
8329,MC_SC_17_s03L_8329,24,3,1,0,4,0,0,30,34,2,0,1,12,8,0,7,4,1,0
8330,MC_SC_17_s03L_8330,24,6,3,0,9,0,45,0,5,22,0,1,11,0,0,2,0,27,0
8331,MC_SC_17_s03L_8331,24,3,3,3,32,0,5,60,32,8,22,7,30,24,0,3,2,19,20
8332,MC_SC_17_s03L_8332,24,5,2,0,31,0,72,7,40,139,43,10,18,25,19,40,5,13,28
8333,MC_SC_17_s03L_8333,24,4,2,55,21,0,4,37,13,2,1,23,35,3,0,0,0,21,0
8334,MC_SC_17_s03L_8334,24,1,1,0,8,0,1,2,2,28,0,0,5,10,4,0,0,4,4
8335,MC_SC_17_s03L_8335,24,1,1,1,9,0,16,10,60,2,14,0,6,5,29,7,4,0,5
8336,MC_SC_17_s03L_8336,24,4,2,1,8,6,0,54,4,15,9,35,14,0,1,7,3,0,0
8337,MC_SC_17_s03L_8337,24,4,3,0,11,2,66,1,20,0,10,15,4,17,0,6,3,9,26
8338,MC_SC_17_s03L_8338,24,4,3,0,14,0,8,1,4,51,1,1,40,15,0,15,4,47,13
8339,MC_SC_17_s03L_8339,24,5,2,15,102,2,3,75,30,213,110,8,37,4,110,75,19,57,64
8340,MC_SC_17_s03L_8340,24,6,3,1,22,0,7,9,29,83,10,23,14,18,13,28,2,0,17
8341,MC_SC_17_s03L_8341,24,5,3,23,4,8,9,7,16,0,9,5,13,28,0,19,2,8,5
8342,MC_SC_17_s03L_8342,24,3,1,0,3,4,0,37,34,7,3,0,14,3,5,22,2,1,0
8343,MC_SC_17_s03L_8343,24,3,2,22,14,0,5,0,15,2,20,0,24,0,0,2,5,17,36
8344,MC_SC_17_s03L_8344,24,3,2,48,18,0,8,5,27,2,10,17,14,21,16,17,0,6,39
8345,MC_SC_17_s03L_8345,24,4,2,0,20,2,139,2,4,96,8,0,13,35,15,30,11,24,3
8346,MC_SC_17_s03L_8346,24,11,6,19,38,8,339,116,623,637,74,166,75,57,101,157,84,44,2
8347,MC_SC_17_s03L_8347,24,6,2,1,9,0,70,1,6,6,13,0,6,18,4,17,0,17,0
8348,MC_SC_17_s03L_8348,24,5,3,1,2,3,2,62,11,4,3,15,18,0,0,3,2,0,0
8349,MC_SC_17_s03L_8349,24,2,1,0,25,21,37,11,25,4,2,0,2,0,30,11,0,4,4
8350,MC_SC_17_s03L_8350,24,7,3,0,96,0,120,43,2,157,9,0,19,15,49,35,7,12,7
8351,MC_SC_17_s03L_8351,24,1,1,5,10,0,6,0,8,0,1,0,0,0,0,0,0,0,0
8352,MC_SC_17_s03L_8352,24,7,3,0,27,1,51,4,3,175,4,0,4,15,91,41,16,11,18
8353,MC_SC_17_s03L_8353,24,9,4,2,13,0,60,4,26,176,12,5,39,8,138,47,8,8,16
8354,MC_SC_17_s03L_8354,24,7,4,0,20,4,27,14,96,4,2,9,25,26,69,28,11,12,4
8355,MC_SC_17_s03L_8355,24,6,5,0,15,0,5,4,22,0,34,0,4,4,0,0,0,2,0
8356,MC_SC_17_s03L_8356,24,1,1,8,8,0,2,0,7,0,0,0,0,1,2,2,0,0,0
8357,MC_SC_17_s03L_8357,24,3,2,63,31,2,13,62,56,2,1,5,8,1,4,15,2,9,17
8358,MC_SC_17_s03L_8358,24,2,2,92,23,1,0,63,44,1,0,0,14,0,3,0,0,19,16
8359,MC_SC_17_s03L_8359,24,2,1,0,10,0,7,1,0,0,5,2,7,9,0,7,0,2,0
8360,MC_SC_17_s03L_8360,24,13,5,2,306,41,69,9,77,22,9,21,46,91,79,57,38,14,5
8361,MC_SC_17_s03L_8361,24,1,1,4,3,0,0,18,7,0,1,5,4,4,0,2,0,0,0
8362,MC_SC_17_s03L_8362,24,5,3,0,13,0,129,2,6,55,7,0,11,4,3,7,4,62,1
8363,MC_SC_17_s03L_8363,24,3,2,1,14,0,25,21,5,4,8,7,10,0,0,1,0,1,19
8364,MC_SC_17_s03L_8364,24,5,3,7,7,0,1,2,3,55,12,5,7,42,20,17,0,67,6
8365,MC_SC_17_s03L_8365,24,5,3,285,199,49,60,20,150,17,33,0,33,66,64,65,7,28,44
8366,MC_SC_17_s03L_8366,24,1,1,4,0,0,0,2,0,0,1,0,1,1,0,0,0,0,0
8367,MC_SC_17_s03L_8367,24,11,9,144,21,8,46,8,60,6,23,8,23,40,31,38,7,12,22
8368,MC_SC_17_s03L_8368,24,3,2,0,58,0,3,2,1,0,0,3,24,27,0,12,10,21,3
8369,MC_SC_17_s03L_8369,24,9,4,101,45,22,39,5,82,23,2,12,17,29,44,38,16,8,24
8370,MC_SC_17_s03L_8370,24,3,2,3,12,0,11,30,26,33,8,11,17,6,0,13,0,15,24
8371,MC_SC_17_s03L_8371,24,1,1,44,16,0,1,7,39,6,2,0,6,5,3,2,0,0,2
8372,MC_SC_17_s03L_8372,24,3,2,2,34,8,13,40,22,16,19,17,10,2,20,37,2,22,22
8373,MC_SC_17_s03L_8373,24,4,3,70,33,1,19,12,19,2,6,3,8,14,11,21,0,30,40
8374,MC_SC_17_s03L_8374,24,6,5,0,3,0,12,0,12,10,9,0,6,0,0,21,5,18,0
8375,MC_SC_17_s03L_8375,24,4,3,60,36,3,16,4,23,0,1,4,9,28,18,21,2,31,27
8376,MC_SC_17_s03L_8376,24,5,3,0,40,0,51,1,6,49,9,3,14,18,19,29,5,6,6
8377,MC_SC_17_s03L_8377,24,5,2,0,188,5,15,2,3,181,81,9,18,45,41,39,25,2,5
8378,MC_SC_17_s03L_8378,24,2,2,0,15,0,27,1,4,44,0,8,17,4,3,24,2,34,4
8379,MC_SC_17_s03L_8379,24,4,2,0,19,14,63,2,70,7,14,8,28,16,20,17,2,10,2
8380,MC_SC_17_s03L_8380,24,4,3,0,54,0,10,0,5,0,0,2,12,24,0,1,3,24,0
8381,MC_SC_17_s03L_8381,24,7,2,0,112,10,16,2,9,7,1,5,15,41,2,20,5,24,0
8382,MC_SC_17_s03L_8382,24,5,2,13,24,0,0,2,27,0,2,0,9,7,0,9,0,18,2
8383,MC_SC_17_s03L_8383,24,5,4,60,16,6,36,4,45,2,3,15,15,13,3,4,2,1,2
8384,MC_SC_17_s03L_8384,24,1,1,0,13,0,23,2,0,0,1,1,3,3,0,0,2,3,9
8385,MC_SC_17_s03L_8385,24,4,2,70,49,0,11,50,52,4,4,15,16,21,16,17,0,1,9
8386,MC_SC_17_s03L_8386,24,1,1,0,1,0,0,0,4,18,0,0,9,0,0,0,7,0,0
8387,MC_SC_17_s03L_8387,24,2,1,0,11,0,10,20,6,2,0,7,6,2,0,3,0,15,14
8388,MC_SC_17_s03L_8388,24,4,3,0,9,0,25,17,67,3,3,4,23,17,0,25,2,8,7
8389,MC_SC_17_s03L_8389,24,4,3,0,32,0,62,6,24,2,11,9,7,17,0,11,2,1,16
8390,MC_SC_17_s03L_8390,24,4,3,0,19,0,25,6,9,84,4,7,19,23,0,8,0,73,18
8391,MC_SC_17_s03L_8391,24,3,3,1,15,0,85,1,0,36,23,38,14,0,0,6,0,40,23
8392,MC_SC_17_s03L_8392,24,3,2,22,2,0,1,6,2,2,1,1,4,0,0,1,2,0,1
8393,MC_SC_17_s03L_8393,24,7,3,0,69,6,167,18,123,403,54,5,17,24,223,85,23,29,5
8394,MC_SC_17_s03L_8394,24,6,3,0,12,0,13,10,26,68,0,0,14,2,13,16,5,28,21
8395,MC_SC_17_s03L_8395,24,7,5,37,8,3,13,2,3,13,1,1,12,1,18,7,13,12,9
8396,MC_SC_17_s03L_8396,24,4,3,1,69,0,55,4,20,125,44,2,23,27,0,18,7,33,27
8397,MC_SC_17_s03L_8397,24,2,1,2,17,0,1,38,4,0,27,1,18,13,0,4,0,19,10
8398,MC_SC_17_s03L_8398,24,2,2,0,8,0,9,0,1,0,22,9,3,10,0,3,0,0,1
8399,MC_SC_17_s03L_8399,24,4,2,65,22,3,23,3,31,5,1,10,30,21,45,25,2,8,21
8400,MC_SC_17_s03L_8400,24,4,3,57,24,5,7,57,70,0,2,27,23,30,0,51,0,28,15
8401,MC_SC_17_s03L_8401,24,13,4,1,30,0,21,7,12,114,6,8,12,48,0,14,2,103,8
8402,MC_SC_17_s03L_8402,24,3,1,0,58,15,30,3,113,205,15,4,7,28,82,16,52,6,2
8403,MC_SC_17_s03L_8403,24,1,1,0,0,0,3,0,0,1,0,0,0,0,0,0,0,0,0
8404,MC_SC_17_s03L_8404,24,2,1,0,17,0,0,24,4,2,3,12,15,4,3,9,2,6,21
8405,MC_SC_17_s03L_8405,24,4,3,0,18,0,0,1,0,11,0,0,13,5,0,18,6,38,16
8406,MC_SC_17_s03L_8406,24,5,3,0,18,0,142,5,1,95,4,0,11,26,10,17,0,0,0
8407,MC_SC_17_s03L_8407,24,11,2,1,64,21,99,38,159,13,28,50,42,48,67,67,9,11,36
8408,MC_SC_17_s03L_8408,24,1,1,0,0,0,0,0,0,0,0,0,7,0,0,0,0,8,0
8409,MC_SC_17_s03L_8409,24,6,3,0,4,0,102,3,1,97,3,20,11,56,0,31,6,91,1
8410,MC_SC_17_s03L_8410,24,9,5,2,84,0,54,3,5,90,2,29,16,25,41,9,7,13,34
8411,MC_SC_17_s03L_8411,24,3,2,0,18,4,2,2,19,11,3,0,41,20,21,13,11,6,2
8412,MC_SC_17_s03L_8412,24,17,5,0,145,61,44,10,188,61,31,1,8,51,19,50,68,0,0
8413,MC_SC_17_s03L_8413,24,5,3,0,25,0,46,2,49,138,56,13,23,68,53,41,20,2,36
8414,MC_SC_17_s03L_8414,24,1,1,0,0,0,2,2,8,0,7,4,2,2,5,3,0,0,1
8415,MC_SC_17_s03L_8415,24,1,1,0,2,0,0,4,9,5,1,1,1,2,0,0,3,0,0
8416,MC_SC_17_s03L_8416,24,3,2,92,38,9,17,49,21,1,5,0,20,0,27,20,5,4,32
8417,MC_SC_17_s03L_8417,24,3,2,0,7,0,18,1,1,3,2,8,7,9,0,1,3,30,17
8418,MC_SC_17_s03L_8418,24,1,1,0,4,3,0,17,0,3,1,3,9,3,0,5,0,1,5
8419,MC_SC_17_s03L_8419,24,1,1,0,0,0,0,0,0,0,0,0,0,0,0,0,0,0,0
8420,MC_SC_17_s03L_8420,24,4,2,1,13,0,61,2,0,49,44,8,12,3,15,17,8,36,3
8421,MC_SC_17_s03L_8421,24,9,6,0,89,0,106,0,158,223,19,22,24,64,137,92,5,20,13
8422,MC_SC_17_s03L_8422,24,6,3,0,118,0,64,5,30,46,24,55,19,52,0,59,2,53,60
8423,MC_SC_17_s03L_8423,24,7,4,0,8,0,16,27,11,0,46,0,13,1,0,6,0,16,8
8424,MC_SC_17_s03L_8424,24,1,1,0,4,0,16,3,1,3,1,8,5,1,3,10,0,28,15
8425,MC_SC_17_s03L_8425,24,2,1,0,7,0,1,0,21,0,7,7,5,11,0,25,0,37,0
8426,MC_SC_17_s03L_8426,24,3,2,0,2,0,0,56,4,0,0,3,10,0,0,16,0,0,0
8427,MC_SC_17_s03L_8427,24,9,5,14,111,5,16,2,0,10,20,58,11,13,209,64,242,30,9
8428,MC_SC_17_s03L_8428,24,10,4,0,95,0,69,8,7,127,38,0,25,6,41,44,13,17,16
8429,MC_SC_17_s03L_8429,24,9,1,0,3,0,24,33,12,55,14,0,14,2,7,3,0,3,3
8430,MC_SC_17_s03L_8430,24,4,2,0,30,1,32,73,35,0,63,4,32,2,0,1,0,23,9
8431,MC_SC_17_s03L_8431,24,4,3,159,64,0,111,2,90,0,64,24,4,27,0,0,6,161,52
8432,MC_SC_17_s03L_8432,24,1,1,0,0,0,0,0,0,0,0,0,0,0,0,0,0,0,0
8433,MC_SC_17_s03L_8433,24,5,2,0,45,0,34,1,5,62,7,10,14,23,23,11,5,4,12
8434,MC_SC_17_s03L_8434,24,10,8,0,10,0,13,1,4,0,6,0,7,15,0,14,0,21,1
8435,MC_SC_17_s03L_8435,24,6,3,0,154,110,142,1,379,5,123,197,42,114,90,115,11,22,64
8436,MC_SC_17_s03L_8436,24,1,1,0,2,0,4,0,0,0,0,0,0,0,0,0,0,17,0
8437,MC_SC_17_s03L_8437,24,1,1,0,7,0,0,0,3,5,0,0,5,0,0,0,2,50,0
8438,MC_SC_17_s03L_8438,24,6,3,0,21,0,30,3,10,12,24,0,7,0,0,29,2,11,5
8439,MC_SC_17_s03L_8439,24,1,1,0,0,0,0,0,0,5,1,0,0,0,0,0,2,0,8
8440,MC_SC_17_s03L_8440,24,4,2,0,28,0,10,1,1,31,24,5,7,52,0,29,0,58,5
8441,MC_SC_17_s03L_8441,24,2,2,0,60,0,8,2,148,0,23,26,2,24,1,3,2,2,8
8442,MC_SC_17_s03L_8442,24,4,2,0,12,0,7,1,15,0,0,1,25,7,2,12,3,24,2
8443,MC_SC_17_s03L_8443,24,3,2,0,12,0,7,48,25,5,0,1,5,0,0,11,0,2,0
8444,MC_SC_17_s03L_8444,24,1,1,1,3,0,0,0,0,2,0,1,1,1,0,2,0,0,4
8445,MC_SC_17_s03L_8445,24,5,3,0,34,0,37,4,7,0,4,26,9,23,0,7,2,10,13
8446,MC_SC_17_s03L_8446,24,6,3,0,91,0,100,5,21,79,33,4,12,60,30,24,2,71,60
8447,MC_SC_17_s03L_8447,24,9,4,0,41,0,123,51,71,4,52,23,20,18,7,42,11,16,10
8448,MC_SC_17_s03L_8448,24,5,3,0,33,0,19,3,15,0,27,30,11,43,0,16,2,25,16
8449,MC_SC_17_s03L_8449,24,1,1,0,4,0,3,0,10,0,0,0,0,1,0,0,0,0,1
8450,MC_SC_17_s03L_8450,24,3,3,0,12,0,40,3,44,2,18,1,2,17,0,12,0,0,16
8451,MC_SC_17_s03L_8451,24,8,3,0,56,0,82,6,8,60,84,17,6,45,39,57,13,42,58
8452,MC_SC_17_s03L_8452,24,4,3,0,23,0,3,20,6,1,2,0,9,4,7,0,0,5,1
8453,MC_SC_17_s03L_8453,24,4,2,0,2,0,0,30,17,0,2,4,17,2,0,3,0,0,0
8454,MC_SC_17_s03L_8454,24,4,2,1,24,0,24,7,3,52,7,13,11,52,4,12,0,107,0
8455,MC_SC_17_s03L_8455,24,3,2,0,12,0,27,4,29,14,20,13,9,11,0,40,4,14,0
8456,MC_SC_17_s03L_8456,24,5,3,81,86,0,0,4,2,2,15,0,27,23,115,17,9,25,8
8457,MC_SC_17_s03L_8457,24,1,1,1,4,0,14,2,24,4,4,1,13,14,0,27,0,54,0
8458,MC_SC_17_s03L_8458,24,1,1,4,0,0,4,8,17,0,8,5,2,7,0,0,0,48,0
8459,MC_SC_17_s03L_8459,24,1,1,0,1,0,0,0,6,1,0,0,0,2,8,0,0,0,0
8460,MC_SC_17_s03L_8460,24,4,2,0,20,2,34,2,8,54,1,13,14,9,4,15,4,16,17
8461,MC_SC_17_s03L_8461,24,2,1,0,4,0,22,11,75,0,10,13,7,12,26,13,0,0,2
8462,MC_SC_17_s03L_8462,24,5,2,0,4,0,13,35,14,0,2,6,11,19,11,12,0,0,0
8463,MC_SC_17_s03L_8463,24,2,2,0,0,0,1,1,0,34,36,4,5,28,1,18,17,15,8
8464,MC_SC_17_s03L_8464,24,1,1,0,0,0,2,0,5,9,1,1,1,0,6,0,0,0,0
8465,MC_SC_17_s03L_8465,24,6,4,1,21,2,22,3,0,114,95,6,27,60,9,65,26,46,24
8466,MC_SC_17_s03L_8466,24,6,3,0,37,0,63,4,11,140,15,50,30,37,68,33,4,25,41
8467,MC_SC_17_s03L_8467,24,4,2,0,21,0,66,71,5,2,7,3,18,10,0,9,0,45,31
8468,MC_SC_17_s03L_8468,24,6,3,86,38,0,37,7,13,37,9,7,20,35,102,38,167,51,56
8469,MC_SC_17_s03L_8469,24,11,5,0,241,24,217,12,271,567,18,20,32,115,423,73,101,21,32
8470,MC_SC_17_s03L_8470,24,1,1,0,11,5,14,2,16,5,7,1,16,21,8,13,0,26,0
8471,MC_SC_17_s03L_8471,24,4,2,0,24,0,7,1,0,43,2,2,4,1,20,7,0,71,13
8472,MC_SC_17_s03L_8472,24,2,2,11,5,0,4,1,0,0,2,5,2,0,6,4,3,0,0
8473,MC_SC_17_s03L_8473,24,6,3,0,50,54,178,4,49,12,1,5,16,51,32,14,24,68,55
8474,MC_SC_17_s03L_8474,24,2,1,0,16,0,18,0,0,0,0,3,4,1,0,1,2,19,11
8475,MC_SC_17_s03L_8475,24,7,2,48,54,1,12,4,28,19,9,2,9,10,28,12,123,33,20
8476,MC_SC_17_s03L_8476,24,6,3,0,140,48,174,2,134,12,23,6,25,53,144,70,5,13,14
8477,MC_SC_17_s03L_8477,24,8,4,0,8,19,30,41,81,5,26,13,19,8,56,24,6,21,25
8478,MC_SC_17_s03L_8478,24,4,3,0,48,0,124,9,12,2,37,28,9,40,3,17,2,48,7
8479,MC_SC_17_s03L_8479,24,2,2,2,13,0,15,2,2,2,5,12,3,0,20,1,5,0,0
8480,MC_SC_17_s03L_8480,24,4,3,0,86,1,56,13,4,77,7,3,22,36,36,27,13,61,36
8481,MC_SC_17_s03L_8481,24,9,6,27,54,0,8,6,4,11,7,1,9,13,4,47,85,14,15
8482,MC_SC_17_s03L_8482,24,3,2,0,48,1,92,0,0,2,5,28,22,15,7,3,2,21,19
8483,MC_SC_17_s03L_8483,24,6,2,0,84,0,41,6,2,19,26,6,17,37,17,6,2,131,40
8484,MC_SC_17_s03L_8484,24,3,2,1,42,1,96,1,8,0,0,23,17,7,7,11,0,20,31
8485,MC_SC_17_s03L_8485,24,6,3,22,17,0,6,0,4,0,4,2,10,10,64,19,83,15,25
8486,MC_SC_17_s03L_8486,24,15,7,0,106,2,194,0,4,109,1,6,11,29,6,84,20,323,59
8487,MC_SC_17_s03L_8487,24,2,1,0,7,1,21,15,25,0,8,2,12,8,0,3,0,0,0
8488,MC_SC_17_s03L_8488,24,10,6,0,39,2,205,2,21,226,5,28,11,28,13,119,31,289,48
8489,MC_SC_17_s03L_8489,24,7,5,0,31,0,127,1,33,129,47,2,24,49,17,74,13,36,12
8490,MC_SC_17_s03L_8490,24,8,5,0,466,19,235,3,225,834,55,60,49,181,620,231,144,118,122
8491,MC_SC_17_s03L_8491,24,1,1,0,1,0,8,0,0,10,0,1,1,1,0,2,0,12,1
8492,MC_SC_17_s03L_8492,24,7,5,0,174,0,140,4,5,405,12,52,34,85,100,112,39,78,128
8493,MC_SC_17_s03L_8493,24,2,1,8,20,0,104,2,5,3,3,9,9,31,35,10,98,15,22
8494,MC_SC_17_s03L_8494,24,1,1,0,8,0,4,0,0,0,3,5,17,11,0,6,0,0,10
8495,MC_SC_17_s03L_8495,24,4,3,0,61,0,30,0,2,35,2,20,21,46,2,21,0,108,45
8496,MC_SC_17_s03L_8496,24,8,3,52,51,0,0,0,7,0,6,17,9,8,23,57,6,44,14
8497,MC_SC_17_s03L_8497,24,2,2,13,20,0,6,1,1,0,2,2,5,2,0,5,22,0,1
8498,MC_SC_17_s03L_8498,24,6,4,25,24,1,74,1,5,9,7,13,5,9,0,33,91,15,34
8499,MC_SC_17_s03L_8499,24,11,7,33,42,0,74,0,0,0,11,51,19,21,18,5,34,0,0
8500,MC_SC_17_s03L_8500,24,1,1,1,6,4,3,2,16,6,3,0,1,1,2,1,11,0,0
8501,MC_SC_17_s03L_8501,24,5,4,0,7,0,80,0,0,2,6,9,17,23,5,18,0,0,11
8502,MC_SC_17_s03L_8502,24,11,4,62,15,1,28,0,7,13,16,1,5,55,94,25,46,1,5
8503,MC_SC_17_s03L_8503,24,4,2,0,23,0,30,2,6,41,10,2,4,38,0,1,3,8,13
8504,MC_SC_17_s03L_8504,24,1,1,0,4,0,17,0,15,47,1,6,3,14,0,16,0,78,4
8505,MC_SC_17_s03L_8505,24,3,3,0,10,0,3,0,1,5,0,2,1,2,2,6,0,0,0
8506,MC_SC_17_s03L_8506,24,11,8,112,80,6,8,12,3,61,8,51,24,39,81,48,16,12,21
8507,MC_SC_17_s03L_8507,24,6,3,0,32,1,50,2,1,56,0,21,24,30,58,46,7,23,1
8508,MC_SC_17_s03L_8508,24,3,1,0,14,0,3,0,2,30,2,1,3,5,4,0,0,23,1
8509,MC_SC_17_s03L_8509,24,6,3,0,19,0,46,0,1,50,0,24,22,25,31,38,3,6,0
8510,MC_SC_17_s03L_8510,24,4,2,0,110,2,51,8,41,168,22,70,37,134,9,20,7,192,28
8511,MC_SC_17_s03L_8511,24,7,5,194,121,23,15,11,5,172,21,30,58,69,124,106,214,27,30
8512,MC_SC_17_s03L_8512,24,5,4,0,0,0,48,3,0,7,8,14,9,0,0,16,0,38,27
8513,MC_SC_17_s03L_8513,24,6,4,0,67,0,143,1,70,149,3,21,28,67,73,10,11,71,3
8514,MC_SC_17_s03L_8514,24,5,3,1,18,0,8,1,3,11,7,1,11,2,2,13,2,14,1
8515,MC_SC_17_s03L_8515,24,13,3,65,101,11,227,5,6,33,20,16,34,37,94,32,149,32,23
8516,MC_SC_17_s03L_8516,24,8,3,0,132,0,152,16,12,2,25,128,32,10,150,76,100,11,8
8517,MC_SC_17_s03L_8517,24,10,5,78,69,2,176,9,21,15,36,63,37,19,126,65,180,23,40
8518,MC_SC_17_s03L_8518,24,13,3,0,8,0,141,0,0,67,1,4,14,33,38,18,5,17,0
8519,MC_SC_17_s03L_8519,24,2,1,0,7,0,3,22,2,8,12,0,7,41,3,17,0,17,0
8520,MC_SC_17_s03L_8520,24,6,3,43,45,3,10,2,2,6,2,66,35,25,168,30,163,19,17
8521,MC_SC_17_s03L_8521,24,15,11,93,128,0,62,6,5,13,20,20,43,39,254,68,277,10,15
8522,MC_SC_17_s03L_8522,24,2,2,29,11,0,21,0,0,0,0,0,0,1,0,0,0,0,0
8523,MC_SC_17_s03L_8523,24,2,2,0,3,8,3,1,10,0,12,2,6,10,3,2,0,25,10
8524,MC_SC_17_s03L_8524,24,8,3,80,63,2,74,3,6,3,10,29,18,25,147,87,182,14,24
8525,MC_SC_17_s03L_8525,24,3,2,1,8,0,17,4,5,2,4,0,56,22,0,14,2,38,0
8526,MC_SC_17_s03L_8526,24,3,2,0,2,0,27,17,6,22,2,1,5,14,0,11,0,7,1
8527,MC_SC_17_s03L_8527,24,4,2,14,10,10,14,0,0,36,2,4,3,4,24,6,45,0,2
8528,MC_SC_17_s03L_8528,25,4,3,0,8,5,103,0,32,0,2,8,3,20,8,13,6,52,24
8529,MC_SC_17_s03L_8529,25,11,8,0,8,11,53,20,61,10,5,15,13,61,39,17,2,6,2
8530,MC_SC_17_s03L_8530,25,4,2,52,15,0,28,26,42,4,13,14,16,11,6,9,2,4,3
8531,MC_SC_17_s03L_8531,25,7,4,0,16,0,127,3,10,110,52,29,43,57,14,1,0,8,31
8532,MC_SC_17_s03L_8532,25,4,2,0,11,0,106,2,4,124,24,21,40,50,14,1,0,44,38
8533,MC_SC_17_s03L_8533,25,9,4,0,25,0,36,3,3,22,1,5,4,25,47,22,11,1,2
8534,MC_SC_17_s03L_8534,25,5,3,0,5,0,83,0,7,83,14,21,19,60,12,0,5,30,29
8535,MC_SC_17_s03L_8535,25,8,3,0,21,0,51,1,2,70,4,1,2,29,11,14,0,40,0
8536,MC_SC_17_s03L_8536,25,5,3,91,15,0,53,45,45,2,3,21,18,3,22,21,6,9,3
8537,MC_SC_17_s03L_8537,25,5,3,58,7,4,51,44,18,5,2,20,10,1,0,6,2,3,0
8538,MC_SC_17_s03L_8538,25,4,2,0,12,21,95,0,18,7,1,0,17,16,26,2,0,4,14
8539,MC_SC_17_s03L_8539,25,2,2,0,0,0,7,0,0,2,0,3,6,0,0,4,0,36,0
8540,MC_SC_17_s03L_8540,25,1,1,0,0,0,2,0,0,14,1,1,0,2,0,0,0,0,0
8541,MC_SC_17_s03L_8541,25,5,2,115,27,52,95,1,127,155,36,3,22,44,57,14,0,1,2
8542,MC_SC_17_s03L_8542,25,6,3,0,10,0,172,4,8,191,52,73,71,85,6,1,0,11,7
8543,MC_SC_17_s03L_8543,25,7,5,0,10,0,144,2,1,173,49,25,28,40,9,0,0,2,24
8544,MC_SC_17_s03L_8544,25,7,3,2,16,6,37,36,128,198,12,2,11,32,117,42,33,1,1
8545,MC_SC_17_s03L_8545,25,1,1,6,0,2,1,1,15,24,1,2,0,2,0,0,0,0,0
8546,MC_SC_17_s03L_8546,25,1,1,0,0,0,3,1,3,0,5,1,0,1,0,0,0,0,1
8547,MC_SC_17_s03L_8547,25,12,5,0,1,0,24,2,82,2,0,0,2,1,0,0,0,0,0
8548,MC_SC_17_s03L_8548,25,5,3,38,25,0,15,11,19,0,8,1,24,4,17,29,0,11,0
8549,MC_SC_17_s03L_8549,25,14,8,0,8,0,59,1,0,26,0,4,2,50,26,7,2,45,0
8550,MC_SC_17_s03L_8550,25,2,1,0,3,1,16,3,4,2,0,0,0,4,3,0,0,1,0
8551,MC_SC_17_s03L_8551,25,1,1,6,0,0,0,0,9,0,0,0,0,1,0,0,0,0,0
8552,MC_SC_17_s03L_8552,25,2,2,0,13,0,54,0,2,52,3,11,13,3,0,0,0,0,0
8553,MC_SC_17_s03L_8553,25,10,8,0,16,0,96,39,3,104,1,0,16,3,46,3,2,12,0
8554,MC_SC_17_s03L_8554,25,5,3,1,5,0,82,101,10,88,66,14,20,16,24,0,0,0,0
8555,MC_SC_17_s03L_8555,25,4,2,0,1,0,1,0,15,0,0,0,4,0,0,0,0,0,0
8556,MC_SC_17_s03L_8556,25,6,3,0,80,1,138,53,3,169,11,19,26,33,82,17,3,11,1
8557,MC_SC_17_s03L_8557,25,8,3,0,2,0,67,2,0,66,1,1,4,28,11,0,0,0,0
8558,MC_SC_17_s03L_8558,25,6,4,0,11,0,62,0,0,25,1,9,11,13,2,5,0,18,15
8559,MC_SC_17_s03L_8559,25,2,1,0,7,0,68,1,1,23,0,6,9,9,4,10,0,11,15
8560,MC_SC_17_s03L_8560,25,11,5,0,1,2,51,1,116,19,1,0,3,0,7,11,13,1,13
8561,MC_SC_17_s03L_8561,25,2,2,0,10,5,7,1,10,6,0,0,9,2,0,0,0,31,0
8562,MC_SC_17_s03L_8562,25,6,4,61,12,10,33,27,21,49,2,0,4,1,7,26,38,0,2
8563,MC_SC_17_s03L_8563,25,5,3,0,13,0,24,50,1,93,35,3,7,5,5,4,3,22,2
8564,MC_SC_17_s03L_8564,25,6,1,0,13,0,23,0,0,9,1,0,11,8,4,0,0,14,0
8565,MC_SC_17_s03L_8565,25,6,5,0,26,0,14,3,0,37,4,0,7,5,6,3,0,4,0
8566,MC_SC_17_s03L_8566,25,4,2,0,21,0,108,0,0,7,7,7,16,54,12,0,0,38,0
8567,MC_SC_17_s03L_8567,25,9,5,6,15,1,57,38,15,82,8,4,11,5,20,5,3,16,0
8568,MC_SC_17_s03L_8568,25,6,4,0,17,0,97,1,3,46,0,6,23,27,4,8,0,45,23
8569,MC_SC_17_s03L_8569,25,3,2,0,18,0,76,1,1,58,1,10,18,10,3,29,0,32,21
8570,MC_SC_17_s03L_8570,25,10,4,0,6,74,101,4,46,73,13,1,22,36,95,15,50,8,19
8571,MC_SC_17_s03L_8571,25,8,3,89,7,31,34,6,9,44,0,3,5,5,20,14,21,0,3
8572,MC_SC_17_s03L_8572,25,1,1,6,3,0,11,2,6,0,2,4,4,0,0,0,0,0,1
8573,MC_SC_17_s03L_8573,25,8,6,2,12,33,74,2,14,71,8,1,20,1,54,11,50,13,3
8574,MC_SC_17_s03L_8574,25,1,1,0,9,0,9,0,1,9,12,3,1,4,5,0,0,2,3
8575,MC_SC_17_s03L_8575,25,14,5,1,23,0,182,1,0,83,5,4,6,38,1,9,2,91,34
8576,MC_SC_17_s03L_8576,25,6,5,0,32,0,20,2,43,45,9,1,9,24,0,8,9,36,6
8577,MC_SC_17_s03L_8577,25,10,7,0,19,0,49,1,26,21,18,9,16,16,0,15,2,65,4
8578,MC_SC_17_s03L_8578,25,10,5,0,67,0,148,38,27,161,54,50,27,49,121,46,8,23,50
8579,MC_SC_17_s03L_8579,25,3,2,0,18,0,44,59,41,30,1,5,9,13,2,5,2,0,0
8580,MC_SC_17_s03L_8580,25,5,3,0,8,0,102,5,2,92,4,3,9,5,3,3,6,77,0
8581,MC_SC_17_s03L_8581,25,1,1,0,1,1,5,0,12,3,0,0,9,7,0,0,0,26,2
8582,MC_SC_17_s03L_8582,25,3,3,0,2,0,22,0,3,4,0,4,6,21,0,10,0,12,0
8583,MC_SC_17_s03L_8583,25,14,4,109,12,76,53,0,6,12,0,0,11,13,41,24,34,7,0
8584,MC_SC_17_s03L_8584,25,5,3,0,52,0,88,0,0,21,1,4,16,8,8,17,0,81,2
8585,MC_SC_17_s03L_8585,25,6,4,0,48,0,192,3,18,77,11,2,31,6,10,20,2,103,3
8586,MC_SC_17_s03L_8586,25,2,1,0,28,0,61,0,0,102,4,1,3,20,30,18,0,2,0
8587,MC_SC_17_s03L_8587,25,16,5,0,24,6,69,3,50,8,0,0,54,22,0,4,9,157,3
8588,MC_SC_17_s03L_8588,25,4,3,0,38,0,43,1,2,43,20,7,12,43,2,11,2,27,0
8589,MC_SC_17_s03L_8589,25,11,4,0,32,0,44,0,0,68,5,4,13,58,29,0,2,39,18
8590,MC_SC_17_s03L_8590,25,8,2,0,3,0,84,0,0,60,2,17,6,36,0,0,0,14,13
8591,MC_SC_17_s03L_8591,25,4,3,0,2,0,28,1,7,0,2,0,11,9,0,9,0,0,13
8592,MC_SC_17_s03L_8592,25,4,3,0,22,0,76,2,2,50,4,12,16,38,20,7,2,40,0
8593,MC_SC_17_s03L_8593,25,1,1,0,0,0,0,0,0,0,0,0,0,0,0,0,0,0,0
8594,MC_SC_17_s03L_8594,25,6,4,0,21,0,208,0,2,57,1,9,19,12,45,25,0,96,2
8595,MC_SC_17_s03L_8595,25,1,1,0,4,0,2,0,7,0,0,0,0,0,0,0,0,0,0
8596,MC_SC_17_s03L_8596,25,8,6,0,8,1,18,0,3,2,1,0,10,11,0,0,3,63,4
8597,MC_SC_17_s03L_8597,25,3,1,0,1,0,8,0,0,0,0,0,4,0,0,2,0,0,11
8598,MC_SC_17_s03L_8598,25,2,1,0,9,0,11,1,0,0,9,7,9,0,0,0,0,10,0
8599,MC_SC_17_s03L_8599,25,4,2,0,18,8,48,2,76,19,5,7,10,1,11,6,10,1,1
8600,MC_SC_17_s03L_8600,25,4,2,0,42,0,119,0,0,48,1,13,11,10,0,8,0,21,10
8601,MC_SC_17_s03L_8601,25,8,6,0,7,1,50,0,0,3,0,0,25,11,0,0,5,71,2
8602,MC_SC_17_s03L_8602,25,5,3,0,17,0,62,2,3,38,16,3,4,20,4,11,0,28,0
8603,MC_SC_17_s03L_8603,25,4,3,0,4,0,100,1,3,60,0,4,18,10,13,13,2,70,6
8604,MC_SC_17_s03L_8604,25,7,5,1,23,28,48,2,5,45,6,0,15,0,41,14,23,25,15
8605,MC_SC_17_s03L_8605,25,3,2,0,3,0,56,0,0,2,0,0,0,8,0,5,0,20,3
8606,MC_SC_17_s03L_8606,25,4,3,0,22,0,116,0,1,39,17,12,26,17,13,15,2,12,4
8607,MC_SC_17_s03L_8607,25,6,4,0,29,0,93,2,11,93,1,2,29,39,6,8,0,64,24
8608,MC_SC_17_s03L_8608,25,10,4,90,27,29,50,4,41,37,6,0,2,3,2,14,15,11,1
8609,MC_SC_17_s03L_8609,25,4,3,0,17,1,128,2,0,43,18,18,25,18,4,4,0,55,45
8610,MC_SC_17_s03L_8610,25,4,3,0,37,0,183,3,0,58,0,19,14,19,6,8,0,19,15
8611,MC_SC_17_s03L_8611,25,7,4,0,54,0,140,36,6,174,35,21,29,30,98,26,8,36,42
8612,MC_SC_17_s03L_8612,25,5,4,0,8,7,114,0,13,0,0,0,3,4,0,5,3,39,32
8613,MC_SC_17_s03L_8613,25,6,4,102,10,0,100,26,39,0,3,6,16,10,29,32,4,11,8
8614,MC_SC_17_s03L_8614,25,9,7,0,28,0,50,2,0,19,28,2,20,21,28,18,0,2,9
8615,MC_SC_17_s03L_8615,25,3,2,0,3,0,91,0,0,29,8,10,13,7,2,3,0,0,6
8616,MC_SC_17_s03L_8616,25,10,4,0,21,0,31,10,70,81,6,0,10,12,0,9,3,1,0
8617,MC_SC_17_s03L_8617,25,2,1,0,0,0,6,0,0,0,0,0,0,0,0,0,0,0,0
8618,MC_SC_17_s03L_8618,25,3,2,0,27,0,4,0,0,5,0,0,8,11,0,0,3,46,0
8619,MC_SC_17_s03L_8619,25,1,1,40,12,0,1,0,7,0,8,0,2,0,0,3,0,2,0
8620,MC_SC_17_s03L_8620,25,1,1,34,4,1,43,0,2,0,0,3,3,0,0,0,0,2,18
8621,MC_SC_17_s03L_8621,25,6,2,1,7,1,43,0,31,0,0,0,0,16,1,4,0,15,15
8622,MC_SC_17_s03L_8622,25,2,2,0,18,0,94,1,0,6,0,3,5,4,0,3,0,7,10
8623,MC_SC_17_s03L_8623,25,1,1,1,0,0,1,0,1,1,2,0,1,0,0,0,0,0,0
8624,MC_SC_17_s03L_8624,25,16,6,3,43,3,74,1,8,18,15,10,32,12,2,30,16,17,3
8625,MC_SC_17_s03L_8625,25,4,3,3,25,0,2,1,25,17,1,4,12,28,0,21,2,6,9
8626,MC_SC_17_s03L_8626,25,2,2,0,35,0,37,2,48,0,16,0,7,8,0,3,0,54,0
8627,MC_SC_17_s03L_8627,25,7,1,0,7,0,30,0,7,5,3,1,10,2,0,2,0,11,0
8628,MC_SC_17_s03L_8628,25,2,2,35,11,0,17,19,8,0,3,0,12,2,0,2,0,0,0
8629,MC_SC_17_s03L_8629,25,4,2,0,24,1,12,61,67,13,0,5,14,30,0,19,5,3,5
8630,MC_SC_17_s03L_8630,25,9,7,37,101,76,108,7,217,79,4,0,24,16,37,31,39,5,7
8631,MC_SC_17_s03L_8631,25,3,1,8,1,0,9,11,4,0,0,0,2,7,0,1,0,16,0
8632,MC_SC_17_s03L_8632,25,5,2,164,11,23,67,1,110,34,16,1,16,39,29,74,42,5,7
8633,MC_SC_17_s03L_8633,25,1,1,49,3,0,15,4,7,0,0,0,2,4,2,4,2,0,0
8634,MC_SC_17_s03L_8634,25,5,2,95,16,6,55,22,11,5,1,1,17,7,12,19,7,1,1
8635,MC_SC_17_s03L_8635,25,10,7,0,13,0,72,0,4,27,7,0,16,5,5,4,0,14,1
8636,MC_SC_17_s03L_8636,25,7,5,1,20,0,43,3,1,24,8,1,17,0,2,8,0,29,1
8637,MC_SC_17_s03L_8637,25,7,4,2,6,8,120,23,73,43,5,0,32,42,19,36,75,9,51
8638,MC_SC_17_s03L_8638,25,6,5,0,7,0,18,0,0,0,2,1,1,0,0,2,0,23,0
8639,MC_SC_17_s03L_8639,25,1,1,0,10,0,14,7,1,4,7,3,14,0,0,18,2,20,0
8640,MC_SC_17_s03L_8640,25,6,4,0,8,0,52,0,1,11,7,2,8,9,0,4,2,78,4
8641,MC_SC_17_s03L_8641,25,9,5,23,95,1,68,5,31,37,16,1,19,28,45,64,60,11,8
8642,MC_SC_17_s03L_8642,25,1,1,0,1,0,1,1,5,30,0,1,0,0,2,0,0,0,0
8643,MC_SC_17_s03L_8643,25,1,1,0,7,0,24,0,4,7,0,1,26,19,0,2,0,32,18
8644,MC_SC_17_s03L_8644,25,1,1,0,1,0,1,0,0,0,0,0,0,0,0,0,0,0,0
8645,MC_SC_17_s03L_8645,25,3,2,1,1,0,6,0,2,0,0,0,0,0,0,1,0,6,0
8646,MC_SC_17_s03L_8646,25,14,10,0,17,9,72,1,12,14,4,0,21,27,45,39,14,6,11
8647,MC_SC_17_s03L_8647,25,9,3,0,105,40,177,47,23,19,13,6,36,37,189,55,24,12,26
8648,MC_SC_17_s03L_8648,25,5,3,0,12,2,44,0,0,45,11,2,17,18,13,8,9,21,0
8649,MC_SC_17_s03L_8649,25,3,1,71,5,1,2,11,30,7,4,2,9,5,27,1,16,6,2
8650,MC_SC_17_s03L_8650,25,7,5,0,95,0,56,1,3,67,40,11,13,5,12,14,0,9,11
8651,MC_SC_17_s03L_8651,25,1,1,39,3,0,1,32,6,0,1,3,4,1,0,20,0,0,0
8652,MC_SC_17_s03L_8652,25,1,1,0,0,0,0,0,0,0,0,0,0,0,0,0,0,0,0
8653,MC_SC_17_s03L_8653,25,8,4,89,6,13,30,21,2,18,1,0,5,5,25,26,6,1,0
8654,MC_SC_17_s03L_8654,25,8,4,0,15,39,64,6,61,32,5,0,16,11,22,21,29,0,6
8655,MC_SC_17_s03L_8655,25,1,1,0,28,0,94,0,3,66,0,1,29,12,0,16,0,14,24
8656,MC_SC_17_s03L_8656,25,2,2,0,0,0,19,0,3,6,0,0,4,18,0,3,0,4,0
8657,MC_SC_17_s03L_8657,25,5,3,0,45,0,130,3,2,28,41,23,10,0,3,2,0,43,10
8658,MC_SC_17_s03L_8658,25,5,3,70,20,3,25,11,21,6,6,8,9,3,21,24,2,9,2
8659,MC_SC_17_s03L_8659,25,2,1,0,13,0,42,1,1,9,0,0,5,2,0,6,4,48,0
8660,MC_SC_17_s03L_8660,25,7,5,0,32,6,183,8,10,409,55,2,57,22,235,44,28,31,6
8661,MC_SC_17_s03L_8661,25,4,1,80,13,6,32,27,35,1,16,1,19,9,1,15,2,4,25
8662,MC_SC_17_s03L_8662,25,3,2,58,5,0,8,55,35,0,3,4,11,0,3,19,2,2,0
8663,MC_SC_17_s03L_8663,25,1,1,27,23,0,3,2,16,0,0,1,7,0,0,3,0,3,8
8664,MC_SC_17_s03L_8664,25,4,3,29,14,0,4,0,9,0,11,1,20,16,0,7,0,16,2
8665,MC_SC_17_s03L_8665,25,2,2,0,3,0,4,1,8,22,5,4,0,3,0,2,0,0,0
8666,MC_SC_17_s03L_8666,25,4,2,0,25,0,55,0,12,74,10,5,27,0,0,37,0,61,1
8667,MC_SC_17_s03L_8667,25,6,4,2,14,0,21,4,1,50,3,1,10,1,10,13,0,5,0
8668,MC_SC_17_s03L_8668,25,2,1,0,4,0,13,0,0,0,2,6,4,9,0,4,0,0,0
8669,MC_SC_17_s03L_8669,25,1,1,0,1,0,1,0,13,0,10,1,5,9,0,1,0,3,3
8670,MC_SC_17_s03L_8670,25,5,5,0,1,0,9,2,57,17,0,0,3,7,0,6,0,0,0
8671,MC_SC_17_s03L_8671,25,8,2,0,42,0,10,0,2,31,2,0,3,2,13,0,0,1,4
8672,MC_SC_17_s03L_8672,25,7,5,79,79,0,64,2,52,0,8,0,4,8,0,24,4,23,16
8673,MC_SC_17_s03L_8673,25,3,2,19,2,1,5,1,4,0,1,1,4,11,0,2,0,1,3
8674,MC_SC_17_s03L_8674,25,2,1,0,33,0,34,0,5,60,3,0,4,5,29,1,4,10,0
8675,MC_SC_17_s03L_8675,25,6,3,6,33,1,28,4,5,0,21,18,14,22,0,14,0,6,6
8676,MC_SC_17_s03L_8676,25,5,4,0,4,0,20,2,1,17,0,2,10,10,2,7,4,7,6
8677,MC_SC_17_s03L_8677,25,4,2,14,16,0,3,0,8,0,17,9,8,15,0,8,0,3,2
8678,MC_SC_17_s03L_8678,25,2,2,0,50,0,109,20,0,0,0,12,43,1,0,25,0,73,2
8679,MC_SC_17_s03L_8679,25,4,3,0,3,0,76,0,1,0,0,0,4,0,0,6,0,14,2
8680,MC_SC_17_s03L_8680,25,2,2,22,9,0,1,0,7,2,7,9,4,14,0,0,0,5,17
8681,MC_SC_17_s03L_8681,25,5,3,64,22,2,6,1,20,0,2,9,24,1,5,10,0,15,28
8682,MC_SC_17_s03L_8682,25,1,1,0,2,0,0,4,0,6,0,0,0,0,0,0,0,0,0
8683,MC_SC_17_s03L_8683,25,5,2,0,8,0,3,4,21,3,0,0,2,8,0,5,2,0,0
8684,MC_SC_17_s03L_8684,25,4,3,0,26,0,16,0,2,4,2,8,11,12,0,13,0,8,18
8685,MC_SC_17_s03L_8685,25,8,5,60,18,0,2,7,12,0,7,6,16,0,0,6,0,21,16
8686,MC_SC_17_s03L_8686,25,2,2,28,25,0,4,1,7,0,0,0,9,1,0,0,0,0,5
8687,MC_SC_17_s03L_8687,25,1,1,0,25,0,17,0,1,2,14,17,12,2,0,16,3,24,5
8688,MC_SC_17_s03L_8688,25,2,2,1,25,0,7,0,0,0,0,0,7,11,0,0,0,6,0
8689,MC_SC_17_s03L_8689,25,4,2,1,22,0,21,16,24,6,41,19,34,43,6,26,2,16,2
8690,MC_SC_17_s03L_8690,25,7,4,12,3,0,11,4,3,9,8,10,7,9,0,4,0,2,4
8691,MC_SC_17_s03L_8691,25,1,1,0,5,0,0,2,3,0,0,3,0,1,2,0,0,0,0
8692,MC_SC_17_s03L_8692,25,4,3,0,8,0,1,31,14,3,0,6,19,6,0,8,2,2,0
8693,MC_SC_17_s03L_8693,25,4,2,38,51,0,0,0,16,0,0,0,23,1,0,3,0,10,4
8694,MC_SC_17_s03L_8694,25,9,6,0,66,3,110,4,14,58,34,1,29,5,91,48,35,31,0
8695,MC_SC_17_s03L_8695,25,2,2,49,20,0,15,0,7,0,21,16,33,11,0,7,0,32,21
8696,MC_SC_17_s03L_8696,25,7,5,0,25,0,23,1,3,0,1,5,8,8,0,10,0,2,1
8697,MC_SC_17_s03L_8697,25,11,4,0,1,9,11,0,79,35,4,0,6,4,13,3,51,11,1
8698,MC_SC_17_s03L_8698,25,2,1,0,12,0,4,37,21,1,1,7,20,5,0,5,0,4,1
8699,MC_SC_17_s03L_8699,25,3,2,39,6,0,0,4,13,0,15,5,32,14,9,11,5,23,18
8700,MC_SC_17_s03L_8700,25,6,2,37,14,0,9,43,42,0,1,12,37,1,0,0,0,19,0
8701,MC_SC_17_s03L_8701,25,5,2,0,10,0,1,0,2,0,0,1,11,4,3,11,2,2,18
8702,MC_SC_17_s03L_8702,25,2,1,0,20,0,28,0,6,100,29,2,0,4,1,11,3,1,3
8703,MC_SC_17_s03L_8703,25,9,7,0,19,0,49,1,161,2,2,1,40,2,0,12,5,47,3
8704,MC_SC_17_s03L_8704,25,2,1,1,10,0,5,5,13,27,1,13,11,25,5,10,0,1,26
8705,MC_SC_17_s03L_8705,25,4,2,0,4,0,0,38,32,0,0,4,12,1,0,0,0,0,0
8706,MC_SC_17_s03L_8706,25,5,3,4,35,2,17,5,5,9,0,24,43,39,27,26,9,50,0
8707,MC_SC_17_s03L_8707,25,5,2,0,62,0,5,7,7,11,0,4,39,63,34,17,11,73,0
8708,MC_SC_17_s03L_8708,25,13,5,0,40,6,76,8,24,15,18,0,20,61,20,3,16,1,3
8709,MC_SC_17_s03L_8709,25,6,3,137,11,0,41,24,80,17,39,18,24,42,56,44,15,24,20
8710,MC_SC_17_s03L_8710,25,5,2,0,3,0,0,33,5,0,1,0,1,0,0,3,0,2,0
8711,MC_SC_17_s03L_8711,25,14,3,84,25,5,13,10,15,16,6,30,38,30,47,30,21,21,14
8712,MC_SC_17_s03L_8712,25,1,1,46,9,0,12,0,28,3,11,12,14,24,4,11,2,12,2
8713,MC_SC_17_s03L_8713,25,9,3,0,42,0,0,1,0,0,0,1,17,17,9,8,4,40,3
8714,MC_SC_17_s03L_8714,25,4,2,74,0,0,24,2,13,21,23,5,38,17,15,17,12,31,22
8715,MC_SC_17_s03L_8715,25,4,2,1,1,1,4,66,17,51,11,15,21,1,0,8,4,1,0
8716,MC_SC_17_s03L_8716,25,3,2,138,53,0,4,4,46,4,15,33,67,33,15,10,11,47,71
8717,MC_SC_17_s03L_8717,25,7,3,1,37,5,34,1,0,0,4,2,24,30,0,15,0,62,1
8718,MC_SC_17_s03L_8718,25,8,2,2,1,4,0,76,21,12,5,1,18,1,0,11,7,0,0
8719,MC_SC_17_s03L_8719,25,3,2,5,9,0,2,23,16,2,43,16,7,18,6,0,2,28,6
8720,MC_SC_17_s03L_8720,25,4,2,0,43,0,110,24,0,2,3,20,56,5,5,12,2,96,8
8721,MC_SC_17_s03L_8721,25,3,2,67,22,5,10,22,28,1,2,15,16,22,22,44,4,35,13
8722,MC_SC_17_s03L_8722,25,4,2,0,12,3,1,63,71,8,0,4,17,5,5,9,3,5,6
8723,MC_SC_17_s03L_8723,25,3,2,1,31,19,93,1,53,2,45,14,13,25,14,22,0,6,33
8724,MC_SC_17_s03L_8724,25,7,4,277,138,77,78,95,198,39,69,59,54,31,226,178,66,25,49
8725,MC_SC_17_s03L_8725,25,1,1,22,5,0,1,11,11,0,2,5,8,2,4,3,1,27,27
8726,MC_SC_17_s03L_8726,25,4,2,0,12,0,0,0,3,2,2,4,14,7,0,5,2,8,0
8727,MC_SC_17_s03L_8727,25,4,2,74,37,4,1,10,13,12,8,28,32,1,38,22,3,5,43
8728,MC_SC_17_s03L_8728,25,8,7,15,56,16,11,43,51,3,22,23,16,4,64,51,9,9,8
8729,MC_SC_17_s03L_8729,25,3,2,0,15,0,2,2,5,0,3,0,8,1,3,15,5,2,10
8730,MC_SC_17_s03L_8730,25,3,2,0,30,0,49,2,36,46,27,16,8,38,24,23,17,27,5
8731,MC_SC_17_s03L_8731,25,3,2,0,26,0,9,28,12,16,3,6,10,14,2,8,0,8,27
8732,MC_SC_17_s03L_8732,25,5,2,0,87,9,92,1,5,122,27,4,25,2,101,47,37,28,1
8733,MC_SC_17_s03L_8733,25,16,11,5,244,40,40,3,64,53,50,4,10,96,201,41,63,15,5
8734,MC_SC_17_s03L_8734,25,4,3,69,24,2,6,3,11,13,6,17,53,37,21,5,5,30,32
8735,MC_SC_17_s03L_8735,25,5,3,0,4,0,27,1,2,61,6,8,11,14,2,23,5,17,28
8736,MC_SC_17_s03L_8736,25,4,3,56,24,0,4,4,8,2,1,11,15,1,0,18,0,17,30
8737,MC_SC_17_s03L_8737,25,3,3,0,12,0,38,68,8,17,27,30,28,28,0,8,0,1,28
8738,MC_SC_17_s03L_8738,25,2,1,1,0,0,2,0,7,0,2,0,2,0,1,1,0,0,0
8739,MC_SC_17_s03L_8739,25,5,3,0,55,5,164,3,4,97,52,21,40,8,41,38,21,89,2
8740,MC_SC_17_s03L_8740,25,4,3,0,17,1,44,0,9,4,29,7,9,19,7,13,2,5,27
8741,MC_SC_17_s03L_8741,25,4,2,0,11,0,5,61,8,0,3,12,22,0,0,34,2,7,20
8742,MC_SC_17_s03L_8742,25,3,2,47,5,5,9,4,4,0,47,32,23,24,6,1,0,18,6
8743,MC_SC_17_s03L_8743,25,8,4,0,44,4,136,13,0,179,52,20,42,17,113,57,27,58,3
8744,MC_SC_17_s03L_8744,25,1,1,0,0,1,5,0,10,15,2,1,0,0,0,3,2,0,0
8745,MC_SC_17_s03L_8745,25,4,3,1,50,4,46,1,9,11,3,25,23,22,9,33,8,11,2
8746,MC_SC_17_s03L_8746,25,7,3,56,17,3,16,16,35,5,11,7,13,22,47,36,10,2,1
8747,MC_SC_17_s03L_8747,25,4,2,1,38,1,48,2,0,8,10,24,5,21,28,35,12,14,2
8748,MC_SC_17_s03L_8748,25,5,3,0,21,0,32,0,4,19,3,7,3,13,7,13,9,0,6
8749,MC_SC_17_s03L_8749,25,2,1,0,0,0,0,0,0,0,2,0,0,0,0,0,0,0,0
8750,MC_SC_17_s03L_8750,25,2,1,59,11,0,12,8,11,0,1,8,23,11,13,3,2,8,22
8751,MC_SC_17_s03L_8751,25,1,1,0,0,0,0,1,11,22,3,3,1,6,16,2,4,0,3
8752,MC_SC_17_s03L_8752,25,3,2,0,6,0,14,0,4,0,14,0,9,10,3,4,3,6,6
8753,MC_SC_17_s03L_8753,25,6,3,15,143,6,19,3,10,6,0,1,40,41,30,21,2,31,1
8754,MC_SC_17_s03L_8754,25,6,3,102,27,14,23,0,51,18,17,0,19,3,30,22,3,2,29
8755,MC_SC_17_s03L_8755,25,3,2,0,14,0,42,0,0,13,2,0,6,0,0,10,0,10,0
8756,MC_SC_17_s03L_8756,25,13,3,0,73,12,38,1,10,0,9,0,32,26,29,12,0,3,18
8757,MC_SC_17_s03L_8757,25,5,3,0,28,0,9,0,0,0,0,8,6,11,3,17,0,0,19
8758,MC_SC_17_s03L_8758,25,6,4,96,62,4,26,5,42,4,14,0,47,0,8,18,0,14,27
8759,MC_SC_17_s03L_8759,25,3,2,18,5,0,0,0,16,0,17,5,13,14,0,4,0,7,14
8760,MC_SC_17_s03L_8760,25,5,3,1,5,0,0,56,20,0,6,2,5,3,0,0,0,0,0
8761,MC_SC_17_s03L_8761,25,4,2,71,21,1,15,3,50,2,0,11,12,13,0,24,0,5,9
8762,MC_SC_17_s03L_8762,25,2,2,3,32,1,2,42,27,0,13,10,20,0,2,7,0,0,15
8763,MC_SC_17_s03L_8763,25,2,1,0,24,0,31,0,1,34,0,2,14,6,0,17,0,56,3
8764,MC_SC_17_s03L_8764,25,4,2,0,16,0,3,0,5,0,0,3,4,21,0,7,0,28,0
8765,MC_SC_17_s03L_8765,25,4,2,2,1,3,0,40,17,4,2,2,7,1,0,7,0,0,0
8766,MC_SC_17_s03L_8766,25,7,4,0,17,0,0,38,9,6,14,3,21,0,0,14,2,6,3
8767,MC_SC_17_s03L_8767,25,3,2,30,17,0,13,7,5,0,8,0,16,7,0,9,0,8,14
8768,MC_SC_17_s03L_8768,25,4,2,0,2,0,0,29,12,2,2,1,11,0,0,1,4,0,0
8769,MC_SC_17_s03L_8769,25,10,6,4,33,3,76,0,47,0,18,19,15,31,5,22,6,23,13
8770,MC_SC_17_s03L_8770,25,11,5,0,45,89,112,28,92,112,19,1,3,7,20,32,75,6,1
8771,MC_SC_17_s03L_8771,25,3,2,2,0,0,1,32,10,0,3,3,5,0,0,1,0,1,0
8772,MC_SC_17_s03L_8772,25,6,3,77,8,3,17,19,29,0,0,1,11,2,0,6,0,0,8
8773,MC_SC_17_s03L_8773,25,5,3,0,62,0,114,0,96,0,15,0,25,19,0,26,0,8,11
8774,MC_SC_17_s03L_8774,25,3,2,0,2,0,2,20,7,0,4,2,9,8,0,8,0,2,1
8775,MC_SC_17_s03L_8775,25,2,2,0,3,0,42,1,26,0,40,5,2,25,6,12,0,7,25
8776,MC_SC_17_s03L_8776,25,4,2,0,9,0,22,1,13,12,3,0,1,19,0,14,2,11,0
8777,MC_SC_17_s03L_8777,25,1,1,29,4,3,2,1,17,2,1,2,2,9,16,8,2,6,0
8778,MC_SC_17_s03L_8778,25,2,2,5,4,0,0,4,6,2,0,3,1,1,8,2,0,1,0
8779,MC_SC_17_s03L_8779,25,3,3,20,7,0,5,1,32,0,6,0,2,17,2,8,0,15,1
8780,MC_SC_17_s03L_8780,25,3,3,0,31,0,53,10,72,2,10,10,10,10,2,18,0,2,2
8781,MC_SC_17_s03L_8781,25,3,2,0,29,0,25,2,13,2,1,14,7,19,2,10,0,15,0
8782,MC_SC_17_s03L_8782,25,3,2,0,0,0,3,40,16,3,0,15,13,1,0,11,0,5,0
8783,MC_SC_17_s03L_8783,25,6,3,0,35,0,105,1,7,92,0,0,32,38,0,15,2,89,24
8784,MC_SC_17_s03L_8784,25,4,3,132,19,0,14,1,55,2,5,17,29,28,19,21,2,20,37
8785,MC_SC_17_s03L_8785,25,16,8,0,27,4,29,5,55,173,18,6,12,29,90,39,37,3,15
8786,MC_SC_17_s03L_8786,25,4,2,0,3,0,0,22,13,0,0,0,4,6,0,2,2,0,0
8787,MC_SC_17_s03L_8787,25,3,2,64,16,0,13,3,12,0,5,1,9,6,7,26,0,2,16
8788,MC_SC_17_s03L_8788,25,1,1,2,12,3,2,38,6,2,5,8,22,15,0,6,0,9,24
8789,MC_SC_17_s03L_8789,25,6,4,0,48,1,11,5,0,3,0,2,9,25,16,28,0,4,24
8790,MC_SC_17_s03L_8790,25,5,3,1,47,4,103,10,5,18,29,24,35,35,0,32,21,39,45
8791,MC_SC_17_s03L_8791,25,2,1,0,30,6,63,1,17,4,3,0,0,35,0,29,9,6,19
8792,MC_SC_17_s03L_8792,25,1,1,4,0,0,0,0,3,0,0,0,0,1,2,2,2,0,0
8793,MC_SC_17_s03L_8793,25,4,3,117,49,5,45,13,16,16,20,0,25,15,65,33,9,2,17
8794,MC_SC_17_s03L_8794,25,2,2,0,13,0,1,6,5,4,11,12,18,7,2,2,3,6,15
8795,MC_SC_17_s03L_8795,25,2,2,0,6,0,3,28,3,0,0,6,11,0,1,8,0,23,0
8796,MC_SC_17_s03L_8796,25,8,3,56,44,13,14,14,33,12,3,0,25,8,35,20,16,7,16
8797,MC_SC_17_s03L_8797,25,4,3,0,54,0,21,1,1,111,28,4,7,45,16,18,16,36,72
8798,MC_SC_17_s03L_8798,25,1,1,6,4,2,0,0,5,0,0,0,0,0,5,0,0,0,1
8799,MC_SC_17_s03L_8799,25,9,3,1,163,0,0,13,1,237,75,1,17,40,154,18,2,0,1
8800,MC_SC_17_s03L_8800,25,1,1,0,5,2,84,17,12,5,8,9,4,2,4,15,0,0,0
8801,MC_SC_17_s03L_8801,25,2,1,1,11,0,0,16,3,2,28,7,11,9,0,7,0,18,7
8802,MC_SC_17_s03L_8802,25,5,3,47,28,0,18,48,22,0,0,1,8,2,0,1,0,20,2
8803,MC_SC_17_s03L_8803,25,4,3,2,0,0,2,39,2,3,4,12,26,0,0,12,0,0,0
8804,MC_SC_17_s03L_8804,25,7,2,0,3,1,0,50,33,1,11,4,13,0,0,2,0,2,1
8805,MC_SC_17_s03L_8805,25,5,2,1,31,0,55,1,2,113,15,4,10,24,36,49,4,8,29
8806,MC_SC_17_s03L_8806,25,4,2,47,35,0,1,44,35,4,1,2,9,1,0,8,0,25,1
8807,MC_SC_17_s03L_8807,25,2,1,22,12,0,1,16,6,0,0,1,1,0,0,0,0,3,4
8808,MC_SC_17_s03L_8808,25,1,1,0,8,0,1,0,1,1,0,0,1,0,9,3,3,0,0
8809,MC_SC_17_s03L_8809,25,6,4,0,79,18,56,3,13,4,1,46,22,46,26,54,14,18,6
8810,MC_SC_17_s03L_8810,25,3,1,0,0,0,0,50,5,6,0,0,15,21,0,10,3,0,0
8811,MC_SC_17_s03L_8811,25,1,1,0,6,0,35,1,29,0,11,0,8,8,0,8,0,0,0
8812,MC_SC_17_s03L_8812,25,6,4,0,29,0,45,5,35,68,42,0,24,35,0,67,4,30,1
8813,MC_SC_17_s03L_8813,25,6,3,0,35,0,21,2,1,34,12,2,12,41,4,8,2,26,24
8814,MC_SC_17_s03L_8814,25,6,3,0,40,3,45,46,4,0,10,4,14,2,0,17,5,19,0
8815,MC_SC_17_s03L_8815,25,6,3,0,41,38,104,4,33,2,18,1,25,11,2,24,4,11,21
8816,MC_SC_17_s03L_8816,25,1,1,0,2,0,1,36,6,0,0,5,6,12,0,6,0,0,0
8817,MC_SC_17_s03L_8817,25,4,2,0,12,0,24,6,34,26,22,15,10,0,1,3,6,37,14
8818,MC_SC_17_s03L_8818,25,5,3,0,29,0,58,2,19,26,35,6,6,34,2,26,5,97,14
8819,MC_SC_17_s03L_8819,25,10,4,0,10,0,7,15,1,40,1,0,11,1,5,14,6,0,2
8820,MC_SC_17_s03L_8820,25,12,3,0,0,0,5,15,8,186,20,4,26,19,48,63,19,15,5
8821,MC_SC_17_s03L_8821,25,2,1,2,29,0,13,27,25,0,6,6,16,9,0,9,0,7,2
8822,MC_SC_17_s03L_8822,25,2,1,0,29,5,34,0,9,0,17,14,9,34,18,10,0,8,17
8823,MC_SC_17_s03L_8823,25,7,5,0,44,0,131,5,9,27,57,3,22,62,0,57,17,108,77
8824,MC_SC_17_s03L_8824,25,5,2,0,8,0,29,1,14,27,44,1,2,20,0,11,0,144,18
8825,MC_SC_17_s03L_8825,25,3,2,0,18,0,38,22,22,0,8,15,23,16,2,13,0,13,2
8826,MC_SC_17_s03L_8826,25,15,9,0,88,9,78,49,266,32,10,16,26,57,187,156,65,39,11
8827,MC_SC_17_s03L_8827,25,6,4,0,15,0,45,23,15,58,8,2,23,5,28,18,23,27,7
8828,MC_SC_17_s03L_8828,25,10,2,0,26,21,154,1,70,2,33,2,12,33,44,24,0,4,23
8829,MC_SC_17_s03L_8829,25,7,2,0,38,1,37,2,23,41,3,0,12,9,2,14,4,33,16
8830,MC_SC_17_s03L_8830,25,8,3,0,15,0,44,35,82,0,21,17,25,13,45,23,7,22,10
8831,MC_SC_17_s03L_8831,25,2,2,0,6,0,24,23,14,0,21,6,12,4,2,7,2,28,0
8832,MC_SC_17_s03L_8832,25,5,1,0,9,0,10,4,1,11,2,2,15,1,7,11,4,0,0
8833,MC_SC_17_s03L_8833,25,12,3,0,8,1,5,38,31,3,2,7,14,26,11,16,2,3,0
8834,MC_SC_17_s03L_8834,25,1,1,6,1,0,7,0,0,0,1,1,0,1,10,1,3,0,0
8835,MC_SC_17_s03L_8835,25,1,1,0,3,0,1,0,15,0,1,0,0,4,6,0,0,0,1
8836,MC_SC_17_s03L_8836,25,6,4,177,47,0,0,11,56,3,39,7,27,44,92,18,118,22,51
8837,MC_SC_17_s03L_8837,25,1,1,0,7,0,8,2,41,0,3,7,1,3,2,6,0,1,0
8838,MC_SC_17_s03L_8838,25,4,2,0,21,0,33,1,22,23,17,12,27,59,21,23,0,36,0
8839,MC_SC_17_s03L_8839,25,2,1,1,3,0,8,0,0,5,0,8,4,1,14,2,26,0,0
8840,MC_SC_17_s03L_8840,25,2,1,5,4,0,0,1,0,5,2,3,3,3,9,6,25,0,0
8841,MC_SC_17_s03L_8841,25,8,4,28,65,2,6,3,6,31,6,0,10,24,120,58,194,23,26
8842,MC_SC_17_s03L_8842,25,1,1,8,16,0,14,0,3,0,0,11,1,0,23,5,22,0,0
8843,MC_SC_17_s03L_8843,25,5,3,139,84,0,3,2,29,1,29,37,17,39,102,26,213,24,55
8844,MC_SC_17_s03L_8844,25,3,2,0,7,2,51,2,13,3,13,19,8,6,0,31,2,25,1
8845,MC_SC_17_s03L_8845,25,2,1,0,2,0,0,1,11,39,0,1,1,1,0,1,2,11,0
8846,MC_SC_17_s03L_8846,25,6,3,76,108,5,17,1,18,47,11,4,6,3,14,37,176,36,13
8847,MC_SC_17_s03L_8847,25,9,5,0,144,4,169,1,0,274,13,5,36,80,132,67,53,103,75
8848,MC_SC_17_s03L_8848,25,6,3,0,27,2,180,3,25,194,7,13,41,79,66,56,22,176,9
8849,MC_SC_17_s03L_8849,25,3,2,0,15,0,52,25,6,0,0,0,10,11,0,9,0,8,18
8850,MC_SC_17_s03L_8850,25,5,3,0,86,73,193,6,161,13,61,13,57,72,154,67,20,65,39
8851,MC_SC_17_s03L_8851,25,9,6,0,105,3,218,3,13,315,2,55,28,56,61,77,51,402,80
8852,MC_SC_17_s03L_8852,25,8,4,70,40,2,10,2,25,14,13,1,34,50,138,18,163,22,7
8853,MC_SC_17_s03L_8853,25,7,3,70,93,9,34,8,10,15,6,0,13,63,86,23,149,9,6
8854,MC_SC_17_s03L_8854,25,7,5,0,4,0,23,1,2,18,6,11,7,5,2,9,2,9,0
8855,MC_SC_17_s03L_8855,25,1,1,0,4,0,2,0,4,3,0,0,0,3,14,0,0,1,0
8856,MC_SC_17_s03L_8856,25,1,1,7,2,0,2,3,2,2,1,1,3,0,2,0,9,0,2
8857,MC_SC_17_s03L_8857,25,5,3,0,169,37,61,0,136,7,9,23,59,86,121,45,24,11,26
8858,MC_SC_17_s03L_8858,25,4,2,0,35,0,28,1,0,1,1,18,9,19,3,34,4,151,32
8859,MC_SC_17_s03L_8859,25,5,3,0,76,0,110,0,5,36,3,32,24,64,54,42,7,168,63
8860,MC_SC_17_s03L_8860,25,4,3,0,40,0,65,0,4,3,1,6,15,46,7,13,2,80,49
8861,MC_SC_17_s03L_8861,25,6,3,0,26,0,68,0,0,37,3,5,30,65,1,29,3,123,64
8862,MC_SC_17_s03L_8862,25,3,2,0,0,0,19,0,19,26,14,0,7,37,0,4,2,104,15
8863,MC_SC_17_s03L_8863,25,10,6,90,64,5,199,3,12,20,6,33,26,57,149,28,91,63,46
8864,MC_SC_17_s03L_8864,25,7,4,39,28,0,0,0,73,1,9,10,17,29,73,34,19,16,24
8865,MC_SC_17_s03L_8865,25,8,3,36,28,0,38,2,13,0,1,0,12,51,31,28,65,1,7
8866,MC_SC_17_s03L_8866,25,5,4,0,41,0,170,0,34,94,16,4,16,4,0,35,0,83,3
8867,MC_SC_17_s03L_8867,25,13,7,1,207,7,266,1,12,258,16,16,14,53,64,74,18,32,45
8868,MC_SC_17_s03L_8868,25,7,4,73,39,1,69,6,5,14,14,10,11,17,14,24,10,34,15
8869,MC_SC_17_s03L_8869,25,16,3,80,47,8,138,5,5,28,10,18,13,48,199,3,26,7,13
8870,MC_SC_17_s03L_8870,25,4,2,0,39,0,97,2,0,81,3,0,15,21,0,13,5,76,27
8871,MC_SC_17_s03L_8871,25,4,2,0,6,0,2,0,0,19,23,0,11,20,3,9,0,20,1
8872,MC_SC_17_s03L_8872,25,1,1,0,41,32,10,0,0,0,0,0,0,0,0,0,0,0,0
8873,MC_SC_17_s03L_8873,25,8,4,0,28,0,8,1,12,93,31,1,10,44,8,9,14,97,26
8874,MC_SC_17_s03L_8874,25,2,1,0,16,0,46,0,7,70,5,2,6,14,20,5,0,13,3
8875,MC_SC_17_s03L_8875,25,1,1,1,42,25,4,0,0,0,0,0,0,0,0,0,0,0,0
8876,MC_SC_17_s03L_8876,25,8,5,0,11,16,33,0,17,10,0,0,14,17,0,0,6,77,2
8877,MC_SC_17_s03L_8877,25,1,1,0,3,0,7,17,0,3,8,3,5,6,0,7,0,1,0
8878,MC_SC_17_s03L_8878,25,3,2,0,17,0,2,42,1,4,61,11,55,15,8,12,0,66,6
8879,MC_SC_17_s03L_8879,25,4,2,0,5,0,93,54,11,57,18,30,33,56,26,32,4,18,1
8880,MC_SC_17_s03L_8880,25,7,3,55,62,15,60,7,22,57,17,4,29,87,180,64,216,20,16
8881,MC_SC_17_s03L_8881,25,5,3,0,32,0,69,6,0,80,29,2,42,22,28,15,2,0,4
8882,MC_SC_17_s03L_8882,25,1,1,0,8,0,16,16,9,16,22,3,11,19,3,13,2,4,1
8883,MC_SC_17_s03L_8883,25,6,4,74,105,5,157,8,5,31,11,18,41,29,208,42,210,25,31
8884,MC_SC_17_s03L_8884,25,6,3,87,99,5,139,7,10,35,3,34,43,19,133,58,114,28,7
8885,MC_SC_17_s03L_8885,25,2,1,0,31,0,30,1,5,26,2,10,25,35,0,9,0,24,27
8886,MC_SC_17_s03L_8886,25,7,4,47,41,7,170,5,3,32,25,38,26,38,69,27,159,35,39
8887,MC_SC_17_s03L_8887,25,1,1,7,12,0,5,0,0,1,0,5,3,4,14,0,9,0,1
8888,MC_SC_17_s03L_8888,25,1,1,19,15,0,4,2,0,0,1,12,2,3,12,12,9,1,2
8889,MC_SC_17_s03L_8889,25,5,3,1,70,0,10,1,61,119,52,5,24,73,7,14,8,226,35
8890,MC_SC_17_s03L_8890,25,13,4,0,138,3,283,15,95,469,50,20,40,172,128,109,75,122,85
8891,MC_SC_17_s03L_8891,25,6,3,88,68,2,219,4,5,22,12,35,25,21,93,47,134,69,35
8892,MC_SC_17_s03L_8892,25,2,2,0,21,0,26,5,1,70,4,28,14,90,6,19,3,105,44
8893,MC_SC_17_s03L_8893,25,3,1,0,0,0,42,1,0,0,0,5,0,2,0,0,0,3,15
8894,MC_SC_17_s03L_8894,25,9,3,71,104,0,96,12,10,29,7,10,6,2,52,31,70,2,2
8895,MC_SC_17_s03L_8895,25,8,2,16,34,0,31,0,16,0,3,10,9,13,62,9,57,2,1
8896,MC_SC_17_s03L_8896,25,1,1,2,2,0,2,0,0,0,2,2,4,1,24,2,19,0,0
8897,MC_SC_17_s03L_8897,25,4,1,0,12,0,11,0,0,14,0,0,0,0,0,0,0,0,0
8898,MC_SC_17_s03L_8898,25,5,4,3,14,0,34,1,6,40,17,3,8,46,7,4,9,53,17
8899,MC_SC_17_s03L_8899,25,4,2,0,9,0,76,0,1,17,9,10,21,6,2,8,0,3,37
8900,MC_SC_17_s03L_8900,25,8,4,55,70,0,126,2,1,4,8,20,39,37,156,44,171,15,5
8901,MC_SC_17_s03L_8901,25,3,2,0,7,0,32,1,1,27,9,2,9,28,0,10,7,83,19
8902,MC_SC_17_s03L_8902,25,5,3,0,13,0,53,1,3,38,25,0,9,48,3,12,1,122,14
8903,MC_SC_17_s03L_8903,25,7,5,60,82,2,105,2,11,21,34,15,10,25,109,84,261,21,46
8904,MC_SC_17_s03L_8904,25,1,1,0,3,0,23,5,1,0,19,12,13,2,0,8,0,35,29
8905,MC_SC_17_s03L_8905,25,6,4,39,57,0,58,1,2,9,29,9,26,34,148,38,199,21,34
8906,MC_SC_17_s03L_8906,25,7,3,44,45,8,22,1,8,66,12,3,13,9,98,19,110,1,12
8907,MC_SC_17_s03L_8907,25,4,3,0,33,39,152,0,47,34,66,10,34,91,12,14,18,189,84
8908,MC_SC_17_s03L_8908,26,2,2,0,0,0,5,6,7,12,1,1,0,1,4,0,0,0,0
8909,MC_SC_17_s03L_8909,26,8,5,0,2,0,100,0,0,124,6,1,15,35,25,19,20,4,2
8910,MC_SC_17_s03L_8910,26,13,4,7,10,123,146,9,56,51,4,2,25,31,153,36,31,5,14
8911,MC_SC_17_s03L_8911,26,1,1,4,0,22,5,0,3,41,2,0,0,1,3,0,28,0,0
8912,MC_SC_17_s03L_8912,26,4,2,0,2,0,41,8,1,0,13,1,4,14,0,15,0,7,6
8913,MC_SC_17_s03L_8913,26,1,1,2,0,0,2,0,21,0,1,0,1,5,10,0,5,6,0
8914,MC_SC_17_s03L_8914,26,2,1,0,4,7,30,1,6,6,2,2,1,13,18,0,0,0,0
8915,MC_SC_17_s03L_8915,26,4,3,55,8,13,62,71,56,7,1,9,23,3,7,3,0,1,0
8916,MC_SC_17_s03L_8916,26,8,3,0,25,0,52,0,1,71,7,0,3,15,26,13,0,25,0
8917,MC_SC_17_s03L_8917,26,1,1,0,0,0,7,1,1,8,0,1,1,0,4,0,0,3,0
8918,MC_SC_17_s03L_8918,26,1,1,4,2,0,9,0,10,0,6,1,0,12,15,3,2,8,0
8919,MC_SC_17_s03L_8919,26,9,6,0,9,0,37,0,0,3,1,12,0,36,0,0,0,16,0
8920,MC_SC_17_s03L_8920,26,1,1,0,1,0,0,0,0,0,0,0,0,0,0,0,0,0,0
8921,MC_SC_17_s03L_8921,26,1,1,0,3,0,2,0,0,1,0,1,1,2,0,0,0,8,2
8922,MC_SC_17_s03L_8922,26,6,3,1,13,0,29,1,5,5,0,2,12,0,3,5,0,6,0
8923,MC_SC_17_s03L_8923,26,1,1,0,0,0,12,0,1,0,0,0,1,0,0,0,0,11,0
8924,MC_SC_17_s03L_8924,26,8,5,0,7,0,22,0,0,28,6,0,1,22,0,0,2,12,7
8925,MC_SC_17_s03L_8925,26,8,6,0,14,0,84,4,0,86,8,0,6,28,5,3,0,6,0
8926,MC_SC_17_s03L_8926,26,2,2,0,4,9,30,0,18,3,0,0,1,21,17,0,0,0,0
8927,MC_SC_17_s03L_8927,26,4,2,62,20,0,5,24,32,0,2,3,11,0,11,7,5,10,0
8928,MC_SC_17_s03L_8928,26,7,5,0,11,1,69,2,0,65,7,5,7,2,14,7,2,24,4
8929,MC_SC_17_s03L_8929,26,9,7,0,12,7,49,2,44,8,0,0,9,27,0,0,0,58,0
8930,MC_SC_17_s03L_8930,26,1,1,0,0,0,8,0,6,2,0,0,1,2,0,0,0,0,0
8931,MC_SC_17_s03L_8931,26,8,4,0,6,14,86,4,7,11,0,0,11,8,13,0,0,0,1
8932,MC_SC_17_s03L_8932,26,8,6,0,17,0,113,94,1,8,5,5,25,8,2,0,0,40,0
8933,MC_SC_17_s03L_8933,26,8,6,0,6,0,122,2,6,99,57,4,19,38,9,0,0,0,7
8934,MC_SC_17_s03L_8934,26,4,2,0,15,0,40,1,6,12,0,8,16,36,7,15,0,16,5
8935,MC_SC_17_s03L_8935,26,1,1,0,0,0,0,0,3,0,0,0,0,0,0,0,0,0,0
8936,MC_SC_17_s03L_8936,26,6,3,0,3,0,113,2,0,43,0,20,3,50,27,2,0,74,4
8937,MC_SC_17_s03L_8937,26,2,1,0,8,0,61,1,1,33,2,2,11,18,8,10,0,19,17
8938,MC_SC_17_s03L_8938,26,5,3,0,10,0,75,0,0,9,0,8,7,22,0,18,0,17,15
8939,MC_SC_17_s03L_8939,26,4,3,53,14,0,85,9,14,0,25,9,18,11,7,12,0,0,3
8940,MC_SC_17_s03L_8940,26,11,4,0,29,69,114,7,27,35,21,0,33,0,67,6,0,4,6
8941,MC_SC_17_s03L_8941,26,7,3,0,14,7,35,0,4,18,0,0,9,25,0,0,0,41,1
8942,MC_SC_17_s03L_8942,26,7,3,0,26,0,73,0,1,88,6,6,25,33,38,0,0,41,0
8943,MC_SC_17_s03L_8943,26,7,3,0,18,10,61,9,37,17,1,0,59,8,2,1,0,90,1
8944,MC_SC_17_s03L_8944,26,9,5,0,14,0,38,38,2,46,2,0,7,0,3,0,0,0,0
8945,MC_SC_17_s03L_8945,26,1,1,0,0,0,0,0,7,0,0,0,0,0,0,0,0,0,0
8946,MC_SC_17_s03L_8946,26,12,3,1,31,0,37,78,3,138,30,1,24,19,68,2,5,38,0
8947,MC_SC_17_s03L_8947,26,8,2,0,5,0,48,1,1,29,4,5,7,17,18,0,0,23,0
8948,MC_SC_17_s03L_8948,26,13,3,74,9,4,25,16,44,27,0,0,4,6,0,18,15,4,3
8949,MC_SC_17_s03L_8949,26,5,4,0,12,0,73,0,5,25,10,5,7,5,3,2,0,49,15
8950,MC_SC_17_s03L_8950,26,8,3,0,90,0,118,41,0,42,6,20,9,8,5,0,2,0,0
8951,MC_SC_17_s03L_8951,26,6,3,80,5,1,63,0,3,4,0,4,5,5,11,10,0,7,26
8952,MC_SC_17_s03L_8952,26,8,3,0,18,0,99,1,0,59,16,3,9,33,16,1,0,44,0
8953,MC_SC_17_s03L_8953,26,14,4,0,15,0,120,1,6,95,9,14,35,49,2,0,0,57,8
8954,MC_SC_17_s03L_8954,26,3,1,0,3,0,33,43,0,4,0,1,8,2,0,0,2,5,0
8955,MC_SC_17_s03L_8955,26,2,2,0,4,0,18,7,8,48,7,5,2,15,18,3,4,2,12
8956,MC_SC_17_s03L_8956,26,12,3,0,20,9,25,0,8,14,0,2,29,27,2,2,7,87,8
8957,MC_SC_17_s03L_8957,26,4,3,1,15,0,86,29,0,35,22,9,7,31,2,12,0,31,0
8958,MC_SC_17_s03L_8958,26,9,4,0,13,0,96,0,0,22,35,4,33,59,45,12,0,12,2
8959,MC_SC_17_s03L_8959,26,6,2,0,8,0,30,13,4,47,11,13,2,4,6,4,0,11,5
8960,MC_SC_17_s03L_8960,26,3,2,0,8,0,30,0,1,0,0,5,3,21,1,4,0,10,0
8961,MC_SC_17_s03L_8961,26,1,1,13,0,13,4,0,14,33,0,0,1,0,2,0,26,0,1
8962,MC_SC_17_s03L_8962,26,9,3,0,18,0,301,1,2,172,64,14,47,91,50,4,0,33,45
8963,MC_SC_17_s03L_8963,26,6,4,0,18,4,66,2,117,10,2,4,10,2,38,24,3,0,5
8964,MC_SC_17_s03L_8964,26,5,4,0,12,0,61,0,0,0,0,6,7,10,0,0,0,2,6
8965,MC_SC_17_s03L_8965,26,5,3,0,11,0,140,7,26,7,3,4,31,33,49,8,0,43,22
8966,MC_SC_17_s03L_8966,26,3,2,0,34,0,165,2,13,100,2,11,15,23,11,3,0,68,2
8967,MC_SC_17_s03L_8967,26,10,2,0,9,10,26,4,26,22,0,0,12,24,0,1,8,87,3
8968,MC_SC_17_s03L_8968,26,2,1,0,13,3,9,0,2,3,0,0,15,11,0,0,2,25,0
8969,MC_SC_17_s03L_8969,26,6,3,0,48,0,202,1,2,81,9,22,34,24,9,9,0,1,3
8970,MC_SC_17_s03L_8970,26,9,4,0,14,9,27,0,2,11,0,1,34,14,0,1,5,77,0
8971,MC_SC_17_s03L_8971,26,5,2,5,2,20,133,20,3,34,5,1,15,13,2,17,9,0,4
8972,MC_SC_17_s03L_8972,26,13,6,0,18,0,190,5,12,85,6,4,29,22,56,24,2,104,0
8973,MC_SC_17_s03L_8973,26,7,4,0,11,89,107,2,7,138,8,0,28,0,73,6,19,13,9
8974,MC_SC_17_s03L_8974,26,3,2,31,7,0,13,0,0,0,0,2,2,1,3,0,0,0,0
8975,MC_SC_17_s03L_8975,26,2,1,0,11,0,82,3,1,64,3,28,49,8,16,10,0,8,7
8976,MC_SC_17_s03L_8976,26,2,2,0,0,0,26,0,2,0,0,0,2,2,0,0,0,11,0
8977,MC_SC_17_s03L_8977,26,7,4,2,44,5,97,7,2,182,12,0,21,7,60,22,16,5,6
8978,MC_SC_17_s03L_8978,26,2,2,0,20,0,114,10,28,72,8,21,20,35,37,4,4,20,25
8979,MC_SC_17_s03L_8979,26,4,2,0,35,0,106,9,5,71,1,20,10,10,31,0,0,25,16
8980,MC_SC_17_s03L_8980,26,1,1,0,7,0,7,3,0,0,4,0,5,0,0,0,0,0,0
8981,MC_SC_17_s03L_8981,26,1,1,9,2,0,1,1,2,0,2,0,0,0,4,1,0,0,0
8982,MC_SC_17_s03L_8982,26,4,2,0,16,0,20,0,1,23,1,0,4,14,3,6,0,76,2
8983,MC_SC_17_s03L_8983,26,1,1,0,4,1,23,0,7,0,2,0,0,7,0,1,0,4,0
8984,MC_SC_17_s03L_8984,26,5,2,0,10,6,121,2,18,0,11,0,4,19,2,2,0,3,5
8985,MC_SC_17_s03L_8985,26,2,1,0,1,0,20,0,0,4,1,2,0,0,0,0,0,0,1
8986,MC_SC_17_s03L_8986,26,5,2,0,42,0,83,0,5,33,14,4,5,22,0,6,0,35,16
8987,MC_SC_17_s03L_8987,26,2,1,0,10,0,57,1,15,1,0,0,6,13,0,4,0,4,5
8988,MC_SC_17_s03L_8988,26,1,1,37,3,0,12,15,33,0,0,0,4,1,0,4,2,1,0
8989,MC_SC_17_s03L_8989,26,4,2,0,73,0,114,12,0,2,16,19,59,0,0,31,0,95,0
8990,MC_SC_17_s03L_8990,26,6,5,0,5,1,41,0,66,16,5,0,9,2,4,2,9,0,0
8991,MC_SC_17_s03L_8991,26,1,1,0,1,0,0,0,0,0,0,0,0,0,0,0,0,3,0
8992,MC_SC_17_s03L_8992,26,5,2,0,6,0,47,1,4,0,12,0,20,12,0,16,0,4,5
8993,MC_SC_17_s03L_8993,26,5,2,91,10,6,31,20,1,2,1,0,8,4,0,5,2,1,13
8994,MC_SC_17_s03L_8994,26,7,3,0,31,0,62,0,1,10,4,0,5,2,0,10,6,71,14
8995,MC_SC_17_s03L_8995,26,8,6,0,14,0,76,0,0,62,8,0,20,18,2,8,0,66,0
8996,MC_SC_17_s03L_8996,26,3,2,0,19,0,19,4,36,0,9,6,20,3,0,11,0,36,0
8997,MC_SC_17_s03L_8997,26,2,1,30,15,0,35,32,0,0,1,0,6,1,0,8,0,33,0
8998,MC_SC_17_s03L_8998,26,4,3,59,8,0,56,23,29,0,12,6,22,3,3,10,0,4,0
8999,MC_SC_17_s03L_8999,26,3,2,41,8,0,24,29,15,0,8,0,20,0,0,5,0,4,10
9000,MC_SC_17_s03L_9000,26,5,3,58,27,4,55,12,38,27,14,2,38,20,34,17,9,3,22
9001,MC_SC_17_s03L_9001,26,2,2,22,12,0,22,57,2,0,14,0,5,2,0,23,0,72,0
9002,MC_SC_17_s03L_9002,26,1,1,0,1,0,2,0,1,0,0,0,0,0,0,0,0,0,0
9003,MC_SC_17_s03L_9003,26,3,2,88,19,0,35,2,42,17,28,14,16,29,36,32,10,4,0
9004,MC_SC_17_s03L_9004,26,5,3,0,32,0,102,77,52,244,12,0,35,37,81,68,10,7,20
9005,MC_SC_17_s03L_9005,26,5,2,1,53,4,298,2,94,312,61,4,25,18,21,55,24,22,3
9006,MC_SC_17_s03L_9006,26,1,1,0,0,0,0,1,0,0,0,0,0,1,0,0,0,0,0
9007,MC_SC_17_s03L_9007,26,4,2,22,9,0,7,43,4,0,1,0,2,1,0,18,0,0,0
9008,MC_SC_17_s03L_9008,26,5,4,0,4,0,65,2,0,11,6,1,0,13,2,5,2,25,4
9009,MC_SC_17_s03L_9009,26,4,3,0,10,0,36,2,0,10,5,5,27,5,0,19,2,45,0
9010,MC_SC_17_s03L_9010,26,2,1,0,1,0,28,47,3,8,13,6,25,28,0,8,2,9,16
9011,MC_SC_17_s03L_9011,26,2,1,0,8,0,6,1,0,0,4,0,13,3,0,0,0,3,5
9012,MC_SC_17_s03L_9012,26,10,5,89,28,6,15,2,81,53,3,0,10,14,74,48,30,3,4
9013,MC_SC_17_s03L_9013,26,1,1,0,0,0,0,0,0,0,0,0,0,0,0,0,0,0,0
9014,MC_SC_17_s03L_9014,26,4,2,0,9,0,72,0,0,22,12,1,10,10,2,3,0,22,7
9015,MC_SC_17_s03L_9015,26,1,1,2,2,0,0,0,6,1,0,0,0,5,3,0,2,0,0
9016,MC_SC_17_s03L_9016,26,2,2,0,8,0,164,1,2,0,13,33,16,20,2,2,0,18,22
9017,MC_SC_17_s03L_9017,26,2,1,0,12,0,4,0,21,0,0,0,11,12,0,0,0,12,1
9018,MC_SC_17_s03L_9018,26,1,1,16,5,0,12,6,8,0,6,5,2,3,0,21,0,2,0
9019,MC_SC_17_s03L_9019,26,4,3,0,9,3,50,1,0,0,1,0,5,0,0,0,2,21,2
9020,MC_SC_17_s03L_9020,26,1,1,0,2,0,14,2,0,0,1,6,11,1,2,4,0,10,0
9021,MC_SC_17_s03L_9021,26,4,2,57,23,0,13,50,4,0,8,3,16,3,0,2,0,0,0
9022,MC_SC_17_s03L_9022,26,1,1,27,10,0,16,24,23,0,6,9,11,0,0,12,0,0,0
9023,MC_SC_17_s03L_9023,26,1,1,0,0,0,0,0,0,0,0,0,0,0,0,0,0,1,0
9024,MC_SC_17_s03L_9024,26,7,4,10,11,0,10,10,3,0,8,3,15,7,2,29,0,8,3
9025,MC_SC_17_s03L_9025,26,1,1,0,1,0,6,19,4,0,9,4,9,3,0,3,0,4,0
9026,MC_SC_17_s03L_9026,26,1,1,1,10,0,15,0,0,0,0,0,4,4,0,0,0,0,0
9027,MC_SC_17_s03L_9027,26,3,2,0,8,0,17,1,0,5,0,1,0,6,0,2,0,12,0
9028,MC_SC_17_s03L_9028,26,1,1,0,8,0,11,8,2,28,0,0,6,0,12,8,0,0,2
9029,MC_SC_17_s03L_9029,26,5,3,2,12,0,19,0,0,33,7,5,11,1,13,10,0,9,1
9030,MC_SC_17_s03L_9030,26,1,1,7,18,0,2,0,0,0,0,0,3,0,0,1,0,2,12
9031,MC_SC_17_s03L_9031,26,5,4,0,69,0,125,40,12,159,2,0,17,16,105,58,15,5,13
9032,MC_SC_17_s03L_9032,26,2,1,1,6,0,1,2,1,0,0,0,0,0,0,13,0,0,0
9033,MC_SC_17_s03L_9033,26,3,2,0,1,0,0,0,1,0,0,0,2,0,0,4,0,0,0
9034,MC_SC_17_s03L_9034,26,5,4,51,15,0,4,3,12,0,4,13,23,43,0,8,0,6,30
9035,MC_SC_17_s03L_9035,26,4,3,18,18,0,8,1,21,0,17,7,14,12,0,6,0,5,5
9036,MC_SC_17_s03L_9036,26,2,1,6,12,0,0,11,12,0,0,1,6,0,0,0,0,0,0
9037,MC_SC_17_s03L_9037,26,2,1,9,10,0,1,27,6,0,2,2,7,0,0,0,0,4,0
9038,MC_SC_17_s03L_9038,26,6,4,37,6,0,4,2,5,0,12,0,4,8,0,15,0,18,5
9039,MC_SC_17_s03L_9039,26,2,2,33,17,0,0,3,7,0,8,1,8,16,0,1,0,4,20
9040,MC_SC_17_s03L_9040,26,2,1,42,14,0,0,3,9,0,0,10,9,7,0,1,0,9,10
9041,MC_SC_17_s03L_9041,26,4,2,1,2,0,2,1,0,13,0,0,5,0,0,1,0,0,0
9042,MC_SC_17_s03L_9042,26,5,3,0,63,21,129,36,11,2,2,4,25,16,50,41,10,12,15
9043,MC_SC_17_s03L_9043,26,2,1,20,22,0,2,13,16,0,6,11,13,0,0,5,0,0,0
9044,MC_SC_17_s03L_9044,26,1,1,7,4,0,1,0,6,0,0,6,0,10,0,6,0,6,5
9045,MC_SC_17_s03L_9045,26,3,1,0,13,0,8,6,9,2,3,2,5,9,0,5,0,0,0
9046,MC_SC_17_s03L_9046,26,7,5,0,53,5,32,0,1,5,0,1,20,45,6,9,11,19,4
9047,MC_SC_17_s03L_9047,26,1,1,31,10,0,24,1,5,0,7,0,6,9,0,2,0,11,11
9048,MC_SC_17_s03L_9048,26,6,4,0,10,0,42,24,10,12,16,0,17,3,0,2,3,21,8
9049,MC_SC_17_s03L_9049,26,12,10,0,118,5,26,6,11,12,1,3,39,90,12,22,20,45,4
9050,MC_SC_17_s03L_9050,26,7,3,0,61,4,12,0,1,9,0,2,12,17,0,8,6,14,0
9051,MC_SC_17_s03L_9051,26,4,3,0,96,0,190,0,7,28,30,19,12,3,7,7,0,8,5
9052,MC_SC_17_s03L_9052,26,2,1,0,4,0,14,0,1,0,0,1,4,0,0,2,0,12,1
9053,MC_SC_17_s03L_9053,26,4,2,42,16,0,7,0,11,0,0,1,24,14,0,0,0,47,22
9054,MC_SC_17_s03L_9054,26,2,1,36,7,0,3,0,2,0,1,1,19,1,0,7,0,0,5
9055,MC_SC_17_s03L_9055,26,1,1,0,8,0,23,0,0,2,6,1,0,9,4,1,0,6,18
9056,MC_SC_17_s03L_9056,26,3,2,0,21,8,37,11,50,0,5,2,0,0,0,16,3,9,0
9057,MC_SC_17_s03L_9057,26,7,2,0,10,0,9,1,59,0,8,12,10,16,2,9,0,0,4
9058,MC_SC_17_s03L_9058,26,2,1,5,2,0,0,0,1,0,1,0,0,2,0,3,0,4,0
9059,MC_SC_17_s03L_9059,26,3,1,50,4,0,0,3,4,5,0,13,9,3,0,6,2,8,33
9060,MC_SC_17_s03L_9060,26,3,2,0,5,0,0,0,0,12,0,0,2,0,0,0,0,18,0
9061,MC_SC_17_s03L_9061,26,1,1,0,4,0,10,0,3,3,1,3,3,1,0,0,0,0,0
9062,MC_SC_17_s03L_9062,26,5,4,22,8,0,2,0,3,0,1,4,1,7,0,8,0,11,26
9063,MC_SC_17_s03L_9063,26,1,1,1,0,19,17,1,122,62,2,2,12,7,23,18,92,21,0
9064,MC_SC_17_s03L_9064,26,3,2,46,20,0,17,2,6,0,1,2,59,3,1,5,4,29,22
9065,MC_SC_17_s03L_9065,26,6,3,1,63,1,9,1,6,7,0,1,20,34,23,18,11,30,2
9066,MC_SC_17_s03L_9066,26,1,1,0,1,0,0,0,1,0,1,0,0,2,0,0,0,0,1
9067,MC_SC_17_s03L_9067,26,3,3,1,1,0,0,0,8,0,0,0,0,0,0,0,0,0,0
9068,MC_SC_17_s03L_9068,26,6,5,34,12,0,1,8,14,3,2,8,24,2,19,15,5,24,32
9069,MC_SC_17_s03L_9069,26,5,2,2,26,0,60,9,9,171,13,0,11,24,126,30,44,0,35
9070,MC_SC_17_s03L_9070,26,3,2,114,14,0,32,10,40,4,30,20,34,58,52,29,6,23,42
9071,MC_SC_17_s03L_9071,26,2,2,0,0,0,0,0,0,0,0,0,0,2,0,2,3,0,1
9072,MC_SC_17_s03L_9072,26,8,3,6,169,5,21,2,12,34,0,6,50,90,33,20,42,66,9
9073,MC_SC_17_s03L_9073,26,4,2,90,65,1,25,4,14,5,2,1,46,19,16,25,1,49,19
9074,MC_SC_17_s03L_9074,26,5,3,11,5,0,1,5,32,0,4,3,2,5,0,4,0,4,2
9075,MC_SC_17_s03L_9075,26,1,1,0,2,0,4,0,0,18,2,2,0,2,5,0,0,0,0
9076,MC_SC_17_s03L_9076,26,4,2,0,0,0,1,37,20,2,0,1,9,0,0,4,0,2,0
9077,MC_SC_17_s03L_9077,26,5,3,0,0,0,2,39,10,2,11,20,6,0,3,3,1,3,0
9078,MC_SC_17_s03L_9078,26,7,2,0,23,0,16,1,9,3,0,0,5,1,0,9,4,0,0
9079,MC_SC_17_s03L_9079,26,1,1,21,16,0,16,1,43,4,1,0,2,0,0,0,4,0,0
9080,MC_SC_17_s03L_9080,26,5,3,0,40,0,10,6,1,33,8,32,6,0,42,14,0,20,21
9081,MC_SC_17_s03L_9081,26,1,1,0,0,0,2,0,0,0,0,0,0,0,0,0,0,0,0
9082,MC_SC_17_s03L_9082,26,4,3,0,44,2,17,79,37,53,15,4,44,27,4,16,0,26,23
9083,MC_SC_17_s03L_9083,26,2,1,27,26,0,5,1,23,0,2,0,14,0,2,1,0,5,5
9084,MC_SC_17_s03L_9084,26,1,1,52,20,0,5,8,67,3,14,4,6,9,45,19,12,2,2
9085,MC_SC_17_s03L_9085,26,3,3,52,6,0,0,0,6,0,2,0,19,4,0,2,0,19,44
9086,MC_SC_17_s03L_9086,26,2,1,0,21,0,8,1,0,0,9,2,4,12,0,0,0,0,0
9087,MC_SC_17_s03L_9087,26,6,3,1,21,0,0,5,21,7,6,0,18,7,0,15,10,11,7
9088,MC_SC_17_s03L_9088,26,9,7,2,68,1,13,4,8,9,2,13,23,64,12,16,9,26,3
9089,MC_SC_17_s03L_9089,26,4,3,0,25,0,4,4,1,3,1,0,5,6,0,10,5,7,8
9090,MC_SC_17_s03L_9090,26,6,3,0,25,5,44,30,3,2,3,2,17,15,11,12,0,4,14
9091,MC_SC_17_s03L_9091,26,3,2,0,16,1,31,48,23,103,18,1,33,1,8,9,0,6,2
9092,MC_SC_17_s03L_9092,26,1,1,7,0,0,2,2,11,0,2,1,4,0,1,1,0,0,4
9093,MC_SC_17_s03L_9093,26,3,2,98,64,7,23,4,51,10,10,3,45,5,33,30,5,22,37
9094,MC_SC_17_s03L_9094,26,4,3,3,38,0,2,45,3,74,33,0,28,3,29,26,16,40,11
9095,MC_SC_17_s03L_9095,26,12,7,7,6,3,20,33,178,72,3,27,34,22,2,9,9,2,0
9096,MC_SC_17_s03L_9096,26,1,1,0,0,0,0,0,0,0,0,0,0,1,1,0,0,0,0
9097,MC_SC_17_s03L_9097,26,1,1,0,4,0,1,3,4,26,3,0,5,0,0,0,0,0,0
9098,MC_SC_17_s03L_9098,26,3,2,118,14,0,13,2,14,0,14,4,1,0,0,2,2,42,17
9099,MC_SC_17_s03L_9099,26,1,1,0,2,0,0,0,0,0,0,0,0,1,0,0,0,0,0
9100,MC_SC_17_s03L_9100,26,15,7,1,3,3,111,82,270,326,34,100,32,34,24,50,18,19,5
9101,MC_SC_17_s03L_9101,26,6,4,2,8,0,3,85,137,181,14,78,28,42,21,28,0,2,5
9102,MC_SC_17_s03L_9102,26,4,2,113,43,6,10,88,73,12,2,2,13,1,0,28,0,17,18
9103,MC_SC_17_s03L_9103,26,1,1,0,0,0,0,9,19,17,2,1,2,1,0,1,0,0,0
9104,MC_SC_17_s03L_9104,26,6,3,0,47,0,57,1,5,94,10,10,27,2,32,37,22,26,0
9105,MC_SC_17_s03L_9105,26,3,2,1,22,2,12,68,17,5,80,1,13,3,3,17,0,35,11
9106,MC_SC_17_s03L_9106,26,5,2,1,168,12,15,1,8,11,1,2,36,60,15,27,7,22,1
9107,MC_SC_17_s03L_9107,26,5,4,145,98,30,68,15,109,42,16,2,53,12,86,83,37,24,40
9108,MC_SC_17_s03L_9108,26,1,1,19,9,3,5,1,1,2,0,1,5,1,3,1,0,0,1
9109,MC_SC_17_s03L_9109,26,3,2,0,11,4,0,0,2,42,0,0,3,0,1,2,11,37,0
9110,MC_SC_17_s03L_9110,26,6,5,136,45,9,42,18,57,3,24,9,19,15,28,30,8,6,41
9111,MC_SC_17_s03L_9111,26,4,2,1,7,4,4,63,28,5,14,2,22,0,3,3,0,6,1
9112,MC_SC_17_s03L_9112,26,9,3,0,11,0,47,4,4,82,45,12,17,45,16,25,7,12,31
9113,MC_SC_17_s03L_9113,26,6,4,0,150,37,29,1,19,41,1,11,43,54,38,30,40,27,2
9114,MC_SC_17_s03L_9114,26,15,1,0,42,0,13,42,11,0,33,4,11,3,2,10,0,6,0
9115,MC_SC_17_s03L_9115,26,2,1,29,20,1,8,1,33,0,10,0,1,25,0,9,4,8,0
9116,MC_SC_17_s03L_9116,26,1,1,2,1,0,0,0,1,0,0,0,0,0,0,1,0,0,0
9117,MC_SC_17_s03L_9117,26,8,4,70,71,4,33,21,29,2,9,5,21,12,6,48,4,27,9
9118,MC_SC_17_s03L_9118,26,7,3,1,58,0,57,0,3,42,16,0,15,20,16,15,2,12,11
9119,MC_SC_17_s03L_9119,26,1,1,0,9,0,13,38,0,2,12,2,14,7,0,3,0,1,5
9120,MC_SC_17_s03L_9120,26,7,3,0,52,0,73,0,6,39,16,9,2,0,3,6,5,36,3
9121,MC_SC_17_s03L_9121,26,7,4,110,76,29,57,42,73,9,25,10,19,20,92,33,15,26,4
9122,MC_SC_17_s03L_9122,26,6,3,0,62,2,8,0,5,11,36,11,7,14,0,27,8,18,11
9123,MC_SC_17_s03L_9123,26,3,2,1,15,0,14,0,0,2,0,7,2,0,3,8,0,16,12
9124,MC_SC_17_s03L_9124,26,4,2,88,38,4,30,6,18,0,7,6,21,21,0,11,0,20,23
9125,MC_SC_17_s03L_9125,26,10,4,115,35,6,36,17,14,0,11,1,13,19,0,17,7,31,32
9126,MC_SC_17_s03L_9126,26,1,1,0,1,0,0,0,3,0,0,0,0,0,0,3,0,3,3
9127,MC_SC_17_s03L_9127,26,4,2,0,18,0,1,3,6,4,29,0,17,1,2,0,0,8,0
9128,MC_SC_17_s03L_9128,26,5,3,0,15,0,10,0,17,17,0,0,3,1,0,13,9,22,17
9129,MC_SC_17_s03L_9129,26,4,3,0,9,0,5,16,6,0,45,4,37,13,0,4,0,17,7
9130,MC_SC_17_s03L_9130,26,4,2,32,17,3,23,2,38,0,4,10,23,16,0,15,2,5,5
9131,MC_SC_17_s03L_9131,26,5,5,3,2,0,0,29,2,0,4,1,16,0,0,2,0,0,0
9132,MC_SC_17_s03L_9132,26,8,3,0,158,1,14,0,1,9,81,10,26,67,0,30,16,3,7
9133,MC_SC_17_s03L_9133,26,2,1,0,0,0,0,37,0,2,4,3,4,0,0,0,0,3,0
9134,MC_SC_17_s03L_9134,26,2,1,71,26,0,11,2,33,0,4,2,16,16,0,5,0,22,11
9135,MC_SC_17_s03L_9135,26,4,3,0,16,0,6,67,39,24,23,14,30,0,0,11,0,24,11
9136,MC_SC_17_s03L_9136,26,1,1,0,0,0,0,0,0,0,0,0,0,2,0,0,0,0,0
9137,MC_SC_17_s03L_9137,26,6,4,0,19,0,10,1,1,29,11,3,6,28,2,20,3,66,9
9138,MC_SC_17_s03L_9138,26,4,2,2,3,0,5,0,9,0,0,1,9,13,0,4,0,7,2
9139,MC_SC_17_s03L_9139,26,1,1,1,3,0,10,2,0,2,0,0,2,0,0,5,0,12,0
9140,MC_SC_17_s03L_9140,26,1,1,3,15,0,5,33,14,0,4,4,3,6,0,8,0,6,12
9141,MC_SC_17_s03L_9141,26,8,3,0,6,2,23,61,52,0,15,10,19,2,0,2,0,3,3
9142,MC_SC_17_s03L_9142,26,1,1,0,0,0,1,12,6,0,1,0,2,0,0,1,0,0,0
9143,MC_SC_17_s03L_9143,26,3,2,1,4,0,0,42,16,0,0,2,13,1,3,6,0,2,0
9144,MC_SC_17_s03L_9144,26,5,2,0,11,8,55,0,53,9,10,0,12,10,0,25,6,6,2
9145,MC_SC_17_s03L_9145,26,3,2,0,22,0,17,0,11,0,4,6,4,24,0,4,0,2,15
9146,MC_SC_17_s03L_9146,26,6,3,0,96,34,190,68,230,72,38,44,42,25,10,85,26,14,4
9147,MC_SC_17_s03L_9147,26,11,9,10,44,0,30,5,11,0,2,1,22,7,3,22,2,13,5
9148,MC_SC_17_s03L_9148,26,4,3,0,24,0,5,0,0,0,67,5,7,37,0,2,0,29,3
9149,MC_SC_17_s03L_9149,26,12,5,0,62,0,47,6,166,141,34,21,12,50,36,95,11,10,2
9150,MC_SC_17_s03L_9150,26,6,3,0,59,0,22,30,108,0,22,1,11,53,0,30,0,5,4
9151,MC_SC_17_s03L_9151,26,2,2,2,2,0,3,9,14,2,0,0,2,1,0,1,6,1,0
9152,MC_SC_17_s03L_9152,26,4,3,0,19,0,9,33,20,3,3,10,13,13,8,15,0,12,20
9153,MC_SC_17_s03L_9153,26,2,1,0,0,0,0,34,6,0,0,0,13,5,0,5,0,2,2
9154,MC_SC_17_s03L_9154,26,2,2,0,1,0,0,7,5,0,8,2,10,5,3,2,0,12,7
9155,MC_SC_17_s03L_9155,26,3,2,12,0,0,1,1,12,0,0,0,0,0,0,0,0,0,0
9156,MC_SC_17_s03L_9156,26,3,1,52,15,0,1,27,27,2,0,0,11,0,0,9,2,10,11
9157,MC_SC_17_s03L_9157,26,6,3,0,11,0,2,0,1,58,27,6,11,15,16,29,4,9,10
9158,MC_SC_17_s03L_9158,26,5,3,0,18,0,61,1,35,101,26,19,32,34,49,23,4,19,22
9159,MC_SC_17_s03L_9159,26,4,3,1,10,0,10,46,23,5,0,16,26,2,3,22,0,19,0
9160,MC_SC_17_s03L_9160,26,7,4,0,31,0,47,1,36,81,32,7,12,15,24,19,8,32,20
9161,MC_SC_17_s03L_9161,26,4,2,0,1,0,2,27,7,0,0,1,13,0,0,3,4,0,0
9162,MC_SC_17_s03L_9162,26,5,3,0,25,0,9,2,0,80,19,3,15,28,18,11,4,12,13
9163,MC_SC_17_s03L_9163,26,4,3,0,3,0,8,51,48,8,5,16,23,0,5,6,8,9,14
9164,MC_SC_17_s03L_9164,26,3,2,0,59,0,2,4,11,4,1,10,13,43,0,13,2,59,0
9165,MC_SC_17_s03L_9165,26,4,2,57,33,2,24,60,53,4,1,9,22,2,0,14,2,34,12
9166,MC_SC_17_s03L_9166,26,3,2,0,6,0,0,52,7,0,0,5,20,0,0,3,0,0,2
9167,MC_SC_17_s03L_9167,26,9,3,2,7,0,44,36,96,117,20,66,14,34,0,27,12,1,1
9168,MC_SC_17_s03L_9168,26,4,3,0,16,0,24,19,100,5,9,2,16,32,2,10,16,1,1
9169,MC_SC_17_s03L_9169,26,4,3,0,20,0,2,0,0,0,1,6,10,8,0,6,2,4,20
9170,MC_SC_17_s03L_9170,26,14,9,116,69,13,22,22,97,30,5,0,27,19,137,67,62,1,25
9171,MC_SC_17_s03L_9171,26,10,7,0,58,4,18,34,30,4,6,6,19,4,30,42,9,18,22
9172,MC_SC_17_s03L_9172,26,5,1,5,13,0,9,2,8,29,4,2,9,4,1,20,7,5,0
9173,MC_SC_17_s03L_9173,26,8,4,6,67,0,9,40,41,19,11,23,24,30,6,18,2,41,36
9174,MC_SC_17_s03L_9174,26,4,3,0,35,0,63,0,1,0,7,16,9,31,0,8,3,1,8
9175,MC_SC_17_s03L_9175,26,1,1,0,4,0,3,4,2,2,1,0,4,0,0,0,0,1,0
9176,MC_SC_17_s03L_9176,26,7,4,0,33,0,28,3,5,55,10,14,11,1,37,22,12,4,24
9177,MC_SC_17_s03L_9177,26,4,3,0,123,27,202,76,25,7,55,8,24,2,41,75,26,43,5
9178,MC_SC_17_s03L_9178,26,2,1,0,15,0,24,34,0,21,5,1,11,9,0,6,0,3,0
9179,MC_SC_17_s03L_9179,26,5,4,0,43,0,5,25,6,16,3,2,10,13,5,8,0,19,16
9180,MC_SC_17_s03L_9180,26,4,2,50,43,0,21,6,17,3,1,8,26,2,3,22,4,18,22
9181,MC_SC_17_s03L_9181,26,10,3,0,21,0,4,40,24,54,8,13,19,16,13,19,2,27,27
9182,MC_SC_17_s03L_9182,26,3,2,0,56,0,6,6,8,0,6,2,4,10,0,12,0,2,23
9183,MC_SC_17_s03L_9183,26,6,4,60,18,2,10,26,12,2,0,0,20,1,7,4,2,1,8
9184,MC_SC_17_s03L_9184,26,9,4,1,53,12,86,16,7,15,11,0,33,33,2,43,34,12,60
9185,MC_SC_17_s03L_9185,26,3,2,0,13,0,1,5,2,0,10,2,12,15,3,13,0,46,1
9186,MC_SC_17_s03L_9186,26,1,1,0,0,0,0,0,0,0,0,0,1,1,0,2,0,0,2
9187,MC_SC_17_s03L_9187,26,9,4,0,94,5,195,3,4,295,28,14,27,67,122,38,11,32,42
9188,MC_SC_17_s03L_9188,26,6,3,0,7,1,30,1,0,50,10,0,22,10,16,16,11,9,9
9189,MC_SC_17_s03L_9189,26,3,1,0,1,1,0,36,18,7,1,4,4,0,0,13,2,2,0
9190,MC_SC_17_s03L_9190,26,1,1,0,0,0,0,0,1,0,0,0,0,0,2,0,0,0,0
9191,MC_SC_17_s03L_9191,26,2,1,0,2,0,9,0,0,0,0,0,7,0,0,0,0,11,0
9192,MC_SC_17_s03L_9192,26,6,2,2,6,0,78,50,175,121,22,58,23,23,0,12,10,19,1
9193,MC_SC_17_s03L_9193,26,9,6,5,141,0,22,18,2,175,92,5,20,50,118,63,5,6,8
9194,MC_SC_17_s03L_9194,26,3,3,0,31,0,53,8,3,39,7,15,19,34,0,19,12,103,2
9195,MC_SC_17_s03L_9195,26,10,4,0,9,0,19,53,10,54,5,3,20,0,9,4,0,13,10
9196,MC_SC_17_s03L_9196,26,13,6,79,29,0,65,9,45,0,1,24,30,34,0,27,0,29,3
9197,MC_SC_17_s03L_9197,26,7,4,0,23,0,22,1,9,58,12,4,16,40,0,12,5,70,1
9198,MC_SC_17_s03L_9198,26,11,3,148,81,27,22,70,60,10,3,0,20,2,67,31,16,0,22
9199,MC_SC_17_s03L_9199,26,7,3,0,17,17,13,42,46,4,13,14,10,4,9,10,6,2,16
9200,MC_SC_17_s03L_9200,26,4,3,0,6,0,15,2,10,30,35,3,18,23,12,21,2,2,12
9201,MC_SC_17_s03L_9201,26,1,1,0,7,0,2,22,0,0,0,8,20,4,0,6,0,9,0
9202,MC_SC_17_s03L_9202,26,4,2,0,9,0,2,1,5,0,12,7,22,8,0,15,0,11,21
9203,MC_SC_17_s03L_9203,26,5,3,1,22,0,7,13,3,9,3,7,6,9,4,8,2,25,24
9204,MC_SC_17_s03L_9204,26,4,1,33,15,0,24,1,18,2,22,1,29,11,1,10,2,7,0
9205,MC_SC_17_s03L_9205,26,4,3,27,13,0,9,29,40,0,3,8,25,8,0,4,0,8,4
9206,MC_SC_17_s03L_9206,26,6,3,0,24,3,5,2,7,2,4,2,9,11,9,12,0,3,4
9207,MC_SC_17_s03L_9207,26,4,3,0,10,0,5,1,0,4,9,0,3,38,0,9,0,64,6
9208,MC_SC_17_s03L_9208,26,1,1,0,3,0,1,2,3,11,0,0,0,4,0,1,0,0,0
9209,MC_SC_17_s03L_9209,26,5,2,0,36,0,25,11,0,22,9,3,8,18,0,6,4,13,18
9210,MC_SC_17_s03L_9210,26,9,4,0,78,0,123,6,1,79,39,22,28,80,88,88,20,18,41
9211,MC_SC_17_s03L_9211,26,4,2,0,59,0,29,3,10,4,5,5,16,28,0,13,0,25,22
9212,MC_SC_17_s03L_9212,26,5,3,101,64,18,54,7,75,9,28,0,30,37,4,73,10,12,28
9213,MC_SC_17_s03L_9213,26,6,4,5,80,0,11,26,2,21,11,10,9,15,0,17,0,18,31
9214,MC_SC_17_s03L_9214,26,4,3,31,18,0,13,30,15,2,8,1,4,2,0,11,2,17,22
9215,MC_SC_17_s03L_9215,26,4,1,0,20,0,18,0,2,0,2,1,7,35,0,10,2,60,0
9216,MC_SC_17_s03L_9216,26,4,2,38,39,0,46,0,41,2,37,0,17,27,0,34,5,19,6
9217,MC_SC_17_s03L_9217,26,3,2,0,9,0,34,1,0,2,1,6,5,4,0,3,0,25,28
9218,MC_SC_17_s03L_9218,26,3,2,1,24,1,61,0,27,2,2,0,2,3,0,12,0,15,6
9219,MC_SC_17_s03L_9219,26,4,3,0,1,0,3,38,22,0,28,14,38,15,0,12,2,25,18
9220,MC_SC_17_s03L_9220,26,5,4,1,42,1,141,0,29,0,2,0,3,1,0,29,5,35,29
9221,MC_SC_17_s03L_9221,26,3,2,0,2,0,2,21,6,0,0,0,4,1,0,4,0,0,0
9222,MC_SC_17_s03L_9222,26,7,3,0,61,11,153,4,86,5,7,7,12,42,0,25,2,8,1
9223,MC_SC_17_s03L_9223,26,5,3,0,22,1,39,3,1,0,11,22,4,34,0,14,0,12,10
9224,MC_SC_17_s03L_9224,26,3,2,0,0,0,3,0,3,7,4,4,10,1,2,3,0,6,2
9225,MC_SC_17_s03L_9225,26,6,3,0,50,0,61,0,1,7,0,4,9,13,0,29,0,19,8
9226,MC_SC_17_s03L_9226,26,1,1,0,6,0,4,1,1,0,2,3,7,6,0,1,0,11,3
9227,MC_SC_17_s03L_9227,26,3,2,0,14,0,29,6,1,0,0,10,17,17,0,5,0,42,26
9228,MC_SC_17_s03L_9228,26,15,3,0,16,4,26,1,127,21,11,1,13,45,136,29,10,0,0
9229,MC_SC_17_s03L_9229,26,3,2,0,3,0,23,1,3,0,2,0,4,15,0,2,0,0,9
9230,MC_SC_17_s03L_9230,26,3,2,0,22,0,9,1,3,0,38,19,6,30,0,4,0,11,3
9231,MC_SC_17_s03L_9231,26,3,2,0,21,2,17,0,8,77,12,14,6,42,0,15,6,66,2
9232,MC_SC_17_s03L_9232,26,5,5,0,4,0,3,0,60,0,1,1,11,7,17,4,0,0,0
9233,MC_SC_17_s03L_9233,26,1,1,0,3,0,7,0,3,0,0,0,2,3,0,0,0,0,0
9234,MC_SC_17_s03L_9234,26,1,1,0,12,0,20,19,8,0,3,13,15,11,0,6,6,5,1
9235,MC_SC_17_s03L_9235,26,5,3,1,42,0,93,3,13,79,4,16,15,54,4,19,0,71,1
9236,MC_SC_17_s03L_9236,26,5,2,0,13,0,7,42,40,3,1,5,25,10,11,15,2,0,1
9237,MC_SC_17_s03L_9237,26,1,1,123,22,0,73,3,75,0,21,19,12,30,0,5,6,132,41
9238,MC_SC_17_s03L_9238,26,2,1,0,13,0,75,35,3,0,5,2,13,13,0,7,0,17,20
9239,MC_SC_17_s03L_9239,26,5,3,0,44,0,59,70,41,85,13,4,45,2,45,16,4,35,1
9240,MC_SC_17_s03L_9240,26,4,2,119,82,1,13,7,16,8,40,1,24,47,192,20,152,20,20
9241,MC_SC_17_s03L_9241,26,7,5,53,56,1,10,5,2,11,20,1,27,18,117,18,113,38,31
9242,MC_SC_17_s03L_9242,26,4,2,0,45,0,101,3,5,54,1,17,17,63,3,13,0,28,0
9243,MC_SC_17_s03L_9243,26,15,5,0,13,0,85,17,2,92,24,12,32,31,75,58,16,12,5
9244,MC_SC_17_s03L_9244,26,5,3,0,66,55,177,2,95,20,65,19,21,54,115,61,28,82,42
9245,MC_SC_17_s03L_9245,26,2,1,0,2,0,52,30,0,29,2,10,10,30,24,26,4,6,0
9246,MC_SC_17_s03L_9246,26,6,4,0,124,0,130,10,30,136,62,26,28,67,129,43,12,60,88
9247,MC_SC_17_s03L_9247,26,1,1,23,15,0,0,2,5,1,2,1,1,4,32,0,49,1,2
9248,MC_SC_17_s03L_9248,26,2,1,0,33,4,134,2,15,125,3,18,4,26,3,20,20,216,37
9249,MC_SC_17_s03L_9249,26,4,1,1,5,0,4,3,1,30,18,9,14,3,10,12,5,19,0
9250,MC_SC_17_s03L_9250,26,4,2,0,2,0,0,0,1,0,7,1,7,13,0,12,3,11,0
9251,MC_SC_17_s03L_9251,26,2,2,0,16,1,23,41,2,0,8,2,46,25,5,10,2,13,22
9252,MC_SC_17_s03L_9252,26,5,3,0,39,0,98,2,6,58,20,41,32,42,84,47,4,22,30
9253,MC_SC_17_s03L_9253,26,3,2,3,31,0,43,0,3,54,2,38,26,50,64,15,20,5,1
9254,MC_SC_17_s03L_9254,26,11,3,27,65,6,14,9,2,35,1,7,18,1,90,28,110,5,0
9255,MC_SC_17_s03L_9255,26,4,2,1,2,0,9,3,8,35,13,10,7,3,16,8,5,18,0
9256,MC_SC_17_s03L_9256,26,5,2,3,106,24,243,2,201,349,35,15,49,49,123,102,34,11,1
9257,MC_SC_17_s03L_9257,26,3,2,0,1,0,2,71,38,0,0,1,31,35,0,12,0,0,0
9258,MC_SC_17_s03L_9258,26,6,3,0,153,1,144,10,11,218,23,20,57,102,102,22,20,57,28
9259,MC_SC_17_s03L_9259,26,7,4,0,8,0,38,0,0,18,13,3,7,1,1,14,0,0,24
9260,MC_SC_17_s03L_9260,26,5,3,0,21,0,31,4,0,53,21,2,17,18,18,9,2,111,36
9261,MC_SC_17_s03L_9261,26,2,2,0,9,2,2,10,37,1,0,1,1,3,16,6,0,0,0
9262,MC_SC_17_s03L_9262,26,15,5,0,108,260,410,44,329,87,137,25,92,154,217,221,168,23,22
9263,MC_SC_17_s03L_9263,26,4,1,0,17,3,10,43,17,2,0,11,23,14,5,13,0,0,0
9264,MC_SC_17_s03L_9264,26,5,2,70,78,5,14,6,48,23,8,0,10,18,43,6,110,10,21
9265,MC_SC_17_s03L_9265,26,2,1,0,20,4,75,1,27,141,2,16,8,22,9,33,33,149,33
9266,MC_SC_17_s03L_9266,26,1,1,0,12,0,61,52,5,25,5,0,13,0,4,5,0,11,0
9267,MC_SC_17_s03L_9267,26,3,1,0,20,0,50,12,20,63,25,17,16,3,4,8,2,21,0
9268,MC_SC_17_s03L_9268,26,2,1,0,7,0,4,0,0,0,12,7,4,26,0,10,1,11,4
9269,MC_SC_17_s03L_9269,26,5,4,0,67,0,121,0,10,147,15,27,21,60,112,45,13,22,70
9270,MC_SC_17_s03L_9270,26,8,4,0,162,2,6,6,158,416,112,56,34,86,79,72,93,213,99
9271,MC_SC_17_s03L_9271,26,7,3,37,57,1,9,2,2,6,10,0,12,16,55,17,6,3,2
9272,MC_SC_17_s03L_9272,26,13,4,0,153,0,1,6,11,290,67,72,38,113,176,51,92,280,70
9273,MC_SC_17_s03L_9273,26,5,3,0,22,0,1,36,55,0,0,8,11,28,0,3,0,39,0
9274,MC_SC_17_s03L_9274,26,10,3,0,116,62,211,10,53,17,66,13,24,59,147,69,29,52,45
9275,MC_SC_17_s03L_9275,26,3,2,0,12,0,34,0,0,0,14,6,31,30,8,5,0,0,19
9276,MC_SC_17_s03L_9276,26,3,2,0,39,0,54,1,0,3,1,16,11,44,15,9,4,86,19
9277,MC_SC_17_s03L_9277,26,5,3,0,200,3,336,1,0,175,12,79,18,104,153,96,17,43,102
9278,MC_SC_17_s03L_9278,26,7,4,0,26,5,119,1,70,125,33,53,39,129,146,92,52,28,85
9279,MC_SC_17_s03L_9279,26,5,3,0,56,0,74,3,2,19,7,7,7,25,4,46,2,58,29
9280,MC_SC_17_s03L_9280,26,15,8,0,74,0,8,2,56,13,15,12,5,73,2,0,23,158,48
9281,MC_SC_17_s03L_9281,26,1,1,0,1,0,29,18,2,3,6,1,2,5,0,14,0,11,0
9282,MC_SC_17_s03L_9282,26,1,1,0,2,0,2,2,1,3,0,0,0,1,0,0,0,3,3
9283,MC_SC_17_s03L_9283,26,5,2,0,44,0,73,2,0,28,13,7,11,30,0,32,2,51,45
9284,MC_SC_17_s03L_9284,26,2,1,0,22,0,44,0,43,18,9,1,6,17,0,15,15,2,3
9285,MC_SC_17_s03L_9285,26,9,3,0,52,0,10,2,13,43,33,2,16,64,0,19,6,95,33
9286,MC_SC_17_s03L_9286,26,12,8,0,16,0,5,0,5,38,15,1,4,32,0,2,7,78,18
9287,MC_SC_17_s03L_9287,26,6,3,0,19,0,4,2,2,76,11,3,7,67,0,6,5,71,0
9288,MC_SC_17_s03L_9288,26,7,4,112,66,9,139,7,9,22,13,12,20,18,194,24,23,39,16
9289,MC_SC_17_s03L_9289,26,2,1,0,10,0,63,4,0,40,0,2,11,28,10,14,2,28,0
9290,MC_SC_17_s03L_9290,26,5,3,40,30,0,5,0,51,16,1,1,20,19,26,17,8,30,14
9291,MC_SC_17_s03L_9291,26,11,4,108,100,0,95,9,5,16,29,28,20,21,11,27,12,19,3
9292,MC_SC_17_s03L_9292,26,7,5,0,7,0,5,0,0,10,8,0,6,24,2,1,0,32,2
9293,MC_SC_17_s03L_9293,26,8,2,73,78,13,60,7,2,91,6,47,25,28,155,50,73,5,3
9294,MC_SC_17_s03L_9294,26,8,4,0,70,0,23,2,36,194,42,56,29,176,11,21,8,269,28
9295,MC_SC_17_s03L_9295,26,1,1,1,1,0,0,0,1,1,0,0,1,2,0,0,0,24,0
9296,MC_SC_17_s03L_9296,26,3,1,0,80,0,3,1,48,127,16,17,21,78,3,2,4,141,28
9297,MC_SC_17_s03L_9297,26,7,3,122,56,0,5,12,7,20,4,6,20,16,52,84,53,13,7
9298,MC_SC_17_s03L_9298,26,4,3,0,3,0,8,9,0,2,4,8,24,14,0,7,0,0,0
9299,MC_SC_17_s03L_9299,26,4,3,0,32,0,151,1,9,128,7,15,24,3,7,24,5,63,2
9300,MC_SC_17_s03L_9300,26,4,2,0,1,0,45,11,1,36,0,4,7,21,0,15,0,28,3
9301,MC_SC_17_s03L_9301,26,5,3,0,35,2,26,0,24,76,4,10,26,38,10,6,3,32,30
9302,MC_SC_17_s03L_9302,26,1,1,0,1,0,1,1,1,12,1,0,0,3,0,0,0,3,0
9303,MC_SC_17_s03L_9303,26,3,2,0,30,0,34,1,10,0,2,6,45,5,1,12,0,5,3
9304,MC_SC_17_s03L_9304,26,14,12,0,221,0,13,16,52,232,75,69,23,132,171,35,26,365,69
9305,MC_SC_17_s03L_9305,26,1,1,0,8,0,28,53,0,26,8,0,12,12,0,1,0,3,2
9306,MC_SC_17_s03L_9306,26,4,3,0,39,0,9,11,6,34,23,2,10,35,12,13,2,35,0
9307,MC_SC_17_s03L_9307,26,4,2,0,140,0,1,5,102,129,57,40,27,150,20,25,21,275,46
9308,MC_SC_17_s03L_9308,26,1,1,5,6,0,5,0,2,0,0,2,0,1,0,2,32,0,1
9309,MC_SC_17_s03L_9309,26,2,1,0,7,0,17,0,0,0,2,1,15,11,0,9,0,15,0
9310,MC_SC_17_s03L_9310,26,4,2,0,87,0,2,7,49,94,34,7,32,103,2,15,17,228,46
9311,MC_SC_17_s03L_9311,26,9,6,41,78,5,147,11,3,21,38,114,76,32,235,128,273,29,60
9312,MC_SC_17_s03L_9312,26,15,3,61,67,1,43,1,8,8,5,16,15,19,163,60,235,19,20
9313,MC_SC_17_s03L_9313,26,8,4,15,21,0,31,1,3,6,4,0,1,0,0,1,0,0,2
9314,MC_SC_17_s03L_9314,26,6,3,49,63,3,98,2,1,18,16,11,26,36,120,86,215,29,38
9315,MC_SC_17_s03L_9315,26,4,1,0,1,0,46,0,0,17,0,2,2,0,2,18,1,17,15
9316,MC_SC_17_s03L_9316,26,3,2,0,2,0,39,0,0,21,0,0,5,2,3,2,2,45,6
9317,MC_SC_17_s03L_9317,27,5,3,0,5,0,26,35,0,4,0,0,11,1,0,0,2,3,0
9318,MC_SC_17_s03L_9318,27,9,7,0,12,38,66,3,42,1,2,6,23,51,44,6,0,52,15
9319,MC_SC_17_s03L_9319,27,3,2,0,18,6,154,3,43,1,0,11,11,38,4,29,2,85,29
9320,MC_SC_17_s03L_9320,27,1,1,12,0,1,23,16,22,11,1,1,0,4,18,2,2,0,0
9321,MC_SC_17_s03L_9321,27,2,1,0,0,0,13,3,1,0,0,0,0,0,0,0,0,40,0
9322,MC_SC_17_s03L_9322,27,4,3,0,1,0,17,0,10,17,1,0,0,1,0,0,0,0,0
9323,MC_SC_17_s03L_9323,27,5,3,0,18,6,96,5,115,7,7,2,22,49,87,10,0,37,0
9324,MC_SC_17_s03L_9324,27,7,3,42,7,1,25,19,30,1,1,3,3,0,0,8,0,17,0
9325,MC_SC_17_s03L_9325,27,3,3,15,1,0,12,6,4,0,0,2,2,0,0,19,2,3,0
9326,MC_SC_17_s03L_9326,27,1,1,14,7,0,25,9,22,0,6,3,1,1,1,5,0,0,0
9327,MC_SC_17_s03L_9327,27,2,1,0,0,0,9,0,0,0,0,0,0,0,0,0,0,0,0
9328,MC_SC_17_s03L_9328,27,7,2,0,2,0,8,0,9,0,0,0,0,3,0,0,0,10,0
9329,MC_SC_17_s03L_9329,27,1,1,0,0,0,3,0,0,11,0,0,0,9,1,0,0,0,0
9330,MC_SC_17_s03L_9330,27,1,1,0,0,0,10,0,0,29,3,0,0,5,0,0,0,3,1
9331,MC_SC_17_s03L_9331,27,7,5,1,5,0,31,26,24,6,1,7,11,6,2,1,0,0,0
9332,MC_SC_17_s03L_9332,27,5,4,0,15,0,56,56,6,74,10,1,22,6,38,0,0,6,0
9333,MC_SC_17_s03L_9333,27,4,3,21,2,0,15,12,25,6,2,2,23,1,0,2,0,0,0
9334,MC_SC_17_s03L_9334,27,5,3,1,8,1,69,62,7,91,25,1,23,21,48,0,0,1,0
9335,MC_SC_17_s03L_9335,27,6,3,0,57,0,142,3,5,76,1,7,17,7,13,13,0,93,3
9336,MC_SC_17_s03L_9336,27,5,3,0,14,35,114,8,47,6,1,0,21,85,104,2,0,0,0
9337,MC_SC_17_s03L_9337,27,7,2,0,4,0,31,11,2,4,4,0,12,10,6,0,0,0,0
9338,MC_SC_17_s03L_9338,27,4,1,0,9,0,52,2,1,49,3,5,13,22,4,0,0,0,0
9339,MC_SC_17_s03L_9339,27,1,1,0,2,3,0,1,0,41,3,0,0,7,1,0,0,0,0
9340,MC_SC_17_s03L_9340,27,5,1,24,8,2,5,2,5,14,0,0,4,4,4,1,21,0,0
9341,MC_SC_17_s03L_9341,27,4,2,0,16,0,112,3,1,79,13,3,19,22,18,0,0,6,1
9342,MC_SC_17_s03L_9342,27,5,3,0,5,0,81,0,7,15,0,3,3,8,6,4,2,37,2
9343,MC_SC_17_s03L_9343,27,2,2,27,1,1,24,1,23,3,10,0,2,6,1,3,0,0,0
9344,MC_SC_17_s03L_9344,27,9,3,44,4,4,47,12,46,0,15,3,5,12,2,10,0,0,1
9345,MC_SC_17_s03L_9345,27,6,2,0,6,0,46,14,1,68,4,10,6,49,30,3,0,30,0
9346,MC_SC_17_s03L_9346,27,5,3,0,8,1,46,69,3,135,35,11,21,7,27,9,0,15,1
9347,MC_SC_17_s03L_9347,27,6,3,0,6,0,79,1,4,46,4,22,25,32,21,2,0,9,13
9348,MC_SC_17_s03L_9348,27,3,1,1,7,1,4,15,2,41,0,1,12,0,0,2,22,0,0
9349,MC_SC_17_s03L_9349,27,4,2,3,11,3,14,19,11,119,8,0,10,5,8,3,31,1,1
9350,MC_SC_17_s03L_9350,27,6,3,36,14,2,65,12,18,2,23,1,11,0,36,16,7,2,2
9351,MC_SC_17_s03L_9351,27,3,2,0,18,0,70,59,14,45,3,0,17,19,0,7,0,8,7
9352,MC_SC_17_s03L_9352,27,14,11,0,33,0,64,6,4,26,3,16,13,43,43,2,0,34,0
9353,MC_SC_17_s03L_9353,27,4,1,0,11,0,20,1,12,15,0,3,6,8,0,6,0,3,0
9354,MC_SC_17_s03L_9354,27,2,2,0,4,0,57,1,0,34,0,5,12,7,0,5,0,5,9
9355,MC_SC_17_s03L_9355,27,1,1,0,13,0,11,7,1,16,0,0,2,0,13,1,0,1,0
9356,MC_SC_17_s03L_9356,27,1,1,26,2,0,3,0,1,0,0,0,0,0,0,0,0,0,0
9357,MC_SC_17_s03L_9357,27,11,7,0,26,0,111,0,0,50,4,6,4,41,3,1,0,48,0
9358,MC_SC_17_s03L_9358,27,3,2,0,8,0,46,1,0,12,1,4,6,24,1,0,0,4,3
9359,MC_SC_17_s03L_9359,27,3,1,0,1,0,65,1,7,5,0,2,2,38,2,2,0,19,1
9360,MC_SC_17_s03L_9360,27,3,2,0,8,0,40,0,2,6,1,11,18,31,6,8,0,15,6
9361,MC_SC_17_s03L_9361,27,4,3,0,17,17,124,7,37,29,0,0,34,26,44,13,9,13,29
9362,MC_SC_17_s03L_9362,27,7,3,0,32,0,83,7,5,0,0,0,26,20,23,7,0,115,1
9363,MC_SC_17_s03L_9363,27,4,2,0,13,0,25,38,46,34,0,1,9,13,0,1,0,5,0
9364,MC_SC_17_s03L_9364,27,4,3,0,8,0,48,1,0,65,0,18,10,47,5,4,0,15,1
9365,MC_SC_17_s03L_9365,27,4,3,0,4,0,60,0,14,0,2,0,18,11,0,2,0,24,0
9366,MC_SC_17_s03L_9366,27,3,2,0,16,1,54,1,4,0,3,1,12,3,0,2,0,28,0
9367,MC_SC_17_s03L_9367,27,4,3,0,38,0,47,18,11,20,3,4,8,19,0,1,0,22,9
9368,MC_SC_17_s03L_9368,27,1,1,0,3,0,49,0,0,49,13,5,9,15,12,2,0,2,8
9369,MC_SC_17_s03L_9369,27,3,2,0,9,0,42,1,0,5,3,0,2,2,0,0,0,0,1
9370,MC_SC_17_s03L_9370,27,2,1,68,2,0,21,10,11,0,4,0,8,3,0,0,0,0,0
9371,MC_SC_17_s03L_9371,27,2,1,0,5,0,9,0,0,11,1,1,2,9,2,1,6,0,5
9372,MC_SC_17_s03L_9372,27,6,3,0,5,6,87,1,7,0,0,0,5,3,0,7,0,1,21
9373,MC_SC_17_s03L_9373,27,2,2,0,14,0,39,4,0,16,2,8,20,18,0,14,0,12,22
9374,MC_SC_17_s03L_9374,27,4,2,0,3,0,19,0,0,4,0,14,1,11,4,4,2,11,4
9375,MC_SC_17_s03L_9375,27,4,2,0,12,1,27,33,1,69,18,2,4,0,0,4,0,4,2
9376,MC_SC_17_s03L_9376,27,5,3,0,30,0,87,0,0,44,1,4,6,20,0,0,0,25,0
9377,MC_SC_17_s03L_9377,27,4,2,0,20,0,58,2,8,70,13,26,26,15,11,2,2,52,19
9378,MC_SC_17_s03L_9378,27,5,3,0,19,16,121,2,11,4,0,3,32,17,68,14,5,12,33
9379,MC_SC_17_s03L_9379,27,5,3,0,41,0,141,2,0,50,1,14,19,30,12,2,0,26,22
9380,MC_SC_17_s03L_9380,27,6,3,0,8,0,44,0,0,19,0,4,3,8,0,6,0,3,9
9381,MC_SC_17_s03L_9381,27,3,2,0,21,0,64,5,3,30,2,8,15,7,7,6,0,8,13
9382,MC_SC_17_s03L_9382,27,4,3,0,11,1,98,0,0,0,17,12,18,16,0,5,0,13,11
9383,MC_SC_17_s03L_9383,27,4,3,0,23,0,102,1,6,52,14,1,13,21,4,3,0,30,0
9384,MC_SC_17_s03L_9384,27,3,1,1,13,0,74,0,3,10,0,5,22,25,17,4,0,54,0
9385,MC_SC_17_s03L_9385,27,4,3,0,9,0,80,1,1,25,3,5,15,4,4,15,0,40,0
9386,MC_SC_17_s03L_9386,27,3,2,79,24,0,35,23,48,3,10,1,19,5,53,73,2,9,2
9387,MC_SC_17_s03L_9387,27,13,10,0,8,0,116,0,0,122,1,4,2,9,8,10,21,4,4
9388,MC_SC_17_s03L_9388,27,3,2,0,42,0,132,0,1,7,0,6,20,35,2,16,0,91,0
9389,MC_SC_17_s03L_9389,27,1,1,0,0,0,5,0,1,32,5,0,0,1,16,0,0,1,0
9390,MC_SC_17_s03L_9390,27,3,2,0,18,0,76,3,0,7,5,8,21,19,5,14,2,14,2
9391,MC_SC_17_s03L_9391,27,3,2,0,6,0,3,0,15,0,0,0,0,2,0,0,0,0,0
9392,MC_SC_17_s03L_9392,27,8,6,1,18,8,74,1,21,7,3,0,1,15,0,5,14,14,21
9393,MC_SC_17_s03L_9393,27,3,2,0,63,0,108,10,0,0,16,20,70,0,0,23,0,152,0
9394,MC_SC_17_s03L_9394,27,5,4,0,86,1,187,18,1,5,20,27,53,1,2,19,0,176,1
9395,MC_SC_17_s03L_9395,27,5,3,68,25,3,45,10,14,4,4,0,11,0,2,9,0,0,6
9396,MC_SC_17_s03L_9396,27,6,3,0,34,11,92,0,19,18,2,0,13,11,2,8,2,9,16
9397,MC_SC_17_s03L_9397,27,7,6,0,12,2,34,35,4,67,2,0,3,8,6,6,22,0,10
9398,MC_SC_17_s03L_9398,27,3,2,0,5,5,136,0,24,5,0,0,5,16,0,5,2,36,14
9399,MC_SC_17_s03L_9399,27,3,2,0,25,0,155,1,0,7,1,6,3,16,0,16,0,67,0
9400,MC_SC_17_s03L_9400,27,3,2,37,2,0,21,5,17,0,9,0,11,11,0,3,0,0,8
9401,MC_SC_17_s03L_9401,27,4,2,54,11,0,46,15,4,0,1,2,15,13,0,7,0,15,5
9402,MC_SC_17_s03L_9402,27,4,2,0,9,0,28,3,3,4,9,6,4,2,2,1,0,23,17
9403,MC_SC_17_s03L_9403,27,3,2,51,1,0,30,11,21,0,6,5,12,0,0,4,0,0,1
9404,MC_SC_17_s03L_9404,27,6,4,0,18,0,84,2,26,4,4,0,19,6,0,14,1,0,13
9405,MC_SC_17_s03L_9405,27,5,3,0,71,0,145,1,0,0,5,13,67,28,3,28,0,189,15
9406,MC_SC_17_s03L_9406,27,3,2,0,32,0,105,0,2,4,0,0,5,15,0,11,0,31,21
9407,MC_SC_17_s03L_9407,27,4,3,0,20,0,15,1,24,2,4,2,14,31,2,30,2,21,12
9408,MC_SC_17_s03L_9408,27,3,2,0,59,0,87,2,5,0,9,9,51,4,0,29,0,157,0
9409,MC_SC_17_s03L_9409,27,9,3,158,21,18,16,13,29,6,4,0,2,8,2,31,23,0,0
9410,MC_SC_17_s03L_9410,27,2,2,20,1,0,27,30,3,0,5,1,2,2,0,9,0,1,1
9411,MC_SC_17_s03L_9411,27,4,2,49,25,0,39,34,20,2,4,5,17,0,0,8,3,6,17
9412,MC_SC_17_s03L_9412,27,1,1,21,7,0,30,9,0,0,0,1,2,0,0,11,0,2,2
9413,MC_SC_17_s03L_9413,27,5,2,1,4,0,73,1,17,18,6,5,7,11,0,7,0,5,2
9414,MC_SC_17_s03L_9414,27,5,3,0,19,1,109,1,18,11,0,0,11,3,11,13,5,14,33
9415,MC_SC_17_s03L_9415,27,5,2,0,24,0,44,0,13,49,17,6,7,4,2,21,0,4,8
9416,MC_SC_17_s03L_9416,27,5,1,0,1,0,6,0,0,0,0,0,3,4,0,0,0,4,2
9417,MC_SC_17_s03L_9417,27,4,2,0,24,0,160,3,9,107,75,9,6,1,10,15,0,40,2
9418,MC_SC_17_s03L_9418,27,1,1,18,6,0,4,26,0,0,8,0,2,0,0,9,0,0,0
9419,MC_SC_17_s03L_9419,27,2,1,0,5,0,53,0,6,15,0,0,0,20,0,11,0,15,4
9420,MC_SC_17_s03L_9420,27,4,2,0,18,0,113,0,16,1,20,11,7,1,2,6,0,13,24
9421,MC_SC_17_s03L_9421,27,6,4,0,13,0,56,1,7,34,21,3,7,10,13,14,0,4,7
9422,MC_SC_17_s03L_9422,27,5,3,0,9,0,60,0,0,7,10,1,9,3,0,5,0,32,2
9423,MC_SC_17_s03L_9423,27,5,2,0,4,0,54,0,4,0,1,0,5,0,2,7,0,30,2
9424,MC_SC_17_s03L_9424,27,7,4,123,19,0,42,16,98,31,10,20,24,38,43,67,25,2,19
9425,MC_SC_17_s03L_9425,27,10,5,41,0,0,23,8,3,6,3,0,2,4,4,20,0,0,0
9426,MC_SC_17_s03L_9426,27,1,1,18,4,0,8,10,9,3,1,0,5,0,2,1,0,0,2
9427,MC_SC_17_s03L_9427,27,10,4,0,1,0,47,1,24,8,11,7,8,16,2,38,6,15,6
9428,MC_SC_17_s03L_9428,27,1,1,0,1,4,11,0,0,56,18,0,1,2,26,1,4,2,0
9429,MC_SC_17_s03L_9429,27,1,1,26,5,0,11,26,2,0,0,2,8,0,2,13,0,6,2
9430,MC_SC_17_s03L_9430,27,2,1,0,4,0,3,0,0,0,0,0,6,0,0,0,0,0,0
9431,MC_SC_17_s03L_9431,27,3,1,1,6,0,15,27,31,16,0,5,6,19,0,8,2,0,1
9432,MC_SC_17_s03L_9432,27,10,6,0,13,0,47,0,3,45,31,31,9,4,8,5,0,31,17
9433,MC_SC_17_s03L_9433,27,1,1,0,6,0,7,1,1,5,6,0,11,2,3,3,3,3,1
9434,MC_SC_17_s03L_9434,27,3,3,7,7,0,4,0,12,2,2,0,0,2,13,1,0,0,0
9435,MC_SC_17_s03L_9435,27,4,3,0,13,2,41,3,44,0,2,0,12,12,6,14,0,9,23
9436,MC_SC_17_s03L_9436,27,2,2,0,0,0,52,3,1,16,0,2,3,3,2,10,0,11,6
9437,MC_SC_17_s03L_9437,27,6,3,0,10,0,90,1,62,70,39,1,8,25,34,22,2,3,8
9438,MC_SC_17_s03L_9438,27,2,1,0,0,0,24,12,0,0,0,0,2,9,0,3,0,2,0
9439,MC_SC_17_s03L_9439,27,3,1,0,15,0,40,39,64,18,0,11,25,19,0,6,0,7,3
9440,MC_SC_17_s03L_9440,27,1,1,0,0,0,4,0,0,0,0,0,9,0,0,0,0,0,0
9441,MC_SC_17_s03L_9441,27,3,2,1,7,0,29,23,0,0,2,0,0,0,0,0,0,0,0
9442,MC_SC_17_s03L_9442,27,1,1,18,6,0,0,0,1,0,1,0,0,0,0,0,0,0,0
9443,MC_SC_17_s03L_9443,27,1,1,0,4,0,0,2,2,0,0,0,0,0,0,0,0,2,0
9444,MC_SC_17_s03L_9444,27,1,1,2,0,0,1,0,1,0,0,0,0,0,0,0,0,0,0
9445,MC_SC_17_s03L_9445,27,2,1,0,5,0,10,2,1,31,3,1,2,0,10,2,2,0,1
9446,MC_SC_17_s03L_9446,27,5,2,75,8,0,12,30,21,0,0,8,10,4,3,21,0,0,2
9447,MC_SC_17_s03L_9447,27,3,1,0,11,0,9,4,0,0,0,1,0,0,0,0,0,1,0
9448,MC_SC_17_s03L_9448,27,4,2,1,11,0,5,3,38,0,1,0,9,0,0,2,0,2,0
9449,MC_SC_17_s03L_9449,27,3,2,26,10,0,38,0,0,0,0,2,14,3,0,10,0,0,1
9450,MC_SC_17_s03L_9450,27,10,3,0,22,0,76,1,0,38,16,1,15,6,14,6,2,52,0
9451,MC_SC_17_s03L_9451,27,3,2,0,13,0,58,4,1,36,12,0,4,0,15,5,2,17,0
9452,MC_SC_17_s03L_9452,27,2,2,20,12,0,7,18,8,0,0,1,22,0,0,12,0,1,0
9453,MC_SC_17_s03L_9453,27,4,2,7,5,0,7,0,1,0,3,2,5,0,0,0,0,14,3
9454,MC_SC_17_s03L_9454,27,2,1,7,4,0,0,9,3,0,0,3,9,4,0,0,0,0,0
9455,MC_SC_17_s03L_9455,27,6,4,0,131,26,121,50,10,5,9,4,52,24,126,42,8,5,28
9456,MC_SC_17_s03L_9456,27,4,2,2,30,0,116,3,29,114,37,1,12,10,78,29,5,0,11
9457,MC_SC_17_s03L_9457,27,13,11,1,65,0,3,0,0,0,0,0,0,6,2,6,5,14,0
9458,MC_SC_17_s03L_9458,27,2,2,20,9,0,0,0,5,0,1,9,5,9,0,4,0,5,19
9459,MC_SC_17_s03L_9459,27,7,4,31,5,0,7,1,5,0,5,0,7,7,0,11,0,5,1
9460,MC_SC_17_s03L_9460,27,1,1,0,0,0,0,0,1,0,1,0,0,0,0,0,0,0,0
9461,MC_SC_17_s03L_9461,27,1,1,4,5,0,1,0,0,0,7,3,6,8,0,0,0,6,0
9462,MC_SC_17_s03L_9462,27,1,1,12,4,0,7,28,17,0,0,0,9,0,0,0,0,0,0
9463,MC_SC_17_s03L_9463,27,1,1,0,0,0,0,0,1,0,1,0,0,0,0,3,0,1,0
9464,MC_SC_17_s03L_9464,27,6,2,19,2,0,7,0,14,0,26,1,6,6,0,13,0,9,0
9465,MC_SC_17_s03L_9465,27,2,2,0,31,0,176,0,3,0,8,12,7,5,4,10,0,6,25
9466,MC_SC_17_s03L_9466,27,5,3,0,19,0,45,0,3,4,1,0,5,10,0,5,0,3,8
9467,MC_SC_17_s03L_9467,27,13,5,46,35,0,1,5,27,0,9,9,15,30,0,2,0,15,34
9468,MC_SC_17_s03L_9468,27,2,1,24,11,0,2,2,0,0,19,4,7,11,0,9,0,13,3
9469,MC_SC_17_s03L_9469,27,2,2,6,6,0,0,0,7,0,0,15,19,24,0,16,0,18,29
9470,MC_SC_17_s03L_9470,27,6,4,0,17,0,47,0,0,4,4,0,12,11,0,3,0,0,5
9471,MC_SC_17_s03L_9471,27,7,4,0,22,0,35,2,15,7,2,0,13,12,0,17,0,5,13
9472,MC_SC_17_s03L_9472,27,4,3,1,26,0,2,6,11,7,0,40,8,12,0,2,0,4,35
9473,MC_SC_17_s03L_9473,27,1,1,32,12,0,2,1,3,0,0,0,11,13,0,2,2,29,27
9474,MC_SC_17_s03L_9474,27,1,1,0,1,0,0,1,10,0,0,1,0,0,0,0,0,0,0
9475,MC_SC_17_s03L_9475,27,5,3,0,6,0,9,25,28,0,13,9,18,11,1,20,0,17,10
9476,MC_SC_17_s03L_9476,27,2,2,0,13,3,16,3,49,0,0,0,0,1,0,28,0,6,0
9477,MC_SC_17_s03L_9477,27,2,1,1,14,0,2,43,14,0,6,17,19,1,0,2,0,2,1
9478,MC_SC_17_s03L_9478,27,2,1,0,15,0,3,34,4,0,9,3,13,12,0,5,0,6,17
9479,MC_SC_17_s03L_9479,27,3,2,0,11,0,19,0,0,0,11,0,5,21,0,7,2,0,6
9480,MC_SC_17_s03L_9480,27,1,1,56,16,0,0,0,17,0,5,3,20,6,0,5,0,8,11
9481,MC_SC_17_s03L_9481,27,5,3,0,10,0,10,41,56,1,5,17,24,33,41,22,13,5,13
9482,MC_SC_17_s03L_9482,27,1,1,52,7,0,3,0,9,0,1,2,8,15,4,1,0,1,8
9483,MC_SC_17_s03L_9483,27,13,3,0,68,2,100,57,83,4,5,0,20,0,9,43,5,12,3
9484,MC_SC_17_s03L_9484,27,8,7,56,23,0,30,0,9,0,4,0,24,21,8,10,5,18,25
9485,MC_SC_17_s03L_9485,27,8,3,4,114,22,22,6,248,518,16,6,21,7,288,60,145,48,2
9486,MC_SC_17_s03L_9486,27,9,5,0,29,0,55,1,8,188,11,0,17,28,15,32,27,17,8
9487,MC_SC_17_s03L_9487,27,8,5,0,30,0,64,0,2,74,77,8,26,3,47,28,13,64,1
9488,MC_SC_17_s03L_9488,27,1,1,1,6,0,1,21,12,5,4,1,3,2,0,0,6,3,6
9489,MC_SC_17_s03L_9489,27,3,2,0,12,0,45,0,15,5,20,5,8,21,0,13,12,8,22
9490,MC_SC_17_s03L_9490,27,8,3,0,25,2,8,7,17,10,0,10,11,45,1,28,13,69,0
9491,MC_SC_17_s03L_9491,27,8,4,0,12,0,44,12,20,21,5,2,25,28,4,32,23,4,25
9492,MC_SC_17_s03L_9492,27,8,2,63,5,0,0,1,13,0,3,1,19,5,2,6,2,11,31
9493,MC_SC_17_s03L_9493,27,7,3,0,30,2,156,4,8,149,5,0,15,54,48,37,12,6,9
9494,MC_SC_17_s03L_9494,27,2,2,0,0,0,1,10,0,0,0,0,3,0,0,0,0,0,0
9495,MC_SC_17_s03L_9495,27,5,2,77,31,2,11,9,23,2,0,12,50,33,3,17,4,28,18
9496,MC_SC_17_s03L_9496,27,1,1,0,27,0,30,0,0,0,8,4,11,5,0,4,0,2,0
9497,MC_SC_17_s03L_9497,27,9,5,0,89,0,7,5,1,128,59,5,16,35,56,37,13,5,6
9498,MC_SC_17_s03L_9498,27,5,3,0,16,0,43,3,21,12,22,1,3,16,3,13,22,9,25
9499,MC_SC_17_s03L_9499,27,4,4,0,26,1,3,18,0,15,16,0,21,16,4,10,6,43,0
9500,MC_SC_17_s03L_9500,27,8,4,0,52,0,33,6,2,75,68,8,22,2,31,25,7,4,13
9501,MC_SC_17_s03L_9501,27,4,3,131,30,9,17,6,121,8,22,44,19,23,28,50,4,17,9
9502,MC_SC_17_s03L_9502,27,5,3,0,37,0,29,1,4,29,25,4,9,13,6,14,5,14,15
9503,MC_SC_17_s03L_9503,27,1,1,3,14,12,1,6,31,6,0,8,1,0,29,2,0,0,4
9504,MC_SC_17_s03L_9504,27,5,4,0,14,0,9,0,0,0,3,0,2,7,0,7,0,34,22
9505,MC_SC_17_s03L_9505,27,6,3,8,41,0,14,51,41,126,12,49,8,24,15,20,12,0,8
9506,MC_SC_17_s03L_9506,27,3,2,3,37,4,2,84,21,18,13,1,66,26,2,12,3,29,24
9507,MC_SC_17_s03L_9507,27,5,3,0,13,0,137,2,7,68,0,1,12,23,12,20,2,5,7
9508,MC_SC_17_s03L_9508,27,1,1,14,7,0,4,5,22,0,4,1,1,7,3,4,2,1,2
9509,MC_SC_17_s03L_9509,27,3,2,6,2,0,3,51,13,0,3,1,40,3,0,12,0,1,0
9510,MC_SC_17_s03L_9510,27,4,1,0,8,0,29,0,2,0,6,6,3,10,0,37,2,22,24
9511,MC_SC_17_s03L_9511,27,5,2,1,1,2,0,43,10,0,8,4,7,2,0,1,0,0,0
9512,MC_SC_17_s03L_9512,27,5,3,123,25,9,29,13,67,22,18,2,37,1,44,22,11,17,38
9513,MC_SC_17_s03L_9513,27,10,7,0,103,0,11,1,14,67,55,18,16,37,43,28,7,5,12
9514,MC_SC_17_s03L_9514,27,4,2,0,4,0,6,36,11,0,27,0,3,3,0,9,0,21,2
9515,MC_SC_17_s03L_9515,27,4,3,103,35,6,1,71,68,2,0,0,10,0,0,11,6,13,10
9516,MC_SC_17_s03L_9516,27,3,2,73,49,1,7,49,33,1,0,2,18,4,0,3,0,6,15
9517,MC_SC_17_s03L_9517,27,3,2,27,4,0,6,1,9,2,6,7,18,13,0,6,0,5,18
9518,MC_SC_17_s03L_9518,27,5,4,0,66,0,36,0,15,33,51,17,19,19,5,28,2,19,8
9519,MC_SC_17_s03L_9519,27,10,6,0,49,0,9,1,1,8,11,1,1,18,0,16,7,2,2
9520,MC_SC_17_s03L_9520,27,5,3,0,35,0,21,1,14,7,20,15,5,14,9,8,3,2,16
9521,MC_SC_17_s03L_9521,27,5,3,3,51,4,0,0,6,0,31,2,15,47,0,11,0,54,0
9522,MC_SC_17_s03L_9522,27,5,3,0,21,0,21,0,3,0,22,0,7,6,0,9,0,4,3
9523,MC_SC_17_s03L_9523,27,6,4,4,97,0,6,0,10,7,49,19,17,38,2,19,6,11,1
9524,MC_SC_17_s03L_9524,27,6,2,0,43,0,48,14,39,2,2,4,17,0,0,2,0,3,0
9525,MC_SC_17_s03L_9525,27,5,3,0,46,0,23,0,1,0,2,9,15,17,5,21,2,4,35
9526,MC_SC_17_s03L_9526,27,2,2,0,1,1,2,59,13,0,7,16,31,2,6,4,2,14,9
9527,MC_SC_17_s03L_9527,27,5,4,1,27,0,3,5,1,0,0,11,10,27,0,9,2,49,0
9528,MC_SC_17_s03L_9528,27,6,3,115,55,0,0,1,32,0,18,8,13,17,6,15,9,161,28
9529,MC_SC_17_s03L_9529,27,4,2,2,11,2,12,33,51,11,0,0,16,3,1,21,3,14,2
9530,MC_SC_17_s03L_9530,27,4,2,0,22,0,5,21,12,6,1,0,6,7,0,9,6,4,2
9531,MC_SC_17_s03L_9531,27,6,4,0,7,0,4,0,0,14,1,0,1,8,0,7,0,30,1
9532,MC_SC_17_s03L_9532,27,6,4,0,35,0,47,18,2,56,0,0,16,13,2,34,0,24,21
9533,MC_SC_17_s03L_9533,27,4,2,17,9,0,6,24,60,0,15,4,36,23,1,1,2,3,2
9534,MC_SC_17_s03L_9534,27,4,3,0,16,0,6,1,16,0,24,8,13,16,0,24,0,8,20
9535,MC_SC_17_s03L_9535,27,6,3,0,113,4,182,66,29,25,48,3,13,15,106,95,13,10,9
9536,MC_SC_17_s03L_9536,27,5,3,0,23,0,76,4,36,2,13,0,13,3,3,15,6,10,27
9537,MC_SC_17_s03L_9537,27,14,7,0,84,21,167,102,74,58,61,8,45,25,10,99,53,14,8
9538,MC_SC_17_s03L_9538,27,3,3,69,43,0,4,43,31,0,7,0,25,35,0,28,0,62,0
9539,MC_SC_17_s03L_9539,27,3,2,1,33,2,7,2,3,4,9,11,21,0,61,23,2,3,34
9540,MC_SC_17_s03L_9540,27,10,1,4,23,0,0,9,7,42,27,6,17,60,5,14,4,72,6
9541,MC_SC_17_s03L_9541,27,5,2,1,69,0,9,1,1,87,4,18,39,33,19,17,3,17,26
9542,MC_SC_17_s03L_9542,27,4,3,0,15,0,49,5,9,68,6,7,22,20,0,13,8,25,18
9543,MC_SC_17_s03L_9543,27,4,2,0,18,4,12,7,31,5,0,0,41,24,4,14,13,21,1
9544,MC_SC_17_s03L_9544,27,9,3,0,5,0,3,28,62,11,7,11,16,8,27,14,9,2,7
9545,MC_SC_17_s03L_9545,27,1,1,0,18,5,0,33,7,0,4,3,24,8,0,8,0,5,23
9546,MC_SC_17_s03L_9546,27,7,4,57,38,9,7,40,73,1,10,28,36,30,37,49,6,25,11
9547,MC_SC_17_s03L_9547,27,1,1,0,11,0,0,2,1,6,0,0,3,0,0,1,0,0,0
9548,MC_SC_17_s03L_9548,27,1,1,0,4,0,2,0,0,0,0,0,2,0,0,0,0,1,0
9549,MC_SC_17_s03L_9549,27,6,2,1,24,0,0,2,0,36,0,15,19,27,0,21,2,37,14
9550,MC_SC_17_s03L_9550,27,6,3,0,90,10,84,57,92,0,4,0,22,37,0,41,6,12,6
9551,MC_SC_17_s03L_9551,27,4,3,0,16,4,16,4,114,5,25,13,40,51,10,29,10,25,16
9552,MC_SC_17_s03L_9552,27,8,3,0,5,0,17,28,2,9,2,2,11,0,2,7,0,16,4
9553,MC_SC_17_s03L_9553,27,5,2,117,53,0,7,47,29,3,3,0,18,0,11,7,0,1,18
9554,MC_SC_17_s03L_9554,27,1,1,0,2,0,3,1,0,19,0,0,12,0,0,0,15,3,1
9555,MC_SC_17_s03L_9555,27,4,2,0,14,0,50,0,20,22,18,1,3,5,0,7,0,8,4
9556,MC_SC_17_s03L_9556,27,4,2,52,16,0,17,23,17,0,5,0,7,0,0,2,0,15,3
9557,MC_SC_17_s03L_9557,27,7,5,0,7,0,13,33,0,2,3,0,14,0,0,1,0,10,1
9558,MC_SC_17_s03L_9558,27,12,2,0,3,0,3,45,11,0,52,3,22,4,0,3,0,20,7
9559,MC_SC_17_s03L_9559,27,1,1,0,0,0,0,0,0,3,1,0,0,0,0,0,0,0,0
9560,MC_SC_17_s03L_9560,27,9,5,0,85,43,146,64,271,30,61,6,30,74,80,132,21,43,48
9561,MC_SC_17_s03L_9561,27,1,1,8,7,0,31,7,0,0,0,8,1,14,0,0,0,17,16
9562,MC_SC_17_s03L_9562,27,5,3,0,85,0,229,1,37,44,34,70,33,14,0,53,8,146,7
9563,MC_SC_17_s03L_9563,27,5,2,0,22,2,19,53,79,4,35,16,28,2,3,28,3,1,20
9564,MC_SC_17_s03L_9564,27,3,2,0,25,5,47,40,64,6,29,29,14,21,0,71,0,10,1
9565,MC_SC_17_s03L_9565,27,2,1,0,1,0,12,0,0,10,0,2,0,1,2,0,0,0,4
9566,MC_SC_17_s03L_9566,27,5,3,0,13,0,8,4,4,0,2,2,24,0,0,3,0,8,2
9567,MC_SC_17_s03L_9567,27,4,2,0,24,0,30,1,8,29,8,12,24,2,8,15,4,14,11
9568,MC_SC_17_s03L_9568,27,3,1,0,30,0,4,0,5,0,0,1,12,21,0,10,0,5,21
9569,MC_SC_17_s03L_9569,27,1,1,0,0,0,0,0,0,0,0,0,0,0,0,0,0,2,0
9570,MC_SC_17_s03L_9570,27,4,3,0,4,0,0,44,15,0,0,0,8,4,0,12,0,0,0
9571,MC_SC_17_s03L_9571,27,5,3,0,28,7,46,2,0,0,32,33,4,46,37,24,2,9,7
9572,MC_SC_17_s03L_9572,27,3,2,0,5,1,9,28,8,2,54,7,32,31,2,17,3,39,15
9573,MC_SC_17_s03L_9573,27,1,1,0,2,0,12,27,0,1,27,4,9,1,0,6,0,5,3
9574,MC_SC_17_s03L_9574,27,7,2,0,16,0,47,2,0,71,15,3,19,9,9,32,0,1,1
9575,MC_SC_17_s03L_9575,27,3,2,0,19,0,0,47,40,0,34,13,10,5,0,1,0,12,6
9576,MC_SC_17_s03L_9576,27,7,3,0,34,1,56,0,7,49,11,0,20,18,6,27,20,64,0
9577,MC_SC_17_s03L_9577,27,3,2,0,2,0,1,48,11,2,5,0,14,0,0,6,2,2,0
9578,MC_SC_17_s03L_9578,27,5,2,0,19,0,51,1,1,23,15,20,15,36,39,7,9,60,15
9579,MC_SC_17_s03L_9579,27,3,2,0,1,0,14,25,1,0,4,6,5,0,0,0,0,0,0
9580,MC_SC_17_s03L_9580,27,5,3,0,37,0,4,28,1,0,5,16,9,23,0,17,0,35,17
9581,MC_SC_17_s03L_9581,27,8,4,0,45,0,28,8,4,2,3,13,2,23,0,10,3,21,16
9582,MC_SC_17_s03L_9582,27,4,2,0,4,0,0,60,35,0,0,0,30,31,6,3,0,2,0
9583,MC_SC_17_s03L_9583,27,3,2,0,25,0,40,28,3,2,2,3,22,0,5,11,0,23,1
9584,MC_SC_17_s03L_9584,27,5,3,0,47,0,12,11,101,298,91,8,12,104,3,17,21,347,59
9585,MC_SC_17_s03L_9585,27,6,2,0,34,0,89,54,72,2,1,16,13,30,18,21,0,40,2
9586,MC_SC_17_s03L_9586,27,5,2,0,25,0,6,1,21,52,42,5,5,86,5,14,4,109,10
9587,MC_SC_17_s03L_9587,27,6,2,1,69,12,170,70,169,0,34,48,43,13,17,62,2,28,6
9588,MC_SC_17_s03L_9588,27,6,1,0,6,0,20,17,0,12,4,0,9,0,5,0,0,0,0
9589,MC_SC_17_s03L_9589,27,14,8,146,172,3,115,12,12,17,24,18,38,22,284,113,331,8,22
9590,MC_SC_17_s03L_9590,27,1,1,0,1,0,1,59,19,0,3,1,31,21,0,6,0,5,0
9591,MC_SC_17_s03L_9591,27,9,7,68,96,1,71,13,20,19,24,84,35,31,63,23,143,32,19
9592,MC_SC_17_s03L_9592,27,4,3,0,35,0,45,0,0,2,20,4,9,27,8,10,3,55,30
9593,MC_SC_17_s03L_9593,27,8,4,85,69,1,50,4,34,42,19,77,19,13,165,30,205,8,35
9594,MC_SC_17_s03L_9594,27,1,1,0,3,0,0,9,27,0,9,3,0,6,6,6,0,0,0
9595,MC_SC_17_s03L_9595,27,6,4,78,81,1,17,11,6,46,7,24,25,4,147,75,335,25,16
9596,MC_SC_17_s03L_9596,27,4,2,0,97,0,25,2,1,96,5,36,32,91,40,42,14,170,60
9597,MC_SC_17_s03L_9597,27,1,1,1,12,0,0,2,0,4,1,0,2,6,31,2,31,0,0
9598,MC_SC_17_s03L_9598,27,5,2,181,135,1,44,10,4,13,57,12,23,21,225,108,297,42,51
9599,MC_SC_17_s03L_9599,27,1,1,0,8,0,0,1,2,21,2,0,0,0,11,3,0,0,0
9600,MC_SC_17_s03L_9600,27,3,1,1,5,0,17,12,7,0,2,1,1,8,0,3,0,2,19
9601,MC_SC_17_s03L_9601,27,2,1,7,31,0,1,0,0,0,6,7,7,4,25,3,49,1,0
9602,MC_SC_17_s03L_9602,27,3,2,91,44,2,80,12,14,4,9,1,5,0,0,20,0,42,33
9603,MC_SC_17_s03L_9603,27,2,1,0,19,0,1,0,8,82,14,0,0,12,25,5,0,27,12
9604,MC_SC_17_s03L_9604,27,1,1,0,10,0,5,1,2,26,4,1,0,3,16,4,0,0,0
9605,MC_SC_17_s03L_9605,27,6,3,12,82,11,140,0,6,38,15,56,8,21,96,10,78,1,7
9606,MC_SC_17_s03L_9606,27,1,1,0,0,0,3,0,0,0,0,0,0,5,0,0,0,0,1
9607,MC_SC_17_s03L_9607,27,9,6,0,34,0,46,3,41,85,41,23,14,65,0,57,0,47,5
9608,MC_SC_17_s03L_9608,27,5,2,51,36,3,5,0,21,23,17,25,24,12,120,29,126,9,13
9609,MC_SC_17_s03L_9609,27,12,5,40,45,0,0,3,5,0,1,1,6,22,83,28,102,28,28
9610,MC_SC_17_s03L_9610,27,1,1,0,1,0,0,0,0,5,2,2,1,6,4,14,2,45,7
9611,MC_SC_17_s03L_9611,27,11,4,0,85,12,13,9,87,107,39,49,33,131,8,13,51,200,28
9612,MC_SC_17_s03L_9612,27,1,1,20,13,0,0,1,3,1,1,1,5,3,23,6,28,14,2
9613,MC_SC_17_s03L_9613,27,7,5,0,78,0,150,2,71,154,1,21,57,60,8,94,27,123,69
9614,MC_SC_17_s03L_9614,27,8,5,131,149,2,265,3,13,13,17,70,30,107,27,12,202,47,21
9615,MC_SC_17_s03L_9615,27,4,2,0,22,0,102,0,2,12,17,5,25,11,21,18,2,71,0
9616,MC_SC_17_s03L_9616,27,4,2,120,80,0,0,1,15,7,18,2,13,48,31,50,132,57,27
9617,MC_SC_17_s03L_9617,27,4,3,1,42,0,94,7,0,88,0,41,8,47,24,64,7,21,0
9618,MC_SC_17_s03L_9618,27,14,5,8,5,0,56,0,4,2,1,3,0,6,11,6,11,1,2
9619,MC_SC_17_s03L_9619,27,5,4,30,98,6,21,2,8,22,16,22,17,11,30,32,146,25,11
9620,MC_SC_17_s03L_9620,27,11,5,29,53,0,98,0,0,2,8,16,11,38,0,2,50,7,8
9621,MC_SC_17_s03L_9621,27,3,1,0,17,0,47,0,0,4,1,0,7,8,0,0,2,2,1
9622,MC_SC_17_s03L_9622,27,3,2,0,27,0,39,1,1,17,42,40,43,7,0,13,0,0,1
9623,MC_SC_17_s03L_9623,27,3,2,0,9,0,17,4,12,1,5,3,10,1,0,7,4,11,0
9624,MC_SC_17_s03L_9624,27,7,2,107,20,0,1,1,5,3,5,12,11,28,0,61,24,7,10
9625,MC_SC_17_s03L_9625,27,1,1,0,0,0,0,0,0,0,0,1,0,0,0,0,0,0,0
9626,MC_SC_17_s03L_9626,27,5,4,0,1,0,13,1,1,0,2,0,11,12,0,15,0,21,9
9627,MC_SC_17_s03L_9627,27,8,5,81,10,0,5,0,10,0,7,0,4,24,41,1,60,23,25
9628,MC_SC_17_s03L_9628,27,5,3,1,37,0,25,1,0,10,1,11,2,29,0,23,6,81,28
9629,MC_SC_17_s03L_9629,27,8,4,139,131,2,302,2,14,16,23,95,26,54,91,46,74,54,21
9630,MC_SC_17_s03L_9630,27,7,4,39,37,0,53,12,12,12,9,56,33,31,4,55,149,26,30
9631,MC_SC_17_s03L_9631,27,8,5,92,61,0,4,5,8,12,15,3,13,29,4,47,31,26,14
9632,MC_SC_17_s03L_9632,27,4,2,0,4,0,21,0,0,3,8,1,5,19,0,5,0,17,5
9633,MC_SC_17_s03L_9633,27,7,5,44,77,4,119,15,5,23,9,65,15,16,5,33,28,67,8
9634,MC_SC_17_s03L_9634,27,7,3,17,38,0,44,0,0,2,4,3,8,14,66,16,10,10,3
9635,MC_SC_17_s03L_9635,27,3,2,0,14,0,14,1,1,33,25,6,16,30,9,3,0,1,19
9636,MC_SC_17_s03L_9636,27,4,3,0,17,0,72,0,0,12,2,2,5,24,0,30,2,89,33
9637,MC_SC_17_s03L_9637,27,7,3,55,45,4,119,3,9,7,10,3,26,24,10,4,28,36,27
9638,MC_SC_17_s03L_9638,27,6,3,0,50,0,80,2,36,129,0,14,52,39,0,24,2,58,50
9639,MC_SC_17_s03L_9639,27,5,2,0,202,4,224,5,0,278,14,82,39,99,126,76,16,44,52
9640,MC_SC_17_s03L_9640,27,3,1,0,12,0,71,3,0,73,3,5,10,16,0,4,5,80,15
9641,MC_SC_17_s03L_9641,27,8,4,82,61,22,69,4,8,179,10,12,23,35,198,45,205,14,6
9642,MC_SC_17_s03L_9642,27,14,7,1,618,7,455,32,79,850,90,131,45,270,567,230,104,147,125
9643,MC_SC_17_s03L_9643,27,1,1,0,13,0,16,0,1,9,1,1,4,1,3,5,0,0,0
9644,MC_SC_17_s03L_9644,27,5,3,0,6,0,24,0,0,25,2,0,6,2,6,0,1,4,0
9645,MC_SC_17_s03L_9645,27,2,1,1,29,0,55,1,5,26,2,6,30,7,0,15,3,39,1
9646,MC_SC_17_s03L_9646,27,4,2,89,32,0,113,0,21,0,53,30,34,90,0,9,28,96,3
9647,MC_SC_17_s03L_9647,27,7,5,111,72,2,118,3,10,41,29,110,67,65,245,75,313,35,33
9648,MC_SC_17_s03L_9648,27,1,1,0,5,0,3,1,2,0,1,0,5,0,6,2,0,0,3
9649,MC_SC_17_s03L_9649,27,3,2,0,28,0,47,1,1,47,0,7,13,14,45,17,17,2,0
9650,MC_SC_17_s03L_9650,27,4,2,0,20,0,15,51,0,0,26,4,68,22,14,21,2,15,11
9651,MC_SC_17_s03L_9651,27,1,1,0,7,0,24,0,2,0,9,3,7,16,0,7,0,3,0
9652,MC_SC_17_s03L_9652,27,3,3,0,0,0,5,0,0,7,2,8,16,29,0,13,0,22,0
9653,MC_SC_17_s03L_9653,27,4,3,8,4,0,26,0,1,25,27,3,20,0,10,10,0,0,44
9654,MC_SC_17_s03L_9654,27,1,1,12,4,0,25,0,0,0,0,0,0,0,0,0,0,0,0
9655,MC_SC_17_s03L_9655,27,1,1,0,68,0,22,0,0,0,0,0,3,6,2,4,0,67,11
9656,MC_SC_17_s03L_9656,27,2,2,0,8,0,14,26,1,5,3,0,4,5,0,1,0,0,1
9657,MC_SC_17_s03L_9657,27,4,3,0,25,0,35,0,8,57,32,7,28,23,11,22,17,41,0
9658,MC_SC_17_s03L_9658,27,4,2,0,10,2,34,1,9,86,0,17,24,16,23,38,6,5,0
9659,MC_SC_17_s03L_9659,27,4,3,0,35,0,44,0,15,10,6,0,11,7,2,15,6,56,0
9660,MC_SC_17_s03L_9660,27,7,5,66,11,0,126,1,7,12,4,42,12,18,110,36,190,35,43
9661,MC_SC_17_s03L_9661,27,5,2,0,6,0,15,0,3,14,0,1,1,11,0,1,0,22,2
9662,MC_SC_17_s03L_9662,27,2,1,0,3,0,13,1,18,0,0,1,1,1,2,1,0,22,0
9663,MC_SC_17_s03L_9663,27,9,7,0,13,0,31,2,1,20,20,3,29,0,0,7,12,27,28
9664,MC_SC_17_s03L_9664,28,4,2,68,31,23,46,10,57,1,29,1,14,4,23,2,0,0,4
9665,MC_SC_17_s03L_9665,28,5,5,0,0,18,7,0,10,0,0,0,0,8,11,0,0,15,2
9666,MC_SC_17_s03L_9666,28,2,1,0,1,0,17,0,4,4,0,0,0,0,0,0,0,0,0
9667,MC_SC_17_s03L_9667,28,8,6,0,13,7,101,2,55,8,4,0,49,2,81,8,2,66,18
9668,MC_SC_17_s03L_9668,28,10,3,0,3,0,27,0,0,30,1,1,0,18,11,1,0,17,0
9669,MC_SC_17_s03L_9669,28,5,3,3,2,0,28,34,27,26,2,2,9,38,3,0,0,7,10
9670,MC_SC_17_s03L_9670,28,5,2,0,19,0,42,74,4,91,13,2,14,15,45,0,0,0,0
9671,MC_SC_17_s03L_9671,28,6,4,0,3,0,52,1,0,81,0,7,16,32,4,7,2,2,3
9672,MC_SC_17_s03L_9672,28,8,1,0,4,0,19,0,4,37,7,7,4,27,0,3,0,31,11
9673,MC_SC_17_s03L_9673,28,2,2,0,1,0,13,0,0,3,0,3,3,6,0,0,2,9,7
9674,MC_SC_17_s03L_9674,28,10,5,30,7,0,32,0,14,2,7,0,13,5,10,25,12,7,23
9675,MC_SC_17_s03L_9675,28,10,4,0,1,0,33,0,2,0,0,0,1,5,0,0,0,28,0
9676,MC_SC_17_s03L_9676,28,6,2,3,18,0,81,4,4,96,0,21,8,68,2,0,0,0,1
9677,MC_SC_17_s03L_9677,28,5,2,0,23,0,84,2,5,64,11,1,16,25,36,3,0,0,0
9678,MC_SC_17_s03L_9678,28,1,1,0,0,0,5,0,5,0,1,0,1,2,2,0,0,15,0
9679,MC_SC_17_s03L_9679,28,5,4,0,10,0,21,30,46,7,4,1,12,46,24,10,3,19,4
9680,MC_SC_17_s03L_9680,28,1,1,0,2,3,15,4,17,8,0,0,5,5,6,0,0,0,0
9681,MC_SC_17_s03L_9681,28,4,3,0,9,0,45,1,0,0,4,9,22,21,0,0,0,0,0
9682,MC_SC_17_s03L_9682,28,8,2,0,4,0,55,0,0,7,0,7,12,12,5,0,0,1,8
9683,MC_SC_17_s03L_9683,28,7,2,0,2,0,27,0,1,13,0,4,5,8,0,3,2,17,0
9684,MC_SC_17_s03L_9684,28,4,3,0,4,0,6,46,0,3,25,15,10,12,23,5,0,26,2
9685,MC_SC_17_s03L_9685,28,13,9,83,4,0,38,24,19,0,1,2,12,8,36,46,4,5,8
9686,MC_SC_17_s03L_9686,28,4,2,0,7,0,35,0,1,3,0,12,15,31,2,5,0,6,11
9687,MC_SC_17_s03L_9687,28,11,4,0,11,0,69,0,1,57,0,4,12,26,36,0,0,29,0
9688,MC_SC_17_s03L_9688,28,5,3,0,12,0,70,94,8,79,54,17,9,11,14,0,0,0,0
9689,MC_SC_17_s03L_9689,28,5,3,0,8,0,42,31,2,38,2,0,10,19,0,9,3,4,13
9690,MC_SC_17_s03L_9690,28,8,3,1,11,16,104,2,44,44,1,0,18,22,44,7,17,1,10
9691,MC_SC_17_s03L_9691,28,8,4,0,27,29,118,6,40,5,0,8,9,42,0,11,0,21,13
9692,MC_SC_17_s03L_9692,28,10,4,150,13,22,49,5,35,38,1,2,15,24,77,57,61,0,6
9693,MC_SC_17_s03L_9693,28,2,2,1,1,2,17,1,22,14,0,0,3,0,13,0,0,0,0
9694,MC_SC_17_s03L_9694,28,4,2,0,10,10,51,0,1,17,1,0,22,16,0,2,0,15,5
9695,MC_SC_17_s03L_9695,28,5,3,67,21,0,29,9,25,4,28,1,7,4,18,8,5,0,2
9696,MC_SC_17_s03L_9696,28,6,3,0,82,1,87,54,2,115,21,26,29,47,76,29,16,16,1
9697,MC_SC_17_s03L_9697,28,6,2,0,102,0,146,64,12,83,3,16,36,16,56,20,4,16,3
9698,MC_SC_17_s03L_9698,28,3,2,0,11,3,61,30,12,7,12,13,10,9,0,1,5,2,6
9699,MC_SC_17_s03L_9699,28,6,3,0,34,0,87,5,4,110,38,1,29,27,22,16,3,6,13
9700,MC_SC_17_s03L_9700,28,5,4,0,10,0,31,0,0,9,5,15,13,23,2,0,0,6,10
9701,MC_SC_17_s03L_9701,28,3,2,0,9,0,61,0,2,27,1,7,16,14,2,13,0,7,23
9702,MC_SC_17_s03L_9702,28,4,3,0,0,0,4,8,2,10,0,0,6,0,2,0,1,0,0
9703,MC_SC_17_s03L_9703,28,5,3,1,9,0,15,23,64,18,2,3,1,27,0,9,2,6,0
9704,MC_SC_17_s03L_9704,28,4,2,0,5,0,76,0,0,18,0,3,10,40,1,1,0,12,0
9705,MC_SC_17_s03L_9705,28,6,3,0,26,0,39,55,7,16,0,5,13,5,3,0,2,1,0
9706,MC_SC_17_s03L_9706,28,7,5,0,36,0,64,27,35,60,27,17,31,25,1,2,0,48,15
9707,MC_SC_17_s03L_9707,28,4,2,0,17,5,79,2,7,2,0,3,7,8,2,3,0,21,6
9708,MC_SC_17_s03L_9708,28,1,1,1,1,0,1,1,0,0,0,0,0,2,7,1,2,0,1
9709,MC_SC_17_s03L_9709,28,6,3,1,19,1,30,30,0,56,12,1,14,2,27,3,2,12,0
9710,MC_SC_17_s03L_9710,28,8,4,0,27,95,157,6,56,76,10,0,22,55,73,17,16,12,37
9711,MC_SC_17_s03L_9711,28,7,4,0,14,22,88,6,24,11,8,0,24,49,34,28,3,29,27
9712,MC_SC_17_s03L_9712,28,6,3,0,11,0,66,52,0,31,9,0,24,35,15,21,14,0,8
9713,MC_SC_17_s03L_9713,28,2,2,0,9,12,35,0,7,5,1,4,14,0,15,1,2,33,4
9714,MC_SC_17_s03L_9714,28,4,3,0,12,0,49,5,1,29,1,12,13,21,9,17,0,12,19
9715,MC_SC_17_s03L_9715,28,8,4,0,18,20,94,5,29,58,1,1,11,15,55,7,42,13,15
9716,MC_SC_17_s03L_9716,28,12,4,103,36,7,37,16,6,7,8,2,10,10,44,20,19,0,6
9717,MC_SC_17_s03L_9717,28,2,1,27,16,0,35,0,31,0,29,3,5,14,4,16,0,3,2
9718,MC_SC_17_s03L_9718,28,5,2,0,13,1,12,7,2,54,21,3,1,2,3,0,0,8,0
9719,MC_SC_17_s03L_9719,28,9,3,0,7,0,70,0,1,32,16,19,9,18,0,0,0,7,9
9720,MC_SC_17_s03L_9720,28,5,4,0,43,0,80,3,0,50,1,4,2,22,5,3,2,59,0
9721,MC_SC_17_s03L_9721,28,11,3,0,1,2,8,0,45,0,0,0,1,0,0,0,9,16,0
9722,MC_SC_17_s03L_9722,28,5,2,37,22,1,42,3,28,1,13,0,3,2,8,14,15,4,8
9723,MC_SC_17_s03L_9723,28,5,5,0,3,0,9,0,0,3,0,3,3,1,0,0,0,4,3
9724,MC_SC_17_s03L_9724,28,6,3,0,4,0,78,1,2,20,4,12,6,50,0,8,0,12,1
9725,MC_SC_17_s03L_9725,28,10,7,0,73,3,57,57,13,168,16,10,16,11,96,20,13,6,2
9726,MC_SC_17_s03L_9726,28,9,6,79,18,1,31,14,6,7,5,0,13,1,5,45,5,0,1
9727,MC_SC_17_s03L_9727,28,4,2,1,97,0,99,8,4,95,36,2,21,43,56,10,7,6,3
9728,MC_SC_17_s03L_9728,28,8,3,0,56,1,62,44,18,102,6,1,9,12,25,26,3,0,38
9729,MC_SC_17_s03L_9729,28,7,2,2,14,0,12,0,3,28,2,0,5,13,4,16,0,2,0
9730,MC_SC_17_s03L_9730,28,1,1,0,21,0,52,0,0,23,0,3,1,3,2,3,2,14,0
9731,MC_SC_17_s03L_9731,28,4,3,0,74,2,99,10,0,0,1,24,60,0,0,13,2,99,0
9732,MC_SC_17_s03L_9732,28,5,3,0,17,0,110,0,0,36,6,7,11,10,2,5,0,0,6
9733,MC_SC_17_s03L_9733,28,3,3,0,13,0,149,0,0,21,1,17,5,35,0,11,0,49,2
9734,MC_SC_17_s03L_9734,28,4,3,0,13,0,66,0,5,16,14,2,2,5,2,19,0,17,9
9735,MC_SC_17_s03L_9735,28,2,2,0,12,0,45,0,0,7,2,7,7,0,0,10,0,0,15
9736,MC_SC_17_s03L_9736,28,6,3,11,10,4,53,0,2,29,4,0,12,2,0,21,25,4,2
9737,MC_SC_17_s03L_9737,28,1,1,0,13,0,24,0,3,0,5,2,15,2,0,7,0,49,3
9738,MC_SC_17_s03L_9738,28,7,4,0,4,0,59,0,0,4,4,0,4,2,0,8,0,40,0
9739,MC_SC_17_s03L_9739,28,7,4,0,47,0,98,1,10,14,42,22,11,9,4,0,0,15,11
9740,MC_SC_17_s03L_9740,28,3,2,0,12,0,39,1,32,0,5,1,15,4,0,7,4,35,3
9741,MC_SC_17_s03L_9741,28,7,4,0,15,0,64,0,3,2,8,3,17,3,0,10,0,69,3
9742,MC_SC_17_s03L_9742,28,1,1,2,13,0,20,8,22,0,6,0,1,2,0,13,0,23,0
9743,MC_SC_17_s03L_9743,28,5,2,0,3,0,27,12,1,0,0,0,8,3,0,6,0,4,2
9744,MC_SC_17_s03L_9744,28,2,2,0,21,0,28,7,0,6,23,5,5,1,0,0,0,34,0
9745,MC_SC_17_s03L_9745,28,7,5,0,64,0,171,0,73,106,41,4,6,44,23,31,7,6,15
9746,MC_SC_17_s03L_9746,28,4,2,0,14,0,17,2,2,2,3,0,5,0,3,10,0,4,1
9747,MC_SC_17_s03L_9747,28,4,3,0,19,0,34,50,80,28,2,15,12,10,0,13,2,33,5
9748,MC_SC_17_s03L_9748,28,6,4,0,41,0,128,5,48,162,29,1,14,36,64,39,7,5,8
9749,MC_SC_17_s03L_9749,28,3,2,45,10,0,34,34,28,0,2,7,18,1,0,6,0,3,5
9750,MC_SC_17_s03L_9750,28,9,4,1,55,0,59,63,18,78,6,8,27,17,11,29,21,7,29
9751,MC_SC_17_s03L_9751,28,1,1,0,0,0,5,0,1,0,0,0,0,0,0,0,0,0,0
9752,MC_SC_17_s03L_9752,28,3,2,0,4,0,14,21,26,7,0,5,4,4,0,3,4,0,4
9753,MC_SC_17_s03L_9753,28,12,2,0,7,0,3,0,0,7,10,0,2,0,11,4,0,6,2
9754,MC_SC_17_s03L_9754,28,10,4,0,6,0,24,1,24,63,7,2,4,9,47,12,10,0,0
9755,MC_SC_17_s03L_9755,28,11,6,0,22,0,20,5,0,40,18,0,10,7,8,23,14,78,0
9756,MC_SC_17_s03L_9756,28,1,1,5,1,0,1,0,15,0,1,0,0,0,0,3,0,0,0
9757,MC_SC_17_s03L_9757,28,1,1,0,0,0,0,0,19,6,2,0,1,2,2,1,2,0,0
9758,MC_SC_17_s03L_9758,28,3,2,0,7,0,25,18,23,14,0,1,5,6,2,4,4,0,0
9759,MC_SC_17_s03L_9759,28,3,2,0,9,0,52,1,2,26,1,0,15,2,1,6,0,23,0
9760,MC_SC_17_s03L_9760,28,6,3,0,29,0,48,3,0,29,27,8,18,3,0,9,3,22,25
9761,MC_SC_17_s03L_9761,28,8,4,94,22,4,33,6,72,16,8,15,13,15,68,36,16,4,16
9762,MC_SC_17_s03L_9762,28,1,1,0,16,0,53,2,0,0,6,1,4,3,2,14,0,12,13
9763,MC_SC_17_s03L_9763,28,4,2,61,3,0,47,2,6,0,0,4,9,4,3,3,0,2,16
9764,MC_SC_17_s03L_9764,28,1,1,2,1,0,6,0,0,0,0,0,0,7,0,0,0,0,0
9765,MC_SC_17_s03L_9765,28,2,1,0,10,0,17,0,6,4,0,0,4,0,0,22,7,0,0
9766,MC_SC_17_s03L_9766,28,1,1,0,0,0,1,0,0,0,0,0,3,0,0,0,0,0,0
9767,MC_SC_17_s03L_9767,28,2,1,0,2,0,9,17,6,0,0,1,1,2,0,2,0,3,0
9768,MC_SC_17_s03L_9768,28,13,8,0,21,0,18,0,0,15,5,0,4,1,0,2,4,12,0
9769,MC_SC_17_s03L_9769,28,4,2,0,16,0,36,3,7,21,5,13,9,6,0,5,0,7,8
9770,MC_SC_17_s03L_9770,28,3,1,0,9,0,8,0,0,0,0,6,3,4,0,0,0,23,7
9771,MC_SC_17_s03L_9771,28,2,2,57,18,0,5,31,50,0,8,1,8,2,0,26,2,2,1
9772,MC_SC_17_s03L_9772,28,9,4,0,3,0,120,32,240,246,39,111,3,27,0,9,4,20,2
9773,MC_SC_17_s03L_9773,28,4,4,0,21,5,36,25,77,57,13,6,4,1,0,6,3,6,1
9774,MC_SC_17_s03L_9774,28,5,3,0,39,6,106,3,13,157,7,1,19,8,3,40,13,8,3
9775,MC_SC_17_s03L_9775,28,6,4,23,0,0,1,2,6,0,7,3,3,11,0,8,0,3,2
9776,MC_SC_17_s03L_9776,28,1,1,0,3,0,8,0,1,28,0,0,2,1,3,2,0,0,0
9777,MC_SC_17_s03L_9777,28,5,3,33,23,0,0,3,23,0,7,0,9,9,0,4,0,5,0
9778,MC_SC_17_s03L_9778,28,4,2,29,4,0,0,0,0,0,1,8,9,8,0,0,0,3,7
9779,MC_SC_17_s03L_9779,28,2,1,0,20,0,53,10,0,8,12,0,8,12,15,7,0,10,0
9780,MC_SC_17_s03L_9780,28,6,3,0,9,0,59,5,159,27,4,0,6,24,0,10,0,1,0
9781,MC_SC_17_s03L_9781,28,8,5,0,77,0,115,19,2,89,9,2,31,24,41,39,5,22,23
9782,MC_SC_17_s03L_9782,28,2,1,26,21,0,12,0,12,0,1,0,10,2,0,3,0,0,8
9783,MC_SC_17_s03L_9783,28,1,1,12,0,0,8,0,3,0,0,0,4,16,0,6,0,0,0
9784,MC_SC_17_s03L_9784,28,5,3,21,5,0,5,1,17,0,8,1,11,8,0,8,0,9,2
9785,MC_SC_17_s03L_9785,28,5,3,15,12,0,0,0,8,0,6,5,13,13,0,2,0,14,26
9786,MC_SC_17_s03L_9786,28,4,2,0,0,0,3,0,0,0,5,0,2,14,0,6,0,17,0
9787,MC_SC_17_s03L_9787,28,3,2,33,5,0,1,0,6,0,1,7,9,15,0,3,0,6,26
9788,MC_SC_17_s03L_9788,28,5,3,1,69,0,23,1,6,0,1,0,25,35,0,23,5,63,2
9789,MC_SC_17_s03L_9789,28,3,2,87,18,0,24,0,4,2,8,0,17,33,0,13,0,11,17
9790,MC_SC_17_s03L_9790,28,6,3,0,18,0,1,1,31,13,1,2,9,26,0,11,0,12,0
9791,MC_SC_17_s03L_9791,28,2,2,0,56,2,86,9,0,0,1,16,46,2,0,13,0,70,0
9792,MC_SC_17_s03L_9792,28,4,2,0,2,0,10,0,15,0,19,0,5,13,0,15,0,4,17
9793,MC_SC_17_s03L_9793,28,2,1,109,26,0,0,1,28,0,1,16,5,1,0,0,2,97,5
9794,MC_SC_17_s03L_9794,28,7,4,219,164,11,62,3,124,23,58,3,13,72,17,28,10,23,19
9795,MC_SC_17_s03L_9795,28,1,1,1,5,0,11,1,3,0,21,11,10,13,0,3,0,16,5
9796,MC_SC_17_s03L_9796,28,4,2,43,21,0,4,38,15,0,4,7,32,0,0,1,0,13,0
9797,MC_SC_17_s03L_9797,28,6,4,7,35,0,37,3,8,2,14,11,20,44,1,35,2,26,4
9798,MC_SC_17_s03L_9798,28,1,1,0,4,0,1,0,4,0,0,1,1,9,0,3,0,9,0
9799,MC_SC_17_s03L_9799,28,5,2,0,33,0,38,0,7,0,0,12,7,44,0,24,0,28,1
9800,MC_SC_17_s03L_9800,28,4,2,0,0,0,0,24,20,0,0,1,9,1,0,2,2,0,0
9801,MC_SC_17_s03L_9801,28,4,2,43,11,0,13,0,119,0,15,36,23,37,16,11,0,19,16
9802,MC_SC_17_s03L_9802,28,2,1,27,6,0,0,1,27,0,0,0,11,1,0,0,0,3,9
9803,MC_SC_17_s03L_9803,28,6,4,9,1,0,9,1,47,0,2,2,8,14,0,14,0,14,3
9804,MC_SC_17_s03L_9804,28,6,5,46,14,0,9,13,56,0,6,5,7,18,0,2,2,16,0
9805,MC_SC_17_s03L_9805,28,6,5,0,23,0,28,0,2,38,3,0,18,3,0,13,5,27,0
9806,MC_SC_17_s03L_9806,28,1,1,0,0,0,0,0,0,0,0,0,0,0,0,0,0,0,0
9807,MC_SC_17_s03L_9807,28,3,1,0,3,0,37,0,2,0,11,1,2,6,0,1,0,7,15
9808,MC_SC_17_s03L_9808,28,6,3,170,109,3,46,3,96,16,26,2,42,58,84,61,46,60,47
9809,MC_SC_17_s03L_9809,28,1,1,0,0,0,0,0,5,5,2,0,0,0,2,0,0,0,0
9810,MC_SC_17_s03L_9810,28,2,2,0,1,0,5,0,0,4,1,0,0,1,0,0,0,2,0
9811,MC_SC_17_s03L_9811,28,1,1,0,2,0,0,0,2,0,0,0,0,0,2,2,0,0,0
9812,MC_SC_17_s03L_9812,28,6,3,1,1,0,0,26,24,0,0,1,7,1,0,0,1,2,1
9813,MC_SC_17_s03L_9813,28,10,3,46,67,0,19,1,58,3,11,0,20,18,20,46,2,4,8
9814,MC_SC_17_s03L_9814,28,6,3,0,52,3,187,6,63,128,15,9,25,11,29,80,83,18,10
9815,MC_SC_17_s03L_9815,28,4,2,2,87,1,83,2,17,18,17,4,27,54,53,62,35,37,5
9816,MC_SC_17_s03L_9816,28,5,2,0,9,0,6,0,0,1,0,3,7,0,0,9,2,5,0
9817,MC_SC_17_s03L_9817,28,10,2,94,49,13,17,4,127,43,5,5,14,2,20,46,54,1,1
9818,MC_SC_17_s03L_9818,28,5,3,10,134,11,29,13,21,37,2,4,50,84,60,30,33,80,8
9819,MC_SC_17_s03L_9819,28,3,1,56,18,1,5,59,23,2,28,8,30,12,3,6,2,34,0
9820,MC_SC_17_s03L_9820,28,7,3,10,37,0,5,3,3,2,0,2,25,27,0,4,3,33,2
9821,MC_SC_17_s03L_9821,28,5,2,0,25,0,4,1,8,6,17,0,9,6,0,5,0,0,2
9822,MC_SC_17_s03L_9822,28,11,3,57,39,0,18,0,77,0,7,0,8,13,29,22,0,0,2
9823,MC_SC_17_s03L_9823,28,9,4,105,111,9,31,126,121,6,46,27,35,4,91,51,11,15,15
9824,MC_SC_17_s03L_9824,28,4,2,1,1,1,10,51,3,1,3,14,18,1,0,2,0,0,0
9825,MC_SC_17_s03L_9825,28,1,1,0,18,0,3,0,0,0,8,9,3,12,0,7,0,3,2
9826,MC_SC_17_s03L_9826,28,1,1,0,0,0,0,0,0,0,0,0,0,0,0,0,0,0,0
9827,MC_SC_17_s03L_9827,28,1,1,16,10,0,1,4,9,92,22,2,2,0,19,2,6,6,1
9828,MC_SC_17_s03L_9828,28,4,2,90,19,0,10,3,46,8,14,2,24,3,9,11,0,22,23
9829,MC_SC_17_s03L_9829,28,3,2,1,42,3,1,6,9,90,0,4,52,0,19,29,9,26,1
9830,MC_SC_17_s03L_9830,28,4,3,321,78,0,12,8,55,2,46,17,23,40,31,23,6,245,48
9831,MC_SC_17_s03L_9831,28,3,2,42,31,2,3,5,12,0,7,16,13,29,13,22,0,25,66
9832,MC_SC_17_s03L_9832,28,8,4,0,116,21,26,4,27,23,1,3,17,51,37,17,35,16,2
9833,MC_SC_17_s03L_9833,28,3,2,78,13,0,2,0,22,4,8,4,14,11,5,14,0,19,19
9834,MC_SC_17_s03L_9834,28,4,2,54,13,0,22,1,3,0,8,0,20,14,0,18,0,16,14
9835,MC_SC_17_s03L_9835,28,1,1,0,3,0,9,1,2,5,0,4,0,2,2,9,0,3,3
9836,MC_SC_17_s03L_9836,28,3,2,4,104,20,45,2,9,22,11,16,40,38,79,49,36,27,1
9837,MC_SC_17_s03L_9837,28,1,1,1,13,0,5,0,1,34,16,3,0,9,33,4,0,0,1
9838,MC_SC_17_s03L_9838,28,3,2,0,45,0,68,4,1,9,0,1,8,0,0,4,8,89,2
9839,MC_SC_17_s03L_9839,28,6,4,209,51,76,90,77,143,60,40,2,33,10,154,74,54,25,14
9840,MC_SC_17_s03L_9840,28,5,3,59,9,0,0,1,11,0,13,1,23,0,0,7,3,44,14
9841,MC_SC_17_s03L_9841,28,3,2,0,19,0,45,0,3,20,1,2,10,6,3,9,2,49,22
9842,MC_SC_17_s03L_9842,28,1,1,3,4,0,0,0,1,0,0,0,2,0,0,0,0,4,0
9843,MC_SC_17_s03L_9843,28,5,3,0,56,10,134,2,46,7,35,0,18,37,54,49,6,8,35
9844,MC_SC_17_s03L_9844,28,13,4,0,92,2,7,5,15,3,22,15,12,42,2,5,6,34,0
9845,MC_SC_17_s03L_9845,28,1,1,0,3,0,0,0,0,0,0,0,0,0,0,0,0,2,0
9846,MC_SC_17_s03L_9846,28,1,1,0,1,0,0,0,0,0,0,0,2,0,0,0,0,3,0
9847,MC_SC_17_s03L_9847,28,1,1,0,2,0,2,0,0,3,1,1,1,7,6,1,2,0,0
9848,MC_SC_17_s03L_9848,28,4,3,38,24,0,23,1,34,1,0,10,14,5,2,23,3,2,11
9849,MC_SC_17_s03L_9849,28,1,1,0,2,0,0,0,0,0,0,0,0,0,0,0,0,2,0
9850,MC_SC_17_s03L_9850,28,4,3,0,10,2,0,0,6,2,1,0,5,6,0,18,14,3,0
9851,MC_SC_17_s03L_9851,28,5,4,74,29,4,18,3,33,7,17,0,17,4,0,10,0,16,18
9852,MC_SC_17_s03L_9852,28,6,3,3,44,15,15,3,11,0,9,12,21,21,28,15,4,1,47
9853,MC_SC_17_s03L_9853,28,3,2,6,83,0,7,65,66,0,4,10,24,2,5,23,6,14,6
9854,MC_SC_17_s03L_9854,28,2,1,0,0,0,0,0,0,0,0,0,5,2,0,2,0,0,0
9855,MC_SC_17_s03L_9855,28,1,1,0,0,0,3,0,3,0,3,0,0,3,0,0,0,0,2
9856,MC_SC_17_s03L_9856,28,5,3,0,14,0,0,69,26,0,58,9,17,0,0,3,0,17,8
9857,MC_SC_17_s03L_9857,28,4,2,108,62,1,2,3,16,3,4,24,11,5,12,23,2,12,41
9858,MC_SC_17_s03L_9858,28,1,1,6,0,0,7,8,4,0,0,2,2,1,8,1,0,0,0
9859,MC_SC_17_s03L_9859,28,1,1,0,2,0,0,13,9,0,3,1,7,0,0,0,0,0,0
9860,MC_SC_17_s03L_9860,28,5,3,10,35,0,8,53,44,0,17,8,13,0,5,30,4,6,2
9861,MC_SC_17_s03L_9861,28,1,1,0,1,0,3,0,0,0,0,0,3,0,0,0,0,1,0
9862,MC_SC_17_s03L_9862,28,6,4,0,22,1,61,0,2,87,10,34,17,38,33,14,18,32,11
9863,MC_SC_17_s03L_9863,28,4,2,0,52,0,14,2,13,0,50,12,19,32,0,13,6,28,0
9864,MC_SC_17_s03L_9864,28,5,3,1,9,4,0,67,45,1,1,3,22,12,0,0,0,1,0
9865,MC_SC_17_s03L_9865,28,5,3,25,10,0,8,0,11,0,0,0,6,0,0,6,0,26,27
9866,MC_SC_17_s03L_9866,28,6,3,1,16,0,10,37,47,2,2,12,22,1,1,30,0,15,1
9867,MC_SC_17_s03L_9867,28,5,4,0,61,19,88,11,14,6,5,0,48,38,13,32,8,6,45
9868,MC_SC_17_s03L_9868,28,3,2,0,19,0,17,0,7,10,1,6,7,9,2,8,0,11,14
9869,MC_SC_17_s03L_9869,28,3,1,40,21,0,4,1,34,2,0,9,10,5,0,8,0,5,1
9870,MC_SC_17_s03L_9870,28,6,3,1,10,0,5,46,15,75,0,1,25,0,0,25,0,18,2
9871,MC_SC_17_s03L_9871,28,1,1,0,0,0,0,1,3,0,23,0,6,9,0,0,2,4,0
9872,MC_SC_17_s03L_9872,28,9,5,2,16,0,33,29,21,0,30,17,10,2,0,4,0,6,1
9873,MC_SC_17_s03L_9873,28,3,3,77,22,0,1,50,36,0,0,0,6,1,0,1,2,16,16
9874,MC_SC_17_s03L_9874,28,3,2,1,20,0,0,1,1,0,6,2,9,33,0,21,0,67,1
9875,MC_SC_17_s03L_9875,28,3,2,87,49,0,15,58,47,0,2,9,15,3,0,15,0,32,16
9876,MC_SC_17_s03L_9876,28,3,1,2,3,0,0,14,5,0,1,3,2,1,0,3,0,1,0
9877,MC_SC_17_s03L_9877,28,3,2,0,12,2,7,62,34,4,0,7,23,1,0,24,2,19,0
9878,MC_SC_17_s03L_9878,28,13,4,1,36,12,17,68,62,2,8,19,12,1,0,33,2,17,3
9879,MC_SC_17_s03L_9879,28,1,1,1,1,0,0,4,1,0,0,0,0,0,0,0,0,0,0
9880,MC_SC_17_s03L_9880,28,7,4,9,53,0,31,4,24,0,7,0,19,10,2,29,2,11,8
9881,MC_SC_17_s03L_9881,28,5,3,0,37,0,17,2,2,9,40,4,15,22,2,12,2,10,13
9882,MC_SC_17_s03L_9882,28,1,1,0,0,0,0,0,0,0,0,0,0,0,0,0,0,0,0
9883,MC_SC_17_s03L_9883,28,5,2,1,86,4,6,60,72,2,12,33,9,4,55,17,9,10,6
9884,MC_SC_17_s03L_9884,28,4,3,4,39,3,6,53,52,0,10,19,21,0,4,27,0,10,15
9885,MC_SC_17_s03L_9885,28,10,4,76,31,0,32,41,52,0,18,16,23,24,12,46,4,31,7
9886,MC_SC_17_s03L_9886,28,4,3,56,14,0,30,9,42,0,0,30,21,23,0,20,0,24,8
9887,MC_SC_17_s03L_9887,28,4,3,40,10,0,11,44,13,0,0,3,12,1,8,7,0,26,1
9888,MC_SC_17_s03L_9888,28,8,5,0,144,0,14,2,2,119,89,3,25,51,145,46,19,8,11
9889,MC_SC_17_s03L_9889,28,4,3,0,6,0,10,23,16,2,14,4,21,1,2,15,2,25,7
9890,MC_SC_17_s03L_9890,28,6,3,0,116,6,90,107,139,33,18,13,55,78,2,65,33,24,34
9891,MC_SC_17_s03L_9891,28,5,3,3,19,0,10,1,88,4,69,3,19,56,8,14,8,14,19
9892,MC_SC_17_s03L_9892,28,4,2,1,70,0,40,4,14,165,8,1,34,37,4,3,0,41,18
9893,MC_SC_17_s03L_9893,28,5,3,0,28,0,72,0,32,38,15,6,6,14,0,10,0,0,15
9894,MC_SC_17_s03L_9894,28,4,2,2,33,0,5,3,7,2,6,2,9,21,9,8,5,0,22
9895,MC_SC_17_s03L_9895,28,13,9,81,37,5,6,40,23,20,1,2,23,6,92,58,59,3,22
9896,MC_SC_17_s03L_9896,28,4,2,0,6,0,0,19,10,0,0,1,7,4,0,7,2,1,0
9897,MC_SC_17_s03L_9897,28,2,1,0,3,2,20,0,12,2,3,4,1,3,2,10,2,22,0
9898,MC_SC_17_s03L_9898,28,6,3,121,57,8,18,28,38,29,5,0,18,5,93,50,32,0,8
9899,MC_SC_17_s03L_9899,28,4,2,0,41,0,10,0,1,2,41,12,22,38,0,16,3,31,3
9900,MC_SC_17_s03L_9900,28,4,3,0,49,0,44,4,38,20,54,12,32,21,0,15,4,35,33
9901,MC_SC_17_s03L_9901,28,7,4,0,97,0,3,7,2,52,85,8,23,36,17,45,16,2,10
9902,MC_SC_17_s03L_9902,28,3,3,0,24,0,53,6,1,135,11,13,13,39,23,10,8,111,6
9903,MC_SC_17_s03L_9903,28,4,2,0,28,0,35,1,14,35,24,23,17,34,36,28,0,26,17
9904,MC_SC_17_s03L_9904,28,9,4,2,97,0,88,11,20,143,6,34,60,49,117,33,21,10,41
9905,MC_SC_17_s03L_9905,28,1,1,0,4,0,5,0,1,16,2,2,0,5,0,0,0,9,0
9906,MC_SC_17_s03L_9906,28,5,2,2,25,6,5,53,19,6,16,7,30,11,0,5,9,27,20
9907,MC_SC_17_s03L_9907,28,4,3,66,26,0,12,41,32,0,2,4,15,2,0,8,0,24,4
9908,MC_SC_17_s03L_9908,28,8,8,4,79,0,44,19,4,30,14,10,7,16,6,13,0,21,29
9909,MC_SC_17_s03L_9909,28,6,4,0,29,0,1,40,9,0,0,2,27,1,0,5,2,10,0
9910,MC_SC_17_s03L_9910,28,4,3,81,11,1,1,35,9,0,4,1,11,2,11,17,0,0,35
9911,MC_SC_17_s03L_9911,28,5,3,0,1,0,2,49,19,0,0,3,15,3,0,9,0,0,0
9912,MC_SC_17_s03L_9912,28,6,3,0,19,0,11,4,4,35,2,16,37,37,6,11,3,29,27
9913,MC_SC_17_s03L_9913,28,5,3,0,5,0,5,3,3,8,16,1,16,25,0,15,4,66,4
9914,MC_SC_17_s03L_9914,28,7,3,59,46,2,4,15,8,0,3,0,4,0,9,17,5,0,8
9915,MC_SC_17_s03L_9915,28,13,3,67,33,1,12,17,9,0,1,0,14,0,12,15,0,0,11
9916,MC_SC_17_s03L_9916,28,6,3,0,31,0,30,3,1,13,4,8,1,6,4,11,0,13,14
9917,MC_SC_17_s03L_9917,28,1,1,7,1,0,0,2,1,0,0,0,0,2,0,1,0,0,1
9918,MC_SC_17_s03L_9918,28,7,3,0,57,0,66,9,27,33,32,32,7,31,0,72,0,59,72
9919,MC_SC_17_s03L_9919,28,2,1,1,16,0,0,39,6,0,42,9,4,11,0,3,0,25,2
9920,MC_SC_17_s03L_9920,28,2,2,22,31,0,1,0,9,0,0,0,6,1,0,0,0,9,1
9921,MC_SC_17_s03L_9921,28,4,1,35,11,0,6,23,10,0,0,2,10,0,0,1,0,9,2
9922,MC_SC_17_s03L_9922,28,3,2,0,23,13,7,1,13,21,10,0,5,19,0,2,2,78,21
9923,MC_SC_17_s03L_9923,28,4,2,98,37,1,24,16,49,3,31,3,14,23,14,22,0,2,14
9924,MC_SC_17_s03L_9924,28,13,4,1,67,0,53,1,3,34,5,31,46,54,0,14,4,16,26
9925,MC_SC_17_s03L_9925,28,4,2,0,1,0,15,0,0,2,2,8,9,8,0,17,0,26,16
9926,MC_SC_17_s03L_9926,28,12,6,0,37,1,100,1,192,317,25,0,20,95,145,130,53,8,11
9927,MC_SC_17_s03L_9927,28,8,5,0,41,0,33,1,18,48,9,1,2,48,0,18,8,96,4
9928,MC_SC_17_s03L_9928,28,7,4,0,1,0,0,30,14,0,3,0,7,6,0,2,0,0,0
9929,MC_SC_17_s03L_9929,28,6,3,0,69,1,107,6,2,182,22,10,10,43,100,29,27,12,22
9930,MC_SC_17_s03L_9930,28,6,3,0,63,43,154,61,89,2,35,28,27,8,27,34,7,14,8
9931,MC_SC_17_s03L_9931,28,5,2,0,23,0,29,0,17,33,4,8,14,38,36,40,2,8,32
9932,MC_SC_17_s03L_9932,28,5,3,0,4,0,0,28,9,0,0,1,4,0,0,0,0,0,0
9933,MC_SC_17_s03L_9933,28,1,1,0,0,0,0,0,5,9,1,1,1,3,3,0,0,1,0
9934,MC_SC_17_s03L_9934,28,3,2,0,5,0,18,22,1,2,7,1,10,0,0,2,0,15,1
9935,MC_SC_17_s03L_9935,28,1,1,0,0,0,2,0,8,0,0,0,0,0,0,0,0,0,0
9936,MC_SC_17_s03L_9936,28,4,2,1,2,0,51,31,16,0,2,9,33,13,0,10,0,6,0
9937,MC_SC_17_s03L_9937,28,2,2,0,15,0,25,0,2,0,0,15,21,19,3,5,0,2,5
9938,MC_SC_17_s03L_9938,28,4,3,0,16,0,9,0,14,5,3,0,8,21,0,27,4,54,0
9939,MC_SC_17_s03L_9939,28,3,2,0,10,0,14,33,3,0,17,1,27,12,3,11,0,22,11
9940,MC_SC_17_s03L_9940,28,4,2,35,35,0,70,0,88,0,43,1,25,22,0,27,0,22,6
9941,MC_SC_17_s03L_9941,28,9,5,0,44,0,60,3,1,27,7,9,15,54,0,34,11,28,30
9942,MC_SC_17_s03L_9942,28,7,2,1,49,0,31,0,17,0,5,22,8,33,0,26,0,24,0
9943,MC_SC_17_s03L_9943,28,7,4,0,94,0,128,6,4,113,10,24,47,62,0,24,19,73,15
9944,MC_SC_17_s03L_9944,28,5,3,0,5,0,1,20,7,0,0,6,21,11,1,10,0,1,0
9945,MC_SC_17_s03L_9945,28,2,1,0,4,0,2,12,0,2,2,2,10,5,0,1,0,3,4
9946,MC_SC_17_s03L_9946,28,5,4,0,25,0,44,0,25,33,0,4,23,55,0,15,2,130,38
9947,MC_SC_17_s03L_9947,28,3,2,0,3,0,14,4,0,0,0,1,7,11,0,1,0,1,10
9948,MC_SC_17_s03L_9948,28,2,1,0,7,0,1,1,1,0,0,0,4,26,0,25,0,17,19
9949,MC_SC_17_s03L_9949,28,2,1,0,12,0,14,19,14,0,5,22,19,6,4,19,0,9,1
9950,MC_SC_17_s03L_9950,28,4,3,0,40,2,95,3,11,0,22,1,16,55,4,16,2,34,54
9951,MC_SC_17_s03L_9951,28,6,4,0,48,0,96,3,2,185,24,29,38,83,29,77,10,23,52
9952,MC_SC_17_s03L_9952,28,9,4,0,3,0,10,18,31,4,5,11,7,5,11,25,4,10,5
9953,MC_SC_17_s03L_9953,28,1,1,43,3,0,8,18,8,0,0,0,5,0,0,1,0,1,0
9954,MC_SC_17_s03L_9954,28,13,13,1,72,0,73,0,4,92,0,0,0,0,0,3,9,52,15
9955,MC_SC_17_s03L_9955,28,2,1,101,14,0,35,0,65,0,39,11,21,25,0,5,20,116,33
9956,MC_SC_17_s03L_9956,28,7,4,145,223,1,201,10,11,41,56,38,80,7,504,150,439,72,34
9957,MC_SC_17_s03L_9957,28,1,1,2,3,0,0,0,0,4,0,0,0,0,4,0,6,0,0
9958,MC_SC_17_s03L_9958,28,1,1,2,5,0,0,0,0,0,0,0,0,0,0,0,0,0,0
9959,MC_SC_17_s03L_9959,28,8,3,1,42,0,38,3,2,29,10,23,13,25,3,22,2,14,13
9960,MC_SC_17_s03L_9960,28,11,8,0,93,3,209,7,3,230,20,47,66,90,119,30,37,92,28
9961,MC_SC_17_s03L_9961,28,5,3,96,81,2,1,10,43,24,13,2,21,52,112,19,278,44,37
9962,MC_SC_17_s03L_9962,28,6,4,0,70,6,68,47,145,16,38,7,40,53,55,76,5,11,30
9963,MC_SC_17_s03L_9963,28,4,3,0,36,0,6,37,2,2,26,4,48,16,0,13,0,21,17
9964,MC_SC_17_s03L_9964,28,3,1,0,5,2,90,26,8,2,0,4,15,18,5,9,5,2,19
9965,MC_SC_17_s03L_9965,28,8,3,0,7,0,15,8,1,8,0,0,6,0,2,1,0,1,0
9966,MC_SC_17_s03L_9966,28,6,3,0,99,0,175,2,1,164,6,18,34,53,43,23,7,52,9
9967,MC_SC_17_s03L_9967,28,4,2,149,46,0,93,0,54,0,61,29,21,16,0,0,25,157,60
9968,MC_SC_17_s03L_9968,28,7,4,0,22,0,68,2,81,63,31,9,20,26,119,102,27,49,19
9969,MC_SC_17_s03L_9969,28,4,3,0,30,2,102,10,138,190,29,7,44,33,107,22,5,11,0
9970,MC_SC_17_s03L_9970,28,1,1,0,0,0,0,0,12,19,1,0,3,1,4,0,0,0,5
9971,MC_SC_17_s03L_9971,28,4,3,0,18,0,33,6,10,47,23,12,22,0,30,3,21,34,19
9972,MC_SC_17_s03L_9972,28,12,5,107,93,0,16,4,8,2,12,22,29,25,183,66,33,48,15
9973,MC_SC_17_s03L_9973,28,6,3,1,54,97,90,143,212,31,29,72,74,95,193,101,13,12,3
9974,MC_SC_17_s03L_9974,28,4,3,0,14,0,45,4,7,0,0,0,2,8,0,3,2,0,13
9975,MC_SC_17_s03L_9975,28,4,2,0,18,2,1,61,54,0,2,0,26,14,0,8,0,0,0
9976,MC_SC_17_s03L_9976,28,1,1,0,5,0,4,0,0,9,1,5,0,0,4,6,2,0,2
9977,MC_SC_17_s03L_9977,28,2,2,0,22,0,25,1,23,50,0,3,7,10,22,12,4,6,12
9978,MC_SC_17_s03L_9978,28,6,3,0,23,1,38,1,1,87,16,16,18,44,20,35,12,133,27
9979,MC_SC_17_s03L_9979,28,6,3,0,53,8,132,17,17,173,26,4,45,21,133,92,18,6,8
9980,MC_SC_17_s03L_9980,28,5,1,0,13,8,19,35,25,12,0,8,21,26,34,16,3,5,8
9981,MC_SC_17_s03L_9981,28,2,1,0,0,0,6,12,2,0,18,6,7,3,0,0,0,5,5
9982,MC_SC_17_s03L_9982,28,1,1,0,0,0,2,0,0,0,5,0,0,0,0,0,0,1,1
9983,MC_SC_17_s03L_9983,28,7,3,1,136,2,231,3,94,217,40,65,33,101,138,59,15,74,50
9984,MC_SC_17_s03L_9984,28,8,4,40,65,7,45,5,4,32,2,3,20,27,120,39,222,47,42
9985,MC_SC_17_s03L_9985,28,8,4,0,69,6,165,1,17,188,8,16,25,38,37,64,23,285,72
9986,MC_SC_17_s03L_9986,28,1,1,0,8,5,38,4,8,0,17,5,3,7,18,22,2,4,10
9987,MC_SC_17_s03L_9987,28,7,3,127,115,0,19,1,7,18,35,36,20,22,200,94,237,37,46
9988,MC_SC_17_s03L_9988,28,8,4,0,59,6,173,2,18,2,45,27,37,44,48,16,3,39,18
9989,MC_SC_17_s03L_9989,28,2,2,0,4,0,6,57,19,0,1,1,32,11,0,12,0,0,1
9990,MC_SC_17_s03L_9990,28,5,2,1,27,0,32,42,17,0,44,7,15,6,0,9,0,3,2
9991,MC_SC_17_s03L_9991,28,4,2,0,84,0,73,2,11,106,22,14,22,46,60,59,31,6,46
9992,MC_SC_17_s03L_9992,28,13,6,63,133,0,15,2,3,3,26,1,8,43,80,61,166,26,17
9993,MC_SC_17_s03L_9993,28,11,7,39,68,0,9,11,4,3,6,2,12,16,11,41,52,20,12
9994,MC_SC_17_s03L_9994,28,11,3,0,99,0,96,7,2,65,7,20,14,37,102,26,14,51,16
9995,MC_SC_17_s03L_9995,28,1,1,0,1,0,0,0,1,0,0,0,0,0,0,1,1,0,1
9996,MC_SC_17_s03L_9996,28,4,3,0,36,0,15,0,3,9,4,10,13,14,3,20,8,28,1
9997,MC_SC_17_s03L_9997,28,6,5,0,68,0,170,1,133,103,33,0,17,112,24,77,5,43,55
9998,MC_SC_17_s03L_9998,28,8,3,61,72,0,93,0,10,15,10,38,15,59,15,4,71,11,5
9999,MC_SC_17_s03L_9999,28,6,3,0,84,3,314,3,40,168,11,0,6,75,80,62,6,4,50
10000,MC_SC_17_s03L_10000,28,9,4,0,238,0,143,2,0,123,7,25,9,48,20,140,6,66,97
10001,MC_SC_17_s03L_10001,28,9,4,0,150,1,383,2,128,121,55,3,14,126,68,93,0,42,74
10002,MC_SC_17_s03L_10002,28,13,6,0,245,0,20,7,8,182,73,57,7,108,0,29,26,315,46
10003,MC_SC_17_s03L_10003,28,3,1,0,1,0,12,0,0,5,14,1,6,15,0,7,0,18,22
10004,MC_SC_17_s03L_10004,28,7,4,36,11,0,13,5,38,11,7,1,11,3,21,19,2,9,12
10005,MC_SC_17_s03L_10005,28,11,7,51,67,1,109,1,1,27,14,11,40,25,173,34,21,21,6
10006,MC_SC_17_s03L_10006,28,7,3,0,195,3,108,8,0,344,15,8,4,25,22,110,42,52,36
10007,MC_SC_17_s03L_10007,28,10,4,87,79,0,60,0,4,1,24,19,42,146,280,84,220,15,30
10008,MC_SC_17_s03L_10008,28,3,2,0,47,0,32,0,5,61,0,0,1,2,9,16,2,0,1
10009,MC_SC_17_s03L_10009,28,1,1,2,22,0,18,3,18,46,2,3,8,14,12,0,0,6,1
10010,MC_SC_17_s03L_10010,28,1,1,0,17,0,1,0,0,47,1,1,0,3,4,12,0,1,1
10011,MC_SC_17_s03L_10011,28,5,3,0,67,0,5,1,12,125,16,24,14,32,12,13,2,21,0
10012,MC_SC_17_s03L_10012,28,6,4,0,77,0,68,7,8,135,4,31,30,70,34,53,15,77,47
10013,MC_SC_17_s03L_10013,28,8,2,2,91,0,41,7,4,193,9,20,54,101,26,37,7,287,71
10014,MC_SC_17_s03L_10014,28,2,1,0,32,0,47,3,18,51,10,5,10,27,12,6,2,87,5
10015,MC_SC_17_s03L_10015,28,7,4,82,117,3,113,10,8,13,14,44,30,47,51,26,120,42,23
10016,MC_SC_17_s03L_10016,28,2,2,65,10,0,0,24,3,0,0,0,0,0,0,0,0,0,0
10017,MC_SC_17_s03L_10017,28,6,4,0,74,0,101,1,2,95,7,0,52,17,16,0,19,28,15
10018,MC_SC_17_s03L_10018,28,13,4,162,127,0,202,6,20,15,32,10,33,40,95,67,294,20,33
10019,MC_SC_17_s03L_10019,28,5,3,0,9,0,48,1,0,23,2,19,18,25,2,7,6,6,1
10020,MC_SC_17_s03L_10020,28,10,4,31,45,1,46,5,1,39,10,2,14,34,162,57,183,13,15
10021,MC_SC_17_s03L_10021,28,1,1,0,49,0,12,0,0,0,2,4,0,0,2,0,0,0,3
10022,MC_SC_17_s03L_10022,28,5,3,35,40,1,115,5,15,15,9,56,18,31,129,46,195,37,34
10023,MC_SC_17_s03L_10023,28,3,2,0,27,0,8,0,0,11,10,8,20,17,3,7,0,2,26
10024,MC_SC_17_s03L_10024,28,1,1,0,3,0,4,0,0,0,0,2,0,1,10,2,20,0,0
10025,MC_SC_17_s03L_10025,28,10,4,73,43,0,30,6,6,23,12,8,22,15,177,74,185,7,13
10026,MC_SC_17_s03L_10026,28,6,1,101,128,11,154,3,9,59,21,14,14,54,190,89,317,9,28
10027,MC_SC_17_s03L_10027,28,1,1,0,13,0,4,7,8,22,5,0,4,27,0,4,0,7,0
10028,MC_SC_17_s03L_10028,28,12,4,0,6,0,98,0,2,93,21,10,12,76,14,42,27,151,25
10029,MC_SC_17_s03L_10029,28,1,1,0,0,0,21,0,0,4,4,2,0,9,0,0,0,9,2
10030,MC_SC_17_s03L_10030,29,6,4,56,23,28,80,1,42,1,11,5,9,24,6,1,0,16,0
10031,MC_SC_17_s03L_10031,29,8,3,1,11,8,72,38,116,27,2,1,22,2,0,11,10,187,2
10032,MC_SC_17_s03L_10032,29,8,3,36,2,0,11,1,0,0,0,0,0,0,0,0,0,0,0
10033,MC_SC_17_s03L_10033,29,5,2,9,4,34,10,0,8,75,1,0,0,3,11,0,48,1,0
10034,MC_SC_17_s03L_10034,29,8,3,0,17,0,69,2,3,66,8,10,18,21,10,8,3,0,3
10035,MC_SC_17_s03L_10035,29,5,3,0,18,0,54,0,9,58,5,3,13,23,6,1,3,42,0
10036,MC_SC_17_s03L_10036,29,12,3,35,0,0,14,1,14,33,1,0,1,9,21,10,39,0,2
10037,MC_SC_17_s03L_10037,29,7,4,0,18,0,72,1,1,43,2,15,10,15,4,4,0,0,1
10038,MC_SC_17_s03L_10038,29,5,4,0,0,0,13,0,4,0,0,2,1,17,0,1,0,4,3
10039,MC_SC_17_s03L_10039,29,6,3,0,7,0,101,1,1,54,6,4,15,9,2,12,3,46,17
10040,MC_SC_17_s03L_10040,29,1,1,0,1,0,8,0,0,3,0,0,1,0,0,1,0,2,0
10041,MC_SC_17_s03L_10041,29,8,4,1,0,0,24,2,1,58,0,4,3,1,12,1,0,0,0
10042,MC_SC_17_s03L_10042,29,2,1,0,14,1,25,6,15,3,2,0,6,3,28,1,0,10,0
10043,MC_SC_17_s03L_10043,29,5,3,0,8,0,68,30,0,61,3,0,9,4,28,0,0,0,0
10044,MC_SC_17_s03L_10044,29,2,2,0,0,0,9,0,0,16,0,0,2,0,0,0,0,0,0
10045,MC_SC_17_s03L_10045,29,2,2,11,1,0,2,2,5,1,1,0,5,2,0,0,0,0,0
10046,MC_SC_17_s03L_10046,29,11,4,0,20,0,192,1,5,205,80,17,50,69,4,0,0,0,9
10047,MC_SC_17_s03L_10047,29,6,3,0,6,0,63,0,1,36,0,13,8,26,12,2,0,11,15
10048,MC_SC_17_s03L_10048,29,5,2,10,2,2,0,1,1,7,0,0,9,4,0,2,7,0,0
10049,MC_SC_17_s03L_10049,29,1,1,0,0,0,0,0,0,0,0,0,0,0,0,0,0,0,0
10050,MC_SC_17_s03L_10050,29,5,2,2,22,0,78,19,1,96,5,0,19,1,9,0,0,6,0
10051,MC_SC_17_s03L_10051,29,1,1,0,5,9,7,1,10,39,0,0,1,0,14,1,0,0,0
10052,MC_SC_17_s03L_10052,29,5,4,0,5,0,35,22,0,29,0,5,6,32,7,4,0,16,1
10053,MC_SC_17_s03L_10053,29,8,4,0,39,0,187,1,5,113,0,9,11,37,23,8,0,114,2
10054,MC_SC_17_s03L_10054,29,4,2,0,8,0,20,58,36,3,1,3,5,15,0,9,0,13,0
10055,MC_SC_17_s03L_10055,29,6,4,0,12,0,75,87,6,85,52,5,20,6,30,0,0,0,0
10056,MC_SC_17_s03L_10056,29,6,3,3,27,1,29,59,4,88,34,16,12,2,11,6,3,12,1
10057,MC_SC_17_s03L_10057,29,5,3,1,12,0,58,0,0,17,0,11,17,15,6,6,0,1,11
10058,MC_SC_17_s03L_10058,29,5,3,0,5,0,83,1,0,43,0,13,10,34,2,8,2,18,27
10059,MC_SC_17_s03L_10059,29,1,1,0,0,0,9,1,0,11,2,1,4,9,0,4,0,6,6
10060,MC_SC_17_s03L_10060,29,7,3,0,17,0,96,23,3,44,7,2,13,55,0,0,0,37,2
10061,MC_SC_17_s03L_10061,29,4,2,0,10,0,107,1,0,48,1,14,12,19,13,0,0,7,16
10062,MC_SC_17_s03L_10062,29,2,1,67,1,0,10,0,8,0,1,4,8,2,0,0,0,0,0
10063,MC_SC_17_s03L_10063,29,1,1,0,10,0,2,0,5,28,3,1,4,7,7,1,0,0,0
10064,MC_SC_17_s03L_10064,29,12,7,1,70,18,144,13,56,399,8,0,12,37,128,40,77,1,11
10065,MC_SC_17_s03L_10065,29,4,3,0,19,0,109,48,2,24,2,9,24,45,0,5,0,28,4
10066,MC_SC_17_s03L_10066,29,4,3,0,13,0,56,2,0,23,1,5,12,4,0,0,0,0,1
10067,MC_SC_17_s03L_10067,29,1,1,0,1,0,39,0,0,31,4,0,1,11,7,0,0,2,0
10068,MC_SC_17_s03L_10068,29,4,2,1,10,0,18,6,2,18,0,0,14,4,0,3,19,3,0
10069,MC_SC_17_s03L_10069,29,12,5,0,63,8,148,3,3,289,17,2,12,53,123,20,12,21,30
10070,MC_SC_17_s03L_10070,29,4,1,0,20,0,101,0,1,57,2,13,23,37,6,4,2,20,23
10071,MC_SC_17_s03L_10071,29,4,3,0,2,0,49,3,1,52,0,13,5,32,1,11,2,21,3
10072,MC_SC_17_s03L_10072,29,3,3,0,17,0,91,1,2,64,20,0,25,35,19,5,0,21,0
10073,MC_SC_17_s03L_10073,29,4,2,0,8,0,91,2,0,24,2,7,23,28,9,2,2,12,7
10074,MC_SC_17_s03L_10074,29,4,1,0,15,0,60,20,0,53,2,15,13,29,7,5,0,42,0
10075,MC_SC_17_s03L_10075,29,12,4,0,14,0,98,1,26,78,35,3,1,8,45,7,5,34,0
10076,MC_SC_17_s03L_10076,29,2,2,0,4,0,11,0,2,0,0,0,1,0,0,0,0,28,0
10077,MC_SC_17_s03L_10077,29,4,3,0,7,14,70,2,27,17,3,3,20,14,31,4,6,46,25
10078,MC_SC_17_s03L_10078,29,9,4,0,3,2,13,0,33,9,0,0,9,6,1,0,7,52,0
10079,MC_SC_17_s03L_10079,29,5,2,1,38,0,105,1,8,64,1,1,14,32,0,12,0,51,15
10080,MC_SC_17_s03L_10080,29,8,4,1,48,3,93,47,27,165,24,11,16,22,55,46,21,3,29
10081,MC_SC_17_s03L_10081,29,4,3,0,3,0,110,2,3,63,4,11,21,19,0,3,3,31,31
10082,MC_SC_17_s03L_10082,29,4,2,0,13,2,33,56,2,77,21,1,13,0,6,9,17,9,0
10083,MC_SC_17_s03L_10083,29,5,3,0,16,0,91,0,6,64,46,5,24,32,8,13,0,41,8
10084,MC_SC_17_s03L_10084,29,4,3,0,29,1,67,29,2,106,12,1,17,3,45,0,4,15,1
10085,MC_SC_17_s03L_10085,29,5,3,0,35,0,89,5,0,39,24,2,24,56,39,17,0,16,1
10086,MC_SC_17_s03L_10086,29,1,1,0,12,0,10,5,0,34,1,0,3,1,8,0,0,3,0
10087,MC_SC_17_s03L_10087,29,4,2,0,19,0,97,3,1,23,4,4,11,3,2,1,0,13,13
10088,MC_SC_17_s03L_10088,29,12,9,1,79,2,360,1,0,132,86,8,11,48,141,15,6,189,3
10089,MC_SC_17_s03L_10089,29,5,3,0,40,0,95,4,4,62,1,2,11,6,14,20,3,71,2
10090,MC_SC_17_s03L_10090,29,7,2,0,5,0,67,1,0,31,5,20,16,28,9,0,0,5,16
10091,MC_SC_17_s03L_10091,29,4,2,0,33,0,100,4,0,37,9,5,6,4,2,19,2,58,11
10092,MC_SC_17_s03L_10092,29,11,2,156,17,2,51,5,53,12,10,0,19,15,93,51,23,0,1
10093,MC_SC_17_s03L_10093,29,2,1,0,13,0,5,0,6,0,1,1,1,0,0,0,0,8,0
10094,MC_SC_17_s03L_10094,29,3,3,0,4,0,47,1,0,27,2,5,11,15,8,6,0,3,2
10095,MC_SC_17_s03L_10095,29,5,5,0,10,0,117,6,28,0,11,3,7,3,0,1,0,46,7
10096,MC_SC_17_s03L_10096,29,5,3,3,82,3,98,51,15,140,18,7,18,30,69,22,5,7,21
10097,MC_SC_17_s03L_10097,29,3,1,0,10,0,63,0,1,40,6,16,12,13,34,7,4,14,22
10098,MC_SC_17_s03L_10098,29,1,1,0,52,0,104,4,0,13,3,15,23,2,3,6,0,79,10
10099,MC_SC_17_s03L_10099,29,5,3,0,47,0,13,0,1,30,7,3,9,17,28,9,0,0,7
10100,MC_SC_17_s03L_10100,29,1,1,0,0,0,1,0,2,3,1,2,0,2,0,4,0,0,0
10101,MC_SC_17_s03L_10101,29,3,2,0,17,0,45,22,8,18,15,11,8,4,31,10,3,8,13
10102,MC_SC_17_s03L_10102,29,9,5,0,19,1,64,43,40,69,1,0,11,13,0,14,7,0,4
10103,MC_SC_17_s03L_10103,29,1,1,0,79,8,54,68,0,0,26,9,29,1,0,41,3,104,0
10104,MC_SC_17_s03L_10104,29,12,4,1,14,9,52,1,115,3,2,0,6,18,0,11,0,2,3
10105,MC_SC_17_s03L_10105,29,7,2,0,8,0,65,0,1,0,0,0,0,22,0,10,0,28,3
10106,MC_SC_17_s03L_10106,29,2,2,0,46,0,77,0,0,0,0,22,39,14,0,27,0,100,0
10107,MC_SC_17_s03L_10107,29,10,6,0,12,0,49,0,6,0,1,0,5,6,0,1,0,2,2
10108,MC_SC_17_s03L_10108,29,7,4,0,21,0,44,1,1,17,9,0,15,0,0,0,0,8,2
10109,MC_SC_17_s03L_10109,29,3,2,102,3,0,23,0,3,0,0,3,7,0,0,0,0,3,9
10110,MC_SC_17_s03L_10110,29,1,1,0,42,2,65,5,0,2,25,5,16,2,0,12,4,46,0
10111,MC_SC_17_s03L_10111,29,4,2,0,8,0,71,2,26,0,1,1,7,1,0,16,0,8,30
10112,MC_SC_17_s03L_10112,29,2,1,0,5,0,31,0,4,0,9,0,4,3,0,5,0,2,1
10113,MC_SC_17_s03L_10113,29,4,3,0,14,0,113,1,1,8,1,4,7,11,7,0,2,40,0
10114,MC_SC_17_s03L_10114,29,6,3,0,3,0,58,0,17,4,0,0,10,12,0,8,6,7,13
10115,MC_SC_17_s03L_10115,29,1,1,6,9,0,1,0,1,0,2,0,1,2,0,0,2,0,0
10116,MC_SC_17_s03L_10116,29,3,2,0,10,0,33,0,0,7,1,4,10,11,0,0,0,0,0
10117,MC_SC_17_s03L_10117,29,1,1,0,0,0,0,1,0,0,0,0,0,0,0,0,0,0,0
10118,MC_SC_17_s03L_10118,29,2,1,0,99,0,118,11,0,8,16,19,65,0,0,44,2,144,0
10119,MC_SC_17_s03L_10119,29,4,3,0,53,0,69,27,0,4,0,25,65,0,2,21,0,150,0
10120,MC_SC_17_s03L_10120,29,4,3,0,7,0,29,0,4,23,26,4,10,11,0,17,2,15,6
10121,MC_SC_17_s03L_10121,29,3,2,52,17,0,17,24,4,0,10,0,9,2,0,9,0,0,0
10122,MC_SC_17_s03L_10122,29,3,2,0,11,0,8,77,2,5,35,7,40,2,2,41,8,57,0
10123,MC_SC_17_s03L_10123,29,1,1,0,0,0,0,0,2,0,0,0,0,0,0,0,0,0,0
10124,MC_SC_17_s03L_10124,29,1,1,0,2,0,0,0,0,6,2,1,0,0,1,3,0,1,0
10125,MC_SC_17_s03L_10125,29,2,2,0,3,0,72,22,0,4,9,2,10,12,6,0,1,7,0
10126,MC_SC_17_s03L_10126,29,2,1,0,4,0,17,0,1,31,5,2,18,19,0,3,0,5,15
10127,MC_SC_17_s03L_10127,29,7,4,0,26,0,89,31,0,2,2,5,6,5,3,16,7,7,16
10128,MC_SC_17_s03L_10128,29,8,5,0,7,0,28,0,3,2,0,0,11,0,0,0,3,62,0
10129,MC_SC_17_s03L_10129,29,1,1,9,0,0,4,0,11,0,0,0,0,0,1,0,0,0,0
10130,MC_SC_17_s03L_10130,29,3,2,0,16,0,31,0,0,37,20,3,4,7,0,10,0,53,1
10131,MC_SC_17_s03L_10131,29,2,2,44,9,0,32,3,21,1,7,1,3,12,12,28,2,1,9
10132,MC_SC_17_s03L_10132,29,8,4,97,19,36,47,7,80,52,12,0,18,17,102,103,104,8,8
10133,MC_SC_17_s03L_10133,29,5,2,135,17,7,27,10,49,8,10,0,13,7,51,17,5,3,4
10134,MC_SC_17_s03L_10134,29,1,1,0,0,0,4,0,0,9,0,0,1,0,0,7,0,8,0
10135,MC_SC_17_s03L_10135,29,10,8,0,6,0,9,3,89,8,0,0,29,0,2,0,11,78,3
10136,MC_SC_17_s03L_10136,29,2,2,0,8,0,17,15,20,2,3,0,2,5,2,2,3,15,0
10137,MC_SC_17_s03L_10137,29,7,3,0,10,5,54,56,43,3,6,5,10,20,12,25,8,17,1
10138,MC_SC_17_s03L_10138,29,1,1,1,0,0,0,0,3,0,0,0,12,0,2,0,0,0,0
10139,MC_SC_17_s03L_10139,29,3,1,0,4,0,30,20,0,9,0,2,7,14,0,9,0,0,0
10140,MC_SC_17_s03L_10140,29,8,4,1,25,0,70,63,143,113,40,4,6,2,0,1,11,32,0
10141,MC_SC_17_s03L_10141,29,8,6,0,14,0,80,17,5,2,3,9,41,18,0,20,2,57,24
10142,MC_SC_17_s03L_10142,29,3,3,16,2,0,2,0,3,0,0,0,0,0,2,0,0,0,0
10143,MC_SC_17_s03L_10143,29,6,5,0,5,0,14,0,6,4,5,0,11,5,0,9,2,11,14
10144,MC_SC_17_s03L_10144,29,1,1,0,0,0,8,3,38,22,1,6,0,1,0,1,0,0,0
10145,MC_SC_17_s03L_10145,29,3,2,0,6,0,10,0,1,0,0,3,12,5,0,2,0,23,22
10146,MC_SC_17_s03L_10146,29,3,1,0,1,0,31,1,0,0,0,0,1,2,0,0,0,0,0
10147,MC_SC_17_s03L_10147,29,6,4,0,36,0,128,1,70,90,9,2,32,3,14,23,0,10,4
10148,MC_SC_17_s03L_10148,29,4,2,5,22,0,14,1,0,35,4,3,6,0,7,12,0,9,10
10149,MC_SC_17_s03L_10149,29,1,1,0,0,0,0,0,0,0,0,0,0,0,0,1,0,0,0
10150,MC_SC_17_s03L_10150,29,10,5,0,6,0,2,1,9,16,1,5,5,1,0,0,0,0,0
10151,MC_SC_17_s03L_10151,29,4,2,0,14,0,16,4,3,0,42,2,8,6,0,1,0,0,10
10152,MC_SC_17_s03L_10152,29,3,1,20,10,0,0,14,3,0,0,5,6,0,0,0,0,15,0
10153,MC_SC_17_s03L_10153,29,3,2,0,27,0,56,0,0,23,3,0,16,2,0,18,2,44,3
10154,MC_SC_17_s03L_10154,29,4,2,28,16,0,0,9,6,0,2,4,7,0,0,0,0,0,0
10155,MC_SC_17_s03L_10155,29,2,2,10,9,0,10,2,10,0,16,3,1,24,0,3,0,4,3
10156,MC_SC_17_s03L_10156,29,1,1,1,8,0,0,1,4,0,5,6,5,1,0,0,0,3,1
10157,MC_SC_17_s03L_10157,29,2,2,4,10,0,4,1,8,0,51,2,6,22,0,1,0,18,4
10158,MC_SC_17_s03L_10158,29,6,3,0,108,1,140,29,96,0,8,5,28,5,34,66,8,45,2
10159,MC_SC_17_s03L_10159,29,7,5,0,5,0,39,33,7,13,11,0,5,5,0,7,0,1,1
10160,MC_SC_17_s03L_10160,29,3,2,16,15,0,5,16,8,0,6,3,6,3,0,5,0,4,1
10161,MC_SC_17_s03L_10161,29,3,2,0,47,29,58,9,0,2,7,0,0,0,0,0,2,3,0
10162,MC_SC_17_s03L_10162,29,5,3,62,16,0,5,2,9,0,15,14,9,36,0,8,0,37,34
10163,MC_SC_17_s03L_10163,29,4,2,1,11,0,0,0,1,2,0,0,3,0,0,0,0,2,0
10164,MC_SC_17_s03L_10164,29,3,1,11,4,0,3,1,6,0,16,5,13,21,0,3,0,16,1
10165,MC_SC_17_s03L_10165,29,2,2,180,77,0,13,1,39,0,2,8,2,1,2,3,0,113,6
10166,MC_SC_17_s03L_10166,29,1,1,0,1,0,2,4,3,4,5,0,7,0,0,3,2,4,2
10167,MC_SC_17_s03L_10167,29,6,4,0,35,0,99,1,4,30,1,0,19,30,0,21,2,57,43
10168,MC_SC_17_s03L_10168,29,4,2,79,7,0,27,0,4,3,5,0,32,24,0,2,10,28,30
10169,MC_SC_17_s03L_10169,29,2,1,21,12,0,0,14,9,0,2,15,2,1,0,1,0,0,0
10170,MC_SC_17_s03L_10170,29,4,2,38,5,0,11,1,16,0,20,20,29,19,7,3,2,23,14
10171,MC_SC_17_s03L_10171,29,6,3,69,12,0,14,35,76,0,33,28,37,48,9,57,11,41,26
10172,MC_SC_17_s03L_10172,29,12,3,0,7,2,49,0,2,63,5,3,11,33,74,42,22,12,17
10173,MC_SC_17_s03L_10173,29,4,3,54,8,0,23,0,49,0,32,32,35,34,0,8,0,16,18
10174,MC_SC_17_s03L_10174,29,1,1,4,0,0,0,0,0,0,0,0,0,0,0,2,0,0,1
10175,MC_SC_17_s03L_10175,29,4,3,0,45,0,11,0,0,2,0,0,30,43,0,19,2,56,4
10176,MC_SC_17_s03L_10176,29,3,1,0,11,0,1,1,0,10,0,0,2,1,0,4,9,0,0
10177,MC_SC_17_s03L_10177,29,3,1,0,8,0,2,31,2,0,0,5,13,4,2,7,0,3,1
10178,MC_SC_17_s03L_10178,29,6,2,2,2,0,3,38,6,0,5,13,3,4,3,5,5,4,1
10179,MC_SC_17_s03L_10179,29,1,1,0,3,0,14,13,0,8,18,0,10,0,0,1,0,0,0
10180,MC_SC_17_s03L_10180,29,3,2,54,13,0,21,3,15,5,13,10,54,21,6,3,2,44,24
10181,MC_SC_17_s03L_10181,29,3,3,0,0,0,0,0,1,1,0,0,0,0,0,0,0,0,0
10182,MC_SC_17_s03L_10182,29,4,2,6,17,0,0,49,4,43,35,2,17,0,13,2,6,5,8
10183,MC_SC_17_s03L_10183,29,6,4,98,23,0,11,11,74,17,15,4,40,26,29,23,23,45,39
10184,MC_SC_17_s03L_10184,29,3,1,66,15,0,1,3,8,2,2,3,25,0,0,8,3,32,25
10185,MC_SC_17_s03L_10185,29,3,1,64,35,0,12,2,9,5,4,2,24,22,8,15,5,10,18
10186,MC_SC_17_s03L_10186,29,11,3,50,25,0,9,49,29,3,13,12,36,23,6,11,0,36,2
10187,MC_SC_17_s03L_10187,29,4,2,23,29,0,5,4,61,0,6,4,19,23,0,5,4,10,0
10188,MC_SC_17_s03L_10188,29,7,6,0,7,0,15,6,32,0,12,2,10,24,1,17,3,3,1
10189,MC_SC_17_s03L_10189,29,12,4,2,163,3,9,25,0,218,86,2,27,84,136,50,23,2,6
10190,MC_SC_17_s03L_10190,29,5,3,0,20,0,35,39,14,52,5,1,30,0,6,12,0,10,13
10191,MC_SC_17_s03L_10191,29,4,3,0,69,0,8,62,18,81,24,19,42,13,12,37,3,11,9
10192,MC_SC_17_s03L_10192,29,2,2,0,11,0,0,8,11,21,0,16,6,5,2,9,0,1,16
10193,MC_SC_17_s03L_10193,29,12,4,0,207,2,32,3,0,171,99,2,27,33,98,41,12,3,5
10194,MC_SC_17_s03L_10194,29,6,4,165,88,1,19,11,132,9,98,1,32,42,78,40,4,8,32
10195,MC_SC_17_s03L_10195,29,3,2,12,3,0,7,33,5,0,27,4,16,5,0,2,2,2,2
10196,MC_SC_17_s03L_10196,29,4,3,0,40,0,39,2,0,17,18,0,6,13,1,6,0,25,7
10197,MC_SC_17_s03L_10197,29,1,1,68,46,1,9,6,24,5,6,19,12,1,36,20,5,6,30
10198,MC_SC_17_s03L_10198,29,1,1,7,1,0,0,1,0,0,0,0,0,0,0,0,0,1,0
10199,MC_SC_17_s03L_10199,29,1,1,0,3,0,14,3,4,14,8,20,5,5,1,1,4,5,0
10200,MC_SC_17_s03L_10200,29,9,6,86,31,12,47,6,83,15,12,11,27,31,90,65,15,2,19
10201,MC_SC_17_s03L_10201,29,8,5,139,111,5,61,128,151,12,21,24,51,44,102,70,30,36,39
10202,MC_SC_17_s03L_10202,29,5,3,77,15,9,32,2,14,12,16,27,7,8,24,29,11,16,1
10203,MC_SC_17_s03L_10203,29,1,1,53,23,0,14,2,9,0,0,10,16,16,0,6,0,1,24
10204,MC_SC_17_s03L_10204,29,2,1,14,2,0,4,0,3,0,2,0,0,0,0,0,0,0,0
10205,MC_SC_17_s03L_10205,29,12,8,153,45,3,33,6,73,8,37,0,27,3,3,30,6,17,39
10206,MC_SC_17_s03L_10206,29,3,2,11,43,5,2,0,19,131,7,0,35,0,57,29,35,21,14
10207,MC_SC_17_s03L_10207,29,11,4,0,81,25,3,22,38,29,9,1,32,50,117,33,35,8,7
10208,MC_SC_17_s03L_10208,29,3,2,14,2,0,10,0,2,0,4,8,8,2,0,8,0,0,2
10209,MC_SC_17_s03L_10209,29,4,2,27,41,0,5,1,31,1,1,7,58,14,2,8,2,22,16
10210,MC_SC_17_s03L_10210,29,6,3,112,23,12,18,13,54,20,13,2,17,3,18,25,10,7,33
10211,MC_SC_17_s03L_10211,29,5,3,59,24,1,39,0,99,1,23,28,30,17,3,31,0,27,45
10212,MC_SC_17_s03L_10212,29,5,2,0,50,11,8,8,14,0,8,3,10,14,2,26,2,6,5
10213,MC_SC_17_s03L_10213,29,1,1,0,15,0,1,0,0,4,1,0,0,1,0,0,2,18,0
10214,MC_SC_17_s03L_10214,29,7,3,0,30,0,54,0,21,16,24,0,7,11,6,40,0,2,19
10215,MC_SC_17_s03L_10215,29,4,3,0,62,0,11,0,7,3,4,1,7,13,0,23,2,20,5
10216,MC_SC_17_s03L_10216,29,5,3,3,15,0,9,1,33,0,3,9,6,15,0,22,0,16,0
10217,MC_SC_17_s03L_10217,29,10,4,0,78,0,29,0,52,26,0,4,4,42,16,26,6,3,14
10218,MC_SC_17_s03L_10218,29,6,4,0,20,0,10,0,0,0,2,7,8,19,2,8,3,2,21
10219,MC_SC_17_s03L_10219,29,5,2,0,20,0,27,2,9,13,10,2,7,16,2,4,6,7,11
10220,MC_SC_17_s03L_10220,29,6,3,0,74,7,19,2,63,4,8,2,7,42,0,7,0,0,0
10221,MC_SC_17_s03L_10221,29,1,1,0,2,0,3,0,0,3,2,0,0,0,0,0,0,0,0
10222,MC_SC_17_s03L_10222,29,4,1,0,17,0,7,39,31,2,1,14,16,1,3,15,2,7,1
10223,MC_SC_17_s03L_10223,29,2,1,0,4,0,1,12,4,0,14,6,6,8,0,1,0,0,2
10224,MC_SC_17_s03L_10224,29,8,5,0,45,3,78,4,12,61,9,9,28,41,0,34,14,16,3
10225,MC_SC_17_s03L_10225,29,7,4,0,33,2,71,31,6,0,7,24,18,1,3,14,6,32,2
10226,MC_SC_17_s03L_10226,29,8,3,0,19,0,15,0,15,2,0,0,2,13,0,26,0,5,4
10227,MC_SC_17_s03L_10227,29,6,4,0,18,0,20,60,43,4,10,28,20,2,42,24,4,10,3
10228,MC_SC_17_s03L_10228,29,2,2,0,6,0,4,2,4,4,1,0,3,1,0,1,2,0,0
10229,MC_SC_17_s03L_10229,29,4,2,0,5,0,0,0,0,3,10,4,15,27,4,19,4,59,3
10230,MC_SC_17_s03L_10230,29,3,2,72,17,0,3,7,31,0,5,3,24,24,5,11,0,15,27
10231,MC_SC_17_s03L_10231,29,6,4,0,14,0,3,2,31,2,0,0,14,8,0,5,6,8,0
10232,MC_SC_17_s03L_10232,29,7,4,0,35,0,7,1,1,0,1,4,7,33,5,17,4,3,26
10233,MC_SC_17_s03L_10233,29,2,1,2,1,0,2,8,17,2,0,0,5,0,2,0,8,0,0
10234,MC_SC_17_s03L_10234,29,4,2,0,14,0,31,0,5,19,2,2,13,10,2,0,0,13,1
10235,MC_SC_17_s03L_10235,29,5,2,0,0,1,6,36,19,4,0,7,18,0,0,4,3,0,2
10236,MC_SC_17_s03L_10236,29,7,3,0,11,0,6,36,23,0,1,2,15,4,0,11,0,11,0
10237,MC_SC_17_s03L_10237,29,11,4,0,12,0,39,11,23,114,9,7,22,21,0,32,0,4,12
10238,MC_SC_17_s03L_10238,29,6,3,34,28,0,20,9,25,0,22,13,20,9,37,26,0,39,6
10239,MC_SC_17_s03L_10239,29,1,1,33,40,0,2,1,10,2,0,1,32,2,1,1,0,15,7
10240,MC_SC_17_s03L_10240,29,4,3,0,14,0,21,0,2,14,5,8,8,0,5,2,2,3,16
10241,MC_SC_17_s03L_10241,29,2,1,0,1,0,0,0,2,0,0,0,0,2,0,0,0,0,0
10242,MC_SC_17_s03L_10242,29,2,1,0,0,0,0,9,5,0,1,11,2,0,0,4,0,10,0
10243,MC_SC_17_s03L_10243,29,5,3,123,62,12,21,22,87,22,8,0,34,11,148,72,72,8,33
10244,MC_SC_17_s03L_10244,29,9,7,0,82,0,22,4,10,63,55,30,15,36,34,38,20,18,8
10245,MC_SC_17_s03L_10245,29,9,4,0,15,0,5,0,69,53,14,0,12,14,0,22,3,7,0
10246,MC_SC_17_s03L_10246,29,5,4,0,38,0,43,4,8,7,5,15,22,40,0,26,7,22,2
10247,MC_SC_17_s03L_10247,29,3,2,0,1,0,1,54,11,5,5,7,15,0,0,2,0,0,0
10248,MC_SC_17_s03L_10248,29,6,3,0,52,0,16,4,48,95,31,1,14,27,22,20,10,19,32
10249,MC_SC_17_s03L_10249,29,5,3,77,25,1,3,45,30,4,1,0,12,2,12,17,3,8,17
10250,MC_SC_17_s03L_10250,29,4,2,1,0,0,0,21,3,1,1,0,2,3,0,4,0,0,0
10251,MC_SC_17_s03L_10251,29,3,2,64,15,0,9,59,29,0,4,4,5,1,0,4,0,9,13
10252,MC_SC_17_s03L_10252,29,3,2,1,14,2,21,94,22,4,0,13,23,2,5,34,5,10,1
10253,MC_SC_17_s03L_10253,29,1,1,0,4,0,0,5,12,0,1,0,1,1,0,1,2,0,0
10254,MC_SC_17_s03L_10254,29,6,4,0,37,13,111,4,2,137,19,30,19,50,31,9,20,69,10
10255,MC_SC_17_s03L_10255,29,7,5,28,29,0,33,9,15,4,9,1,23,1,4,22,4,15,12
10256,MC_SC_17_s03L_10256,29,4,2,4,4,0,10,25,4,0,1,3,9,0,0,1,0,16,0
10257,MC_SC_17_s03L_10257,29,5,3,0,18,0,17,60,28,0,1,6,23,0,13,8,2,1,0
10258,MC_SC_17_s03L_10258,29,4,3,112,35,1,4,47,22,2,0,0,9,0,1,7,6,0,13
10259,MC_SC_17_s03L_10259,29,2,1,2,23,0,9,31,1,0,0,4,10,0,0,4,0,9,0
10260,MC_SC_17_s03L_10260,29,2,2,0,36,0,138,0,4,0,8,18,30,9,2,20,2,6,19
10261,MC_SC_17_s03L_10261,29,1,1,0,0,0,0,0,0,8,0,0,0,0,0,0,7,0,1
10262,MC_SC_17_s03L_10262,29,12,7,0,19,0,25,4,1,67,36,10,24,37,28,38,4,21,17
10263,MC_SC_17_s03L_10263,29,4,1,0,7,0,14,20,0,7,2,0,6,0,0,0,0,10,0
10264,MC_SC_17_s03L_10264,29,1,1,0,0,0,2,3,25,21,2,7,0,0,0,0,2,0,0
10265,MC_SC_17_s03L_10265,29,4,3,1,17,0,31,0,63,0,90,6,12,66,4,15,6,27,17
10266,MC_SC_17_s03L_10266,29,3,2,38,10,0,0,36,16,1,0,4,3,0,2,16,0,17,13
10267,MC_SC_17_s03L_10267,29,5,3,0,30,0,58,2,77,2,89,0,15,30,29,8,3,59,22
10268,MC_SC_17_s03L_10268,29,12,8,3,28,13,47,62,195,7,34,19,16,34,35,37,8,4,16
10269,MC_SC_17_s03L_10269,29,7,4,0,31,1,32,7,13,0,17,18,32,15,2,38,2,8,6
10270,MC_SC_17_s03L_10270,29,5,3,55,17,0,24,58,24,0,4,9,15,0,0,12,0,25,19
10271,MC_SC_17_s03L_10271,29,1,1,0,20,0,20,4,7,0,8,3,3,15,0,7,0,3,13
10272,MC_SC_17_s03L_10272,29,5,3,0,100,89,223,4,243,27,52,82,63,119,178,117,60,15,24
10273,MC_SC_17_s03L_10273,29,1,1,0,3,0,6,10,0,0,1,0,8,8,0,18,0,2,13
10274,MC_SC_17_s03L_10274,29,7,3,97,99,3,88,67,34,2,31,21,54,3,3,50,4,62,6
10275,MC_SC_17_s03L_10275,29,5,3,0,13,0,16,47,13,26,19,0,9,1,0,8,0,6,2
10276,MC_SC_17_s03L_10276,29,7,5,0,24,2,7,0,6,6,0,3,2,0,0,0,12,5,0
10277,MC_SC_17_s03L_10277,29,3,1,0,3,0,9,18,0,5,5,2,4,0,0,0,0,9,1
10278,MC_SC_17_s03L_10278,29,2,1,0,31,0,38,2,25,0,1,28,14,1,0,20,4,8,0
10279,MC_SC_17_s03L_10279,29,4,2,0,25,0,0,47,19,0,32,1,7,3,0,1,0,4,3
10280,MC_SC_17_s03L_10280,29,6,3,0,43,1,25,0,24,0,28,24,21,37,0,39,2,24,41
10281,MC_SC_17_s03L_10281,29,3,2,0,28,0,57,6,10,17,20,34,18,19,0,7,0,20,4
10282,MC_SC_17_s03L_10282,29,1,1,0,9,0,14,6,0,2,6,0,7,6,2,0,0,0,0
10283,MC_SC_17_s03L_10283,29,5,4,21,12,0,1,4,5,0,3,4,6,8,0,10,0,9,9
10284,MC_SC_17_s03L_10284,29,2,1,0,14,2,6,50,18,7,1,13,20,17,1,16,2,5,1
10285,MC_SC_17_s03L_10285,29,3,2,0,9,0,21,53,13,70,25,5,48,5,0,17,0,30,4
10286,MC_SC_17_s03L_10286,29,8,5,0,79,0,50,0,1,0,12,33,6,22,0,34,4,47,13
10287,MC_SC_17_s03L_10287,29,8,4,0,23,0,4,33,62,0,17,9,4,3,0,18,0,3,4
10288,MC_SC_17_s03L_10288,29,5,2,72,41,0,18,38,30,0,2,6,12,1,0,8,2,24,18
10289,MC_SC_17_s03L_10289,29,12,10,0,7,0,103,45,283,15,24,91,20,132,3,35,5,13,3
10290,MC_SC_17_s03L_10290,29,1,1,0,8,0,1,2,8,2,2,0,1,12,0,12,0,36,0
10291,MC_SC_17_s03L_10291,29,4,2,89,40,0,82,17,119,2,36,4,32,74,95,52,2,14,46
10292,MC_SC_17_s03L_10292,29,3,3,0,23,0,29,2,20,0,12,2,13,37,0,14,0,7,10
10293,MC_SC_17_s03L_10293,29,1,1,0,2,0,6,0,10,0,1,5,1,0,3,0,0,0,0
10294,MC_SC_17_s03L_10294,29,2,1,0,1,0,1,39,17,0,1,0,15,6,0,9,0,0,0
10295,MC_SC_17_s03L_10295,29,1,1,0,0,0,0,0,0,0,0,0,0,1,0,0,0,0,0
10296,MC_SC_17_s03L_10296,29,5,3,0,1,0,22,35,42,0,1,15,23,45,25,37,1,7,4
10297,MC_SC_17_s03L_10297,29,5,3,0,27,0,34,9,37,91,40,23,12,0,24,12,2,27,33
10298,MC_SC_17_s03L_10298,29,8,3,2,93,2,147,13,174,132,28,12,72,96,218,143,31,56,5
10299,MC_SC_17_s03L_10299,29,7,3,35,50,0,22,1,2,0,8,5,16,3,13,19,0,1,0
10300,MC_SC_17_s03L_10300,29,5,4,100,51,0,1,9,13,2,24,24,20,15,94,28,37,18,35
10301,MC_SC_17_s03L_10301,29,3,1,0,0,0,0,0,0,0,0,0,4,0,3,1,0,0,0
10302,MC_SC_17_s03L_10302,29,3,2,0,6,0,14,0,0,12,0,3,10,21,4,8,0,0,2
10303,MC_SC_17_s03L_10303,29,9,4,0,37,0,26,19,0,1,6,20,25,22,6,9,0,31,41
10304,MC_SC_17_s03L_10304,29,4,2,19,50,0,25,0,2,32,2,26,17,9,38,16,48,25,5
10305,MC_SC_17_s03L_10305,29,4,2,0,68,4,127,36,69,0,56,1,41,37,7,30,2,19,26
10306,MC_SC_17_s03L_10306,29,4,2,0,43,0,86,2,19,2,17,51,32,52,3,11,2,55,20
10307,MC_SC_17_s03L_10307,29,7,4,93,36,2,122,3,4,14,5,9,12,8,14,12,119,19,13
10308,MC_SC_17_s03L_10308,29,3,2,0,16,0,49,23,3,27,1,4,22,42,31,13,0,15,4
10309,MC_SC_17_s03L_10309,29,1,1,0,6,0,17,2,7,26,5,4,1,8,25,11,0,6,8
10310,MC_SC_17_s03L_10310,29,4,3,0,113,6,243,18,39,272,101,72,35,110,236,91,32,57,79
10311,MC_SC_17_s03L_10311,29,6,3,81,81,0,10,5,89,2,0,26,51,34,0,9,4,187,51
10312,MC_SC_17_s03L_10312,29,4,2,0,37,0,12,3,1,24,5,1,8,35,7,14,3,25,24
10313,MC_SC_17_s03L_10313,29,2,1,0,15,0,16,1,1,21,20,0,2,0,0,22,2,45,0
10314,MC_SC_17_s03L_10314,29,1,1,0,13,0,62,0,2,1,51,2,48,33,14,17,0,24,0
10315,MC_SC_17_s03L_10315,29,9,4,0,48,0,61,4,119,117,21,13,29,43,98,92,29,5,0
10316,MC_SC_17_s03L_10316,29,6,3,1,45,0,104,2,3,22,2,30,39,19,25,20,0,8,8
10317,MC_SC_17_s03L_10317,29,8,4,1,32,5,76,1,22,189,0,4,8,31,21,26,26,160,12
10318,MC_SC_17_s03L_10318,29,4,2,0,32,4,48,1,12,6,24,5,19,12,3,23,10,12,30
10319,MC_SC_17_s03L_10319,29,4,2,0,7,0,41,19,2,0,1,0,14,11,0,18,0,0,30
10320,MC_SC_17_s03L_10320,29,6,4,170,147,2,30,7,49,23,22,42,35,26,186,73,336,60,66
10321,MC_SC_17_s03L_10321,29,3,3,0,8,0,33,13,7,0,4,1,4,7,0,4,0,1,11
10322,MC_SC_17_s03L_10322,29,2,1,0,9,0,7,39,2,0,20,6,8,6,0,19,0,12,7
10323,MC_SC_17_s03L_10323,29,3,2,0,23,1,5,1,1,32,7,20,11,59,0,17,3,91,5
10324,MC_SC_17_s03L_10324,29,9,3,39,48,7,0,0,2,37,11,2,7,15,106,47,126,11,6
10325,MC_SC_17_s03L_10325,29,10,5,0,3,0,42,30,109,2,19,1,9,13,34,6,2,0,4
10326,MC_SC_17_s03L_10326,29,11,3,0,43,0,160,0,96,206,16,28,43,112,125,66,21,25,66
10327,MC_SC_17_s03L_10327,29,3,2,0,31,0,85,0,8,57,21,2,24,64,9,12,3,87,33
10328,MC_SC_17_s03L_10328,29,6,3,0,4,0,16,1,7,60,8,5,10,0,0,6,0,23,2
10329,MC_SC_17_s03L_10329,29,6,3,0,57,0,86,0,2,124,4,17,23,67,27,30,10,236,39
10330,MC_SC_17_s03L_10330,29,4,2,0,2,0,4,128,40,0,4,2,42,34,2,9,0,0,0
10331,MC_SC_17_s03L_10331,29,2,1,0,4,0,0,54,29,0,6,0,18,7,0,1,0,0,0
10332,MC_SC_17_s03L_10332,29,11,6,0,29,0,95,1,14,27,53,6,9,41,26,28,11,96,15
10333,MC_SC_17_s03L_10333,29,1,1,9,1,21,0,0,4,50,1,0,0,0,1,0,41,0,1
10334,MC_SC_17_s03L_10334,29,6,4,179,147,1,10,13,33,25,28,72,49,32,254,116,287,36,76
10335,MC_SC_17_s03L_10335,29,10,2,0,12,0,52,0,7,6,0,4,16,30,0,14,3,70,19
10336,MC_SC_17_s03L_10336,29,7,3,0,139,0,164,2,0,254,24,15,28,74,198,49,37,158,86
10337,MC_SC_17_s03L_10337,29,1,1,0,2,1,17,0,2,29,0,1,1,2,6,1,6,34,6
10338,MC_SC_17_s03L_10338,29,2,2,0,8,0,79,11,0,0,0,3,4,10,2,0,0,7,0
10339,MC_SC_17_s03L_10339,29,8,5,0,84,3,32,1,0,162,114,8,40,67,70,73,38,58,34
10340,MC_SC_17_s03L_10340,29,1,1,0,9,0,19,6,14,9,9,1,12,27,4,10,4,21,1
10341,MC_SC_17_s03L_10341,29,7,4,0,23,0,15,0,6,12,38,0,1,51,3,12,15,134,27
10342,MC_SC_17_s03L_10342,29,1,1,10,5,0,0,0,2,0,0,4,1,5,9,2,0,0,0
10343,MC_SC_17_s03L_10343,29,1,1,0,2,0,4,1,0,0,0,0,0,0,0,0,0,0,0
10344,MC_SC_17_s03L_10344,29,12,2,45,21,0,43,1,5,3,10,3,12,10,48,23,4,7,7
10345,MC_SC_17_s03L_10345,29,6,4,72,63,0,1,9,6,13,11,6,17,19,0,63,24,35,28
10346,MC_SC_17_s03L_10346,29,9,6,61,69,3,216,0,9,25,11,70,23,72,44,22,51,35,12
10347,MC_SC_17_s03L_10347,29,8,5,0,20,0,30,4,31,25,19,9,6,61,0,20,28,141,31
10348,MC_SC_17_s03L_10348,29,5,3,0,93,0,147,1,0,68,15,15,39,55,0,9,3,63,20
10349,MC_SC_17_s03L_10349,29,3,2,1,59,0,92,0,6,3,2,10,15,45,0,18,4,130,55
10350,MC_SC_17_s03L_10350,29,12,8,86,56,0,13,2,6,2,9,2,15,43,98,53,94,55,20
10351,MC_SC_17_s03L_10351,29,1,1,2,8,0,5,0,0,0,2,2,0,4,0,0,0,0,0
10352,MC_SC_17_s03L_10352,29,5,3,0,139,1,234,1,98,307,22,63,47,120,112,24,13,48,5
10353,MC_SC_17_s03L_10353,29,8,4,159,92,3,53,6,7,24,17,20,38,22,267,55,114,23,11
10354,MC_SC_17_s03L_10354,29,10,4,69,98,23,24,12,18,144,22,61,46,31,163,44,134,20,5
10355,MC_SC_17_s03L_10355,29,7,2,89,67,8,77,4,6,37,6,44,19,30,178,5,210,14,29
10356,MC_SC_17_s03L_10356,29,2,1,0,7,0,38,3,0,24,0,4,5,4,13,7,2,3,0
10357,MC_SC_17_s03L_10357,29,2,1,0,67,0,157,9,22,115,10,1,44,79,14,28,3,83,69
10358,MC_SC_17_s03L_10358,29,12,6,107,64,19,98,9,1,100,10,3,43,60,181,83,269,46,26
10359,MC_SC_17_s03L_10359,29,4,2,0,23,0,77,0,0,25,3,19,35,45,0,10,4,40,55
10360,MC_SC_17_s03L_10360,29,7,5,87,90,0,115,9,10,31,13,70,38,40,152,34,275,31,34
10361,MC_SC_17_s03L_10361,29,1,1,9,3,0,12,2,5,2,2,4,1,7,2,4,52,0,0
10362,MC_SC_17_s03L_10362,29,4,3,0,55,0,25,1,0,0,0,8,5,2,0,7,0,153,35
10363,MC_SC_17_s03L_10363,29,12,12,2,85,0,111,0,0,0,0,0,0,0,0,22,16,151,37
10364,MC_SC_17_s03L_10364,29,2,2,0,5,0,33,21,8,14,13,2,5,38,2,16,0,10,0
10365,MC_SC_17_s03L_10365,29,5,3,0,90,0,59,0,0,59,4,8,23,23,20,25,6,26,0
10366,MC_SC_17_s03L_10366,29,6,6,0,2,0,19,1,2,0,0,1,22,4,0,0,23,40,2
10367,MC_SC_17_s03L_10367,29,2,2,0,10,0,11,23,4,20,0,8,7,23,0,4,0,1,6
10368,MC_SC_17_s03L_10368,29,12,12,69,188,0,130,0,0,0,0,0,0,0,0,178,375,37,14
10369,MC_SC_17_s03L_10369,29,2,1,0,27,0,44,5,4,5,3,0,11,4,0,6,2,8,11
10370,MC_SC_17_s03L_10370,29,8,4,0,48,0,8,5,24,124,44,2,25,79,3,16,42,219,47
10371,MC_SC_17_s03L_10371,29,5,3,0,2,0,47,2,0,27,1,9,27,15,15,2,8,16,9
10372,MC_SC_17_s03L_10372,29,2,1,0,3,0,15,0,0,0,0,1,1,0,0,2,0,0,0
10373,MC_SC_17_s03L_10373,29,6,3,0,33,0,20,5,10,18,21,0,13,30,18,37,0,57,3
10374,MC_SC_17_s03L_10374,29,11,8,83,105,0,36,5,10,26,25,132,58,46,246,123,406,41,46
10375,MC_SC_17_s03L_10375,29,8,5,55,21,6,95,1,3,29,16,9,25,52,157,60,250,34,55
10376,MC_SC_17_s03L_10376,29,1,1,1,3,0,16,22,2,0,24,0,14,2,0,16,0,1,1
10377,MC_SC_17_s03L_10377,29,5,4,0,18,0,133,3,27,132,9,16,46,12,1,51,13,106,3
10378,MC_SC_17_s03L_10378,29,2,1,0,3,0,8,0,0,0,0,0,0,0,0,1,0,3,0
10379,MC_SC_17_s03L_10379,29,12,8,0,73,11,70,0,89,93,81,39,46,129,89,51,110,255,72
10380,MC_SC_17_s03L_10380,29,4,3,0,19,0,1,0,0,0,0,0,0,0,0,0,0,0,0
10381,MC_SC_17_s03L_10381,29,6,3,88,94,0,92,3,17,12,17,53,43,21,153,67,246,50,37
10382,MC_SC_17_s03L_10382,29,5,3,105,69,1,144,1,5,13,35,17,28,28,116,49,263,40,49
10383,MC_SC_17_s03L_10383,30,5,2,41,10,20,18,21,3,0,0,2,3,5,0,3,0,5,0
10384,MC_SC_17_s03L_10384,30,3,2,45,4,0,44,27,35,3,3,2,18,11,11,6,2,1,1
10385,MC_SC_17_s03L_10385,30,4,2,0,1,0,31,0,4,13,0,8,2,53,0,3,0,24,7
10386,MC_SC_17_s03L_10386,30,8,3,18,22,15,101,0,44,4,13,9,17,24,5,11,4,95,2
10387,MC_SC_17_s03L_10387,30,7,3,0,16,1,172,3,8,18,33,22,19,95,56,0,0,47,1
10388,MC_SC_17_s03L_10388,30,5,4,0,5,0,50,45,5,80,9,1,17,9,32,0,0,0,0
10389,MC_SC_17_s03L_10389,30,5,3,0,35,0,107,100,7,97,14,0,35,9,48,0,0,0,0
10390,MC_SC_17_s03L_10390,30,1,1,0,0,0,9,0,0,0,0,0,0,4,0,0,0,3,0
10391,MC_SC_17_s03L_10391,30,5,3,1,0,0,22,8,0,0,5,2,7,15,0,6,0,0,0
10392,MC_SC_17_s03L_10392,30,6,4,0,22,93,203,10,68,90,11,1,33,64,126,4,4,3,1
10393,MC_SC_17_s03L_10393,30,5,2,75,23,0,16,65,4,0,1,4,3,0,0,5,0,1,0
10394,MC_SC_17_s03L_10394,30,7,3,0,10,0,73,1,1,26,0,0,6,44,16,6,0,43,0
10395,MC_SC_17_s03L_10395,30,9,2,7,1,0,30,52,12,28,6,15,13,35,8,4,2,0,0
10396,MC_SC_17_s03L_10396,30,2,1,2,7,0,19,3,31,2,0,0,5,1,2,0,0,0,0
10397,MC_SC_17_s03L_10397,30,5,3,0,7,4,87,58,3,98,15,7,19,6,35,0,0,2,0
10398,MC_SC_17_s03L_10398,30,1,1,0,2,0,62,4,2,72,20,2,2,31,5,0,0,0,0
10399,MC_SC_17_s03L_10399,30,6,2,31,0,0,26,10,9,0,0,2,0,5,3,0,0,9,0
10400,MC_SC_17_s03L_10400,30,6,4,102,28,7,72,67,4,8,8,28,14,7,5,6,3,0,3
10401,MC_SC_17_s03L_10401,30,4,3,0,2,0,4,0,0,0,0,0,0,2,1,2,2,0,0
10402,MC_SC_17_s03L_10402,30,5,3,61,21,0,40,14,43,0,19,7,21,7,96,32,3,8,2
10403,MC_SC_17_s03L_10403,30,11,4,0,8,0,23,1,3,2,0,0,8,0,6,5,0,12,2
10404,MC_SC_17_s03L_10404,30,1,1,6,2,0,15,0,2,6,2,3,4,1,3,2,3,0,0
10405,MC_SC_17_s03L_10405,30,11,6,1,53,2,90,1,14,133,20,11,25,44,77,0,0,0,0
10406,MC_SC_17_s03L_10406,30,7,5,0,3,0,72,1,0,13,3,22,9,51,11,4,0,10,11
10407,MC_SC_17_s03L_10407,30,7,4,0,6,0,59,103,4,83,47,11,3,9,0,2,0,6,0
10408,MC_SC_17_s03L_10408,30,4,3,0,3,0,40,0,0,12,3,2,13,23,5,5,0,19,6
10409,MC_SC_17_s03L_10409,30,4,4,37,1,0,34,17,8,0,0,0,14,0,3,9,0,3,0
10410,MC_SC_17_s03L_10410,30,5,3,0,18,1,50,23,0,86,10,0,17,7,45,0,0,14,0
10411,MC_SC_17_s03L_10411,30,8,6,30,15,0,46,12,8,2,9,3,5,1,2,8,5,0,0
10412,MC_SC_17_s03L_10412,30,5,3,0,8,11,64,1,1,16,0,0,8,8,2,3,0,0,7
10413,MC_SC_17_s03L_10413,30,11,3,0,7,5,46,1,19,11,0,0,11,22,0,0,0,31,0
10414,MC_SC_17_s03L_10414,30,5,2,4,8,1,58,35,5,67,0,0,9,13,1,4,0,0,3
10415,MC_SC_17_s03L_10415,30,3,1,1,10,0,27,5,15,26,3,6,17,30,4,16,2,5,8
10416,MC_SC_17_s03L_10416,30,3,1,37,0,0,11,0,4,0,0,3,9,7,0,0,0,1,4
10417,MC_SC_17_s03L_10417,30,7,3,0,10,0,8,5,0,28,2,0,7,0,5,0,3,20,0
10418,MC_SC_17_s03L_10418,30,2,1,0,14,0,65,1,0,38,7,4,10,29,2,10,0,14,0
10419,MC_SC_17_s03L_10419,30,7,4,0,4,0,85,3,0,65,2,1,18,40,14,7,0,4,1
10420,MC_SC_17_s03L_10420,30,4,3,0,10,0,73,0,0,9,0,5,20,39,21,5,0,24,7
10421,MC_SC_17_s03L_10421,30,3,2,0,13,0,72,1,0,13,3,21,11,25,0,2,0,2,8
10422,MC_SC_17_s03L_10422,30,1,1,0,6,0,36,2,0,9,0,6,4,14,1,0,0,6,6
10423,MC_SC_17_s03L_10423,30,11,7,0,26,1,172,6,36,116,12,5,32,61,141,18,2,74,13
10424,MC_SC_17_s03L_10424,30,2,2,0,0,0,33,3,0,25,1,0,4,6,9,2,0,15,0
10425,MC_SC_17_s03L_10425,30,5,4,0,31,0,91,4,4,44,0,16,10,35,13,1,0,33,13
10426,MC_SC_17_s03L_10426,30,5,2,0,72,0,103,27,2,28,6,18,15,7,9,15,8,29,1
10427,MC_SC_17_s03L_10427,30,7,3,72,22,3,10,33,36,0,2,5,10,17,3,11,4,23,0
10428,MC_SC_17_s03L_10428,30,3,3,0,23,0,53,64,0,79,38,4,15,6,3,8,10,11,5
10429,MC_SC_17_s03L_10429,30,4,2,0,5,0,48,0,2,7,7,0,2,3,0,3,0,30,0
10430,MC_SC_17_s03L_10430,30,4,2,0,3,0,68,2,0,21,0,11,10,13,1,4,0,12,10
10431,MC_SC_17_s03L_10431,30,5,2,0,10,0,56,1,0,30,0,5,9,19,2,6,0,4,8
10432,MC_SC_17_s03L_10432,30,5,3,0,41,0,109,1,1,64,2,5,37,17,19,15,0,62,2
10433,MC_SC_17_s03L_10433,30,1,1,2,0,0,0,1,0,2,0,0,1,1,0,0,0,0,0
10434,MC_SC_17_s03L_10434,30,5,3,0,47,0,114,0,0,67,5,3,19,14,8,18,3,88,0
10435,MC_SC_17_s03L_10435,30,8,3,0,19,0,99,1,2,42,8,19,35,84,6,11,0,55,17
10436,MC_SC_17_s03L_10436,30,1,1,0,0,0,0,0,5,2,0,0,0,0,0,0,2,0,0
10437,MC_SC_17_s03L_10437,30,11,5,0,55,6,76,1,0,149,6,0,4,3,62,10,35,2,2
10438,MC_SC_17_s03L_10438,30,7,2,0,6,0,32,0,1,10,2,2,5,37,2,1,0,26,9
10439,MC_SC_17_s03L_10439,30,6,4,0,13,0,55,28,2,108,3,2,10,17,4,15,14,0,13
10440,MC_SC_17_s03L_10440,30,4,2,0,8,0,79,3,0,71,14,0,2,2,6,13,0,48,6
10441,MC_SC_17_s03L_10441,30,3,2,0,11,0,57,0,0,8,3,8,17,8,0,13,0,17,13
10442,MC_SC_17_s03L_10442,30,5,2,0,26,0,131,2,14,84,10,0,7,3,7,16,0,75,0
10443,MC_SC_17_s03L_10443,30,2,2,1,1,0,8,0,2,45,1,0,0,2,5,0,3,0,0
10444,MC_SC_17_s03L_10444,30,11,4,102,21,5,59,8,1,33,8,0,9,6,0,10,6,0,0
10445,MC_SC_17_s03L_10445,30,7,4,0,47,0,94,3,0,27,8,7,27,10,1,9,0,3,5
10446,MC_SC_17_s03L_10446,30,11,8,0,65,13,177,79,24,9,40,35,40,117,141,35,4,34,36
10447,MC_SC_17_s03L_10447,30,6,3,0,13,3,47,2,0,117,4,0,8,9,39,32,15,0,4
10448,MC_SC_17_s03L_10448,30,6,4,0,21,0,103,1,0,82,16,8,17,44,28,3,0,65,3
10449,MC_SC_17_s03L_10449,30,5,2,0,13,0,26,9,4,32,4,1,10,0,10,3,9,7,3
10450,MC_SC_17_s03L_10450,30,5,2,0,12,0,45,19,22,10,11,3,7,11,0,2,0,20,9
10451,MC_SC_17_s03L_10451,30,8,5,2,3,17,78,5,210,58,5,1,15,10,47,29,33,2,8
10452,MC_SC_17_s03L_10452,30,2,1,0,8,0,36,0,0,8,0,2,10,11,0,0,0,1,2
10453,MC_SC_17_s03L_10453,30,4,4,1,13,0,33,0,0,15,10,1,0,5,8,0,0,15,0
10454,MC_SC_17_s03L_10454,30,9,5,0,12,1,95,1,0,73,16,1,6,14,45,7,0,59,0
10455,MC_SC_17_s03L_10455,30,5,2,0,12,0,107,0,0,30,1,6,3,32,2,2,0,39,0
10456,MC_SC_17_s03L_10456,30,5,3,1,9,1,102,1,22,0,0,0,19,35,38,8,6,10,25
10457,MC_SC_17_s03L_10457,30,6,3,0,35,0,274,6,12,144,6,14,11,42,45,10,10,132,0
10458,MC_SC_17_s03L_10458,30,5,4,0,33,0,46,2,0,0,0,13,24,0,0,7,0,42,0
10459,MC_SC_17_s03L_10459,30,1,1,0,8,0,62,0,0,59,0,4,1,31,9,0,4,49,0
10460,MC_SC_17_s03L_10460,30,5,4,0,25,0,53,34,32,91,17,14,24,3,69,17,8,6,32
10461,MC_SC_17_s03L_10461,30,6,1,0,16,0,60,0,0,12,1,3,0,21,2,1,2,27,0
10462,MC_SC_17_s03L_10462,30,5,2,0,3,0,36,0,0,0,0,0,3,0,0,1,0,0,1
10463,MC_SC_17_s03L_10463,30,6,3,0,25,0,30,15,3,74,34,20,6,4,53,5,0,44,23
10464,MC_SC_17_s03L_10464,30,8,3,0,50,4,96,48,6,1,4,1,10,9,0,10,10,51,0
10465,MC_SC_17_s03L_10465,30,4,1,0,53,4,92,25,0,0,25,10,43,1,0,25,5,82,0
10466,MC_SC_17_s03L_10466,30,6,4,106,64,9,103,27,58,103,35,4,41,26,51,18,5,7,25
10467,MC_SC_17_s03L_10467,30,2,1,0,126,0,125,45,0,0,36,13,43,0,0,24,0,125,0
10468,MC_SC_17_s03L_10468,30,9,3,0,25,0,18,51,1,40,56,3,5,9,4,1,2,13,0
10469,MC_SC_17_s03L_10469,30,6,4,0,34,0,49,1,1,1,13,4,8,64,9,41,5,35,23
10470,MC_SC_17_s03L_10470,30,1,1,0,89,4,90,4,5,0,56,20,83,3,0,58,0,200,0
10471,MC_SC_17_s03L_10471,30,7,1,0,60,0,126,6,0,0,52,11,50,17,2,17,0,177,4
10472,MC_SC_17_s03L_10472,30,5,2,0,31,0,50,1,2,0,9,1,1,13,0,8,2,45,17
10473,MC_SC_17_s03L_10473,30,1,1,0,0,0,0,0,2,0,0,0,1,2,0,1,0,0,0
10474,MC_SC_17_s03L_10474,30,5,3,33,3,0,20,2,7,0,10,2,6,9,0,20,0,5,0
10475,MC_SC_17_s03L_10475,30,1,1,22,9,0,44,45,0,0,5,0,9,12,0,25,0,60,0
10476,MC_SC_17_s03L_10476,30,1,1,0,1,0,3,0,0,0,9,0,0,2,0,6,0,0,3
10477,MC_SC_17_s03L_10477,30,6,3,1,8,0,8,36,32,27,1,4,4,10,1,15,4,5,2
10478,MC_SC_17_s03L_10478,30,9,4,64,41,0,26,19,3,6,5,0,8,2,11,30,2,3,19
10479,MC_SC_17_s03L_10479,30,1,1,4,4,0,5,0,1,0,0,0,1,0,0,0,0,0,0
10480,MC_SC_17_s03L_10480,30,3,2,0,11,0,20,35,33,45,0,5,12,10,5,4,4,23,0
10481,MC_SC_17_s03L_10481,30,1,1,0,5,0,2,7,1,0,0,1,2,3,0,11,0,7,1
10482,MC_SC_17_s03L_10482,30,3,2,0,8,0,65,1,0,21,2,1,4,34,0,2,0,22,1
10483,MC_SC_17_s03L_10483,30,7,4,0,31,0,62,55,22,61,8,0,20,23,9,35,15,10,36
10484,MC_SC_17_s03L_10484,30,1,1,16,7,0,18,0,6,8,5,3,1,3,6,2,9,0,0
10485,MC_SC_17_s03L_10485,30,1,1,0,8,0,17,27,15,4,0,1,5,20,0,2,2,22,1
10486,MC_SC_17_s03L_10486,30,2,2,0,4,0,10,1,0,4,1,1,1,1,0,0,0,6,0
10487,MC_SC_17_s03L_10487,30,2,1,0,2,0,47,0,1,0,1,8,8,7,0,9,2,0,0
10488,MC_SC_17_s03L_10488,30,1,1,0,0,0,2,0,0,2,0,0,0,0,0,0,0,10,0
10489,MC_SC_17_s03L_10489,30,11,5,0,27,20,96,1,33,10,5,0,21,22,31,38,17,5,11
10490,MC_SC_17_s03L_10490,30,8,4,0,39,0,90,3,29,152,13,1,19,17,10,34,20,30,6
10491,MC_SC_17_s03L_10491,30,11,9,0,67,0,42,1,9,73,29,2,4,2,50,11,2,0,6
10492,MC_SC_17_s03L_10492,30,4,3,41,17,0,2,5,4,0,8,2,14,7,4,18,4,2,4
10493,MC_SC_17_s03L_10493,30,2,1,0,0,0,4,0,0,0,0,0,0,0,0,0,0,0,0
10494,MC_SC_17_s03L_10494,30,4,2,1,16,0,28,15,19,0,4,9,14,5,0,16,2,42,4
10495,MC_SC_17_s03L_10495,30,1,1,0,4,0,6,0,0,0,0,0,0,0,0,0,0,0,0
10496,MC_SC_17_s03L_10496,30,2,2,0,0,0,0,0,0,0,0,0,0,0,0,0,0,0,0
10497,MC_SC_17_s03L_10497,30,2,2,0,2,0,16,0,0,31,0,0,0,3,16,2,0,0,0
10498,MC_SC_17_s03L_10498,30,1,1,1,0,0,0,0,0,2,0,0,0,0,0,0,1,0,0
10499,MC_SC_17_s03L_10499,30,3,2,0,19,0,7,51,2,3,0,9,10,0,0,5,0,0,0
10500,MC_SC_17_s03L_10500,30,9,4,0,1,0,8,2,0,0,0,0,8,0,0,0,0,24,0
10501,MC_SC_17_s03L_10501,30,1,1,25,3,0,7,0,1,0,0,0,0,2,0,0,0,0,0
10502,MC_SC_17_s03L_10502,30,4,2,0,6,0,10,6,0,0,3,0,11,0,0,7,0,8,1
10503,MC_SC_17_s03L_10503,30,1,1,0,6,0,39,33,4,0,1,1,1,1,0,0,0,11,3
10504,MC_SC_17_s03L_10504,30,3,2,0,8,0,17,3,1,25,3,0,6,0,32,9,0,2,1
10505,MC_SC_17_s03L_10505,30,5,2,0,37,0,59,2,6,22,18,10,6,0,2,10,2,23,13
10506,MC_SC_17_s03L_10506,30,3,2,0,20,0,1,5,0,0,2,1,9,4,0,8,0,1,0
10507,MC_SC_17_s03L_10507,30,3,2,42,9,0,6,12,13,0,4,5,15,31,0,6,0,0,3
10508,MC_SC_17_s03L_10508,30,3,1,14,9,0,0,0,4,0,11,4,22,9,0,5,2,7,3
10509,MC_SC_17_s03L_10509,30,3,2,0,7,0,5,0,0,3,0,2,5,0,0,5,0,11,0
10510,MC_SC_17_s03L_10510,30,5,2,0,0,0,22,1,0,14,0,0,6,5,2,8,0,3,6
10511,MC_SC_17_s03L_10511,30,4,2,0,10,0,0,4,0,6,0,1,9,0,0,4,0,3,0
10512,MC_SC_17_s03L_10512,30,1,1,20,11,0,0,10,5,0,4,9,8,1,0,0,0,0,0
10513,MC_SC_17_s03L_10513,30,3,2,0,36,0,5,0,1,0,4,18,3,0,8,5,0,4,17
10514,MC_SC_17_s03L_10514,30,6,3,0,29,0,90,0,2,0,19,10,15,30,0,22,6,4,29
10515,MC_SC_17_s03L_10515,30,11,4,1,49,0,69,2,3,2,56,32,17,44,10,18,6,21,9
10516,MC_SC_17_s03L_10516,30,4,2,4,6,0,87,0,0,4,0,0,2,12,0,3,0,9,0
10517,MC_SC_17_s03L_10517,30,3,1,41,2,0,0,2,13,0,1,0,5,15,0,3,0,6,1
10518,MC_SC_17_s03L_10518,30,1,1,66,10,0,8,12,21,0,27,12,17,26,2,16,2,31,37
10519,MC_SC_17_s03L_10519,30,1,1,11,19,0,3,31,1,0,30,1,20,1,0,10,0,47,19
10520,MC_SC_17_s03L_10520,30,4,2,0,21,0,46,0,2,0,1,0,0,10,0,4,0,4,0
10521,MC_SC_17_s03L_10521,30,3,2,106,39,0,14,37,38,0,64,16,42,31,0,26,4,108,54
10522,MC_SC_17_s03L_10522,30,5,3,0,41,0,112,2,4,27,4,0,14,31,0,15,0,71,19
10523,MC_SC_17_s03L_10523,30,4,2,52,26,0,3,5,104,0,9,34,26,47,4,26,0,41,22
10524,MC_SC_17_s03L_10524,30,11,4,0,5,4,7,0,106,29,1,0,17,4,16,4,62,26,1
10525,MC_SC_17_s03L_10525,30,4,2,23,9,0,2,1,74,0,7,11,31,12,0,3,2,15,10
10526,MC_SC_17_s03L_10526,30,4,3,35,14,0,11,0,25,0,12,2,2,4,0,0,6,51,7
10527,MC_SC_17_s03L_10527,30,7,4,0,21,10,87,8,316,53,6,2,85,13,13,41,95,191,16
10528,MC_SC_17_s03L_10528,30,5,2,0,1,0,0,33,43,0,1,2,14,3,3,10,3,3,0
10529,MC_SC_17_s03L_10529,30,3,2,0,11,0,2,31,0,9,16,0,24,1,0,3,11,35,17
10530,MC_SC_17_s03L_10530,30,4,2,0,8,1,92,0,9,0,1,0,4,0,0,3,0,11,13
10531,MC_SC_17_s03L_10531,30,3,2,100,28,0,0,79,116,2,36,10,75,12,2,7,0,28,27
10532,MC_SC_17_s03L_10532,30,7,3,6,19,0,14,24,7,36,34,0,11,1,67,55,11,42,28
10533,MC_SC_17_s03L_10533,30,2,2,30,19,0,4,2,11,0,33,20,21,30,3,5,0,32,18
10534,MC_SC_17_s03L_10534,30,4,3,9,39,0,3,1,10,35,1,1,37,18,28,28,26,7,5
10535,MC_SC_17_s03L_10535,30,5,3,52,25,0,0,2,22,2,2,3,11,4,10,15,0,0,31
10536,MC_SC_17_s03L_10536,30,4,3,37,37,0,17,0,11,0,6,0,31,18,3,17,0,17,24
10537,MC_SC_17_s03L_10537,30,5,3,0,10,0,9,2,23,43,13,2,7,16,22,26,2,3,18
10538,MC_SC_17_s03L_10538,30,3,2,60,0,0,0,1,6,0,5,0,24,9,0,12,1,39,30
10539,MC_SC_17_s03L_10539,30,2,1,44,6,0,0,18,12,3,2,2,7,2,0,5,0,23,2
10540,MC_SC_17_s03L_10540,30,6,6,1,13,0,13,2,77,19,2,2,9,5,10,2,39,24,0
10541,MC_SC_17_s03L_10541,30,5,3,17,15,0,0,0,24,0,4,0,5,11,0,13,0,16,0
10542,MC_SC_17_s03L_10542,30,3,1,45,3,0,1,0,18,2,2,0,25,1,5,7,5,25,34
10543,MC_SC_17_s03L_10543,30,3,2,52,25,0,4,0,97,0,7,10,36,21,0,6,2,1,11
10544,MC_SC_17_s03L_10544,30,11,5,0,6,0,39,43,110,17,17,25,43,17,77,54,16,23,18
10545,MC_SC_17_s03L_10545,30,3,2,3,32,2,18,1,8,5,13,22,17,26,38,28,10,28,5
10546,MC_SC_17_s03L_10546,30,1,1,2,0,0,0,0,2,3,0,1,1,1,0,0,2,0,0
10547,MC_SC_17_s03L_10547,30,5,2,0,27,0,20,2,0,0,18,0,4,4,0,9,0,10,2
10548,MC_SC_17_s03L_10548,30,6,2,1,20,0,4,26,13,46,8,8,12,0,16,12,6,2,3
10549,MC_SC_17_s03L_10549,30,1,1,0,7,0,24,19,1,0,2,0,7,8,0,4,0,0,0
10550,MC_SC_17_s03L_10550,30,1,1,3,2,0,0,0,11,0,1,2,2,4,0,8,0,9,3
10551,MC_SC_17_s03L_10551,30,5,3,0,25,0,0,0,9,6,0,3,8,15,0,7,2,48,2
10552,MC_SC_17_s03L_10552,30,4,2,83,20,0,21,45,68,2,30,5,75,5,2,1,0,26,11
10553,MC_SC_17_s03L_10553,30,5,2,0,10,0,0,20,4,0,9,1,7,42,5,6,0,46,2
10554,MC_SC_17_s03L_10554,30,4,2,0,1,0,7,0,5,2,2,1,22,9,0,10,2,3,0
10555,MC_SC_17_s03L_10555,30,1,1,0,0,0,0,0,1,0,0,0,0,1,0,0,0,1,0
10556,MC_SC_17_s03L_10556,30,9,3,66,8,0,1,1,1,0,3,8,11,0,3,6,2,0,50
10557,MC_SC_17_s03L_10557,30,1,1,0,6,0,5,3,24,46,5,0,1,0,25,0,6,0,0
10558,MC_SC_17_s03L_10558,30,3,2,92,16,1,6,38,66,1,15,6,60,7,0,7,0,41,14
10559,MC_SC_17_s03L_10559,30,7,5,1,9,0,36,38,68,15,6,10,10,22,40,12,6,5,8
10560,MC_SC_17_s03L_10560,30,5,2,0,48,0,24,39,17,50,5,0,24,0,13,0,0,23,2
10561,MC_SC_17_s03L_10561,30,4,1,10,39,2,4,2,17,3,2,10,32,27,8,32,12,32,1
10562,MC_SC_17_s03L_10562,30,7,3,91,10,23,34,29,39,42,11,22,25,13,93,33,40,14,6
10563,MC_SC_17_s03L_10563,30,5,1,1,0,0,2,0,0,0,1,1,0,2,0,0,4,0,2
10564,MC_SC_17_s03L_10564,30,8,4,10,7,4,13,49,124,254,22,61,11,34,3,14,25,0,2
10565,MC_SC_17_s03L_10565,30,9,5,0,56,1,125,12,0,160,17,24,23,27,11,15,15,82,1
10566,MC_SC_17_s03L_10566,30,4,2,0,9,0,0,2,0,18,0,0,6,0,0,3,6,52,0
10567,MC_SC_17_s03L_10567,30,5,3,0,92,0,228,5,7,50,13,48,15,0,6,13,13,114,40
10568,MC_SC_17_s03L_10568,30,3,2,1,5,0,0,81,43,2,5,4,34,14,0,13,0,0,0
10569,MC_SC_17_s03L_10569,30,7,3,178,38,30,24,51,84,25,19,24,27,30,107,45,48,23,22
10570,MC_SC_17_s03L_10570,30,5,2,1,79,7,16,7,15,7,14,25,25,36,16,23,5,60,0
10571,MC_SC_17_s03L_10571,30,4,3,0,25,0,72,2,39,0,45,23,9,27,9,29,3,26,33
10572,MC_SC_17_s03L_10572,30,4,2,0,75,5,7,2,6,2,0,9,18,26,3,17,2,34,5
10573,MC_SC_17_s03L_10573,30,4,2,6,11,3,1,36,17,7,4,2,24,0,15,21,5,4,1
10574,MC_SC_17_s03L_10574,30,5,3,2,65,17,6,6,10,7,1,35,22,26,42,44,9,12,1
10575,MC_SC_17_s03L_10575,30,10,4,0,37,0,26,0,1,32,5,3,11,5,2,32,0,11,12
10576,MC_SC_17_s03L_10576,30,6,3,0,71,0,2,2,3,19,28,7,4,13,5,18,2,3,4
10577,MC_SC_17_s03L_10577,30,4,3,2,72,15,3,26,6,21,2,1,32,50,5,8,12,37,0
10578,MC_SC_17_s03L_10578,30,6,4,188,96,31,48,73,101,20,34,14,39,18,112,52,34,18,26
10579,MC_SC_17_s03L_10579,30,1,1,22,14,0,0,1,6,0,0,5,14,10,1,1,0,9,8
10580,MC_SC_17_s03L_10580,30,2,1,3,1,0,0,0,4,2,0,0,0,1,0,1,0,0,0
10581,MC_SC_17_s03L_10581,30,11,9,145,27,13,23,5,58,19,31,10,40,6,64,37,27,15,53
10582,MC_SC_17_s03L_10582,30,4,3,33,25,4,5,7,14,6,2,5,21,20,4,23,3,16,4
10583,MC_SC_17_s03L_10583,30,5,4,92,88,18,31,91,71,13,9,5,40,7,45,54,2,4,12
10584,MC_SC_17_s03L_10584,30,6,3,0,55,1,14,0,2,0,5,1,9,24,0,5,0,9,0
10585,MC_SC_17_s03L_10585,30,5,2,3,23,1,22,5,5,55,50,3,27,3,9,23,9,35,22
10586,MC_SC_17_s03L_10586,30,3,2,43,22,0,0,4,14,0,6,2,14,19,0,13,0,6,15
10587,MC_SC_17_s03L_10587,30,3,2,0,11,0,0,3,0,0,0,4,6,0,0,5,0,20,0
10588,MC_SC_17_s03L_10588,30,5,2,129,28,0,8,4,74,0,5,1,3,3,0,6,4,61,9
10589,MC_SC_17_s03L_10589,30,5,4,0,62,0,76,0,61,138,19,12,31,29,141,62,25,16,7
10590,MC_SC_17_s03L_10590,30,8,7,103,59,2,18,26,38,0,19,9,4,35,0,6,8,32,5
10591,MC_SC_17_s03L_10591,30,4,2,125,22,0,24,27,58,2,21,3,37,17,7,6,3,16,37
10592,MC_SC_17_s03L_10592,30,6,2,0,120,1,2,0,0,30,51,10,17,42,0,29,5,13,3
10593,MC_SC_17_s03L_10593,30,4,3,79,20,0,5,48,9,0,10,3,28,15,0,1,2,44,2
10594,MC_SC_17_s03L_10594,30,5,2,0,30,0,7,0,0,2,4,1,10,5,0,10,0,10,2
10595,MC_SC_17_s03L_10595,30,5,2,2,6,0,8,37,9,25,0,0,15,0,0,5,0,1,4
10596,MC_SC_17_s03L_10596,30,3,2,0,44,0,49,0,5,5,29,2,15,22,9,29,0,1,18
10597,MC_SC_17_s03L_10597,30,3,3,0,21,0,37,0,0,0,15,7,7,22,0,8,5,18,35
10598,MC_SC_17_s03L_10598,30,5,3,0,19,0,95,3,87,7,39,4,16,32,0,22,2,18,18
10599,MC_SC_17_s03L_10599,30,5,3,0,77,5,22,43,88,49,6,0,19,46,9,53,48,5,14
10600,MC_SC_17_s03L_10600,30,7,5,2,62,0,41,47,223,6,30,24,21,76,0,69,28,3,10
10601,MC_SC_17_s03L_10601,30,1,1,1,18,0,5,3,14,0,2,5,4,13,0,4,0,21,25
10602,MC_SC_17_s03L_10602,30,5,4,0,4,0,19,3,3,0,37,1,11,20,0,11,4,17,6
10603,MC_SC_17_s03L_10603,30,3,2,0,12,0,0,1,4,0,39,1,7,22,0,5,0,24,0
10604,MC_SC_17_s03L_10604,30,3,2,0,57,0,24,0,3,13,29,0,7,11,0,12,0,12,11
10605,MC_SC_17_s03L_10605,30,8,3,3,101,4,41,6,20,16,13,5,18,64,68,38,28,36,1
10606,MC_SC_17_s03L_10606,30,4,3,1,0,0,0,17,11,0,0,0,18,2,0,4,2,0,0
10607,MC_SC_17_s03L_10607,30,1,1,0,16,0,8,0,2,7,0,1,13,18,0,1,0,31,0
10608,MC_SC_17_s03L_10608,30,3,2,46,16,0,3,33,30,2,5,0,20,8,18,12,8,30,13
10609,MC_SC_17_s03L_10609,30,5,2,0,4,0,13,1,1,6,2,0,0,0,0,5,11,0,0
10610,MC_SC_17_s03L_10610,30,6,3,0,36,0,9,1,10,0,7,20,30,55,0,12,3,55,6
10611,MC_SC_17_s03L_10611,30,6,3,0,74,0,11,5,8,55,84,22,3,45,13,26,12,18,2
10612,MC_SC_17_s03L_10612,30,2,2,9,4,0,0,9,11,0,6,4,20,0,0,0,0,0,0
10613,MC_SC_17_s03L_10613,30,3,2,0,8,0,16,67,26,0,0,13,49,2,0,17,4,22,4
10614,MC_SC_17_s03L_10614,30,3,1,0,5,0,0,0,0,8,1,2,21,1,5,0,2,1,0
10615,MC_SC_17_s03L_10615,30,2,2,1,9,0,1,21,6,0,10,8,18,11,0,2,0,6,8
10616,MC_SC_17_s03L_10616,30,4,2,0,14,0,1,67,24,0,5,24,19,1,6,9,0,42,0
10617,MC_SC_17_s03L_10617,30,6,2,2,51,0,26,3,6,9,12,23,41,68,81,48,19,36,7
10618,MC_SC_17_s03L_10618,30,7,4,1,9,0,121,93,200,180,62,138,61,106,3,44,15,28,2
10619,MC_SC_17_s03L_10619,30,11,8,0,4,0,10,56,78,0,8,22,17,18,32,35,3,4,14
10620,MC_SC_17_s03L_10620,30,1,1,0,3,0,1,1,6,0,1,0,0,0,2,2,0,0,0
10621,MC_SC_17_s03L_10621,30,4,2,56,25,0,2,21,16,0,4,0,19,17,0,13,0,28,1
10622,MC_SC_17_s03L_10622,30,1,1,4,13,0,1,9,20,4,5,8,2,9,0,1,0,23,10
10623,MC_SC_17_s03L_10623,30,7,3,0,7,0,19,0,16,8,10,2,4,22,0,23,0,4,1
10624,MC_SC_17_s03L_10624,30,8,4,156,93,4,80,24,143,10,25,1,67,8,68,117,19,15,52
10625,MC_SC_17_s03L_10625,30,7,4,0,0,0,0,32,5,2,2,2,12,1,0,8,2,0,1
10626,MC_SC_17_s03L_10626,30,5,2,0,21,0,11,3,16,3,0,0,21,16,1,24,4,10,2
10627,MC_SC_17_s03L_10627,30,6,4,110,72,9,16,41,34,3,10,0,13,2,87,50,11,10,39
10628,MC_SC_17_s03L_10628,30,6,3,0,25,0,8,7,0,23,15,3,10,44,0,9,7,3,33
10629,MC_SC_17_s03L_10629,30,1,1,1,5,0,0,0,0,0,0,0,2,4,0,0,0,3,0
10630,MC_SC_17_s03L_10630,30,4,3,0,15,0,0,67,18,0,0,7,22,0,1,12,2,16,5
10631,MC_SC_17_s03L_10631,30,4,2,0,54,2,69,87,14,9,39,3,26,5,2,35,16,27,4
10632,MC_SC_17_s03L_10632,30,7,4,1,34,0,38,18,10,0,18,30,37,31,31,71,5,18,21
10633,MC_SC_17_s03L_10633,30,3,2,1,21,0,11,31,0,0,1,14,25,6,0,12,7,22,0
10634,MC_SC_17_s03L_10634,30,7,4,0,37,0,14,2,11,17,48,5,18,24,0,35,0,17,16
10635,MC_SC_17_s03L_10635,30,3,1,0,39,0,4,44,13,12,4,6,23,14,5,8,4,21,16
10636,MC_SC_17_s03L_10636,30,5,3,0,40,0,10,23,15,19,4,13,14,10,2,7,2,44,38
10637,MC_SC_17_s03L_10637,30,5,3,38,41,0,14,5,16,0,2,1,21,20,0,19,2,15,30
10638,MC_SC_17_s03L_10638,30,3,1,0,15,0,16,0,1,2,7,5,6,0,3,6,0,3,8
10639,MC_SC_17_s03L_10639,30,4,4,0,0,0,1,0,0,0,0,0,0,0,0,3,0,0,0
10640,MC_SC_17_s03L_10640,30,6,4,0,4,0,0,0,0,9,1,0,5,26,0,3,0,30,11
10641,MC_SC_17_s03L_10641,30,5,3,56,42,0,25,2,13,0,0,8,29,15,0,12,0,16,10
10642,MC_SC_17_s03L_10642,30,2,1,0,9,0,10,36,9,0,28,5,2,1,0,2,3,11,3
10643,MC_SC_17_s03L_10643,30,7,4,1,135,0,60,2,4,39,60,6,20,49,0,33,11,25,28
10644,MC_SC_17_s03L_10644,30,1,1,0,1,0,0,0,3,0,0,0,0,0,0,0,0,0,0
10645,MC_SC_17_s03L_10645,30,5,3,0,21,2,63,0,2,0,0,15,7,18,0,6,0,35,0
10646,MC_SC_17_s03L_10646,30,6,4,1,44,0,6,4,1,19,6,0,7,13,0,3,2,14,12
10647,MC_SC_17_s03L_10647,30,2,1,0,28,0,31,1,5,0,4,18,21,0,0,25,2,16,0
10648,MC_SC_17_s03L_10648,30,2,1,0,0,0,0,39,19,0,0,5,9,3,0,5,0,0,0
10649,MC_SC_17_s03L_10649,30,4,2,0,13,0,33,0,4,6,17,0,8,29,0,22,6,11,1
10650,MC_SC_17_s03L_10650,30,5,1,148,78,0,1,1,67,0,6,13,9,36,0,8,2,210,16
10651,MC_SC_17_s03L_10651,30,5,3,0,67,2,120,26,17,0,9,16,23,33,2,36,11,8,39
10652,MC_SC_17_s03L_10652,30,1,1,0,0,0,0,2,6,0,2,0,0,1,0,0,0,0,0
10653,MC_SC_17_s03L_10653,30,4,3,0,13,0,95,1,44,3,15,18,7,2,0,18,0,8,1
10654,MC_SC_17_s03L_10654,30,3,2,0,7,0,36,0,1,0,0,15,13,5,0,8,2,23,18
10655,MC_SC_17_s03L_10655,30,4,2,0,16,0,5,30,4,0,60,18,26,36,0,5,0,59,6
10656,MC_SC_17_s03L_10656,30,3,2,0,0,0,0,55,21,2,0,7,21,4,0,11,0,1,0
10657,MC_SC_17_s03L_10657,30,4,3,0,23,0,66,5,11,0,8,9,21,14,0,13,0,14,36
10658,MC_SC_17_s03L_10658,30,4,3,0,21,0,28,1,23,41,17,12,15,54,2,46,19,6,38
10659,MC_SC_17_s03L_10659,30,7,4,0,0,0,0,4,0,3,5,0,8,0,23,33,2,1,1
10660,MC_SC_17_s03L_10660,30,7,1,0,5,0,0,2,1,4,0,0,1,0,8,2,0,4,1
10661,MC_SC_17_s03L_10661,30,11,2,0,23,0,27,19,28,11,15,18,14,30,3,8,0,21,31
10662,MC_SC_17_s03L_10662,30,11,5,0,34,0,24,14,12,0,22,14,13,26,2,8,0,16,23
10663,MC_SC_17_s03L_10663,30,3,3,11,13,0,0,0,3,0,0,2,3,2,0,0,2,0,0
10664,MC_SC_17_s03L_10664,30,4,2,0,24,0,46,62,17,0,1,10,21,8,0,22,0,20,1
10665,MC_SC_17_s03L_10665,30,5,3,1,50,0,136,2,34,9,5,1,15,42,0,13,7,57,48
10666,MC_SC_17_s03L_10666,30,5,3,0,34,2,28,3,0,21,2,1,14,43,0,3,0,127,24
10667,MC_SC_17_s03L_10667,30,11,5,0,101,13,117,49,195,15,7,26,44,45,147,122,24,19,13
10668,MC_SC_17_s03L_10668,30,2,2,0,10,0,12,0,0,2,0,11,2,4,0,3,2,22,9
10669,MC_SC_17_s03L_10669,30,4,2,1,28,0,76,0,59,0,4,3,34,48,4,43,2,58,1
10670,MC_SC_17_s03L_10670,30,1,1,0,16,0,6,0,11,0,12,1,0,3,4,0,0,0,0
10671,MC_SC_17_s03L_10671,30,3,2,59,55,7,22,5,3,54,2,3,21,21,75,33,111,33,26
10672,MC_SC_17_s03L_10672,30,4,2,0,8,0,17,2,0,27,2,4,16,23,6,24,2,13,19
10673,MC_SC_17_s03L_10673,30,11,6,0,41,4,96,4,204,229,19,5,44,71,213,119,26,19,0
10674,MC_SC_17_s03L_10674,30,4,2,0,2,0,0,55,44,0,2,5,24,2,0,4,0,0,0
10675,MC_SC_17_s03L_10675,30,1,1,0,8,1,16,3,14,0,3,4,14,18,0,12,3,59,0
10676,MC_SC_17_s03L_10676,30,8,2,92,56,0,53,2,1,1,2,0,15,1,35,43,25,2,1
10677,MC_SC_17_s03L_10677,30,4,3,0,2,0,37,13,10,2,0,7,5,22,0,6,0,3,14
10678,MC_SC_17_s03L_10678,30,5,2,0,10,0,14,39,1,0,12,3,15,6,0,11,2,7,6
10679,MC_SC_17_s03L_10679,30,3,2,0,2,0,9,0,0,10,2,13,23,8,0,0,0,28,14
10680,MC_SC_17_s03L_10680,30,6,3,2,72,49,76,6,163,35,7,4,48,72,186,76,44,13,17
10681,MC_SC_17_s03L_10681,30,3,2,0,6,0,22,6,2,0,2,1,3,12,0,6,0,1,13
10682,MC_SC_17_s03L_10682,30,3,2,0,43,0,2,1,0,12,2,5,4,6,0,4,8,53,17
10683,MC_SC_17_s03L_10683,30,5,3,1,108,56,155,8,52,21,96,6,28,95,82,28,22,40,87
10684,MC_SC_17_s03L_10684,30,3,1,0,71,0,7,1,1,2,0,2,6,3,0,8,0,61,9
10685,MC_SC_17_s03L_10685,30,7,4,0,24,0,30,23,6,57,12,2,24,3,0,4,4,0,1
10686,MC_SC_17_s03L_10686,30,7,4,0,79,32,30,11,120,7,4,7,56,61,97,36,15,27,5
10687,MC_SC_17_s03L_10687,30,7,5,0,33,0,78,4,9,81,24,0,24,2,19,31,0,12,0
10688,MC_SC_17_s03L_10688,30,3,2,0,5,0,13,6,0,0,0,0,7,7,0,1,0,2,21
10689,MC_SC_17_s03L_10689,30,8,3,0,11,0,26,0,1,31,7,17,10,0,17,24,0,6,16
10690,MC_SC_17_s03L_10690,30,1,1,0,2,0,13,0,0,3,4,0,0,0,6,0,0,2,1
10691,MC_SC_17_s03L_10691,30,3,2,0,24,0,53,1,18,9,3,5,11,28,0,38,2,47,37
10692,MC_SC_17_s03L_10692,30,6,3,33,61,2,15,3,4,12,4,3,29,13,69,35,74,12,14
10693,MC_SC_17_s03L_10693,30,4,3,0,2,0,1,59,53,0,8,5,21,2,0,2,0,0,1
10694,MC_SC_17_s03L_10694,30,6,3,72,104,6,49,4,4,33,17,40,69,17,227,101,335,33,19
10695,MC_SC_17_s03L_10695,30,5,3,0,57,2,103,2,12,4,35,9,9,8,10,47,25,35,20
10696,MC_SC_17_s03L_10696,30,4,2,0,22,0,2,2,0,52,12,16,17,70,13,19,15,81,18
10697,MC_SC_17_s03L_10697,30,4,2,0,61,0,174,2,44,190,4,42,27,79,19,122,30,316,80
10698,MC_SC_17_s03L_10698,30,3,2,0,23,0,34,33,4,0,3,5,20,5,0,7,0,15,30
10699,MC_SC_17_s03L_10699,30,3,2,1,39,0,34,14,8,0,1,0,13,0,0,12,0,40,1
10700,MC_SC_17_s03L_10700,30,11,9,154,136,0,46,11,1,7,24,74,27,35,105,91,377,41,24
10701,MC_SC_17_s03L_10701,30,9,4,97,101,4,262,2,19,16,18,36,5,33,54,26,98,6,16
10702,MC_SC_17_s03L_10702,30,5,2,0,13,0,13,0,1,2,10,0,2,10,0,10,0,32,12
10703,MC_SC_17_s03L_10703,30,7,4,62,43,0,15,0,8,2,5,5,9,17,14,29,4,12,6
10704,MC_SC_17_s03L_10704,30,11,9,106,50,2,100,0,0,0,32,52,6,100,0,23,0,140,2
10705,MC_SC_17_s03L_10705,30,1,1,6,2,0,4,0,0,0,0,0,0,0,0,3,0,0,0
10706,MC_SC_17_s03L_10706,30,5,3,0,34,0,73,2,2,5,16,4,23,51,0,43,8,111,66
10707,MC_SC_17_s03L_10707,30,4,2,1,48,1,115,4,21,74,9,22,18,17,8,45,7,10,44
10708,MC_SC_17_s03L_10708,30,8,4,69,52,0,5,2,29,3,9,0,7,16,65,0,5,10,12
10709,MC_SC_17_s03L_10709,30,11,4,181,71,4,8,5,10,57,19,111,27,53,81,65,17,21,17
10710,MC_SC_17_s03L_10710,30,5,4,0,41,0,5,0,64,190,80,17,23,146,0,23,13,358,32
10711,MC_SC_17_s03L_10711,30,11,6,0,104,0,29,2,7,265,13,18,7,117,22,36,6,170,24
10712,MC_SC_17_s03L_10712,30,9,4,72,34,3,10,2,25,33,1,20,10,16,78,7,23,10,2
10713,MC_SC_17_s03L_10713,30,1,1,12,22,2,19,0,2,14,3,4,1,1,22,1,25,0,1
10714,MC_SC_17_s03L_10714,30,1,1,0,0,0,8,1,2,0,0,5,0,0,6,4,13,0,3
10715,MC_SC_17_s03L_10715,30,9,4,0,75,0,13,7,28,120,32,14,25,95,3,20,28,192,37
10716,MC_SC_17_s03L_10716,30,2,1,0,18,0,7,5,18,0,0,0,24,33,0,7,0,74,23
10717,MC_SC_17_s03L_10717,30,8,3,0,28,0,42,28,82,2,20,5,47,25,6,15,5,4,30
10718,MC_SC_17_s03L_10718,30,6,3,1,17,0,34,5,5,43,4,24,22,2,31,6,2,32,0
10719,MC_SC_17_s03L_10719,30,9,4,143,49,0,53,3,56,2,4,1,26,11,119,69,39,37,19
10720,MC_SC_17_s03L_10720,30,6,5,0,12,0,44,24,0,65,1,9,22,25,29,33,3,73,0
10721,MC_SC_17_s03L_10721,30,6,3,0,130,2,118,7,164,130,4,29,44,129,99,46,37,132,24
10722,MC_SC_17_s03L_10722,30,4,3,0,35,0,21,2,1,25,6,3,15,32,10,5,2,15,7
10723,MC_SC_17_s03L_10723,30,1,1,2,2,0,8,0,0,0,3,2,1,2,18,2,25,0,7
10724,MC_SC_17_s03L_10724,30,1,1,3,1,0,35,0,1,2,0,0,0,1,13,3,29,1,2
10725,MC_SC_17_s03L_10725,30,6,3,58,54,8,101,3,4,15,20,12,14,22,93,25,177,6,15
10726,MC_SC_17_s03L_10726,30,4,1,0,13,0,29,8,0,0,1,1,5,6,0,8,2,3,0
10727,MC_SC_17_s03L_10727,30,11,3,101,109,5,71,6,4,76,24,36,31,30,136,81,222,34,28
10728,MC_SC_17_s03L_10728,30,3,2,0,7,0,30,10,0,2,0,0,8,12,0,5,0,3,0
10729,MC_SC_17_s03L_10729,30,1,1,0,7,0,6,12,9,23,11,3,20,32,4,21,2,25,0
10730,MC_SC_17_s03L_10730,30,2,1,0,3,0,33,20,0,0,8,0,6,11,0,8,0,16,3
10731,MC_SC_17_s03L_10731,30,1,1,0,2,0,40,2,0,45,10,5,16,9,1,7,0,16,35
10732,MC_SC_17_s03L_10732,30,8,4,66,63,19,99,1,2,94,7,58,17,20,91,71,218,43,27
10733,MC_SC_17_s03L_10733,30,2,1,0,3,0,0,0,0,0,0,1,0,0,0,0,0,0,0
10734,MC_SC_17_s03L_10734,31,7,3,0,36,0,150,103,38,311,35,22,25,49,130,56,10,14,46
10735,MC_SC_17_s03L_10735,31,9,4,11,4,0,19,62,79,33,0,4,14,27,14,0,0,4,0
10736,MC_SC_17_s03L_10736,31,6,4,29,4,3,21,19,21,0,5,12,1,0,12,5,0,0,0
10737,MC_SC_17_s03L_10737,31,4,2,25,9,10,3,16,0,0,0,2,5,2,0,1,0,8,1
10738,MC_SC_17_s03L_10738,31,2,2,17,3,0,15,0,0,0,0,0,0,0,0,0,2,0,1
10739,MC_SC_17_s03L_10739,31,4,2,33,3,0,8,14,14,0,2,6,13,1,1,0,0,2,0
10740,MC_SC_17_s03L_10740,31,10,5,0,12,0,73,0,6,47,2,23,8,36,16,3,2,25,4
10741,MC_SC_17_s03L_10741,31,10,4,25,24,2,88,12,72,62,7,2,20,27,68,46,125,3,21
10742,MC_SC_17_s03L_10742,31,4,2,3,9,0,86,3,0,64,9,14,34,52,7,0,0,42,14
10743,MC_SC_17_s03L_10743,31,7,5,0,0,0,6,0,13,9,0,2,1,34,4,3,0,41,3
10744,MC_SC_17_s03L_10744,31,6,4,0,0,0,13,0,0,2,0,4,4,31,0,0,0,5,0
10745,MC_SC_17_s03L_10745,31,3,2,0,3,0,26,6,0,48,0,13,3,29,0,2,0,9,1
10746,MC_SC_17_s03L_10746,31,3,2,17,7,0,17,0,0,0,27,0,0,0,0,0,0,2,0
10747,MC_SC_17_s03L_10747,31,4,2,114,5,9,38,54,8,9,8,11,19,10,2,12,3,5,3
10748,MC_SC_17_s03L_10748,31,1,1,26,19,5,30,5,25,0,38,2,8,14,0,6,0,7,5
10749,MC_SC_17_s03L_10749,31,4,2,3,5,0,15,4,0,0,5,1,4,10,2,4,0,0,0
10750,MC_SC_17_s03L_10750,31,1,1,26,10,0,16,13,0,0,0,8,4,0,0,0,0,0,0
10751,MC_SC_17_s03L_10751,31,6,6,0,38,0,141,3,5,69,17,28,33,58,39,12,2,2,17
10752,MC_SC_17_s03L_10752,31,9,3,0,32,0,48,0,3,66,0,6,13,44,17,11,2,55,0
10753,MC_SC_17_s03L_10753,31,7,6,14,4,0,8,7,8,0,0,0,0,2,0,8,0,24,3
10754,MC_SC_17_s03L_10754,31,5,1,44,17,0,13,8,7,8,2,0,15,4,14,2,0,1,0
10755,MC_SC_17_s03L_10755,31,5,2,0,5,0,67,1,0,31,0,11,11,16,2,19,0,3,10
10756,MC_SC_17_s03L_10756,31,6,3,20,2,0,28,10,1,0,11,4,9,25,0,4,0,0,0
10757,MC_SC_17_s03L_10757,31,7,3,0,0,0,26,0,7,20,0,2,13,10,3,0,0,28,0
10758,MC_SC_17_s03L_10758,31,3,2,72,0,0,29,0,12,0,0,3,2,2,2,0,0,0,0
10759,MC_SC_17_s03L_10759,31,9,3,0,25,0,65,6,15,152,4,3,20,50,40,2,0,0,0
10760,MC_SC_17_s03L_10760,31,5,4,0,7,0,25,9,0,7,1,5,4,46,19,6,0,27,0
10761,MC_SC_17_s03L_10761,31,5,2,0,14,16,50,6,56,31,7,5,26,32,28,9,6,0,1
10762,MC_SC_17_s03L_10762,31,5,2,0,24,0,75,1,3,13,19,8,28,62,42,2,1,65,1
10763,MC_SC_17_s03L_10763,31,9,8,3,21,0,92,75,1,116,15,1,12,13,69,1,2,15,0
10764,MC_SC_17_s03L_10764,31,7,3,0,37,0,79,76,14,69,11,6,25,62,84,1,0,0,0
10765,MC_SC_17_s03L_10765,31,3,2,74,1,0,48,1,5,0,1,4,14,7,3,1,0,0,2
10766,MC_SC_17_s03L_10766,31,1,1,0,0,0,3,15,4,1,3,0,0,2,0,0,0,0,0
10767,MC_SC_17_s03L_10767,31,2,2,0,3,0,24,0,0,28,4,5,1,11,0,0,0,0,0
10768,MC_SC_17_s03L_10768,31,4,1,0,6,0,37,1,0,28,0,9,2,26,0,2,0,0,0
10769,MC_SC_17_s03L_10769,31,10,9,0,17,0,71,0,1,75,15,0,7,14,60,14,0,26,0
10770,MC_SC_17_s03L_10770,31,5,2,96,2,0,46,20,54,0,1,2,9,2,4,14,0,1,0
10771,MC_SC_17_s03L_10771,31,10,6,1,160,8,205,22,9,301,20,1,25,29,153,51,146,1,25
10772,MC_SC_17_s03L_10772,31,1,1,0,0,0,7,7,0,39,0,0,1,7,5,0,0,2,0
10773,MC_SC_17_s03L_10773,31,5,4,0,26,3,64,10,52,0,15,12,40,39,62,1,0,2,0
10774,MC_SC_17_s03L_10774,31,1,1,3,1,0,6,0,0,27,2,1,0,5,6,0,0,0,0
10775,MC_SC_17_s03L_10775,31,3,1,0,15,0,32,0,0,44,12,0,9,7,0,4,0,0,0
10776,MC_SC_17_s03L_10776,31,10,5,0,18,9,69,0,49,18,2,0,16,42,36,0,2,45,0
10777,MC_SC_17_s03L_10777,31,4,2,0,3,0,39,3,1,6,0,10,15,24,0,8,0,5,5
10778,MC_SC_17_s03L_10778,31,4,3,0,7,0,43,66,5,3,3,3,18,9,0,0,0,0,0
10779,MC_SC_17_s03L_10779,31,10,6,100,36,1,108,1,323,0,34,0,27,59,39,41,4,0,4
10780,MC_SC_17_s03L_10780,31,6,4,0,29,1,39,28,3,85,8,3,8,2,47,0,11,32,2
10781,MC_SC_17_s03L_10781,31,3,3,0,6,0,14,1,25,88,4,0,1,3,2,0,0,0,0
10782,MC_SC_17_s03L_10782,31,6,2,1,3,0,47,0,0,57,0,1,2,14,0,3,0,32,0
10783,MC_SC_17_s03L_10783,31,4,2,0,4,0,37,1,0,3,2,10,7,32,5,3,0,0,0
10784,MC_SC_17_s03L_10784,31,5,3,0,13,0,82,1,0,9,2,12,10,24,0,2,0,2,3
10785,MC_SC_17_s03L_10785,31,2,1,0,3,0,29,0,0,18,0,4,3,12,0,3,0,3,14
10786,MC_SC_17_s03L_10786,31,6,3,0,24,1,68,75,3,123,12,3,16,10,41,6,8,39,0
10787,MC_SC_17_s03L_10787,31,10,3,0,15,0,122,5,51,2,3,0,30,44,1,0,0,79,0
10788,MC_SC_17_s03L_10788,31,2,1,0,18,0,57,24,0,87,5,0,32,4,41,0,3,25,0
10789,MC_SC_17_s03L_10789,31,8,6,0,36,0,66,3,0,95,27,15,12,11,9,3,0,56,0
10790,MC_SC_17_s03L_10790,31,1,1,0,1,0,23,1,0,40,4,1,0,6,25,0,0,2,0
10791,MC_SC_17_s03L_10791,31,3,2,0,4,0,59,0,0,14,1,11,3,28,11,0,0,19,4
10792,MC_SC_17_s03L_10792,31,1,1,0,4,0,51,0,2,0,0,0,2,19,8,0,0,10,0
10793,MC_SC_17_s03L_10793,31,1,1,0,6,0,25,1,0,4,3,0,4,11,6,0,0,18,0
10794,MC_SC_17_s03L_10794,31,8,3,0,30,0,134,68,17,161,27,4,7,24,4,7,0,0,4
10795,MC_SC_17_s03L_10795,31,10,8,0,13,0,78,2,1,3,0,17,34,40,37,0,4,24,13
10796,MC_SC_17_s03L_10796,31,3,2,0,1,1,51,1,3,0,0,0,10,5,0,3,0,0,3
10797,MC_SC_17_s03L_10797,31,6,3,1,132,9,287,19,68,315,39,4,38,42,100,59,30,21,8
10798,MC_SC_17_s03L_10798,31,1,1,0,1,0,17,0,0,4,0,0,12,13,0,0,0,7,5
10799,MC_SC_17_s03L_10799,31,5,2,0,24,0,64,1,21,0,5,1,23,6,0,6,0,42,0
10800,MC_SC_17_s03L_10800,31,6,4,0,4,0,102,0,2,53,4,22,21,57,11,9,0,12,6
10801,MC_SC_17_s03L_10801,31,1,1,0,0,0,9,0,1,12,1,0,0,1,3,0,0,2,0
10802,MC_SC_17_s03L_10802,31,5,3,0,48,0,48,3,3,106,45,1,45,42,47,11,2,12,2
10803,MC_SC_17_s03L_10803,31,7,5,0,3,5,54,3,16,13,0,1,34,19,0,3,11,118,7
10804,MC_SC_17_s03L_10804,31,1,1,0,6,0,65,2,0,21,4,18,20,26,4,2,0,3,15
10805,MC_SC_17_s03L_10805,31,4,2,0,24,0,56,41,1,38,14,4,14,23,1,1,0,0,1
10806,MC_SC_17_s03L_10806,31,2,2,21,7,0,4,0,2,7,3,0,2,0,0,1,5,0,0
10807,MC_SC_17_s03L_10807,31,10,9,0,12,0,89,0,3,40,1,14,5,23,9,7,0,6,17
10808,MC_SC_17_s03L_10808,31,5,3,0,7,0,32,2,18,16,0,15,15,47,5,3,0,30,11
10809,MC_SC_17_s03L_10809,31,5,3,0,5,11,136,1,28,12,0,0,19,12,50,2,5,14,19
10810,MC_SC_17_s03L_10810,31,6,3,0,13,1,32,1,95,5,0,0,19,3,0,0,0,73,1
10811,MC_SC_17_s03L_10811,31,3,2,0,37,0,61,0,0,38,0,17,28,34,9,24,2,23,11
10812,MC_SC_17_s03L_10812,31,4,2,0,43,0,115,2,2,83,14,8,10,14,19,30,0,91,16
10813,MC_SC_17_s03L_10813,31,3,2,0,20,0,51,2,1,21,1,8,19,1,2,5,0,0,16
10814,MC_SC_17_s03L_10814,31,1,1,0,0,0,1,0,0,0,0,0,2,0,0,0,0,0,0
10815,MC_SC_17_s03L_10815,31,1,1,0,18,0,51,0,12,0,4,0,9,0,2,17,0,16,0
10816,MC_SC_17_s03L_10816,31,10,5,3,101,4,94,5,21,323,7,3,26,18,140,41,51,0,23
10817,MC_SC_17_s03L_10817,31,3,1,1,44,0,52,30,0,0,21,13,35,0,0,17,0,59,0
10818,MC_SC_17_s03L_10818,31,4,3,0,50,0,155,1,1,41,0,7,16,14,3,21,0,109,6
10819,MC_SC_17_s03L_10819,31,4,3,0,61,1,144,4,5,20,0,16,47,36,8,22,2,120,38
10820,MC_SC_17_s03L_10820,31,4,3,47,26,0,29,2,4,3,24,12,17,3,0,25,0,2,5
10821,MC_SC_17_s03L_10821,31,10,8,0,35,0,57,2,17,101,0,0,7,29,2,13,10,5,11
10822,MC_SC_17_s03L_10822,31,3,2,0,12,0,51,0,0,2,9,4,4,8,0,12,0,0,6
10823,MC_SC_17_s03L_10823,31,1,1,0,8,0,14,0,33,0,1,0,3,0,0,0,0,0,0
10824,MC_SC_17_s03L_10824,31,7,3,0,113,1,63,0,5,102,0,0,7,3,1,14,10,8,2
10825,MC_SC_17_s03L_10825,31,4,2,0,21,0,84,0,0,23,0,11,13,14,22,7,0,22,17
10826,MC_SC_17_s03L_10826,31,8,5,1,45,0,132,49,14,80,16,3,13,35,28,34,8,17,36
10827,MC_SC_17_s03L_10827,31,4,2,0,8,0,29,40,9,8,1,3,10,21,0,4,2,13,6
10828,MC_SC_17_s03L_10828,31,4,3,0,34,0,78,1,0,7,4,3,13,27,0,11,0,4,4
10829,MC_SC_17_s03L_10829,31,3,2,0,37,0,45,8,1,4,3,3,6,4,0,11,0,16,0
10830,MC_SC_17_s03L_10830,31,1,1,0,0,0,0,0,5,0,0,0,0,0,0,0,0,0,1
10831,MC_SC_17_s03L_10831,31,1,1,0,11,0,80,0,0,4,0,7,4,5,2,2,0,4,15
10832,MC_SC_17_s03L_10832,31,4,1,20,7,0,6,1,0,0,0,0,0,5,0,0,0,3,3
10833,MC_SC_17_s03L_10833,31,1,1,0,4,0,3,1,1,2,0,0,0,0,0,2,0,0,0
10834,MC_SC_17_s03L_10834,31,1,1,0,12,0,13,0,0,0,3,4,2,0,0,0,0,12,0
10835,MC_SC_17_s03L_10835,31,8,3,79,5,0,32,5,69,0,2,0,4,11,0,17,2,4,4
10836,MC_SC_17_s03L_10836,31,5,2,1,26,0,19,1,28,7,4,2,16,25,0,12,7,6,15
10837,MC_SC_17_s03L_10837,31,3,2,0,17,0,49,19,6,4,0,0,12,11,0,1,0,3,14
10838,MC_SC_17_s03L_10838,31,2,2,0,44,0,56,0,0,0,0,0,8,0,0,5,1,6,1
10839,MC_SC_17_s03L_10839,31,10,6,59,14,19,51,0,6,11,4,0,12,23,0,49,20,6,0
10840,MC_SC_17_s03L_10840,31,6,3,1,7,0,41,0,1,0,0,0,5,1,0,0,4,30,1
10841,MC_SC_17_s03L_10841,31,7,3,1,26,0,36,1,45,0,0,0,8,14,0,2,0,7,5
10842,MC_SC_17_s03L_10842,31,4,3,0,0,0,41,0,0,0,0,0,0,0,0,2,0,6,0
10843,MC_SC_17_s03L_10843,31,1,1,0,0,0,0,0,0,0,2,0,0,0,0,0,0,2,0
10844,MC_SC_17_s03L_10844,31,8,4,2,8,0,56,1,7,11,1,4,6,17,0,26,4,8,4
10845,MC_SC_17_s03L_10845,31,4,3,0,11,0,95,0,0,2,11,1,8,2,0,9,0,43,0
10846,MC_SC_17_s03L_10846,31,1,1,1,5,0,10,16,19,0,0,1,6,7,0,5,2,2,0
10847,MC_SC_17_s03L_10847,31,2,1,0,10,0,41,31,12,0,15,2,8,12,0,9,2,14,16
10848,MC_SC_17_s03L_10848,31,3,1,22,1,0,31,23,38,0,0,1,7,6,2,2,2,0,0
10849,MC_SC_17_s03L_10849,31,6,4,0,4,0,57,0,7,8,7,0,7,8,3,22,0,24,3
10850,MC_SC_17_s03L_10850,31,10,10,0,7,0,72,0,8,53,25,1,20,10,0,75,21,40,8
10851,MC_SC_17_s03L_10851,31,4,3,0,10,0,11,0,2,6,0,2,11,0,0,2,0,4,0
10852,MC_SC_17_s03L_10852,31,1,1,0,0,0,0,3,0,0,0,0,2,0,0,13,0,1,1
10853,MC_SC_17_s03L_10853,31,4,3,2,31,0,27,0,4,63,9,2,1,0,13,1,2,0,1
10854,MC_SC_17_s03L_10854,31,3,2,69,0,0,24,0,0,0,0,3,9,10,0,2,0,23,21
10855,MC_SC_17_s03L_10855,31,6,3,0,10,0,23,58,9,0,1,0,9,18,0,2,0,2,0
10856,MC_SC_17_s03L_10856,31,2,2,0,9,0,68,0,0,17,0,11,4,10,0,3,0,15,0
10857,MC_SC_17_s03L_10857,31,6,3,0,5,0,28,1,4,62,3,0,19,11,5,3,11,7,1
10858,MC_SC_17_s03L_10858,31,6,2,4,7,0,28,21,3,28,11,2,13,5,6,1,3,21,0
10859,MC_SC_17_s03L_10859,31,1,1,0,7,0,2,3,2,19,1,0,1,0,11,0,3,0,3
10860,MC_SC_17_s03L_10860,31,3,1,0,1,0,4,0,3,0,1,0,1,0,0,0,0,0,0
10861,MC_SC_17_s03L_10861,31,5,2,0,10,0,26,1,4,4,1,1,15,4,0,17,3,40,0
10862,MC_SC_17_s03L_10862,31,3,3,4,5,0,20,47,15,4,0,0,3,10,0,3,0,7,11
10863,MC_SC_17_s03L_10863,31,4,2,0,26,0,77,3,7,62,25,0,19,8,25,28,2,13,19
10864,MC_SC_17_s03L_10864,31,1,1,0,78,0,93,9,0,2,0,11,60,0,0,12,4,69,0
10865,MC_SC_17_s03L_10865,31,6,3,1,4,0,28,51,14,15,1,1,6,14,0,6,0,0,7
10866,MC_SC_17_s03L_10866,31,7,3,130,63,1,76,50,6,6,7,0,51,4,15,35,14,6,42
10867,MC_SC_17_s03L_10867,31,1,1,0,5,0,0,0,1,0,1,0,2,0,0,0,0,2,0
10868,MC_SC_17_s03L_10868,31,7,3,3,10,0,53,43,70,36,4,9,14,7,11,17,28,18,0
10869,MC_SC_17_s03L_10869,31,9,5,29,33,37,70,16,55,124,2,1,25,40,37,72,171,9,20
10870,MC_SC_17_s03L_10870,31,6,4,24,23,0,49,36,15,0,6,0,9,13,0,15,0,7,2
10871,MC_SC_17_s03L_10871,31,2,1,0,18,0,15,0,0,0,5,2,6,13,0,2,0,13,4
10872,MC_SC_17_s03L_10872,31,5,3,1,4,0,9,43,18,49,2,1,2,5,0,10,0,0,0
10873,MC_SC_17_s03L_10873,31,1,1,0,7,0,21,6,0,0,1,2,5,3,0,8,0,0,0
10874,MC_SC_17_s03L_10874,31,4,1,50,0,0,33,0,0,0,1,1,5,0,0,6,0,26,0
10875,MC_SC_17_s03L_10875,31,3,2,0,3,0,9,1,2,0,6,0,0,5,0,3,0,9,3
10876,MC_SC_17_s03L_10876,31,8,5,0,26,0,40,0,5,47,3,0,17,3,25,26,17,17,0
10877,MC_SC_17_s03L_10877,31,5,3,0,6,0,17,14,6,0,0,2,7,3,0,5,0,10,0
10878,MC_SC_17_s03L_10878,31,10,8,0,2,0,49,39,286,135,41,92,13,24,4,5,13,9,0
10879,MC_SC_17_s03L_10879,31,3,2,0,10,0,22,1,3,0,5,0,4,1,0,3,0,1,6
10880,MC_SC_17_s03L_10880,31,3,2,0,7,0,3,0,0,2,0,0,8,0,0,7,0,2,0
10881,MC_SC_17_s03L_10881,31,1,1,0,18,0,6,1,2,7,3,2,0,11,0,1,0,8,0
10882,MC_SC_17_s03L_10882,31,3,2,25,14,0,7,1,7,0,0,0,11,9,0,2,0,1,4
10883,MC_SC_17_s03L_10883,31,2,1,21,10,0,0,0,1,0,0,0,0,0,0,0,0,0,0
10884,MC_SC_17_s03L_10884,31,3,3,41,15,0,14,3,2,21,3,6,6,6,1,2,2,4,21
10885,MC_SC_17_s03L_10885,31,4,2,28,19,0,0,1,2,0,0,0,2,0,0,1,0,6,5
10886,MC_SC_17_s03L_10886,31,6,4,106,14,0,73,7,12,0,15,2,1,0,0,11,0,173,33
10887,MC_SC_17_s03L_10887,31,3,2,45,19,0,9,0,6,0,0,1,1,1,0,2,0,0,16
10888,MC_SC_17_s03L_10888,31,1,1,0,1,0,2,0,0,0,0,0,0,0,0,0,0,0,0
10889,MC_SC_17_s03L_10889,31,2,1,18,19,0,0,12,1,0,1,5,6,0,0,1,0,1,0
10890,MC_SC_17_s03L_10890,31,1,1,0,3,0,0,0,1,0,0,0,2,1,0,0,0,0,0
10891,MC_SC_17_s03L_10891,31,2,1,0,9,0,1,1,6,0,22,1,11,14,0,3,0,15,3
10892,MC_SC_17_s03L_10892,31,2,1,34,28,0,34,1,9,0,18,6,3,3,0,0,0,33,24
10893,MC_SC_17_s03L_10893,31,3,2,14,18,0,0,0,5,0,0,5,20,32,0,6,0,11,22
10894,MC_SC_17_s03L_10894,31,2,2,15,11,0,0,2,2,0,5,4,23,17,0,2,0,6,23
10895,MC_SC_17_s03L_10895,31,4,2,34,22,0,37,0,9,0,36,9,2,0,0,2,0,53,26
10896,MC_SC_17_s03L_10896,31,2,1,0,0,0,0,0,0,0,0,0,0,0,0,0,0,0,0
10897,MC_SC_17_s03L_10897,31,3,3,9,11,0,1,3,2,0,0,5,12,23,0,1,0,2,20
10898,MC_SC_17_s03L_10898,31,10,4,0,49,0,45,18,0,18,2,0,20,14,14,20,2,3,15
10899,MC_SC_17_s03L_10899,31,8,4,0,20,0,36,0,4,0,6,1,11,16,2,22,0,9,9
10900,MC_SC_17_s03L_10900,31,2,2,0,0,0,0,0,1,0,1,0,0,0,0,0,0,0,0
10901,MC_SC_17_s03L_10901,31,6,3,0,3,0,19,0,5,0,0,1,7,7,0,6,0,7,6
10902,MC_SC_17_s03L_10902,31,2,1,76,13,0,3,2,11,0,2,0,15,4,0,1,0,27,17
10903,MC_SC_17_s03L_10903,31,1,1,46,9,0,3,0,4,0,4,5,0,9,0,2,0,35,9
10904,MC_SC_17_s03L_10904,31,5,2,43,7,0,0,1,17,0,7,0,9,26,0,5,0,8,2
10905,MC_SC_17_s03L_10905,31,4,3,11,3,0,5,0,2,0,2,2,1,14,0,11,2,13,21
10906,MC_SC_17_s03L_10906,31,2,1,0,15,0,17,0,0,0,1,0,7,0,0,12,0,12,6
10907,MC_SC_17_s03L_10907,31,1,1,0,2,0,0,0,0,0,0,0,0,0,0,0,0,0,0
10908,MC_SC_17_s03L_10908,31,1,1,0,45,0,47,1,2,0,0,5,9,0,0,6,0,35,0
10909,MC_SC_17_s03L_10909,31,7,3,0,24,0,48,0,0,5,7,7,3,23,0,7,2,36,23
10910,MC_SC_17_s03L_10910,31,3,2,38,15,0,7,1,19,0,0,6,46,63,0,8,0,31,39
10911,MC_SC_17_s03L_10911,31,5,3,62,30,0,19,0,51,0,10,4,11,16,0,16,2,14,34
10912,MC_SC_17_s03L_10912,31,3,1,0,6,0,30,2,1,0,0,0,0,0,0,6,0,52,1
10913,MC_SC_17_s03L_10913,31,2,1,0,4,0,32,0,0,5,2,5,4,3,0,6,0,27,0
10914,MC_SC_17_s03L_10914,31,6,4,0,4,0,18,37,40,0,4,21,6,22,0,25,3,4,0
10915,MC_SC_17_s03L_10915,31,9,3,0,1,0,130,0,0,24,5,18,9,33,2,6,2,16,2
10916,MC_SC_17_s03L_10916,31,4,3,0,25,0,13,0,3,5,2,1,3,5,0,8,0,5,2
10917,MC_SC_17_s03L_10917,31,5,4,0,5,0,18,0,0,8,2,0,4,13,2,11,2,3,0
10918,MC_SC_17_s03L_10918,31,6,3,0,1,0,12,0,0,0,0,0,2,12,0,14,0,3,12
10919,MC_SC_17_s03L_10919,31,4,2,0,0,0,0,12,27,0,0,1,3,3,0,5,9,1,0
10920,MC_SC_17_s03L_10920,31,5,4,49,6,0,15,5,6,5,17,2,17,30,17,9,2,18,42
10921,MC_SC_17_s03L_10921,31,4,2,1,8,0,0,74,38,0,8,26,20,1,0,11,1,3,3
10922,MC_SC_17_s03L_10922,31,3,2,41,10,0,8,3,35,0,16,5,7,16,0,10,0,18,0
10923,MC_SC_17_s03L_10923,31,3,1,52,9,0,3,0,15,0,11,11,24,13,4,2,0,43,20
10924,MC_SC_17_s03L_10924,31,3,2,48,9,0,6,17,53,4,9,12,23,2,0,8,1,3,10
10925,MC_SC_17_s03L_10925,31,3,2,45,15,0,4,59,43,0,18,4,49,2,1,6,5,13,9
10926,MC_SC_17_s03L_10926,31,1,1,2,1,0,0,0,1,0,0,0,2,0,2,3,5,1,2
10927,MC_SC_17_s03L_10927,31,7,4,0,3,0,16,0,0,0,15,0,5,11,0,14,2,4,3
10928,MC_SC_17_s03L_10928,31,3,2,0,22,0,20,40,17,29,7,3,26,0,15,6,5,30,5
10929,MC_SC_17_s03L_10929,31,1,1,0,8,0,0,51,20,0,13,9,27,0,0,1,0,0,1
10930,MC_SC_17_s03L_10930,31,3,2,33,23,0,1,2,72,0,28,7,33,31,0,14,3,14,5
10931,MC_SC_17_s03L_10931,31,5,3,122,37,0,8,30,168,7,30,9,73,16,15,16,1,31,20
10932,MC_SC_17_s03L_10932,31,6,4,0,1,0,18,38,89,138,22,61,29,50,1,22,6,15,0
10933,MC_SC_17_s03L_10933,31,5,4,54,13,1,27,13,13,9,59,12,43,48,42,14,7,33,32
10934,MC_SC_17_s03L_10934,31,5,2,4,24,0,1,5,27,1,0,12,40,42,9,14,1,18,2
10935,MC_SC_17_s03L_10935,31,3,2,0,38,0,70,2,19,23,15,11,7,15,10,18,4,9,9
10936,MC_SC_17_s03L_10936,31,8,3,0,6,0,14,0,8,4,2,2,2,6,2,1,0,2,1
10937,MC_SC_17_s03L_10937,31,4,2,38,9,0,1,5,9,0,6,17,19,22,15,19,1,10,19
10938,MC_SC_17_s03L_10938,31,3,1,144,50,0,20,18,74,49,9,13,23,27,51,16,27,33,9
10939,MC_SC_17_s03L_10939,31,5,4,0,40,22,159,17,4,35,53,7,40,37,100,62,27,9,23
10940,MC_SC_17_s03L_10940,31,5,4,5,49,0,14,2,4,5,1,3,32,38,2,5,16,46,10
10941,MC_SC_17_s03L_10941,31,3,2,72,22,0,4,1,3,2,4,15,7,0,0,39,0,4,42
10942,MC_SC_17_s03L_10942,31,5,2,137,19,0,7,20,40,12,14,2,78,1,7,15,3,22,19
10943,MC_SC_17_s03L_10943,31,2,2,18,13,0,2,21,44,0,5,13,14,7,17,16,5,7,5
10944,MC_SC_17_s03L_10944,31,10,6,0,55,1,114,10,19,124,18,9,5,35,56,67,29,0,31
10945,MC_SC_17_s03L_10945,31,7,4,0,19,0,2,1,2,12,3,0,11,10,3,12,0,38,14
10946,MC_SC_17_s03L_10946,31,9,7,138,55,0,46,4,94,3,41,5,44,4,17,26,9,20,35
10947,MC_SC_17_s03L_10947,31,5,3,55,26,2,0,14,10,19,15,8,23,15,15,9,16,20,33
10948,MC_SC_17_s03L_10948,31,5,3,186,22,4,4,21,22,6,16,18,37,20,13,1,4,51,44
10949,MC_SC_17_s03L_10949,31,5,2,65,50,0,28,27,10,2,4,26,22,10,3,43,2,29,7
10950,MC_SC_17_s03L_10950,31,2,2,5,21,0,22,17,14,1,12,11,26,18,0,4,0,0,25
10951,MC_SC_17_s03L_10951,31,6,3,0,23,2,34,0,4,25,6,0,20,19,2,23,15,6,4
10952,MC_SC_17_s03L_10952,31,4,2,127,23,1,21,23,30,3,29,10,10,24,20,24,10,3,19
10953,MC_SC_17_s03L_10953,31,9,5,6,105,7,26,33,16,195,9,1,26,2,56,60,29,34,17
10954,MC_SC_17_s03L_10954,31,9,4,84,106,2,36,74,42,2,21,32,31,3,25,36,5,9,15
10955,MC_SC_17_s03L_10955,31,1,1,47,19,1,23,0,20,5,4,3,4,11,11,4,3,1,4
10956,MC_SC_17_s03L_10956,31,7,3,0,54,4,11,14,32,2,6,0,7,27,3,27,8,0,4
10957,MC_SC_17_s03L_10957,31,10,8,86,3,0,4,2,20,4,25,1,31,2,13,16,3,17,28
10958,MC_SC_17_s03L_10958,31,4,2,18,14,0,4,32,52,0,12,2,32,7,0,0,0,0,10
10959,MC_SC_17_s03L_10959,31,9,5,0,73,0,31,2,61,86,17,21,8,48,62,62,13,0,31
10960,MC_SC_17_s03L_10960,31,3,1,0,6,0,31,0,8,0,11,3,1,10,0,9,4,11,25
10961,MC_SC_17_s03L_10961,31,3,2,0,11,0,0,1,0,0,0,0,4,0,0,0,0,7,0
10962,MC_SC_17_s03L_10962,31,5,4,0,5,0,0,13,10,0,5,0,2,1,0,0,0,0,0
10963,MC_SC_17_s03L_10963,31,6,2,114,18,7,6,20,49,3,16,7,19,10,0,3,0,5,17
10964,MC_SC_17_s03L_10964,31,7,2,0,32,0,25,1,0,18,2,0,10,7,0,32,17,23,6
10965,MC_SC_17_s03L_10965,31,2,2,27,22,0,7,29,18,0,2,7,21,12,0,0,1,4,2
10966,MC_SC_17_s03L_10966,31,1,1,3,4,0,0,0,0,0,0,0,0,2,0,0,0,0,0
10967,MC_SC_17_s03L_10967,31,6,3,97,48,13,14,31,43,10,2,1,15,6,20,34,4,10,1
10968,MC_SC_17_s03L_10968,31,6,4,6,32,0,18,4,2,16,10,0,7,0,21,3,0,15,0
10969,MC_SC_17_s03L_10969,31,10,5,0,77,0,22,81,88,3,11,64,8,1,22,24,14,11,9
10970,MC_SC_17_s03L_10970,31,6,3,2,191,2,11,2,58,12,0,2,22,39,0,27,10,25,2
10971,MC_SC_17_s03L_10971,31,4,3,1,11,0,21,31,21,5,10,0,17,0,0,10,0,12,1
10972,MC_SC_17_s03L_10972,31,1,1,0,11,0,4,0,2,0,0,0,2,0,0,0,0,8,0
10973,MC_SC_17_s03L_10973,31,2,1,0,0,0,0,0,0,0,0,0,5,0,0,0,0,2,0
10974,MC_SC_17_s03L_10974,31,3,1,57,19,1,14,8,38,0,4,27,39,28,0,20,0,13,4
10975,MC_SC_17_s03L_10975,31,4,2,0,8,0,42,0,0,0,2,2,4,2,0,6,0,16,0
10976,MC_SC_17_s03L_10976,31,4,2,0,3,0,0,16,1,0,4,1,1,0,0,0,0,0,0
10977,MC_SC_17_s03L_10977,31,3,2,0,0,0,0,17,1,0,0,0,5,1,0,0,0,0,0
10978,MC_SC_17_s03L_10978,31,4,2,0,5,0,19,21,14,15,8,9,14,15,0,12,8,14,2
10979,MC_SC_17_s03L_10979,31,6,2,0,0,0,0,11,3,0,0,3,1,0,0,2,0,0,0
10980,MC_SC_17_s03L_10980,31,6,3,0,18,0,2,1,43,48,0,0,19,7,8,11,7,9,9
10981,MC_SC_17_s03L_10981,31,8,4,0,63,4,18,12,128,24,13,1,6,38,0,21,28,0,1
10982,MC_SC_17_s03L_10982,31,1,1,0,6,0,15,22,37,0,3,7,9,13,0,11,0,7,0
10983,MC_SC_17_s03L_10983,31,10,3,0,23,0,108,4,1,124,1,0,8,38,28,24,5,14,2
10984,MC_SC_17_s03L_10984,31,5,2,0,21,0,63,4,11,59,7,4,21,37,0,22,2,38,12
10985,MC_SC_17_s03L_10985,31,1,1,0,1,0,0,2,1,0,1,0,2,4,0,0,0,0,0
10986,MC_SC_17_s03L_10986,31,5,2,0,19,13,37,3,47,2,15,2,5,6,0,10,0,9,1
10987,MC_SC_17_s03L_10987,31,3,2,0,19,0,1,2,1,0,2,0,7,11,3,18,0,0,21
10988,MC_SC_17_s03L_10988,31,4,3,0,29,0,15,107,71,4,3,27,26,6,3,13,0,16,2
10989,MC_SC_17_s03L_10989,31,5,2,0,10,0,9,4,5,100,22,16,26,87,34,11,9,89,17
10990,MC_SC_17_s03L_10990,31,4,2,2,16,0,2,2,1,4,2,10,9,15,5,16,9,5,24
10991,MC_SC_17_s03L_10991,31,5,3,2,19,0,13,78,43,3,2,22,17,3,2,14,2,34,0
10992,MC_SC_17_s03L_10992,31,3,2,45,4,0,0,12,5,0,1,2,2,1,0,1,2,0,5
10993,MC_SC_17_s03L_10993,31,1,1,0,3,0,0,0,5,0,2,0,0,7,1,0,0,0,0
10994,MC_SC_17_s03L_10994,31,5,3,0,27,0,10,3,0,0,0,11,21,22,7,17,0,24,4
10995,MC_SC_17_s03L_10995,31,1,1,1,2,0,0,0,2,0,1,0,0,2,4,1,0,0,0
10996,MC_SC_17_s03L_10996,31,5,3,0,76,0,45,3,2,9,2,39,21,50,0,35,10,20,0
10997,MC_SC_17_s03L_10997,31,5,2,0,25,0,7,1,0,8,0,8,6,17,12,8,0,0,2
10998,MC_SC_17_s03L_10998,31,6,3,1,33,9,32,15,7,2,9,1,15,31,33,18,6,5,14
10999,MC_SC_17_s03L_10999,31,2,1,0,5,0,11,10,17,0,5,5,9,5,4,7,8,0,2
11000,MC_SC_17_s03L_11000,31,7,5,1,36,0,26,7,3,79,35,0,25,3,76,38,5,8,13
11001,MC_SC_17_s03L_11001,31,1,1,0,1,0,0,0,0,0,0,0,0,0,0,0,0,0,0
11002,MC_SC_17_s03L_11002,31,10,5,0,32,1,120,25,30,317,30,0,2,4,74,85,87,25,1
11003,MC_SC_17_s03L_11003,31,5,2,0,37,0,21,56,15,6,11,6,8,24,0,6,0,23,18
11004,MC_SC_17_s03L_11004,31,7,3,0,12,0,42,1,0,28,14,0,19,15,26,19,0,24,19
11005,MC_SC_17_s03L_11005,31,6,3,0,1,0,0,26,8,2,0,6,10,3,0,3,0,0,0
11006,MC_SC_17_s03L_11006,31,6,2,0,14,0,10,25,4,4,91,20,58,40,0,4,7,56,27
11007,MC_SC_17_s03L_11007,31,3,1,1,3,0,8,3,0,27,4,6,8,39,0,1,5,27,8
11008,MC_SC_17_s03L_11008,31,9,5,152,61,28,27,72,77,53,17,0,36,32,178,100,59,3,26
11009,MC_SC_17_s03L_11009,31,2,1,0,29,0,47,9,30,0,14,10,21,11,10,4,4,1,8
11010,MC_SC_17_s03L_11010,31,5,3,44,25,0,34,3,29,0,13,1,21,39,0,34,6,31,10
11011,MC_SC_17_s03L_11011,31,1,1,0,0,0,1,0,0,0,0,1,0,2,3,0,0,3,3
11012,MC_SC_17_s03L_11012,31,5,3,0,43,0,16,71,62,4,35,12,17,2,14,18,6,10,20
11013,MC_SC_17_s03L_11013,31,1,1,0,10,0,79,34,1,2,4,7,31,14,0,8,2,10,42
11014,MC_SC_17_s03L_11014,31,5,3,0,38,0,63,19,34,25,90,2,18,52,11,43,8,36,47
11015,MC_SC_17_s03L_11015,31,5,2,0,17,0,1,2,0,23,12,6,12,36,3,9,3,53,5
11016,MC_SC_17_s03L_11016,31,10,3,78,26,0,7,34,8,0,1,1,22,0,5,21,2,0,11
11017,MC_SC_17_s03L_11017,31,1,1,0,3,0,15,0,5,3,4,7,2,3,0,5,0,28,0
11018,MC_SC_17_s03L_11018,31,10,9,0,46,0,33,0,10,35,47,1,0,12,46,36,15,8,12
11019,MC_SC_17_s03L_11019,31,5,3,0,2,0,2,19,1,16,0,0,13,0,0,7,6,0,0
11020,MC_SC_17_s03L_11020,31,2,1,0,4,3,19,0,3,0,10,6,0,10,0,12,0,2,15
11021,MC_SC_17_s03L_11021,31,1,1,0,9,0,9,0,13,0,1,0,0,3,0,16,0,4,11
11022,MC_SC_17_s03L_11022,31,3,3,13,13,0,4,0,11,0,0,0,2,0,0,1,0,2,5
11023,MC_SC_17_s03L_11023,31,2,2,0,6,0,8,1,1,0,1,4,0,2,0,2,0,3,1
11024,MC_SC_17_s03L_11024,31,1,1,0,12,0,0,0,0,0,2,1,0,0,6,0,2,0,0
11025,MC_SC_17_s03L_11025,31,2,1,0,8,0,5,1,0,1,0,1,0,2,0,0,0,0,1
11026,MC_SC_17_s03L_11026,31,8,3,0,211,2,134,3,201,195,48,70,16,57,128,61,17,30,1
11027,MC_SC_17_s03L_11027,31,6,3,0,20,0,17,5,0,40,2,1,8,26,0,15,2,6,15
11028,MC_SC_17_s03L_11028,31,3,2,0,38,1,72,2,55,0,14,27,16,8,0,39,0,0,6
11029,MC_SC_17_s03L_11029,31,8,3,0,29,2,35,23,20,6,25,29,15,13,3,19,3,14,5
11030,MC_SC_17_s03L_11030,31,3,2,0,16,0,20,1,9,12,0,1,4,27,0,7,2,46,21
11031,MC_SC_17_s03L_11031,31,3,2,0,16,0,44,0,12,2,36,5,7,33,0,24,2,41,17
11032,MC_SC_17_s03L_11032,31,10,3,0,66,0,11,19,15,0,20,1,12,13,0,16,0,25,21
11033,MC_SC_17_s03L_11033,31,8,7,0,8,1,10,1,20,0,1,0,4,23,3,1,6,20,1
11034,MC_SC_17_s03L_11034,31,1,1,0,1,0,0,0,0,0,0,0,2,2,0,0,0,0,0
11035,MC_SC_17_s03L_11035,31,10,4,0,34,8,111,0,84,37,8,0,5,0,76,84,77,24,0
11036,MC_SC_17_s03L_11036,31,5,3,0,12,0,51,1,1,0,22,4,13,3,7,11,2,7,0
11037,MC_SC_17_s03L_11037,31,1,1,0,13,0,9,1,2,12,4,1,4,2,0,6,2,14,0
11038,MC_SC_17_s03L_11038,31,7,2,0,12,0,4,51,18,0,5,19,27,22,2,26,9,1,2
11039,MC_SC_17_s03L_11039,31,7,4,101,35,5,29,38,31,12,8,2,28,17,19,37,32,2,16
11040,MC_SC_17_s03L_11040,31,3,2,0,0,0,0,23,1,0,0,0,3,0,0,6,0,0,0
11041,MC_SC_17_s03L_11041,31,5,2,46,16,0,9,27,6,0,2,0,17,3,5,14,0,0,16
11042,MC_SC_17_s03L_11042,31,10,5,0,10,0,31,0,20,3,4,0,6,26,0,14,5,5,0
11043,MC_SC_17_s03L_11043,31,4,3,0,16,0,18,32,36,4,11,11,16,6,2,18,10,15,14
11044,MC_SC_17_s03L_11044,31,5,3,0,23,0,34,0,13,3,8,19,12,1,0,5,0,18,17
11045,MC_SC_17_s03L_11045,31,1,1,0,3,0,1,0,1,0,1,0,1,1,0,0,0,0,1
11046,MC_SC_17_s03L_11046,31,8,5,0,32,0,23,0,49,46,14,1,10,87,0,29,2,86,2
11047,MC_SC_17_s03L_11047,31,6,4,0,49,0,76,1,1,3,7,12,22,20,12,14,2,10,4
11048,MC_SC_17_s03L_11048,31,6,3,0,14,0,21,1,18,6,24,11,4,36,0,20,0,18,12
11049,MC_SC_17_s03L_11049,31,6,4,1,2,0,5,20,17,0,6,3,12,2,0,12,0,8,8
11050,MC_SC_17_s03L_11050,31,4,1,0,0,0,0,14,4,0,0,2,9,1,0,0,2,0,0
11051,MC_SC_17_s03L_11051,31,9,3,24,34,0,14,3,2,0,2,29,11,3,29,32,6,0,5
11052,MC_SC_17_s03L_11052,31,8,5,0,150,0,200,9,313,13,123,192,49,102,5,101,12,57,55
11053,MC_SC_17_s03L_11053,31,5,3,33,43,0,35,1,4,0,2,27,13,0,0,18,2,27,2
11054,MC_SC_17_s03L_11054,31,6,3,0,11,0,6,0,5,3,8,3,5,43,0,13,0,33,1
11055,MC_SC_17_s03L_11055,31,2,2,55,18,0,0,0,4,1,12,0,5,20,8,1,0,2,2
11056,MC_SC_17_s03L_11056,31,1,1,0,1,0,0,0,0,0,0,1,2,0,0,0,0,0,0
11057,MC_SC_17_s03L_11057,31,8,6,0,13,0,81,5,42,105,38,7,22,87,21,48,19,5,35
11058,MC_SC_17_s03L_11058,31,6,3,0,2,0,9,10,24,0,11,8,18,4,1,3,0,12,0
11059,MC_SC_17_s03L_11059,31,5,3,0,54,0,108,6,3,113,14,9,42,91,5,34,11,196,61
11060,MC_SC_17_s03L_11060,31,3,1,0,13,0,13,0,5,0,17,0,2,5,0,12,0,10,2
11061,MC_SC_17_s03L_11061,31,5,3,0,26,0,92,12,60,75,42,5,24,44,34,27,2,54,29
11062,MC_SC_17_s03L_11062,31,3,1,0,6,0,8,7,13,2,0,0,0,4,7,12,0,8,0
11063,MC_SC_17_s03L_11063,31,3,1,0,11,0,40,22,0,9,1,8,4,0,0,5,0,2,0
11064,MC_SC_17_s03L_11064,31,3,2,1,3,0,29,14,3,0,0,0,6,12,3,4,0,3,13
11065,MC_SC_17_s03L_11065,31,5,2,78,120,1,64,14,5,63,4,7,47,10,236,51,287,63,15
11066,MC_SC_17_s03L_11066,31,10,5,0,84,0,61,8,9,75,32,37,15,46,8,28,17,31,39
11067,MC_SC_17_s03L_11067,31,1,1,0,0,0,0,0,1,0,0,0,0,1,0,0,2,3,0
11068,MC_SC_17_s03L_11068,31,9,7,0,27,37,80,28,3,41,43,18,37,49,125,67,65,29,12
11069,MC_SC_17_s03L_11069,31,7,3,0,109,0,181,10,24,148,112,56,25,78,191,81,5,39,54
11070,MC_SC_17_s03L_11070,31,1,1,39,21,0,18,0,3,2,6,3,6,6,40,6,26,0,1
11071,MC_SC_17_s03L_11071,31,4,3,0,49,0,164,3,7,0,10,36,29,16,2,22,7,39,31
11072,MC_SC_17_s03L_11072,31,6,4,49,47,0,6,4,1,4,14,3,17,12,26,17,59,5,14
11073,MC_SC_17_s03L_11073,31,2,1,0,24,0,4,0,0,0,0,2,1,2,0,5,0,23,7
11074,MC_SC_17_s03L_11074,31,2,2,3,1,0,21,10,3,0,0,0,2,13,0,9,0,6,24
11075,MC_SC_17_s03L_11075,31,6,3,87,29,4,5,5,5,29,10,16,26,68,240,42,304,58,89
11076,MC_SC_17_s03L_11076,31,6,3,35,63,0,16,4,2,27,9,19,12,12,127,29,197,29,25
11077,MC_SC_17_s03L_11077,31,2,1,0,20,0,52,14,14,0,2,1,3,12,0,4,2,3,18
11078,MC_SC_17_s03L_11078,31,1,1,3,4,0,6,3,0,0,1,0,0,0,0,0,2,0,0
11079,MC_SC_17_s03L_11079,31,1,1,1,23,0,23,0,1,0,3,12,4,6,38,1,8,0,1
11080,MC_SC_17_s03L_11080,31,4,4,0,9,0,30,2,41,67,10,21,15,1,0,11,5,32,0
11081,MC_SC_17_s03L_11081,31,3,1,0,28,0,38,1,5,38,6,1,5,31,0,10,0,52,13
11082,MC_SC_17_s03L_11082,31,1,1,0,15,0,21,0,0,5,0,1,3,6,0,3,2,52,10
11083,MC_SC_17_s03L_11083,31,1,1,0,8,0,0,73,23,0,0,0,28,39,0,22,0,1,0
11084,MC_SC_17_s03L_11084,31,2,1,0,4,0,4,68,19,0,2,1,21,18,2,9,0,0,1
11085,MC_SC_17_s03L_11085,31,6,3,0,115,115,310,68,7,15,166,109,57,132,261,164,67,109,55
11086,MC_SC_17_s03L_11086,31,2,1,0,3,0,3,6,7,0,5,0,1,2,0,0,0,0,1
11087,MC_SC_17_s03L_11087,31,8,4,111,91,1,11,4,3,10,12,12,29,32,182,72,275,44,13
11088,MC_SC_17_s03L_11088,31,5,3,0,23,0,28,47,13,0,30,1,42,10,0,38,10,18,30
11089,MC_SC_17_s03L_11089,31,2,1,0,22,0,32,27,1,0,3,0,12,9,0,4,0,0,0
11090,MC_SC_17_s03L_11090,31,6,4,62,69,0,0,1,7,6,18,15,15,39,3,35,67,15,55
11091,MC_SC_17_s03L_11091,31,4,2,0,5,0,49,0,5,0,0,2,1,14,0,17,2,56,1
11092,MC_SC_17_s03L_11092,31,7,4,37,100,0,17,5,7,13,25,17,15,38,0,36,234,49,12
11093,MC_SC_17_s03L_11093,31,3,1,0,2,0,17,5,0,0,0,0,5,0,0,0,0,0,0
11094,MC_SC_17_s03L_11094,31,3,3,4,11,0,14,1,1,4,0,2,3,4,4,3,7,0,0
11095,MC_SC_17_s03L_11095,31,1,1,0,5,0,2,0,0,0,0,0,0,1,0,2,1,11,0
11096,MC_SC_17_s03L_11096,31,9,4,34,58,0,16,0,0,0,17,3,19,33,116,60,80,13,7
11097,MC_SC_17_s03L_11097,31,8,3,84,52,0,13,3,13,18,6,48,23,21,80,16,16,10,4
11098,MC_SC_17_s03L_11098,31,10,6,141,85,0,10,9,12,5,11,81,29,27,22,22,2,8,1
11099,MC_SC_17_s03L_11099,31,4,3,0,34,0,102,2,15,33,11,10,20,68,4,65,5,73,58
11100,MC_SC_17_s03L_11100,31,5,3,0,37,0,5,1,0,15,18,2,11,14,0,8,0,0,27
11101,MC_SC_17_s03L_11101,31,7,3,172,121,0,260,5,12,8,10,98,37,23,272,43,12,29,3
11102,MC_SC_17_s03L_11102,31,4,2,0,58,0,41,6,22,34,22,31,10,47,0,35,2,37,39
11103,MC_SC_17_s03L_11103,31,8,5,72,91,5,90,12,11,51,30,102,37,35,111,66,112,32,10
11104,MC_SC_17_s03L_11104,31,9,5,60,64,7,89,5,1,63,11,43,22,31,236,22,50,21,14
11105,MC_SC_17_s03L_11105,31,10,5,102,74,1,39,0,16,9,15,57,15,57,87,5,64,11,9
11106,MC_SC_17_s03L_11106,31,8,2,44,53,0,61,4,8,6,6,39,19,20,59,26,63,6,14
11107,MC_SC_17_s03L_11107,31,10,8,1,73,8,186,6,2,242,40,0,0,7,15,59,30,93,42
11108,MC_SC_17_s03L_11108,31,9,5,0,138,0,116,13,0,193,11,51,59,99,98,72,6,183,79
11109,MC_SC_17_s03L_11109,31,3,2,0,58,0,89,5,4,94,19,22,51,88,0,50,0,221,68
11110,MC_SC_17_s03L_11110,31,6,4,0,82,0,148,14,27,241,20,37,34,170,207,50,6,70,35
11111,MC_SC_17_s03L_11111,31,7,4,63,76,0,231,5,7,17,14,22,34,36,192,2,93,21,29
11112,MC_SC_17_s03L_11112,31,2,2,0,5,0,5,1,0,0,0,0,7,6,0,9,0,1,0
11113,MC_SC_17_s03L_11113,31,6,2,0,68,0,97,2,19,91,4,16,29,69,46,3,2,91,16
11114,MC_SC_17_s03L_11114,31,10,5,65,57,0,112,8,7,25,11,74,22,58,248,40,294,24,24
11115,MC_SC_17_s03L_11115,31,7,4,59,89,7,76,6,12,33,16,46,7,21,109,39,193,12,35
11116,MC_SC_17_s03L_11116,31,7,5,0,41,0,9,3,0,4,3,0,1,27,0,6,3,152,37
11117,MC_SC_17_s03L_11117,31,3,2,1,15,0,9,1,0,15,28,2,15,22,8,8,0,0,17
11118,MC_SC_17_s03L_11118,31,10,8,0,118,0,120,1,49,46,1,2,4,15,34,44,10,118,2
11119,MC_SC_17_s03L_11119,31,9,3,67,114,0,133,13,11,23,23,24,14,16,47,45,99,20,15
11120,MC_SC_17_s03L_11120,31,10,10,1,50,0,15,0,0,0,0,0,0,0,0,24,126,279,37
11121,MC_SC_17_s03L_11121,31,2,2,0,0,1,8,0,23,4,0,0,10,0,0,2,14,48,1
11122,MC_SC_17_s03L_11122,31,8,5,92,52,1,30,9,22,4,27,15,18,10,46,6,73,4,29
11123,MC_SC_17_s03L_11123,31,5,2,55,64,0,133,8,7,8,4,13,23,36,126,40,217,49,53
11124,MC_SC_17_s03L_11124,31,1,1,22,36,1,25,1,1,32,3,11,2,10,49,11,67,1,2
11125,MC_SC_17_s03L_11125,31,4,2,0,30,0,12,12,16,21,6,0,13,42,0,22,8,27,0
11126,MC_SC_17_s03L_11126,31,6,3,69,62,3,157,5,6,21,9,28,25,31,182,83,313,63,64
11127,MC_SC_17_s03L_11127,32,1,1,0,0,0,3,0,4,2,1,2,0,0,5,0,0,0,0
11128,MC_SC_17_s03L_11128,32,1,1,9,1,1,8,3,1,0,1,0,3,0,0,3,0,0,0
11129,MC_SC_17_s03L_11129,32,4,3,1,7,0,85,3,7,114,51,3,20,31,4,2,0,19,27
11130,MC_SC_17_s03L_11130,32,5,4,0,1,0,40,1,2,35,1,19,3,66,0,7,0,26,0
11131,MC_SC_17_s03L_11131,32,4,3,0,24,0,56,38,4,85,8,1,24,9,47,0,2,9,0
11132,MC_SC_17_s03L_11132,32,7,3,1,5,0,14,41,1,46,1,3,13,31,5,0,0,1,1
11133,MC_SC_17_s03L_11133,32,6,3,0,8,0,100,0,12,0,0,7,22,85,35,5,2,53,17
11134,MC_SC_17_s03L_11134,32,1,1,0,6,1,9,1,10,1,0,0,6,1,0,0,0,5,0
11135,MC_SC_17_s03L_11135,32,9,4,0,30,4,164,27,41,2,6,4,44,31,101,0,2,72,0
11136,MC_SC_17_s03L_11136,32,6,3,0,20,0,19,6,6,3,2,0,0,0,0,0,0,0,0
11137,MC_SC_17_s03L_11137,32,9,7,0,0,0,14,1,0,0,0,0,0,0,0,0,0,2,0
11138,MC_SC_17_s03L_11138,32,7,2,0,15,2,98,26,28,87,29,10,11,24,7,6,4,0,1
11139,MC_SC_17_s03L_11139,32,5,4,0,0,0,57,6,2,0,6,2,11,18,4,4,2,0,0
11140,MC_SC_17_s03L_11140,32,9,6,0,10,0,152,3,8,62,2,21,28,54,33,15,2,13,29
11141,MC_SC_17_s03L_11141,32,9,7,0,18,0,71,38,42,171,28,10,17,77,92,22,0,1,15
11142,MC_SC_17_s03L_11142,32,6,6,0,9,0,34,12,26,87,20,6,4,33,48,5,3,2,4
11143,MC_SC_17_s03L_11143,32,4,3,56,16,0,9,9,36,0,3,2,12,2,0,8,6,3,2
11144,MC_SC_17_s03L_11144,32,9,7,0,1,0,25,4,96,7,1,0,6,5,17,31,21,0,2
11145,MC_SC_17_s03L_11145,32,9,5,131,9,1,30,1,56,14,3,0,9,26,34,44,16,1,10
11146,MC_SC_17_s03L_11146,32,8,4,1,65,0,122,101,12,166,17,2,23,40,15,17,0,2,7
11147,MC_SC_17_s03L_11147,32,9,7,1,32,0,92,1,0,81,12,0,12,39,27,0,0,45,0
11148,MC_SC_17_s03L_11148,32,5,2,0,8,0,83,27,0,11,0,3,12,24,0,2,0,48,1
11149,MC_SC_17_s03L_11149,32,5,2,0,13,0,152,2,1,38,6,12,14,46,5,1,0,72,0
11150,MC_SC_17_s03L_11150,32,1,1,0,0,0,0,2,3,9,3,0,0,1,0,0,0,0,0
11151,MC_SC_17_s03L_11151,32,5,3,0,33,0,119,1,13,0,0,3,11,38,3,4,0,14,2
11152,MC_SC_17_s03L_11152,32,4,3,0,2,0,37,0,0,15,2,2,9,17,0,7,0,15,11
11153,MC_SC_17_s03L_11153,32,5,3,0,18,0,63,52,7,77,6,3,27,6,37,0,4,11,0
11154,MC_SC_17_s03L_11154,32,9,8,0,20,0,91,0,3,15,4,1,3,43,3,0,2,60,0
11155,MC_SC_17_s03L_11155,32,5,5,0,7,0,41,1,0,25,1,7,16,21,13,0,0,2,2
11156,MC_SC_17_s03L_11156,32,1,1,0,1,0,8,0,1,21,3,0,0,3,18,0,0,1,0
11157,MC_SC_17_s03L_11157,32,7,2,0,2,0,51,2,0,41,0,14,1,13,5,0,0,0,8
11158,MC_SC_17_s03L_11158,32,1,1,0,11,0,15,0,1,33,3,0,5,9,14,0,0,9,0
11159,MC_SC_17_s03L_11159,32,5,3,0,2,0,51,0,5,11,0,3,10,38,0,4,0,22,7
11160,MC_SC_17_s03L_11160,32,4,2,0,10,0,53,1,0,20,2,12,13,18,0,7,0,8,18
11161,MC_SC_17_s03L_11161,32,1,1,0,3,0,5,1,0,35,2,2,1,4,7,0,2,0,1
11162,MC_SC_17_s03L_11162,32,6,4,0,12,0,100,0,0,10,2,24,19,43,29,1,0,9,10
11163,MC_SC_17_s03L_11163,32,1,1,26,2,0,35,4,5,0,0,1,7,0,0,5,0,3,4
11164,MC_SC_17_s03L_11164,32,5,3,0,17,0,41,57,21,40,0,3,15,31,0,8,0,5,11
11165,MC_SC_17_s03L_11165,32,1,1,0,7,0,37,1,9,20,0,3,3,51,3,7,0,37,10
11166,MC_SC_17_s03L_11166,32,1,1,0,1,0,3,0,0,12,0,0,1,0,0,0,0,0,0
11167,MC_SC_17_s03L_11167,32,5,3,0,5,0,18,41,0,8,27,12,8,5,17,5,5,11,2
11168,MC_SC_17_s03L_11168,32,9,1,30,3,0,4,2,4,2,0,0,2,0,0,0,0,0,0
11169,MC_SC_17_s03L_11169,32,7,5,0,36,4,118,4,5,167,73,9,26,57,113,11,0,43,0
11170,MC_SC_17_s03L_11170,32,1,1,0,5,0,23,1,1,0,2,0,5,0,0,0,0,15,0
11171,MC_SC_17_s03L_11171,32,6,1,0,15,17,52,4,24,16,1,0,2,33,30,5,6,24,14
11172,MC_SC_17_s03L_11172,32,9,5,0,15,1,52,2,18,33,1,1,14,3,9,12,22,0,10
11173,MC_SC_17_s03L_11173,32,5,4,0,27,0,96,1,2,9,8,22,32,29,31,11,0,46,7
11174,MC_SC_17_s03L_11174,32,9,5,0,43,0,130,3,0,45,6,3,11,62,18,3,0,70,3
11175,MC_SC_17_s03L_11175,32,3,3,0,0,0,15,0,0,0,0,0,0,1,0,0,0,14,0
11176,MC_SC_17_s03L_11176,32,9,3,0,46,2,143,3,135,93,20,18,32,40,94,13,9,123,35
11177,MC_SC_17_s03L_11177,32,3,2,0,13,0,131,3,0,49,5,17,1,47,2,5,0,34,0
11178,MC_SC_17_s03L_11178,32,7,4,107,28,0,98,12,33,0,31,0,14,1,1,58,13,3,7
11179,MC_SC_17_s03L_11179,32,6,4,1,24,0,36,9,21,60,27,21,12,4,61,21,2,29,19
11180,MC_SC_17_s03L_11180,32,9,3,0,3,0,57,1,2,66,2,6,7,19,12,9,23,0,0
11181,MC_SC_17_s03L_11181,32,4,3,0,3,0,52,3,0,27,1,2,4,12,0,2,0,29,0
11182,MC_SC_17_s03L_11182,32,2,2,0,4,0,30,22,15,0,0,3,3,5,0,0,0,1,0
11183,MC_SC_17_s03L_11183,32,4,2,0,18,0,87,35,2,44,1,6,8,25,10,4,0,27,0
11184,MC_SC_17_s03L_11184,32,3,2,0,16,0,51,1,4,0,7,13,10,25,3,19,0,15,0
11185,MC_SC_17_s03L_11185,32,4,2,0,32,0,148,4,1,69,6,3,5,45,46,15,4,63,1
11186,MC_SC_17_s03L_11186,32,5,3,0,23,0,1,45,22,0,0,0,0,20,0,6,0,4,1
11187,MC_SC_17_s03L_11187,32,9,5,101,13,3,43,43,12,6,9,0,5,18,2,6,3,3,0
11188,MC_SC_17_s03L_11188,32,4,2,0,27,0,84,0,0,7,4,4,10,13,0,11,3,62,4
11189,MC_SC_17_s03L_11189,32,4,3,0,4,0,83,5,2,2,26,7,21,30,3,22,5,9,23
11190,MC_SC_17_s03L_11190,32,9,3,5,83,1,63,42,17,130,9,4,16,27,47,26,11,6,21
11191,MC_SC_17_s03L_11191,32,9,7,0,2,0,104,0,56,41,22,10,13,39,42,9,0,8,1
11192,MC_SC_17_s03L_11192,32,7,4,0,28,0,61,0,5,2,7,1,6,20,2,16,2,0,6
11193,MC_SC_17_s03L_11193,32,3,2,0,12,0,36,2,0,0,0,1,4,0,0,0,0,10,0
11194,MC_SC_17_s03L_11194,32,3,2,0,9,0,107,1,2,15,2,8,18,14,0,0,0,10,1
11195,MC_SC_17_s03L_11195,32,6,3,0,14,0,96,0,3,0,1,0,12,10,0,17,0,82,0
11196,MC_SC_17_s03L_11196,32,5,3,0,9,0,62,2,0,2,9,0,18,11,0,20,0,25,7
11197,MC_SC_17_s03L_11197,32,5,3,84,17,2,42,15,0,14,2,0,4,5,0,24,9,6,12
11198,MC_SC_17_s03L_11198,32,1,1,0,1,0,9,2,0,4,1,0,1,1,0,3,0,0,0
11199,MC_SC_17_s03L_11199,32,2,1,0,7,0,38,0,0,0,0,3,0,6,0,5,0,5,1
11200,MC_SC_17_s03L_11200,32,3,2,0,3,0,53,1,7,7,0,0,1,13,0,2,0,9,14
11201,MC_SC_17_s03L_11201,32,7,2,42,8,0,42,22,8,0,1,0,6,0,0,6,0,3,12
11202,MC_SC_17_s03L_11202,32,9,6,79,10,6,63,1,8,18,7,0,7,26,12,45,22,10,15
11203,MC_SC_17_s03L_11203,32,2,1,0,2,0,27,0,0,0,0,0,4,8,0,1,0,1,4
11204,MC_SC_17_s03L_11204,32,6,3,100,8,0,70,28,60,10,4,0,18,27,9,49,23,0,2
11205,MC_SC_17_s03L_11205,32,1,1,48,9,0,20,25,5,0,5,2,8,3,0,0,0,0,0
11206,MC_SC_17_s03L_11206,32,1,1,0,1,0,1,1,4,2,2,0,0,1,0,0,2,0,0
11207,MC_SC_17_s03L_11207,32,3,1,0,3,5,25,3,29,38,1,0,4,2,8,1,14,0,0
11208,MC_SC_17_s03L_11208,32,4,2,42,6,0,31,38,13,0,3,1,13,0,0,9,0,0,7
11209,MC_SC_17_s03L_11209,32,7,3,1,5,0,52,4,1,36,5,4,9,31,3,19,5,8,8
11210,MC_SC_17_s03L_11210,32,9,6,0,12,0,44,0,36,0,2,0,7,29,0,2,0,4,2
11211,MC_SC_17_s03L_11211,32,1,1,0,4,0,3,0,20,0,0,0,4,5,2,1,0,2,0
11212,MC_SC_17_s03L_11212,32,7,4,0,32,0,49,1,0,85,43,13,19,4,37,4,6,15,11
11213,MC_SC_17_s03L_11213,32,4,2,0,6,0,31,0,1,0,9,0,8,3,0,6,0,7,1
11214,MC_SC_17_s03L_11214,32,9,3,56,1,0,11,8,7,10,11,0,5,4,5,16,5,0,7
11215,MC_SC_17_s03L_11215,32,2,1,0,1,0,40,0,0,11,0,0,5,6,6,2,0,14,1
11216,MC_SC_17_s03L_11216,32,4,3,0,12,0,22,1,0,2,3,6,11,10,4,11,0,0,6
11217,MC_SC_17_s03L_11217,32,4,3,65,3,0,17,0,1,0,3,25,7,8,4,4,0,9,0
11218,MC_SC_17_s03L_11218,32,1,1,0,0,0,0,0,0,0,1,0,0,0,0,0,0,1,0
11219,MC_SC_17_s03L_11219,32,3,2,0,4,0,77,3,0,41,1,14,16,25,3,6,0,48,20
11220,MC_SC_17_s03L_11220,32,5,2,0,23,0,21,45,27,8,2,1,12,27,0,8,0,16,7
11221,MC_SC_17_s03L_11221,32,9,8,79,13,0,23,19,23,0,11,0,27,23,25,13,7,21,4
11222,MC_SC_17_s03L_11222,32,4,1,0,2,0,0,0,0,0,0,0,1,0,0,0,0,0,0
11223,MC_SC_17_s03L_11223,32,2,1,0,1,0,5,0,0,0,0,0,3,0,0,0,0,0,0
11224,MC_SC_17_s03L_11224,32,2,2,0,1,0,0,0,4,0,1,0,4,1,0,0,0,23,0
11225,MC_SC_17_s03L_11225,32,8,3,0,5,0,4,0,24,0,0,0,20,2,0,0,0,65,1
11226,MC_SC_17_s03L_11226,32,4,3,0,10,0,34,0,0,20,5,6,1,6,8,5,0,27,25
11227,MC_SC_17_s03L_11227,32,3,2,0,0,0,5,4,2,4,0,2,2,3,0,7,0,0,0
11228,MC_SC_17_s03L_11228,32,9,4,0,1,0,20,0,0,0,2,0,13,0,0,2,0,17,0
11229,MC_SC_17_s03L_11229,32,2,1,0,0,0,0,0,1,0,0,0,0,0,0,1,0,0,0
11230,MC_SC_17_s03L_11230,32,4,3,0,1,0,14,0,7,0,0,1,4,3,2,2,0,4,4
11231,MC_SC_17_s03L_11231,32,2,1,0,2,0,7,0,0,0,7,0,0,1,0,0,0,0,0
11232,MC_SC_17_s03L_11232,32,1,1,22,3,0,4,0,6,0,1,5,4,5,0,8,0,7,22
11233,MC_SC_17_s03L_11233,32,2,1,0,3,0,9,0,0,2,0,3,1,2,0,0,0,5,1
11234,MC_SC_17_s03L_11234,32,1,1,34,5,0,0,0,0,0,0,5,3,3,0,0,0,31,3
11235,MC_SC_17_s03L_11235,32,5,2,0,31,0,158,2,0,12,32,8,28,11,2,21,4,95,0
11236,MC_SC_17_s03L_11236,32,1,1,0,3,0,0,1,0,0,0,0,0,0,0,0,0,0,0
11237,MC_SC_17_s03L_11237,32,8,2,0,15,0,24,0,0,0,0,0,6,1,0,16,0,11,3
11238,MC_SC_17_s03L_11238,32,3,2,41,7,0,1,39,6,0,4,0,11,0,0,0,0,24,0
11239,MC_SC_17_s03L_11239,32,1,1,0,27,0,177,0,7,79,2,10,15,19,4,6,3,47,0
11240,MC_SC_17_s03L_11240,32,1,1,60,14,0,0,16,11,0,2,7,10,0,0,2,0,1,0
11241,MC_SC_17_s03L_11241,32,1,1,2,0,0,0,0,3,0,3,0,2,2,0,5,0,0,1
11242,MC_SC_17_s03L_11242,32,2,1,0,5,0,1,0,0,2,0,0,10,0,0,0,2,9,7
11243,MC_SC_17_s03L_11243,32,6,3,1,17,0,57,2,4,23,8,0,16,0,0,35,0,39,8
11244,MC_SC_17_s03L_11244,32,6,3,0,7,1,39,0,3,0,4,0,6,5,7,12,7,1,10
11245,MC_SC_17_s03L_11245,32,3,2,16,22,0,0,0,8,0,6,0,7,8,0,10,0,21,2
11246,MC_SC_17_s03L_11246,32,1,1,17,8,0,2,13,6,0,8,7,10,0,0,2,0,2,1
11247,MC_SC_17_s03L_11247,32,7,5,0,7,0,46,0,1,2,16,0,8,0,4,20,4,21,0
11248,MC_SC_17_s03L_11248,32,9,4,0,18,0,59,1,30,31,15,4,14,22,6,35,3,19,0
11249,MC_SC_17_s03L_11249,32,1,1,8,1,0,0,0,4,0,1,0,1,2,0,0,0,0,0
11250,MC_SC_17_s03L_11250,32,5,3,0,16,0,22,2,0,0,0,0,1,0,0,3,0,9,0
11251,MC_SC_17_s03L_11251,32,3,2,8,11,0,2,0,11,0,6,4,14,18,0,7,0,11,3
11252,MC_SC_17_s03L_11252,32,1,1,5,1,0,0,0,1,0,2,2,4,5,0,2,0,13,3
11253,MC_SC_17_s03L_11253,32,1,1,0,0,0,1,0,0,0,0,0,0,0,0,0,0,0,1
11254,MC_SC_17_s03L_11254,32,5,4,0,4,0,0,5,1,4,0,1,11,0,0,0,0,11,0
11255,MC_SC_17_s03L_11255,32,6,2,0,17,0,1,0,0,0,0,0,3,4,0,4,0,0,7
11256,MC_SC_17_s03L_11256,32,5,2,0,9,0,11,0,0,0,0,2,3,1,0,13,0,3,0
11257,MC_SC_17_s03L_11257,32,1,1,9,2,0,0,7,5,0,1,6,0,0,0,0,0,0,0
11258,MC_SC_17_s03L_11258,32,1,1,1,3,0,0,5,0,0,9,0,0,1,0,0,0,8,1
11259,MC_SC_17_s03L_11259,32,8,5,0,10,0,25,3,1,1,4,2,14,2,0,16,0,13,6
11260,MC_SC_17_s03L_11260,32,6,3,0,0,0,17,0,0,0,14,0,0,1,0,0,0,5,2
11261,MC_SC_17_s03L_11261,32,5,3,0,14,0,20,0,0,0,0,0,0,2,0,19,0,6,5
11262,MC_SC_17_s03L_11262,32,3,2,2,12,0,9,72,33,0,18,8,13,5,0,6,0,13,7
11263,MC_SC_17_s03L_11263,32,3,2,28,28,0,2,1,29,0,0,1,33,14,0,1,3,8,17
11264,MC_SC_17_s03L_11264,32,1,1,42,7,0,1,1,10,0,0,0,26,4,0,3,0,42,29
11265,MC_SC_17_s03L_11265,32,3,2,33,18,0,10,0,4,0,2,0,16,24,0,4,2,16,12
11266,MC_SC_17_s03L_11266,32,1,1,0,21,2,11,3,50,0,9,0,0,0,0,6,0,2,0
11267,MC_SC_17_s03L_11267,32,3,2,0,51,0,87,16,0,0,0,11,50,0,0,11,0,38,0
11268,MC_SC_17_s03L_11268,32,5,4,0,5,0,1,15,0,0,5,0,1,10,0,5,0,3,0
11269,MC_SC_17_s03L_11269,32,4,3,26,8,0,4,19,43,0,17,2,21,12,3,3,4,19,5
11270,MC_SC_17_s03L_11270,32,1,1,4,3,0,0,0,12,0,30,6,15,29,0,6,2,16,3
11271,MC_SC_17_s03L_11271,32,4,2,40,16,0,12,10,68,0,15,9,40,26,2,5,6,9,9
11272,MC_SC_17_s03L_11272,32,3,2,46,41,0,1,5,23,0,6,12,29,40,9,28,4,34,34
11273,MC_SC_17_s03L_11273,32,1,1,21,11,0,4,2,19,4,2,0,5,11,18,3,4,4,14
11274,MC_SC_17_s03L_11274,32,8,5,0,18,0,14,0,0,0,2,0,9,5,0,0,2,7,0
11275,MC_SC_17_s03L_11275,32,6,3,0,15,0,27,32,4,34,2,3,11,13,12,19,0,0,11
11276,MC_SC_17_s03L_11276,32,1,1,0,1,0,0,0,0,10,8,0,2,0,8,3,0,0,1
11277,MC_SC_17_s03L_11277,32,3,2,0,4,0,0,41,28,0,0,1,16,5,0,15,4,1,0
11278,MC_SC_17_s03L_11278,32,4,2,0,0,0,0,29,22,2,0,0,4,0,0,2,5,0,1
11279,MC_SC_17_s03L_11279,32,6,4,0,24,0,28,61,25,97,25,4,36,5,33,16,14,16,16
11280,MC_SC_17_s03L_11280,32,4,2,76,60,0,16,2,47,9,5,1,59,6,21,34,25,31,35
11281,MC_SC_17_s03L_11281,32,5,4,2,20,0,16,2,8,3,2,34,8,35,11,16,24,26,4
11282,MC_SC_17_s03L_11282,32,5,2,42,9,0,7,5,9,0,2,10,14,7,8,0,4,9,21
11283,MC_SC_17_s03L_11283,32,6,4,0,44,0,27,83,66,136,60,8,59,3,56,31,16,19,12
11284,MC_SC_17_s03L_11284,32,4,2,0,3,0,7,0,4,2,23,0,11,13,0,5,0,2,4
11285,MC_SC_17_s03L_11285,32,4,2,0,5,0,36,0,12,9,8,4,12,16,1,22,2,26,6
11286,MC_SC_17_s03L_11286,32,2,1,32,25,0,6,3,14,0,0,2,25,24,5,6,9,30,39
11287,MC_SC_17_s03L_11287,32,1,1,0,1,0,0,7,0,0,1,1,1,1,0,0,0,0,0
11288,MC_SC_17_s03L_11288,32,4,3,69,13,0,0,40,14,2,1,0,23,2,0,5,2,21,0
11289,MC_SC_17_s03L_11289,32,7,3,0,28,0,17,1,3,44,6,0,13,10,6,15,4,9,0
11290,MC_SC_17_s03L_11290,32,9,7,0,11,0,13,0,15,31,17,4,2,7,9,29,7,0,2
11291,MC_SC_17_s03L_11291,32,4,2,0,39,0,71,2,3,26,0,0,13,11,2,17,0,69,26
11292,MC_SC_17_s03L_11292,32,4,2,66,34,0,8,2,31,0,0,1,34,0,0,11,9,15,25
11293,MC_SC_17_s03L_11293,32,9,6,72,57,6,7,12,87,11,26,26,40,74,54,32,33,58,30
11294,MC_SC_17_s03L_11294,32,3,2,107,98,24,48,108,145,27,11,9,27,9,93,70,21,16,12
11295,MC_SC_17_s03L_11295,32,9,8,274,86,29,42,48,188,77,62,4,72,12,170,114,130,31,96
11296,MC_SC_17_s03L_11296,32,4,3,92,30,0,3,1,22,2,5,5,15,2,2,25,2,11,43
11297,MC_SC_17_s03L_11297,32,1,1,0,0,0,0,0,7,38,1,0,1,9,2,1,1,4,1
11298,MC_SC_17_s03L_11298,32,4,2,11,10,0,11,6,43,0,4,4,11,9,3,4,0,7,2
11299,MC_SC_17_s03L_11299,32,6,3,97,6,2,0,6,26,9,10,19,16,10,17,0,5,20,29
11300,MC_SC_17_s03L_11300,32,2,1,59,22,2,3,6,22,4,4,25,56,41,13,8,8,21,34
11301,MC_SC_17_s03L_11301,32,9,8,0,141,0,21,4,15,0,1,4,8,46,0,36,16,3,1
11302,MC_SC_17_s03L_11302,32,5,3,0,26,0,62,2,25,0,3,0,6,11,0,21,8,0,14
11303,MC_SC_17_s03L_11303,32,5,2,199,33,20,7,27,81,34,35,8,80,5,100,34,60,30,59
11304,MC_SC_17_s03L_11304,32,6,4,3,40,2,15,7,6,23,0,2,10,27,4,12,17,50,6
11305,MC_SC_17_s03L_11305,32,9,5,0,25,0,5,1,11,2,0,1,6,13,0,1,4,28,8
11306,MC_SC_17_s03L_11306,32,1,1,23,17,0,7,1,7,0,4,7,7,14,0,18,0,15,38
11307,MC_SC_17_s03L_11307,32,5,3,0,20,5,115,4,0,6,24,12,39,35,14,41,5,11,9
11308,MC_SC_17_s03L_11308,32,6,2,3,76,0,30,0,3,0,0,25,9,32,8,24,0,21,2
11309,MC_SC_17_s03L_11309,32,6,4,12,3,0,77,8,19,6,34,37,11,14,0,2,8,7,2
11310,MC_SC_17_s03L_11310,32,1,1,0,27,0,15,5,0,0,5,3,10,9,0,4,2,0,0
11311,MC_SC_17_s03L_11311,32,9,2,0,74,0,61,2,65,55,18,7,10,33,44,64,8,0,9
11312,MC_SC_17_s03L_11312,32,7,3,0,16,1,14,1,0,58,1,2,5,8,17,13,18,0,8
11313,MC_SC_17_s03L_11313,32,1,1,17,1,0,0,0,7,0,3,0,10,0,0,0,0,4,8
11314,MC_SC_17_s03L_11314,32,7,4,0,20,0,12,1,28,25,15,3,11,13,15,32,16,5,18
11315,MC_SC_17_s03L_11315,32,5,2,1,23,0,10,2,54,75,0,0,22,0,26,20,12,3,16
11316,MC_SC_17_s03L_11316,32,7,4,2,10,0,0,43,25,8,24,19,16,1,8,17,8,11,5
11317,MC_SC_17_s03L_11317,32,1,1,21,0,0,0,0,1,1,2,0,3,0,0,1,2,0,1
11318,MC_SC_17_s03L_11318,32,9,2,0,24,1,23,3,3,17,4,2,8,6,0,15,3,0,9
11319,MC_SC_17_s03L_11319,32,8,8,0,34,0,75,38,30,0,6,2,24,1,4,39,4,9,0
11320,MC_SC_17_s03L_11320,32,2,1,23,18,0,12,6,3,0,4,0,27,20,5,19,3,19,17
11321,MC_SC_17_s03L_11321,32,5,3,1,27,0,11,58,39,49,7,17,9,33,25,17,3,31,19
11322,MC_SC_17_s03L_11322,32,1,1,1,0,0,4,0,1,0,0,0,1,0,0,0,0,0,0
11323,MC_SC_17_s03L_11323,32,3,2,44,32,0,1,1,9,0,2,2,14,8,0,0,2,8,8
11324,MC_SC_17_s03L_11324,32,9,4,0,155,34,38,8,26,15,31,5,38,105,137,76,39,9,17
11325,MC_SC_17_s03L_11325,32,2,1,0,1,0,0,58,18,0,4,2,19,7,0,8,0,2,1
11326,MC_SC_17_s03L_11326,32,1,1,28,1,0,15,2,0,0,4,0,12,9,2,0,0,3,0
11327,MC_SC_17_s03L_11327,32,3,2,0,32,0,31,0,0,6,50,6,11,13,3,17,2,10,8
11328,MC_SC_17_s03L_11328,32,5,3,0,15,0,24,41,11,48,12,0,24,0,0,4,3,10,7
11329,MC_SC_17_s03L_11329,32,2,1,17,4,0,2,1,10,2,0,0,0,0,0,1,0,0,3
11330,MC_SC_17_s03L_11330,32,9,6,47,9,0,2,13,17,0,9,0,21,0,0,7,2,14,10
11331,MC_SC_17_s03L_11331,32,2,1,0,56,0,13,10,0,0,9,0,9,2,0,2,0,0,0
11332,MC_SC_17_s03L_11332,32,4,2,101,16,3,60,5,39,3,20,12,47,34,0,27,3,18,9
11333,MC_SC_17_s03L_11333,32,1,1,0,1,0,3,0,0,0,0,0,0,0,0,0,0,0,0
11334,MC_SC_17_s03L_11334,32,4,1,0,17,0,8,0,0,5,0,0,3,0,0,10,2,10,0
11335,MC_SC_17_s03L_11335,32,6,5,0,62,0,5,3,3,4,0,2,6,39,2,10,17,15,0
11336,MC_SC_17_s03L_11336,32,2,1,0,7,0,37,0,8,15,0,0,5,11,0,24,2,6,2
11337,MC_SC_17_s03L_11337,32,1,1,0,1,0,0,4,0,0,2,0,2,0,0,0,0,0,0
11338,MC_SC_17_s03L_11338,32,6,3,0,59,0,54,0,0,23,7,6,11,32,19,40,5,14,16
11339,MC_SC_17_s03L_11339,32,6,4,1,10,0,1,41,1,0,0,15,6,1,0,9,0,1,0
11340,MC_SC_17_s03L_11340,32,6,3,105,23,6,7,1,23,7,6,0,20,8,4,12,8,8,34
11341,MC_SC_17_s03L_11341,32,1,1,0,11,0,0,7,4,0,1,0,1,2,0,0,0,0,0
11342,MC_SC_17_s03L_11342,32,3,2,36,12,0,18,2,23,1,15,4,18,38,0,12,2,11,7
11343,MC_SC_17_s03L_11343,32,6,3,0,50,0,59,0,1,17,6,2,17,15,2,13,2,46,0
11344,MC_SC_17_s03L_11344,32,3,2,1,16,0,0,42,31,0,21,3,15,1,0,7,0,6,9
11345,MC_SC_17_s03L_11345,32,6,4,2,64,0,1,0,0,2,34,12,6,36,0,27,10,9,6
11346,MC_SC_17_s03L_11346,32,4,3,56,22,0,22,2,33,0,8,10,13,27,0,23,0,15,4
11347,MC_SC_17_s03L_11347,32,5,2,4,116,0,8,8,7,2,54,10,6,49,0,23,0,4,4
11348,MC_SC_17_s03L_11348,32,4,2,60,16,0,2,14,22,0,0,0,14,1,0,5,0,1,10
11349,MC_SC_17_s03L_11349,32,7,3,0,42,0,14,0,20,2,20,4,10,11,0,16,6,16,6
11350,MC_SC_17_s03L_11350,32,3,2,1,8,0,1,44,14,0,48,9,26,8,0,2,2,43,4
11351,MC_SC_17_s03L_11351,32,4,1,5,19,0,5,33,35,0,3,3,13,22,0,9,0,1,0
11352,MC_SC_17_s03L_11352,32,5,2,0,8,0,0,19,16,0,1,0,6,0,0,1,0,0,5
11353,MC_SC_17_s03L_11353,32,6,4,2,46,0,17,37,17,19,15,4,38,6,22,27,2,36,7
11354,MC_SC_17_s03L_11354,32,4,2,1,26,0,10,16,35,0,12,8,22,10,0,15,6,21,4
11355,MC_SC_17_s03L_11355,32,3,2,0,36,0,5,0,1,2,0,5,4,16,0,6,0,14,2
11356,MC_SC_17_s03L_11356,32,4,3,0,14,0,10,45,26,3,18,21,13,2,0,30,13,9,11
11357,MC_SC_17_s03L_11357,32,8,5,0,73,0,104,2,311,79,28,9,21,77,8,52,24,18,5
11358,MC_SC_17_s03L_11358,32,4,3,0,14,0,32,1,20,3,33,5,18,24,0,4,5,12,23
11359,MC_SC_17_s03L_11359,32,9,5,0,51,0,18,42,168,2,25,2,13,44,0,24,3,1,3
11360,MC_SC_17_s03L_11360,32,4,3,3,2,0,0,38,14,0,1,0,7,2,0,2,0,0,0
11361,MC_SC_17_s03L_11361,32,4,3,7,11,0,0,29,4,0,0,2,5,0,10,21,4,5,5
11362,MC_SC_17_s03L_11362,32,2,1,0,11,0,12,1,3,0,13,7,7,12,0,14,2,0,1
11363,MC_SC_17_s03L_11363,32,5,2,0,25,0,30,12,12,0,22,4,37,2,0,39,2,5,15
11364,MC_SC_17_s03L_11364,32,9,4,0,23,0,41,3,16,60,31,3,8,47,8,14,13,32,2
11365,MC_SC_17_s03L_11365,32,7,4,0,16,0,56,45,36,27,16,6,25,3,4,21,0,19,6
11366,MC_SC_17_s03L_11366,32,5,3,0,0,0,1,42,7,0,0,2,9,0,0,9,0,0,0
11367,MC_SC_17_s03L_11367,32,3,2,0,40,0,1,0,6,2,0,7,13,54,0,14,3,69,0
11368,MC_SC_17_s03L_11368,32,3,2,0,2,0,10,0,11,0,8,5,0,16,0,7,4,6,10
11369,MC_SC_17_s03L_11369,32,2,1,0,4,0,2,0,5,2,2,3,3,2,0,3,2,2,0
11370,MC_SC_17_s03L_11370,32,1,1,2,6,0,0,0,5,0,0,0,2,0,7,0,2,0,0
11371,MC_SC_17_s03L_11371,32,3,2,2,1,2,1,55,25,3,0,2,12,6,0,9,0,0,0
11372,MC_SC_17_s03L_11372,32,9,4,0,35,0,29,4,2,31,48,17,25,52,29,47,18,21,18
11373,MC_SC_17_s03L_11373,32,6,3,0,51,0,26,1,10,5,0,15,20,48,0,22,10,3,4
11374,MC_SC_17_s03L_11374,32,4,3,101,51,2,10,67,59,3,10,0,24,1,2,23,2,1,27
11375,MC_SC_17_s03L_11375,32,3,2,38,24,2,13,7,6,0,0,3,5,1,13,16,8,12,12
11376,MC_SC_17_s03L_11376,32,7,4,1,40,0,27,8,48,22,0,0,28,41,8,48,40,14,3
11377,MC_SC_17_s03L_11377,32,9,3,1,9,0,35,1,11,0,7,3,19,17,0,44,2,6,34
11378,MC_SC_17_s03L_11378,32,1,1,2,7,0,0,21,10,0,20,8,11,18,0,3,0,20,0
11379,MC_SC_17_s03L_11379,32,3,2,0,9,0,20,2,4,41,21,6,13,29,2,27,6,25,1
11380,MC_SC_17_s03L_11380,32,6,4,1,140,0,63,2,22,37,2,1,9,15,20,50,7,6,39
11381,MC_SC_17_s03L_11381,32,7,5,0,15,0,112,6,63,44,42,10,32,37,0,106,13,29,21
11382,MC_SC_17_s03L_11382,32,5,2,0,20,0,17,83,45,3,29,4,12,5,5,14,4,4,5
11383,MC_SC_17_s03L_11383,32,2,2,0,12,3,79,0,19,0,13,28,14,27,0,1,0,17,2
11384,MC_SC_17_s03L_11384,32,3,1,0,5,0,5,0,0,0,0,0,3,3,0,4,0,0,0
11385,MC_SC_17_s03L_11385,32,4,2,0,33,0,66,0,7,16,1,3,11,2,0,11,0,8,3
11386,MC_SC_17_s03L_11386,32,1,1,0,0,0,0,0,0,0,0,0,3,0,0,0,0,0,0
11387,MC_SC_17_s03L_11387,32,3,2,0,16,0,48,0,0,3,0,5,6,8,0,16,2,1,2
11388,MC_SC_17_s03L_11388,32,9,5,0,55,0,7,18,33,20,8,16,5,29,0,32,2,26,48
11389,MC_SC_17_s03L_11389,32,6,1,0,23,0,17,79,28,12,13,5,34,2,0,9,6,15,0
11390,MC_SC_17_s03L_11390,32,4,3,42,26,0,40,0,36,0,10,4,27,29,8,19,4,5,11
11391,MC_SC_17_s03L_11391,32,4,3,0,4,0,0,41,17,0,0,3,22,13,0,6,3,1,0
11392,MC_SC_17_s03L_11392,32,3,3,0,4,0,9,0,0,0,0,0,1,1,0,8,0,0,0
11393,MC_SC_17_s03L_11393,32,6,4,0,10,0,11,57,69,0,25,20,25,12,53,11,2,13,17
11394,MC_SC_17_s03L_11394,32,5,3,0,133,0,143,6,2,110,22,5,36,68,12,21,10,191,38
11395,MC_SC_17_s03L_11395,32,8,4,0,78,2,335,6,58,244,27,10,31,141,136,62,16,30,4
11396,MC_SC_17_s03L_11396,32,4,3,0,5,0,7,2,30,7,15,14,32,44,0,4,0,8,7
11397,MC_SC_17_s03L_11397,32,5,3,0,22,0,33,43,1,0,0,33,36,24,3,20,0,35,0
11398,MC_SC_17_s03L_11398,32,6,3,1,121,33,256,13,59,41,56,24,34,38,124,79,28,5,24
11399,MC_SC_17_s03L_11399,32,4,2,0,1,0,11,55,11,0,4,16,30,2,0,2,2,0,0
11400,MC_SC_17_s03L_11400,32,7,4,0,31,0,56,5,30,163,35,38,20,93,39,56,15,12,48
11401,MC_SC_17_s03L_11401,32,4,2,0,72,0,87,1,5,2,3,3,6,32,0,32,2,131,0
11402,MC_SC_17_s03L_11402,32,6,3,52,58,0,1,1,14,0,11,2,16,31,16,23,55,22,20
11403,MC_SC_17_s03L_11403,32,2,1,0,26,0,60,2,20,0,12,11,8,2,2,32,4,18,0
11404,MC_SC_17_s03L_11404,32,5,1,0,6,0,6,21,33,0,15,1,7,8,0,6,0,3,0
11405,MC_SC_17_s03L_11405,32,6,3,0,1,0,6,16,6,0,0,10,18,26,7,7,0,0,3
11406,MC_SC_17_s03L_11406,32,6,2,0,71,0,39,0,132,0,1,7,35,52,18,18,0,9,11
11407,MC_SC_17_s03L_11407,32,2,2,0,2,0,1,60,45,0,4,0,37,29,1,10,0,0,0
11408,MC_SC_17_s03L_11408,32,5,2,0,104,0,121,7,9,131,16,11,32,42,2,10,6,67,15
11409,MC_SC_17_s03L_11409,32,6,2,0,12,0,14,3,8,25,1,2,6,10,3,8,9,0,11
11410,MC_SC_17_s03L_11410,32,3,2,0,13,0,4,0,16,0,19,12,28,27,0,10,0,4,2
11411,MC_SC_17_s03L_11411,32,3,2,0,42,0,22,1,7,7,34,24,8,44,0,32,5,33,55
11412,MC_SC_17_s03L_11412,32,9,6,92,86,0,104,8,6,27,12,25,41,13,318,98,257,38,38
11413,MC_SC_17_s03L_11413,32,8,3,0,95,28,235,14,8,17,48,49,34,43,85,107,48,70,35
11414,MC_SC_17_s03L_11414,32,1,1,1,6,19,55,3,1,3,11,5,1,10,19,16,11,3,7
11415,MC_SC_17_s03L_11415,32,9,5,0,108,14,216,1,47,5,58,7,31,26,75,91,24,17,26
11416,MC_SC_17_s03L_11416,32,3,3,0,20,0,55,15,9,0,1,1,8,7,0,13,3,11,24
11417,MC_SC_17_s03L_11417,32,9,6,111,97,8,188,16,3,37,31,7,30,4,326,102,305,29,35
11418,MC_SC_17_s03L_11418,32,7,3,80,82,0,2,4,10,7,27,0,11,17,9,22,80,31,23
11419,MC_SC_17_s03L_11419,32,8,6,22,30,0,1,3,0,13,11,0,9,13,27,17,54,17,27
11420,MC_SC_17_s03L_11420,32,1,1,0,9,0,0,0,15,59,13,2,6,9,7,2,13,20,11
11421,MC_SC_17_s03L_11421,32,5,3,0,121,0,54,3,3,90,6,46,22,104,60,45,5,130,62
11422,MC_SC_17_s03L_11422,32,2,1,0,2,0,7,0,3,2,4,2,0,4,2,1,2,11,0
11423,MC_SC_17_s03L_11423,32,6,3,0,64,1,87,1,0,47,8,43,26,74,129,72,16,44,38
11424,MC_SC_17_s03L_11424,32,9,4,0,110,0,103,3,27,135,44,83,11,64,74,64,32,227,74
11425,MC_SC_17_s03L_11425,32,6,3,0,73,9,0,0,9,5,7,2,5,27,3,3,30,100,11
11426,MC_SC_17_s03L_11426,32,1,1,0,9,0,1,0,0,0,0,0,2,0,0,0,0,0,0
11427,MC_SC_17_s03L_11427,32,9,4,74,72,0,4,6,8,12,9,16,15,10,0,45,163,32,8
11428,MC_SC_17_s03L_11428,32,5,3,0,161,0,1,0,53,64,28,32,10,112,22,9,11,208,34
11429,MC_SC_17_s03L_11429,32,2,2,1,1,0,5,0,1,2,0,4,3,4,1,0,0,0,0
11430,MC_SC_17_s03L_11430,32,9,6,53,37,0,52,2,3,12,21,8,24,50,80,54,223,32,18
11431,MC_SC_17_s03L_11431,32,1,1,0,11,0,2,0,0,0,4,1,2,10,12,7,3,0,0
11432,MC_SC_17_s03L_11432,32,9,4,46,12,0,1,0,3,15,9,11,8,36,66,16,115,3,6
11433,MC_SC_17_s03L_11433,32,7,3,40,64,1,106,0,3,2,11,8,30,78,130,3,24,8,14
11434,MC_SC_17_s03L_11434,32,2,1,0,12,0,17,31,1,2,5,0,8,7,0,1,0,2,0
11435,MC_SC_17_s03L_11435,32,9,3,1,100,2,157,3,10,180,17,12,11,113,70,53,12,104,66
11436,MC_SC_17_s03L_11436,32,6,3,0,50,2,106,2,14,188,13,33,18,78,56,40,6,5,38
11437,MC_SC_17_s03L_11437,32,1,1,7,8,1,7,0,1,11,0,3,2,5,35,2,2,0,0
11438,MC_SC_17_s03L_11438,32,8,3,0,413,5,171,15,24,450,60,25,14,37,254,147,67,116,75
11439,MC_SC_17_s03L_11439,32,4,2,0,11,0,31,1,0,17,2,0,9,12,8,6,0,19,0
11440,MC_SC_17_s03L_11440,32,8,5,84,100,2,48,12,62,16,19,2,44,132,220,20,246,16,14
11441,MC_SC_17_s03L_11441,32,8,5,63,71,3,178,6,2,41,11,26,15,53,166,61,239,33,22
11442,MC_SC_17_s03L_11442,32,7,2,41,59,11,90,0,18,33,10,21,21,33,131,46,191,25,18
11443,MC_SC_17_s03L_11443,32,3,2,0,19,0,41,50,0,17,9,3,8,10,0,7,2,21,3
11444,MC_SC_17_s03L_11444,32,2,1,0,4,0,7,11,1,11,9,5,12,28,2,15,0,3,2
11445,MC_SC_17_s03L_11445,32,3,2,0,7,0,34,0,3,4,9,0,1,28,0,7,0,26,5
11446,MC_SC_17_s03L_11446,32,8,5,0,44,0,5,2,43,151,47,40,9,142,109,33,24,369,56
11447,MC_SC_17_s03L_11447,32,1,1,0,23,0,34,64,0,33,13,5,14,38,1,16,0,18,1
11448,MC_SC_17_s03L_11448,32,6,3,0,8,0,23,2,3,23,6,6,12,46,0,11,2,76,14
11449,MC_SC_17_s03L_11449,32,9,4,89,62,0,75,7,0,11,8,43,34,42,270,104,219,39,8
11450,MC_SC_17_s03L_11450,32,1,1,0,3,0,5,0,0,0,0,0,0,0,0,0,0,9,0
11451,MC_SC_17_s03L_11451,32,6,2,0,12,6,21,0,96,18,0,0,44,5,5,2,42,104,4
11452,MC_SC_17_s03L_11452,32,3,2,0,4,0,25,22,0,22,1,3,14,9,0,12,14,12,0
11453,MC_SC_17_s03L_11453,32,9,7,0,26,0,83,4,0,26,8,0,0,0,0,2,2,24,2
11454,MC_SC_17_s03L_11454,32,7,3,0,7,0,25,2,1,38,1,4,29,35,23,2,10,29,4
11455,MC_SC_17_s03L_11455,32,6,4,0,78,0,139,16,48,8,15,30,36,14,83,86,24,48,6
11456,MC_SC_17_s03L_11456,32,6,3,0,34,0,47,1,4,11,11,10,49,93,24,19,0,23,42
11457,MC_SC_17_s03L_11457,32,4,3,0,33,0,26,1,9,15,20,2,28,47,5,22,11,33,3
11458,MC_SC_17_s03L_11458,32,2,1,0,13,0,47,33,0,3,13,4,10,14,0,15,6,8,2
11459,MC_SC_17_s03L_11459,32,9,5,0,6,0,26,124,1,196,69,34,54,119,30,62,47,86,5
11460,MC_SC_17_s03L_11460,32,6,5,0,44,0,54,0,1,26,5,7,13,45,10,1,4,99,31
11461,MC_SC_17_s03L_11461,32,9,3,0,17,0,21,2,21,25,1,3,5,13,4,8,7,48,1
11462,MC_SC_17_s03L_11462,32,9,5,0,53,0,91,1,0,96,6,1,43,57,10,0,14,39,21
11463,MC_SC_17_s03L_11463,32,2,2,0,13,0,0,0,0,0,0,0,0,1,0,0,0,20,6
11464,MC_SC_17_s03L_11464,33,6,5,0,8,0,59,67,4,24,7,17,12,18,11,2,0,24,0
11465,MC_SC_17_s03L_11465,33,6,2,0,2,0,1,3,23,0,0,9,12,41,7,14,0,10,1
11466,MC_SC_17_s03L_11466,33,3,2,0,5,24,33,1,16,0,1,3,1,4,3,0,0,12,0
11467,MC_SC_17_s03L_11467,33,7,5,49,5,0,102,0,35,51,52,1,16,52,0,15,0,7,26
11468,MC_SC_17_s03L_11468,33,5,3,1,32,4,100,0,69,5,1,12,9,55,6,21,10,81,21
11469,MC_SC_17_s03L_11469,33,5,3,81,10,0,88,17,57,0,5,7,19,17,1,35,0,9,2
11470,MC_SC_17_s03L_11470,33,5,3,69,5,0,53,56,20,3,2,8,14,1,2,15,3,8,4
11471,MC_SC_17_s03L_11471,33,5,3,1,12,0,63,10,0,59,2,13,28,27,6,0,0,0,3
11472,MC_SC_17_s03L_11472,33,5,4,0,3,0,43,91,9,18,49,8,6,27,0,1,0,8,1
11473,MC_SC_17_s03L_11473,33,4,3,0,5,0,40,2,9,22,4,14,11,68,8,6,0,6,6
11474,MC_SC_17_s03L_11474,33,7,4,0,19,0,27,56,8,87,61,10,16,12,41,0,4,0,0
11475,MC_SC_17_s03L_11475,33,7,3,69,19,0,44,42,56,4,0,0,25,5,16,18,10,18,5
11476,MC_SC_17_s03L_11476,33,6,4,0,0,0,32,0,0,37,22,8,9,46,6,7,3,23,0
11477,MC_SC_17_s03L_11477,33,8,5,0,1,0,50,12,0,65,5,6,11,73,39,9,10,23,3
11478,MC_SC_17_s03L_11478,33,3,2,0,4,0,29,53,3,56,6,1,12,0,26,0,0,0,0
11479,MC_SC_17_s03L_11479,33,6,3,73,21,12,50,51,18,11,10,10,15,6,3,8,3,1,1
11480,MC_SC_17_s03L_11480,33,8,4,0,2,0,13,30,36,5,0,0,0,0,0,0,0,0,0
11481,MC_SC_17_s03L_11481,33,5,3,1,13,16,197,46,66,61,79,7,27,94,161,1,0,0,0
11482,MC_SC_17_s03L_11482,33,8,3,0,5,0,21,0,0,25,0,0,4,37,12,0,0,33,1
11483,MC_SC_17_s03L_11483,33,8,4,1,21,1,185,15,4,7,6,4,30,33,28,6,0,102,1
11484,MC_SC_17_s03L_11484,33,8,3,0,17,0,20,0,40,0,1,1,0,8,6,0,0,0,0
11485,MC_SC_17_s03L_11485,33,3,2,0,11,0,52,2,0,10,2,17,25,37,7,4,0,22,19
11486,MC_SC_17_s03L_11486,33,5,3,1,8,1,68,59,2,90,27,2,21,3,42,1,11,36,2
11487,MC_SC_17_s03L_11487,33,2,2,0,9,0,45,0,1,55,1,0,5,4,11,5,4,4,5
11488,MC_SC_17_s03L_11488,33,4,4,0,4,0,72,1,14,2,4,10,12,48,25,1,0,38,8
11489,MC_SC_17_s03L_11489,33,8,8,0,0,0,9,0,0,0,0,0,0,0,0,0,0,0,0
11490,MC_SC_17_s03L_11490,33,1,1,0,0,0,0,0,0,1,0,0,0,0,2,0,0,11,0
11491,MC_SC_17_s03L_11491,33,4,2,1,5,0,32,0,5,17,0,0,11,15,0,0,0,0,0
11492,MC_SC_17_s03L_11492,33,5,2,1,53,15,146,3,34,41,6,4,17,34,21,9,28,89,21
11493,MC_SC_17_s03L_11493,33,1,1,0,3,0,9,7,0,0,0,0,0,0,0,0,0,0,0
11494,MC_SC_17_s03L_11494,33,3,1,0,18,0,83,11,0,17,18,2,3,44,11,2,0,35,0
11495,MC_SC_17_s03L_11495,33,1,1,0,3,0,28,2,0,12,1,0,0,8,8,0,0,6,0
11496,MC_SC_17_s03L_11496,33,3,2,25,26,0,30,6,11,0,11,0,14,2,0,12,6,5,1
11497,MC_SC_17_s03L_11497,33,4,2,0,13,0,29,0,6,8,0,4,3,51,0,3,0,30,8
11498,MC_SC_17_s03L_11498,33,7,3,0,31,0,57,4,4,43,30,6,20,34,24,10,4,3,3
11499,MC_SC_17_s03L_11499,33,5,3,0,27,5,81,86,2,105,36,16,17,5,30,0,14,55,0
11500,MC_SC_17_s03L_11500,33,3,2,0,0,0,29,0,0,0,0,4,5,11,0,0,0,19,4
11501,MC_SC_17_s03L_11501,33,8,3,0,31,0,60,0,0,30,14,5,8,74,1,3,0,39,33
11502,MC_SC_17_s03L_11502,33,5,3,25,12,0,23,6,19,7,9,0,13,2,5,12,6,0,3
11503,MC_SC_17_s03L_11503,33,5,3,0,22,0,142,28,0,79,8,12,22,51,42,4,0,34,2
11504,MC_SC_17_s03L_11504,33,8,5,0,2,0,78,2,0,40,0,16,13,57,12,9,0,19,7
11505,MC_SC_17_s03L_11505,33,6,3,0,20,0,102,0,3,77,4,8,18,48,43,15,0,63,0
11506,MC_SC_17_s03L_11506,33,5,3,1,18,0,117,1,0,62,0,13,15,34,7,5,14,74,0
11507,MC_SC_17_s03L_11507,33,8,4,0,51,0,224,4,9,78,5,4,9,19,21,15,5,78,1
11508,MC_SC_17_s03L_11508,33,4,2,0,1,0,36,0,0,0,0,1,14,34,0,5,0,4,9
11509,MC_SC_17_s03L_11509,33,2,2,0,3,0,25,0,8,1,0,0,12,4,0,0,0,34,0
11510,MC_SC_17_s03L_11510,33,5,3,0,13,0,38,0,0,36,1,7,14,24,0,13,0,5,22
11511,MC_SC_17_s03L_11511,33,7,3,0,24,0,139,3,23,73,7,5,18,1,0,18,0,58,1
11512,MC_SC_17_s03L_11512,33,8,3,0,19,12,44,25,65,43,3,0,6,0,19,5,28,162,0
11513,MC_SC_17_s03L_11513,33,4,2,0,7,0,17,0,0,0,0,4,0,3,0,0,0,6,0
11514,MC_SC_17_s03L_11514,33,6,4,0,37,0,130,1,0,37,42,7,33,72,68,26,0,32,3
11515,MC_SC_17_s03L_11515,33,5,3,0,7,0,72,11,2,118,2,16,18,27,23,15,22,8,1
11516,MC_SC_17_s03L_11516,33,3,1,0,21,0,33,38,0,23,4,10,11,23,0,3,0,10,0
11517,MC_SC_17_s03L_11517,33,2,2,2,13,9,10,3,25,21,0,0,5,0,8,0,21,76,1
11518,MC_SC_17_s03L_11518,33,1,1,1,6,0,15,0,41,28,0,0,4,9,18,0,6,20,4
11519,MC_SC_17_s03L_11519,33,1,1,0,7,0,8,0,0,4,0,3,1,5,0,4,0,8,9
11520,MC_SC_17_s03L_11520,33,5,3,0,28,0,112,3,0,24,4,20,6,60,4,4,2,2,3
11521,MC_SC_17_s03L_11521,33,8,3,0,11,1,150,2,36,9,0,3,22,27,106,29,13,29,43
11522,MC_SC_17_s03L_11522,33,1,1,8,1,0,11,0,9,0,1,0,3,0,0,3,0,0,1
11523,MC_SC_17_s03L_11523,33,7,4,74,38,1,187,82,22,42,65,22,37,39,40,25,8,48,9
11524,MC_SC_17_s03L_11524,33,5,3,0,29,0,104,36,1,37,8,6,9,26,3,10,0,54,0
11525,MC_SC_17_s03L_11525,33,1,1,0,19,0,108,0,4,48,1,3,1,17,16,4,0,52,0
11526,MC_SC_17_s03L_11526,33,5,4,1,12,1,89,0,1,0,6,0,10,11,15,7,0,2,12
11527,MC_SC_17_s03L_11527,33,3,2,0,13,0,62,1,2,62,17,2,4,6,5,11,2,50,10
11528,MC_SC_17_s03L_11528,33,8,3,0,3,2,11,0,51,25,1,2,4,10,2,0,27,60,2
11529,MC_SC_17_s03L_11529,33,2,1,0,14,1,93,27,10,0,0,7,9,16,0,4,0,26,21
11530,MC_SC_17_s03L_11530,33,8,4,0,72,29,111,2,42,460,10,0,11,11,121,42,84,4,12
11531,MC_SC_17_s03L_11531,33,8,4,0,18,0,108,13,25,0,3,3,10,22,13,4,6,51,0
11532,MC_SC_17_s03L_11532,33,2,1,0,8,0,83,0,0,2,1,3,2,3,0,1,0,4,3
11533,MC_SC_17_s03L_11533,33,7,5,0,6,0,63,0,0,0,0,0,1,9,0,15,0,13,0
11534,MC_SC_17_s03L_11534,33,3,2,0,14,0,73,0,2,2,8,3,22,11,6,26,2,104,10
11535,MC_SC_17_s03L_11535,33,1,1,0,8,0,14,4,0,0,12,1,17,0,0,10,0,14,0
11536,MC_SC_17_s03L_11536,33,6,3,0,57,0,61,2,2,53,18,5,30,73,32,22,2,40,16
11537,MC_SC_17_s03L_11537,33,2,1,23,0,0,2,0,0,0,0,0,1,0,0,0,0,0,0
11538,MC_SC_17_s03L_11538,33,4,2,0,23,0,34,0,1,16,1,3,6,9,4,1,0,11,11
11539,MC_SC_17_s03L_11539,33,2,1,45,2,0,29,9,9,0,0,0,0,2,0,3,0,5,4
11540,MC_SC_17_s03L_11540,33,3,2,1,8,0,37,15,12,0,0,0,4,10,0,0,0,7,0
11541,MC_SC_17_s03L_11541,33,4,3,0,7,0,24,2,11,2,0,0,13,18,0,11,0,0,8
11542,MC_SC_17_s03L_11542,33,8,2,0,24,0,99,0,3,0,1,2,6,21,0,21,0,146,3
11543,MC_SC_17_s03L_11543,33,7,4,0,57,0,67,1,1,0,1,13,14,19,0,25,8,28,10
11544,MC_SC_17_s03L_11544,33,2,2,0,1,0,17,5,14,0,0,1,1,13,0,0,2,4,0
11545,MC_SC_17_s03L_11545,33,8,8,1,18,0,33,74,3,0,29,7,11,14,0,6,3,17,3
11546,MC_SC_17_s03L_11546,33,1,1,0,0,0,0,0,1,2,0,0,0,0,0,0,0,0,0
11547,MC_SC_17_s03L_11547,33,2,2,0,7,0,42,0,0,2,0,0,1,10,0,2,0,17,9
11548,MC_SC_17_s03L_11548,33,8,5,0,5,0,12,0,18,0,2,0,2,3,0,3,0,7,0
11549,MC_SC_17_s03L_11549,33,8,8,0,11,0,31,0,1,10,0,1,1,32,48,12,9,4,4
11550,MC_SC_17_s03L_11550,33,8,3,1,60,0,49,3,29,71,2,1,10,54,169,23,56,8,16
11551,MC_SC_17_s03L_11551,33,8,4,0,54,0,57,0,1,25,2,0,12,17,23,36,69,2,4
11552,MC_SC_17_s03L_11552,33,7,5,0,14,0,34,45,17,31,0,0,16,9,51,34,21,1,2
11553,MC_SC_17_s03L_11553,33,8,3,0,10,0,20,36,54,84,22,7,14,25,36,31,16,5,4
11554,MC_SC_17_s03L_11554,33,4,3,35,10,0,34,25,10,0,5,3,20,3,2,27,2,14,0
11555,MC_SC_17_s03L_11555,33,7,4,41,8,0,15,37,8,2,14,1,16,7,19,23,7,22,1
11556,MC_SC_17_s03L_11556,33,8,5,1,61,0,77,10,15,114,75,13,8,9,111,11,20,6,8
11557,MC_SC_17_s03L_11557,33,7,5,0,14,0,53,2,1,19,36,36,40,24,16,14,2,48,17
11558,MC_SC_17_s03L_11558,33,2,2,30,7,0,8,19,5,19,2,1,11,2,0,9,0,5,8
11559,MC_SC_17_s03L_11559,33,6,4,0,37,0,79,1,1,21,43,51,23,3,14,7,0,69,21
11560,MC_SC_17_s03L_11560,33,8,6,8,8,0,20,65,71,23,22,8,17,10,2,30,21,23,3
11561,MC_SC_17_s03L_11561,33,8,7,46,35,0,40,44,4,6,1,1,31,17,6,32,4,7,29
11562,MC_SC_17_s03L_11562,33,2,1,25,5,0,0,30,10,0,3,1,16,0,0,5,0,3,10
11563,MC_SC_17_s03L_11563,33,2,1,0,0,0,0,0,0,0,0,0,0,0,0,0,0,0,0
11564,MC_SC_17_s03L_11564,33,6,2,0,13,0,184,0,0,73,0,1,5,23,9,3,6,28,0
11565,MC_SC_17_s03L_11565,33,3,2,0,2,0,0,0,28,0,0,0,0,2,0,0,0,20,0
11566,MC_SC_17_s03L_11566,33,2,2,0,2,0,12,7,0,0,0,3,4,2,0,5,0,0,0
11567,MC_SC_17_s03L_11567,33,4,3,0,4,0,24,0,0,0,0,0,5,0,0,4,2,20,3
11568,MC_SC_17_s03L_11568,33,1,1,0,14,0,14,2,0,0,0,2,6,0,0,3,0,8,0
11569,MC_SC_17_s03L_11569,33,1,1,16,1,0,3,4,20,0,3,2,7,2,0,3,3,10,10
11570,MC_SC_17_s03L_11570,33,5,2,0,11,0,84,4,0,41,0,4,3,23,8,11,2,58,1
11571,MC_SC_17_s03L_11571,33,1,1,2,0,0,1,0,0,0,0,0,0,0,0,0,2,0,0
11572,MC_SC_17_s03L_11572,33,6,2,91,31,10,38,0,67,37,7,0,11,9,29,52,38,4,10
11573,MC_SC_17_s03L_11573,33,1,1,1,0,0,0,0,0,0,0,0,0,0,0,0,0,0,0
11574,MC_SC_17_s03L_11574,33,4,3,5,8,0,14,0,0,2,0,5,5,9,0,4,0,4,2
11575,MC_SC_17_s03L_11575,33,4,2,0,3,0,9,34,4,2,0,1,6,7,0,5,0,4,0
11576,MC_SC_17_s03L_11576,33,1,1,17,2,0,0,0,2,0,1,0,16,7,0,1,0,0,6
11577,MC_SC_17_s03L_11577,33,2,2,4,4,0,6,0,8,0,3,4,7,13,0,4,0,10,2
11578,MC_SC_17_s03L_11578,33,2,1,13,8,0,1,0,2,0,2,1,14,4,0,0,0,0,6
11579,MC_SC_17_s03L_11579,33,4,1,0,10,0,1,0,12,0,0,0,0,0,0,0,0,0,0
11580,MC_SC_17_s03L_11580,33,1,1,2,2,0,0,0,1,0,20,1,4,5,0,0,0,0,2
11581,MC_SC_17_s03L_11581,33,8,4,0,76,0,172,4,57,128,39,6,20,27,90,39,9,1,8
11582,MC_SC_17_s03L_11582,33,1,1,1,6,0,0,0,6,0,10,0,5,6,0,1,0,7,5
11583,MC_SC_17_s03L_11583,33,1,1,0,11,0,23,5,2,9,2,5,23,4,0,0,0,7,8
11584,MC_SC_17_s03L_11584,33,2,1,9,7,0,2,0,2,0,0,2,14,20,0,0,0,5,27
11585,MC_SC_17_s03L_11585,33,3,3,6,9,0,1,19,3,0,10,8,13,20,2,9,0,5,26
11586,MC_SC_17_s03L_11586,33,1,1,23,5,0,0,3,3,0,10,3,5,26,0,3,0,6,5
11587,MC_SC_17_s03L_11587,33,1,1,6,7,0,4,3,7,0,12,3,3,12,0,3,0,2,3
11588,MC_SC_17_s03L_11588,33,3,3,0,2,0,24,2,5,0,0,3,7,6,0,2,0,18,19
11589,MC_SC_17_s03L_11589,33,3,2,0,9,2,13,61,42,0,57,6,24,5,0,0,2,21,8
11590,MC_SC_17_s03L_11590,33,6,3,0,39,0,7,0,2,23,14,0,3,19,0,23,4,22,0
11591,MC_SC_17_s03L_11591,33,5,2,0,4,0,0,6,1,0,31,1,6,0,0,7,2,37,5
11592,MC_SC_17_s03L_11592,33,3,2,25,10,0,0,2,6,0,10,9,17,33,0,4,0,11,13
11593,MC_SC_17_s03L_11593,33,1,1,13,0,0,0,0,2,0,0,0,0,0,0,9,0,10,1
11594,MC_SC_17_s03L_11594,33,5,3,197,18,0,13,7,41,0,11,15,8,20,0,17,7,218,68
11595,MC_SC_17_s03L_11595,33,3,2,0,7,0,3,0,0,0,0,0,5,0,0,1,0,6,2
11596,MC_SC_17_s03L_11596,33,3,2,0,11,0,0,3,12,0,6,0,14,2,0,8,2,6,1
11597,MC_SC_17_s03L_11597,33,2,2,0,28,0,14,1,11,0,15,1,1,5,0,1,0,4,0
11598,MC_SC_17_s03L_11598,33,8,5,0,10,0,18,0,6,0,0,0,3,6,0,9,0,19,1
11599,MC_SC_17_s03L_11599,33,4,2,69,11,0,0,3,9,0,1,10,12,0,2,13,3,2,28
11600,MC_SC_17_s03L_11600,33,3,2,0,7,0,1,0,0,0,2,1,4,10,0,5,0,6,3
11601,MC_SC_17_s03L_11601,33,8,7,0,14,0,25,2,1,36,6,0,9,55,58,26,34,12,25
11602,MC_SC_17_s03L_11602,33,4,2,0,33,0,0,4,20,0,7,3,10,36,5,14,7,86,0
11603,MC_SC_17_s03L_11603,33,1,1,2,2,1,0,1,6,19,0,2,20,1,2,1,22,13,2
11604,MC_SC_17_s03L_11604,33,7,2,0,11,0,3,0,0,0,0,1,0,2,3,1,4,0,4
11605,MC_SC_17_s03L_11605,33,1,1,26,16,0,3,2,35,2,0,3,39,24,7,4,11,25,26
11606,MC_SC_17_s03L_11606,33,1,1,0,0,0,0,0,0,0,0,0,0,0,0,0,0,0,0
11607,MC_SC_17_s03L_11607,33,4,3,54,17,0,0,2,27,3,3,16,12,3,24,32,12,12,44
11608,MC_SC_17_s03L_11608,33,4,2,195,33,0,86,7,11,2,31,6,11,2,10,20,14,231,21
11609,MC_SC_17_s03L_11609,33,6,3,0,11,0,5,0,0,2,1,6,7,16,0,12,2,7,3
11610,MC_SC_17_s03L_11610,33,2,1,0,8,0,3,7,1,21,0,13,26,0,2,1,4,6,0
11611,MC_SC_17_s03L_11611,33,4,3,0,22,0,47,0,2,9,0,0,16,19,0,11,0,28,15
11612,MC_SC_17_s03L_11612,33,7,5,0,3,0,5,18,36,0,1,0,7,7,7,21,2,5,0
11613,MC_SC_17_s03L_11613,33,3,2,0,12,0,12,1,1,17,7,2,9,12,3,12,5,27,11
11614,MC_SC_17_s03L_11614,33,7,4,1,110,6,79,8,279,463,31,11,60,19,316,138,105,51,7
11615,MC_SC_17_s03L_11615,33,7,5,0,9,0,22,5,3,8,23,7,17,45,4,29,12,7,24
11616,MC_SC_17_s03L_11616,33,4,2,0,12,0,15,3,5,25,0,8,7,10,5,11,2,15,12
11617,MC_SC_17_s03L_11617,33,3,2,72,29,0,32,12,36,3,6,34,25,38,43,24,5,25,36
11618,MC_SC_17_s03L_11618,33,3,2,0,50,0,11,51,16,20,19,18,34,14,6,25,2,13,11
11619,MC_SC_17_s03L_11619,33,4,3,0,4,0,0,92,33,12,7,3,24,20,0,19,1,2,0
11620,MC_SC_17_s03L_11620,33,7,4,120,17,1,27,9,66,11,57,27,43,43,34,46,44,23,33
11621,MC_SC_17_s03L_11621,33,3,2,0,14,0,11,34,8,12,7,0,6,16,3,17,9,50,2
11622,MC_SC_17_s03L_11622,33,5,3,0,66,0,33,15,1,5,8,0,8,0,2,6,0,3,1
11623,MC_SC_17_s03L_11623,33,8,8,0,42,0,41,0,0,0,0,0,0,0,0,37,19,126,7
11624,MC_SC_17_s03L_11624,33,5,3,0,13,0,40,2,23,41,19,4,0,9,8,22,4,1,19
11625,MC_SC_17_s03L_11625,33,7,3,1,50,0,19,0,5,3,5,5,6,11,0,8,2,16,1
11626,MC_SC_17_s03L_11626,33,6,2,109,64,18,46,8,103,29,9,2,36,11,115,97,21,32,33
11627,MC_SC_17_s03L_11627,33,8,6,0,24,2,34,10,21,149,23,13,23,45,165,93,36,12,28
11628,MC_SC_17_s03L_11628,33,6,3,55,14,0,4,57,27,4,28,2,33,1,8,7,7,24,23
11629,MC_SC_17_s03L_11629,33,6,3,0,48,0,17,4,1,3,5,4,23,41,14,19,11,11,36
11630,MC_SC_17_s03L_11630,33,1,1,20,10,0,2,6,28,0,8,1,2,8,0,1,0,3,2
11631,MC_SC_17_s03L_11631,33,3,2,0,9,0,40,3,0,3,13,4,3,13,2,23,5,15,27
11632,MC_SC_17_s03L_11632,33,3,1,82,22,4,37,9,8,21,20,2,39,22,21,17,23,12,23
11633,MC_SC_17_s03L_11633,33,7,5,6,42,2,6,40,15,165,35,0,18,0,85,34,59,51,37
11634,MC_SC_17_s03L_11634,33,4,3,0,41,2,52,1,3,31,5,17,15,26,9,8,6,28,20
11635,MC_SC_17_s03L_11635,33,6,3,0,81,8,12,2,11,5,3,0,6,30,7,21,12,3,2
11636,MC_SC_17_s03L_11636,33,1,1,0,0,0,4,0,0,0,1,0,0,0,0,1,0,0,0
11637,MC_SC_17_s03L_11637,33,1,1,72,16,0,9,2,30,0,3,5,18,26,4,10,2,9,23
11638,MC_SC_17_s03L_11638,33,6,3,2,49,0,116,5,36,52,16,46,16,25,3,48,8,89,0
11639,MC_SC_17_s03L_11639,33,4,3,1,35,2,2,0,4,0,63,10,4,19,0,8,0,34,3
11640,MC_SC_17_s03L_11640,33,5,4,0,105,0,23,0,9,0,0,3,17,51,2,20,4,5,0
11641,MC_SC_17_s03L_11641,33,8,5,0,165,0,20,2,28,0,7,1,28,52,8,24,12,20,1
11642,MC_SC_17_s03L_11642,33,2,2,0,9,0,32,0,0,0,23,12,19,32,0,22,4,7,1
11643,MC_SC_17_s03L_11643,33,7,2,8,7,6,9,82,273,321,39,59,36,96,11,16,9,10,0
11644,MC_SC_17_s03L_11644,33,2,1,2,11,0,15,39,13,31,21,6,13,8,0,11,0,32,20
11645,MC_SC_17_s03L_11645,33,5,3,0,58,0,49,1,1,0,5,3,16,44,9,14,6,21,3
11646,MC_SC_17_s03L_11646,33,8,3,0,39,13,58,0,48,0,9,6,19,36,2,10,2,8,6
11647,MC_SC_17_s03L_11647,33,4,2,0,27,0,0,1,0,2,0,4,6,21,0,4,0,3,1
11648,MC_SC_17_s03L_11648,33,4,3,1,30,0,0,2,3,25,6,6,14,33,0,22,0,19,0
11649,MC_SC_17_s03L_11649,33,4,3,0,16,0,30,0,11,2,0,0,10,13,5,7,6,5,0
11650,MC_SC_17_s03L_11650,33,2,1,0,9,1,0,37,19,21,10,12,10,5,0,8,0,7,20
11651,MC_SC_17_s03L_11651,33,8,7,0,48,0,59,3,72,68,18,4,29,48,8,68,37,35,27
11652,MC_SC_17_s03L_11652,33,4,2,0,18,0,31,0,2,2,11,0,4,12,0,11,0,0,5
11653,MC_SC_17_s03L_11653,33,8,4,0,78,0,18,2,10,0,4,15,22,48,14,30,4,21,4
11654,MC_SC_17_s03L_11654,33,5,3,0,4,0,20,0,0,2,4,0,6,10,0,8,4,5,8
11655,MC_SC_17_s03L_11655,33,4,2,23,67,0,20,20,34,4,4,2,4,0,1,29,5,4,8
11656,MC_SC_17_s03L_11656,33,5,3,166,72,0,98,1,5,2,17,3,69,62,64,40,13,33,43
11657,MC_SC_17_s03L_11657,33,4,3,29,11,0,3,49,48,0,1,9,13,5,0,17,0,31,2
11658,MC_SC_17_s03L_11658,33,7,4,0,32,0,61,2,11,0,7,3,37,70,0,27,0,8,10
11659,MC_SC_17_s03L_11659,33,2,2,120,51,0,10,59,62,0,5,4,27,22,3,25,2,112,3
11660,MC_SC_17_s03L_11660,33,2,1,0,17,0,15,35,4,0,41,3,6,1,0,4,0,4,0
11661,MC_SC_17_s03L_11661,33,8,7,36,18,0,15,36,15,0,0,24,19,16,20,20,11,26,30
11662,MC_SC_17_s03L_11662,33,3,3,0,17,0,7,0,1,4,0,0,7,15,0,5,0,19,13
11663,MC_SC_17_s03L_11663,33,7,5,0,20,0,47,52,23,0,23,2,19,17,0,44,4,11,4
11664,MC_SC_17_s03L_11664,33,2,2,1,2,0,0,29,15,0,0,0,5,1,0,3,2,0,0
11665,MC_SC_17_s03L_11665,33,1,1,14,1,18,5,1,11,47,0,0,4,0,11,0,18,0,0
11666,MC_SC_17_s03L_11666,33,5,2,0,37,0,20,1,4,29,37,19,27,30,13,33,11,24,8
11667,MC_SC_17_s03L_11667,33,8,6,70,29,2,35,20,37,8,10,0,19,23,64,50,30,14,24
11668,MC_SC_17_s03L_11668,33,8,5,1,49,89,206,16,258,259,25,9,31,29,335,94,361,27,7
11669,MC_SC_17_s03L_11669,33,3,3,16,14,0,2,0,15,0,8,10,7,43,16,14,0,8,16
11670,MC_SC_17_s03L_11670,33,5,3,82,9,0,2,20,7,0,0,0,3,0,0,0,0,4,4
11671,MC_SC_17_s03L_11671,33,7,2,0,24,0,19,1,20,19,1,9,11,21,25,28,0,7,18
11672,MC_SC_17_s03L_11672,33,1,1,1,0,0,1,0,3,1,0,0,2,0,0,0,0,0,0
11673,MC_SC_17_s03L_11673,33,5,3,0,149,27,332,6,12,25,82,24,30,129,190,69,32,7,73
11674,MC_SC_17_s03L_11674,33,1,1,0,3,0,0,0,3,2,0,1,2,4,0,0,0,0,0
11675,MC_SC_17_s03L_11675,33,4,2,0,34,0,18,4,6,0,0,8,13,46,2,15,0,35,0
11676,MC_SC_17_s03L_11676,33,5,3,71,24,0,11,52,24,2,4,2,17,19,2,12,0,51,7
11677,MC_SC_17_s03L_11677,33,3,2,1,18,0,10,4,1,10,8,3,13,37,0,14,2,49,4
11678,MC_SC_17_s03L_11678,33,8,6,0,94,4,1,9,85,148,94,10,23,102,7,41,77,126,53
11679,MC_SC_17_s03L_11679,33,6,4,0,36,0,23,1,19,0,21,7,12,2,0,10,2,7,19
11680,MC_SC_17_s03L_11680,33,4,2,0,29,0,6,3,13,0,2,2,21,19,1,12,2,34,1
11681,MC_SC_17_s03L_11681,33,2,1,1,10,0,7,0,3,53,3,9,4,8,37,21,13,1,16
11682,MC_SC_17_s03L_11682,33,6,3,0,83,0,63,2,0,90,4,6,15,33,9,6,4,18,5
11683,MC_SC_17_s03L_11683,33,2,1,2,70,0,6,51,18,27,1,11,11,16,1,11,0,24,33
11684,MC_SC_17_s03L_11684,33,6,4,33,20,0,18,9,32,0,1,30,33,19,0,13,2,21,10
11685,MC_SC_17_s03L_11685,33,4,2,37,25,0,4,44,31,2,3,15,20,28,8,30,4,9,4
11686,MC_SC_17_s03L_11686,33,1,1,0,2,0,0,0,0,6,0,0,1,1,0,0,6,21,0
11687,MC_SC_17_s03L_11687,33,6,4,0,19,0,15,50,60,2,16,7,18,5,3,22,5,9,16
11688,MC_SC_17_s03L_11688,33,3,2,51,13,0,21,26,15,0,3,5,3,0,0,10,0,5,11
11689,MC_SC_17_s03L_11689,33,6,4,0,43,0,29,5,33,0,1,0,16,15,0,17,3,7,3
11690,MC_SC_17_s03L_11690,33,5,3,0,44,0,19,0,35,1,0,8,19,46,0,9,11,95,7
11691,MC_SC_17_s03L_11691,33,2,2,1,47,0,35,0,0,21,3,0,11,12,13,22,10,22,21
11692,MC_SC_17_s03L_11692,33,8,7,0,33,0,51,8,1,161,23,2,2,10,20,84,27,11,44
11693,MC_SC_17_s03L_11693,33,8,5,0,16,0,12,4,2,33,7,0,0,16,0,3,2,14,9
11694,MC_SC_17_s03L_11694,33,2,2,0,13,0,61,0,11,6,7,15,10,1,3,9,0,1,23
11695,MC_SC_17_s03L_11695,33,6,3,0,41,0,24,10,17,0,0,0,28,8,2,27,2,17,4
11696,MC_SC_17_s03L_11696,33,6,3,0,4,0,14,0,3,0,23,1,17,11,0,27,0,14,25
11697,MC_SC_17_s03L_11697,33,1,1,0,0,0,0,1,1,0,2,0,0,0,0,0,0,0,0
11698,MC_SC_17_s03L_11698,33,5,3,0,18,0,26,2,8,4,8,6,4,13,0,10,6,13,19
11699,MC_SC_17_s03L_11699,33,6,3,0,10,0,9,2,0,6,1,0,3,17,0,22,0,72,0
11700,MC_SC_17_s03L_11700,33,4,3,0,35,0,97,1,15,0,24,16,4,44,9,42,4,27,50
11701,MC_SC_17_s03L_11701,33,3,3,35,20,0,5,31,10,0,1,10,12,0,0,16,4,3,2
11702,MC_SC_17_s03L_11702,33,8,3,0,29,14,13,7,48,26,5,0,0,8,3,20,49,0,3
11703,MC_SC_17_s03L_11703,33,5,3,0,32,0,0,23,0,2,1,1,5,8,0,0,2,8,18
11704,MC_SC_17_s03L_11704,33,3,1,0,21,0,16,3,8,12,0,5,6,17,0,8,2,15,6
11705,MC_SC_17_s03L_11705,33,3,2,0,21,0,34,3,18,0,16,7,4,0,0,5,2,17,13
11706,MC_SC_17_s03L_11706,33,3,2,0,30,0,9,35,0,0,6,0,30,11,0,7,0,7,15
11707,MC_SC_17_s03L_11707,33,8,3,0,37,0,44,0,4,56,5,17,12,51,12,19,0,15,36
11708,MC_SC_17_s03L_11708,33,1,1,0,7,0,0,70,15,0,0,0,10,18,0,0,0,0,0
11709,MC_SC_17_s03L_11709,33,8,5,0,40,0,82,5,7,30,14,19,17,59,3,18,2,24,42
11710,MC_SC_17_s03L_11710,33,7,5,0,47,0,157,4,31,14,5,2,9,55,23,53,8,28,8
11711,MC_SC_17_s03L_11711,33,2,2,36,45,0,4,1,0,0,3,5,17,11,0,24,11,25,15
11712,MC_SC_17_s03L_11712,33,3,2,81,27,0,99,1,33,0,37,0,8,73,0,20,0,58,1
11713,MC_SC_17_s03L_11713,33,2,1,0,7,0,19,43,14,0,47,7,23,16,0,4,4,20,10
11714,MC_SC_17_s03L_11714,33,1,1,12,3,0,15,0,6,0,9,0,4,22,0,7,0,37,0
11715,MC_SC_17_s03L_11715,33,8,7,0,46,0,57,1,6,13,5,0,0,21,44,23,20,32,26
11716,MC_SC_17_s03L_11716,33,8,6,0,53,0,26,9,0,0,20,24,11,48,0,17,0,19,23
11717,MC_SC_17_s03L_11717,33,2,2,22,7,0,19,0,3,0,7,1,1,23,0,1,5,21,0
11718,MC_SC_17_s03L_11718,33,4,3,0,32,0,16,10,4,0,13,9,11,21,0,16,2,7,25
11719,MC_SC_17_s03L_11719,33,1,1,0,14,0,16,6,10,4,2,4,6,0,0,0,0,4,0
11720,MC_SC_17_s03L_11720,33,7,4,0,60,0,132,2,22,77,9,24,20,106,1,55,12,43,8
11721,MC_SC_17_s03L_11721,33,6,4,35,30,0,3,3,5,2,13,1,9,20,2,14,7,26,15
11722,MC_SC_17_s03L_11722,33,6,2,0,5,0,8,30,69,0,22,17,18,10,14,19,2,1,11
11723,MC_SC_17_s03L_11723,33,7,3,0,28,0,122,16,9,63,19,6,37,50,119,80,20,27,1
11724,MC_SC_17_s03L_11724,33,2,1,4,4,0,1,0,2,0,3,0,0,2,0,0,0,9,0
11725,MC_SC_17_s03L_11725,33,5,2,0,4,0,0,50,53,2,1,1,24,50,0,9,1,0,0
11726,MC_SC_17_s03L_11726,33,7,4,68,79,0,15,6,7,20,44,11,37,68,177,33,78,25,20
11727,MC_SC_17_s03L_11727,33,8,6,62,20,0,24,33,26,0,0,2,25,6,6,16,0,63,22
11728,MC_SC_17_s03L_11728,33,5,2,0,33,0,76,1,13,65,46,13,3,53,15,19,13,73,45
11729,MC_SC_17_s03L_11729,33,2,2,0,20,0,28,0,13,4,42,5,9,21,0,14,0,11,17
11730,MC_SC_17_s03L_11730,33,8,4,48,12,0,8,42,33,0,3,16,12,0,4,18,4,14,7
11731,MC_SC_17_s03L_11731,33,5,3,70,26,3,6,9,4,37,1,8,15,41,93,31,210,31,38
11732,MC_SC_17_s03L_11732,33,6,4,0,48,0,80,1,2,53,3,16,18,78,17,41,2,83,42
11733,MC_SC_17_s03L_11733,33,6,4,78,51,0,70,82,54,2,6,34,42,2,13,27,12,38,39
11734,MC_SC_17_s03L_11734,33,6,3,0,21,0,58,21,37,13,5,2,11,49,1,10,21,21,4
11735,MC_SC_17_s03L_11735,33,1,1,0,10,0,23,20,52,0,21,1,7,10,2,9,6,8,2
11736,MC_SC_17_s03L_11736,33,3,2,0,42,0,26,0,9,16,3,3,26,59,6,9,2,92,10
11737,MC_SC_17_s03L_11737,33,3,2,1,13,0,18,1,0,3,3,11,11,17,2,5,0,40,24
11738,MC_SC_17_s03L_11738,33,1,1,0,13,0,27,0,3,1,25,0,8,5,0,19,4,26,22
11739,MC_SC_17_s03L_11739,33,8,3,35,46,0,18,20,5,3,4,3,19,0,1,19,2,19,10
11740,MC_SC_17_s03L_11740,33,3,1,0,5,0,43,3,4,6,17,2,15,2,0,2,2,2,5
11741,MC_SC_17_s03L_11741,33,5,5,0,46,0,46,8,20,93,34,1,14,19,3,4,4,0,0
11742,MC_SC_17_s03L_11742,33,6,4,0,12,0,18,5,7,9,7,10,5,2,4,2,2,10,1
11743,MC_SC_17_s03L_11743,33,3,1,0,6,0,0,53,7,0,4,5,16,0,0,2,0,0,0
11744,MC_SC_17_s03L_11744,33,2,2,0,49,0,33,1,3,57,1,14,8,12,12,17,5,104,21
11745,MC_SC_17_s03L_11745,33,7,3,0,22,0,218,8,21,84,43,6,29,56,13,31,5,109,1
11746,MC_SC_17_s03L_11746,33,4,3,0,12,0,0,107,67,0,1,0,16,13,0,1,0,0,0
11747,MC_SC_17_s03L_11747,33,8,4,24,50,0,119,12,16,24,34,99,34,18,52,39,86,26,19
11748,MC_SC_17_s03L_11748,33,5,4,0,28,0,45,18,8,34,12,2,11,6,40,2,0,2,0
11749,MC_SC_17_s03L_11749,33,8,6,68,81,0,246,4,2,22,23,4,29,8,303,51,298,48,60
11750,MC_SC_17_s03L_11750,33,2,2,0,4,0,4,22,1,0,11,1,1,1,0,0,0,1,0
11751,MC_SC_17_s03L_11751,33,3,2,0,52,0,65,2,1,0,4,13,9,12,0,1,0,3,7
11752,MC_SC_17_s03L_11752,33,7,2,0,19,0,62,0,18,34,16,7,9,27,13,25,0,3,23
11753,MC_SC_17_s03L_11753,33,4,1,0,34,15,84,56,2,11,15,18,39,16,30,14,12,43,23
11754,MC_SC_17_s03L_11754,33,3,2,0,14,0,98,1,0,60,27,3,15,6,9,14,2,49,0
11755,MC_SC_17_s03L_11755,33,1,1,0,21,4,1,0,17,0,4,7,20,24,1,22,2,52,0
11756,MC_SC_17_s03L_11756,33,1,1,1,2,0,0,0,2,0,0,0,0,0,1,0,2,0,0
11757,MC_SC_17_s03L_11757,33,8,6,54,110,1,20,12,3,20,16,82,50,44,183,59,405,29,24
11758,MC_SC_17_s03L_11758,33,7,4,66,48,3,25,4,4,26,3,4,16,19,188,44,234,24,12
11759,MC_SC_17_s03L_11759,33,8,5,0,106,26,290,121,169,11,92,48,19,112,230,179,47,18,15
11760,MC_SC_17_s03L_11760,33,2,1,0,23,0,63,3,9,0,11,0,8,5,0,15,4,9,6
11761,MC_SC_17_s03L_11761,33,1,1,0,0,0,0,0,0,0,0,0,0,0,0,0,0,0,0
11762,MC_SC_17_s03L_11762,33,8,5,34,55,0,0,2,21,0,2,23,14,17,86,3,16,29,18
11763,MC_SC_17_s03L_11763,33,8,5,63,57,0,1,5,7,8,18,48,19,69,183,75,205,22,52
11764,MC_SC_17_s03L_11764,33,6,3,0,24,0,83,5,0,0,1,9,16,24,2,25,0,0,22
11765,MC_SC_17_s03L_11765,33,6,4,0,12,0,43,1,0,15,2,8,2,2,9,23,0,2,0
11766,MC_SC_17_s03L_11766,33,5,3,0,147,1,205,5,4,262,29,100,32,71,66,116,30,220,100
11767,MC_SC_17_s03L_11767,33,4,3,0,47,4,85,0,10,3,40,0,21,16,2,24,0,25,36
11768,MC_SC_17_s03L_11768,33,4,2,0,35,0,30,3,0,56,2,10,35,38,51,37,8,145,30
11769,MC_SC_17_s03L_11769,33,7,3,67,74,2,33,2,7,8,19,3,11,70,14,34,84,10,4
11770,MC_SC_17_s03L_11770,33,8,4,166,170,0,374,0,1,3,13,179,34,75,2,32,71,10,5
11771,MC_SC_17_s03L_11771,33,5,2,0,48,0,79,2,3,28,8,8,23,41,19,63,14,39,46
11772,MC_SC_17_s03L_11772,33,3,2,2,5,0,36,0,0,0,4,0,0,20,0,10,0,14,6
11773,MC_SC_17_s03L_11773,33,6,3,0,33,0,8,2,121,51,12,36,15,136,4,18,35,343,64
11774,MC_SC_17_s03L_11774,33,1,1,12,21,0,9,1,0,0,2,0,4,9,1,3,8,0,1
11775,MC_SC_17_s03L_11775,33,6,3,0,110,0,4,1,36,28,10,9,5,51,3,2,24,137,14
11776,MC_SC_17_s03L_11776,33,1,1,3,17,0,0,0,0,0,0,1,0,1,2,1,39,0,0
11777,MC_SC_17_s03L_11777,33,8,3,32,44,0,58,3,1,2,4,21,3,2,30,0,7,0,2
11778,MC_SC_17_s03L_11778,33,5,4,0,24,0,98,9,7,42,4,16,15,50,0,54,10,256,53
11779,MC_SC_17_s03L_11779,33,6,4,0,23,0,13,1,0,0,15,0,12,40,2,22,0,28,2
11780,MC_SC_17_s03L_11780,33,1,1,1,3,0,30,2,18,8,4,0,0,10,3,1,0,0,9
11781,MC_SC_17_s03L_11781,33,8,6,36,59,0,78,7,14,6,8,22,12,51,67,45,25,34,21
11782,MC_SC_17_s03L_11782,33,8,4,156,45,0,22,5,9,30,12,8,29,39,46,63,37,12,15
11783,MC_SC_17_s03L_11783,33,8,3,0,53,0,111,81,42,3,36,51,20,8,0,16,7,54,1
11784,MC_SC_17_s03L_11784,33,8,4,0,160,0,227,4,5,177,35,25,46,93,15,19,2,145,16
11785,MC_SC_17_s03L_11785,33,1,1,0,29,0,20,1,0,35,3,8,10,25,19,12,4,53,21
11786,MC_SC_17_s03L_11786,33,7,4,59,79,6,58,4,9,50,14,11,28,75,256,20,275,19,26
11787,MC_SC_17_s03L_11787,33,7,3,79,81,1,131,6,5,26,8,22,28,32,212,9,186,29,24
11788,MC_SC_17_s03L_11788,33,4,3,0,2,0,19,25,1,10,0,10,6,16,4,6,2,9,0
11789,MC_SC_17_s03L_11789,33,1,1,0,47,5,32,0,0,0,0,0,0,0,0,0,0,0,0
11790,MC_SC_17_s03L_11790,33,8,5,0,102,0,108,4,16,145,9,47,20,112,62,63,60,171,45
11791,MC_SC_17_s03L_11791,33,8,8,0,51,0,61,0,0,0,0,0,0,0,0,36,19,6,33
11792,MC_SC_17_s03L_11792,33,1,1,0,7,0,82,3,2,5,11,0,2,5,0,12,0,13,0
11793,MC_SC_17_s03L_11793,33,1,1,0,5,0,3,0,0,1,0,6,6,5,62,8,39,1,0
11794,MC_SC_17_s03L_11794,33,1,1,23,8,0,21,0,0,0,2,3,2,10,10,6,40,3,3
11795,MC_SC_17_s03L_11795,33,2,1,0,2,0,10,0,0,3,2,0,2,5,1,4,3,14,0
11796,MC_SC_17_s03L_11796,33,2,1,1,13,0,47,1,10,6,1,0,7,18,5,9,2,57,0
11797,MC_SC_17_s03L_11797,33,8,5,86,94,1,156,4,1,3,15,55,38,44,279,96,306,9,13
11798,MC_SC_17_s03L_11798,33,2,1,0,9,0,24,12,1,5,4,2,1,8,0,13,2,20,0
11799,MC_SC_17_s03L_11799,33,8,3,73,73,3,187,9,17,25,13,73,33,99,90,43,296,104,74
11800,MC_SC_17_s03L_11800,33,8,3,0,91,0,33,5,72,50,3,7,14,21,5,28,33,70,2
11801,MC_SC_17_s03L_11801,33,4,3,0,6,0,56,42,10,6,10,1,14,16,0,33,2,9,2
11802,MC_SC_17_s03L_11802,33,7,4,0,40,0,0,0,0,0,0,0,0,0,0,0,0,0,1
11803,MC_SC_17_s03L_11803,33,3,1,0,2,0,17,0,0,0,0,0,1,1,0,7,0,1,0
11804,MC_SC_17_s03L_11804,33,8,5,35,51,0,140,7,7,6,39,102,42,11,225,169,230,41,39
11805,MC_SC_17_s03L_11805,33,5,3,0,96,0,141,2,12,107,28,2,75,57,38,3,8,65,13
11806,MC_SC_17_s03L_11806,33,2,2,0,20,0,19,0,1,30,4,1,9,10,6,0,0,8,1
11807,MC_SC_17_s03L_11807,33,2,1,0,24,0,7,2,3,0,3,0,1,0,0,1,0,46,7
11808,MC_SC_17_s03L_11808,33,2,2,0,5,0,20,0,0,0,0,0,0,1,0,5,0,9,0
11809,MC_SC_17_s03L_11809,33,6,3,0,5,0,41,0,56,7,4,0,18,0,0,15,13,109,10
11810,MC_SC_17_s03L_11810,34,7,4,9,5,9,24,1,3,10,0,0,6,23,14,45,34,3,15
11811,MC_SC_17_s03L_11811,34,5,2,35,13,13,32,27,7,0,0,2,11,3,0,11,0,3,0
11812,MC_SC_17_s03L_11812,34,7,3,53,2,0,26,21,22,1,4,0,17,13,2,1,0,0,0
11813,MC_SC_17_s03L_11813,34,7,6,0,5,0,31,5,25,0,0,0,11,37,18,14,79,35,0
11814,MC_SC_17_s03L_11814,34,5,3,0,8,0,28,0,1,24,6,20,6,46,0,2,0,2,10
11815,MC_SC_17_s03L_11815,34,4,2,3,10,0,84,59,61,54,14,1,6,54,8,3,2,6,0
11816,MC_SC_17_s03L_11816,34,7,3,0,9,0,35,72,120,72,16,18,34,36,123,57,42,30,6
11817,MC_SC_17_s03L_11817,34,3,2,0,1,0,47,0,5,2,1,4,3,10,0,1,0,1,5
11818,MC_SC_17_s03L_11818,34,7,3,0,17,2,67,0,25,2,0,5,7,28,4,0,0,16,1
11819,MC_SC_17_s03L_11819,34,7,4,3,13,0,14,16,5,19,1,0,0,0,0,1,0,4,0
11820,MC_SC_17_s03L_11820,34,4,2,0,0,0,11,0,15,11,1,0,3,40,2,4,0,29,11
11821,MC_SC_17_s03L_11821,34,3,2,0,1,0,45,2,93,1,4,0,34,11,14,3,6,51,7
11822,MC_SC_17_s03L_11822,34,6,3,0,7,0,54,70,1,77,76,29,21,21,47,0,0,1,0
11823,MC_SC_17_s03L_11823,34,7,3,0,18,0,7,46,64,83,4,5,8,14,30,9,37,2,1
11824,MC_SC_17_s03L_11824,34,4,4,0,4,0,22,0,32,0,0,0,11,25,0,0,0,130,0
11825,MC_SC_17_s03L_11825,34,6,3,0,14,0,100,1,13,0,6,3,47,5,38,0,2,13,0
11826,MC_SC_17_s03L_11826,34,1,1,21,0,0,0,0,17,0,0,0,1,3,0,7,0,0,0
11827,MC_SC_17_s03L_11827,34,5,3,33,1,0,26,1,0,3,1,0,0,0,0,0,0,0,0
11828,MC_SC_17_s03L_11828,34,2,1,0,2,0,0,0,1,0,1,0,0,2,5,0,0,0,0
11829,MC_SC_17_s03L_11829,34,2,1,0,5,0,17,0,7,0,2,0,2,10,0,0,0,21,1
11830,MC_SC_17_s03L_11830,34,5,2,0,0,0,10,0,0,5,0,2,5,17,8,1,0,2,4
11831,MC_SC_17_s03L_11831,34,2,2,0,10,11,44,1,28,9,7,0,7,3,35,0,2,0,0
11832,MC_SC_17_s03L_11832,34,7,6,0,40,4,199,1,78,15,5,0,25,77,8,0,3,100,0
11833,MC_SC_17_s03L_11833,34,7,3,0,13,0,43,9,2,80,0,17,8,39,2,4,0,0,0
11834,MC_SC_17_s03L_11834,34,3,2,0,9,0,39,46,13,33,0,7,16,7,0,0,2,0,1
11835,MC_SC_17_s03L_11835,34,3,2,0,6,0,32,4,5,43,4,9,4,24,9,2,0,0,0
11836,MC_SC_17_s03L_11836,34,1,1,1,1,0,8,17,1,6,0,0,6,1,0,0,2,1,0
11837,MC_SC_17_s03L_11837,34,5,3,0,0,0,26,0,1,0,6,0,2,6,0,1,2,0,0
11838,MC_SC_17_s03L_11838,34,7,3,1,17,0,35,0,0,47,3,0,7,10,11,13,10,4,2
11839,MC_SC_17_s03L_11839,34,7,5,0,13,0,78,1,14,56,1,0,6,35,10,0,2,3,1
11840,MC_SC_17_s03L_11840,34,7,5,0,21,0,110,6,2,169,43,14,16,97,163,12,7,31,0
11841,MC_SC_17_s03L_11841,34,7,5,166,35,50,166,25,138,38,43,6,24,72,104,38,5,1,14
11842,MC_SC_17_s03L_11842,34,1,1,0,0,0,1,0,0,1,0,0,0,0,0,0,0,0,0
11843,MC_SC_17_s03L_11843,34,7,2,0,11,0,57,0,2,22,6,0,4,22,2,0,0,29,0
11844,MC_SC_17_s03L_11844,34,1,1,13,2,1,13,0,15,23,4,1,0,4,4,1,4,0,0
11845,MC_SC_17_s03L_11845,34,4,3,1,2,0,19,37,2,38,0,0,10,13,0,4,3,0,5
11846,MC_SC_17_s03L_11846,34,5,2,0,3,0,40,5,1,104,1,1,3,8,2,13,34,0,2
11847,MC_SC_17_s03L_11847,34,7,3,1,11,4,163,10,0,213,8,12,17,22,22,26,10,7,7
11848,MC_SC_17_s03L_11848,34,3,2,0,13,0,59,1,0,12,1,10,5,25,0,1,0,10,9
11849,MC_SC_17_s03L_11849,34,7,7,0,1,0,31,17,0,0,0,0,1,0,0,11,0,0,3
11850,MC_SC_17_s03L_11850,34,3,2,1,12,1,27,3,18,29,7,1,14,3,4,5,34,12,1
11851,MC_SC_17_s03L_11851,34,4,3,0,20,0,73,10,23,3,11,4,26,19,0,14,0,43,1
11852,MC_SC_17_s03L_11852,34,4,1,0,1,0,16,0,0,0,0,2,4,4,0,0,0,11,4
11853,MC_SC_17_s03L_11853,34,1,1,0,2,0,13,0,0,6,0,0,1,9,4,1,0,10,0
11854,MC_SC_17_s03L_11854,34,7,5,0,10,3,88,8,4,35,5,0,18,2,32,19,32,23,17
11855,MC_SC_17_s03L_11855,34,4,3,0,10,1,88,1,0,48,0,3,10,18,3,3,2,68,3
11856,MC_SC_17_s03L_11856,34,4,3,0,37,0,142,1,0,46,1,14,13,48,4,1,3,35,23
11857,MC_SC_17_s03L_11857,34,3,1,0,20,0,69,5,10,1,2,0,19,3,0,7,0,38,0
11858,MC_SC_17_s03L_11858,34,6,4,0,13,0,110,16,1,45,14,3,19,62,16,7,0,48,0
11859,MC_SC_17_s03L_11859,34,7,4,0,43,0,146,2,0,66,10,5,19,57,18,2,2,76,1
11860,MC_SC_17_s03L_11860,34,4,1,0,6,0,22,45,0,38,42,4,7,2,5,13,4,12,0
11861,MC_SC_17_s03L_11861,34,3,2,0,5,0,68,8,0,30,6,1,20,14,11,21,0,12,11
11862,MC_SC_17_s03L_11862,34,6,3,0,8,0,35,31,4,0,0,0,7,0,0,0,0,0,0
11863,MC_SC_17_s03L_11863,34,7,4,6,32,21,136,33,58,126,2,0,31,1,16,17,48,298,3
11864,MC_SC_17_s03L_11864,34,1,1,0,0,0,6,0,0,0,0,0,1,1,2,0,0,1,0
11865,MC_SC_17_s03L_11865,34,7,2,0,23,1,30,12,3,96,11,5,3,6,36,9,6,0,0
11866,MC_SC_17_s03L_11866,34,3,1,60,29,5,25,15,45,9,12,2,12,0,16,12,11,0,0
11867,MC_SC_17_s03L_11867,34,2,1,0,3,0,70,2,6,4,2,1,7,33,0,10,0,34,5
11868,MC_SC_17_s03L_11868,34,7,5,0,6,5,25,1,1,9,0,0,22,13,6,0,3,54,0
11869,MC_SC_17_s03L_11869,34,7,3,1,142,10,139,6,81,328,11,0,14,53,59,25,46,5,8
11870,MC_SC_17_s03L_11870,34,4,3,0,16,0,71,18,0,49,8,0,10,1,21,3,2,4,3
11871,MC_SC_17_s03L_11871,34,3,3,0,8,0,71,0,0,14,7,5,8,19,0,4,0,41,0
11872,MC_SC_17_s03L_11872,34,3,2,0,21,0,101,1,0,31,16,1,31,5,30,13,2,72,14
11873,MC_SC_17_s03L_11873,34,4,2,0,1,0,55,0,2,0,0,0,4,0,0,1,0,0,0
11874,MC_SC_17_s03L_11874,34,7,5,0,38,0,87,2,15,67,5,9,18,1,1,22,0,48,2
11875,MC_SC_17_s03L_11875,34,7,3,1,69,0,85,21,1,41,14,6,6,6,13,29,7,15,0
11876,MC_SC_17_s03L_11876,34,7,4,0,12,11,83,2,23,9,0,0,12,28,76,15,15,22,34
11877,MC_SC_17_s03L_11877,34,5,2,0,28,0,104,1,2,40,48,2,25,29,10,18,2,10,0
11878,MC_SC_17_s03L_11878,34,4,2,68,16,0,31,19,20,0,7,4,14,1,0,13,3,0,0
11879,MC_SC_17_s03L_11879,34,6,3,0,15,0,46,33,0,10,1,0,3,16,0,8,0,0,11
11880,MC_SC_17_s03L_11880,34,3,2,0,21,0,117,0,0,6,1,0,3,7,0,3,5,83,0
11881,MC_SC_17_s03L_11881,34,1,1,0,0,0,2,1,0,0,0,0,0,0,0,0,0,0,0
11882,MC_SC_17_s03L_11882,34,5,3,0,23,0,33,44,0,30,17,2,7,5,0,1,0,11,0
11883,MC_SC_17_s03L_11883,34,2,2,0,21,0,67,0,0,0,0,9,13,19,0,2,0,0,1
11884,MC_SC_17_s03L_11884,34,3,2,0,5,0,119,1,2,0,0,4,9,3,3,18,0,150,8
11885,MC_SC_17_s03L_11885,34,3,2,0,26,0,35,7,2,0,2,3,0,13,0,0,0,9,5
11886,MC_SC_17_s03L_11886,34,3,1,0,4,0,27,0,1,0,0,5,9,0,0,2,0,2,0
11887,MC_SC_17_s03L_11887,34,3,2,0,7,0,46,31,24,4,0,0,3,25,0,6,0,12,7
11888,MC_SC_17_s03L_11888,34,2,1,0,15,0,104,0,0,0,8,3,4,14,5,1,0,40,1
11889,MC_SC_17_s03L_11889,34,1,1,0,59,0,93,27,0,0,1,11,57,0,0,17,2,132,0
11890,MC_SC_17_s03L_11890,34,5,2,0,23,0,35,48,59,0,27,4,10,5,0,14,5,18,1
11891,MC_SC_17_s03L_11891,34,3,2,0,7,0,57,0,0,0,0,0,2,0,0,2,0,37,0
11892,MC_SC_17_s03L_11892,34,7,2,0,128,0,174,24,1,0,19,13,59,5,2,40,6,307,0
11893,MC_SC_17_s03L_11893,34,4,2,0,21,0,53,26,5,2,13,17,23,20,0,18,4,9,28
11894,MC_SC_17_s03L_11894,34,4,3,73,8,0,48,7,1,3,0,0,19,0,0,12,2,0,8
11895,MC_SC_17_s03L_11895,34,5,5,0,5,0,19,0,8,0,0,0,0,11,2,0,0,3,0
11896,MC_SC_17_s03L_11896,34,2,1,0,17,0,16,2,2,0,0,3,5,18,0,5,0,4,7
11897,MC_SC_17_s03L_11897,34,1,1,0,0,0,0,0,3,0,0,0,0,0,0,0,0,0,0
11898,MC_SC_17_s03L_11898,34,1,1,0,0,0,4,0,0,0,0,1,0,0,0,0,0,0,0
11899,MC_SC_17_s03L_11899,34,5,2,24,0,0,7,19,0,0,2,0,15,2,0,6,0,0,0
11900,MC_SC_17_s03L_11900,34,5,4,1,5,0,34,0,2,0,11,2,7,16,2,3,0,2,11
11901,MC_SC_17_s03L_11901,34,5,3,0,8,0,70,1,12,17,23,2,13,17,3,33,2,10,17
11902,MC_SC_17_s03L_11902,34,7,5,104,3,0,36,13,21,2,2,0,5,3,1,17,6,0,0
11903,MC_SC_17_s03L_11903,34,5,4,0,18,0,68,0,10,64,41,5,20,23,29,20,0,11,18
11904,MC_SC_17_s03L_11904,34,4,2,42,7,0,2,9,15,0,6,0,11,0,0,13,0,5,9
11905,MC_SC_17_s03L_11905,34,4,3,0,11,0,22,0,0,0,0,0,2,0,0,6,0,7,2
11906,MC_SC_17_s03L_11906,34,5,3,61,12,0,20,62,10,0,17,0,5,16,0,43,2,87,7
11907,MC_SC_17_s03L_11907,34,7,4,0,13,0,75,2,19,38,9,1,19,29,30,28,0,5,0
11908,MC_SC_17_s03L_11908,34,3,2,69,6,0,13,14,8,0,11,1,18,0,0,22,0,3,27
11909,MC_SC_17_s03L_11909,34,4,3,0,4,0,22,42,4,0,4,0,2,5,0,8,0,5,2
11910,MC_SC_17_s03L_11910,34,5,1,0,3,0,9,0,0,0,0,0,0,0,0,0,0,39,0
11911,MC_SC_17_s03L_11911,34,1,1,2,0,0,2,0,2,0,0,0,2,0,0,4,0,0,0
11912,MC_SC_17_s03L_11912,34,7,4,7,49,0,8,0,3,3,0,7,10,21,0,22,2,24,0
11913,MC_SC_17_s03L_11913,34,4,3,0,16,0,23,1,0,2,0,0,11,20,0,5,2,20,2
11914,MC_SC_17_s03L_11914,34,4,1,0,0,0,2,0,0,0,0,0,3,2,0,2,0,2,5
11915,MC_SC_17_s03L_11915,34,4,3,0,14,0,72,0,0,0,8,0,4,12,5,5,0,46,0
11916,MC_SC_17_s03L_11916,34,1,1,21,6,0,0,4,10,0,0,7,17,17,0,3,0,6,17
11917,MC_SC_17_s03L_11917,34,1,1,35,31,0,17,0,25,0,0,6,15,5,0,2,2,41,15
11918,MC_SC_17_s03L_11918,34,2,1,0,3,0,4,13,0,0,19,3,3,2,0,5,0,10,1
11919,MC_SC_17_s03L_11919,34,5,3,23,20,0,0,1,42,0,8,5,11,24,0,2,0,14,2
11920,MC_SC_17_s03L_11920,34,2,1,0,3,0,0,53,4,4,11,3,20,0,0,0,0,13,6
11921,MC_SC_17_s03L_11921,34,2,1,1,6,0,0,0,0,0,0,0,6,0,0,4,0,0,0
11922,MC_SC_17_s03L_11922,34,1,1,0,0,0,1,1,16,0,2,3,6,0,0,1,2,2,3
11923,MC_SC_17_s03L_11923,34,4,3,0,14,0,32,0,6,0,1,2,1,3,0,11,0,18,1
11924,MC_SC_17_s03L_11924,34,4,2,67,29,0,0,4,9,0,0,4,29,25,0,0,3,25,12
11925,MC_SC_17_s03L_11925,34,4,3,62,4,0,0,0,2,0,1,0,26,8,0,9,2,11,22
11926,MC_SC_17_s03L_11926,34,4,3,42,7,2,1,0,5,15,0,0,1,2,5,0,22,0,2
11927,MC_SC_17_s03L_11927,34,2,1,44,32,0,5,6,31,0,7,13,14,35,0,12,0,14,33
11928,MC_SC_17_s03L_11928,34,6,4,103,49,0,67,3,7,8,25,1,35,50,61,51,22,50,51
11929,MC_SC_17_s03L_11929,34,3,2,27,3,0,0,2,14,0,11,3,30,21,17,16,14,29,40
11930,MC_SC_17_s03L_11930,34,1,1,0,12,0,5,0,0,1,0,0,3,0,0,0,0,4,0
11931,MC_SC_17_s03L_11931,34,4,2,0,34,0,8,31,10,0,16,16,24,2,5,11,4,23,11
11932,MC_SC_17_s03L_11932,34,2,1,1,11,0,9,0,3,0,13,0,3,0,0,0,9,19,8
11933,MC_SC_17_s03L_11933,34,6,3,0,29,0,4,5,23,10,1,0,15,6,15,15,19,2,3
11934,MC_SC_17_s03L_11934,34,6,4,0,34,0,5,1,26,0,13,13,12,36,10,14,2,29,1
11935,MC_SC_17_s03L_11935,34,3,2,55,1,0,0,0,12,3,2,9,21,2,16,17,0,27,31
11936,MC_SC_17_s03L_11936,34,7,3,0,16,0,7,27,12,24,11,5,23,2,29,14,4,29,10
11937,MC_SC_17_s03L_11937,34,5,4,56,7,0,22,2,5,2,17,1,25,31,2,24,4,10,29
11938,MC_SC_17_s03L_11938,34,7,7,1,47,0,15,14,19,4,1,33,24,72,15,30,17,33,5
11939,MC_SC_17_s03L_11939,34,5,3,0,3,0,27,0,1,2,1,2,13,17,0,14,0,43,17
11940,MC_SC_17_s03L_11940,34,7,4,1,11,0,12,6,6,108,47,3,39,8,90,62,52,48,38
11941,MC_SC_17_s03L_11941,34,6,2,0,2,0,3,30,22,0,12,5,17,8,10,4,2,4,8
11942,MC_SC_17_s03L_11942,34,1,1,9,4,0,6,0,2,0,0,1,0,3,0,6,0,6,9
11943,MC_SC_17_s03L_11943,34,1,1,0,1,0,1,26,0,0,0,10,9,1,0,0,3,5,0
11944,MC_SC_17_s03L_11944,34,7,3,3,90,0,8,1,12,6,1,0,21,44,0,3,14,36,0
11945,MC_SC_17_s03L_11945,34,6,3,1,21,0,1,37,60,23,9,35,10,32,0,22,2,3,2
11946,MC_SC_17_s03L_11946,34,5,3,0,8,0,14,1,2,4,2,4,1,17,2,19,3,20,0
11947,MC_SC_17_s03L_11947,34,4,2,69,28,0,26,13,52,15,4,33,20,18,10,20,12,4,4
11948,MC_SC_17_s03L_11948,34,5,3,52,8,0,10,4,22,3,17,15,24,21,12,37,5,27,37
11949,MC_SC_17_s03L_11949,34,3,2,0,15,0,9,0,2,2,0,0,16,7,0,9,3,8,0
11950,MC_SC_17_s03L_11950,34,1,1,50,13,2,3,6,14,20,1,28,53,34,8,5,25,45,32
11951,MC_SC_17_s03L_11951,34,4,4,79,11,0,1,11,17,0,25,3,47,2,4,8,0,15,34
11952,MC_SC_17_s03L_11952,34,1,1,120,67,0,6,5,32,0,31,21,9,0,4,2,14,38,13
11953,MC_SC_17_s03L_11953,34,1,1,0,3,0,0,1,0,0,0,2,2,0,8,1,0,1,0
11954,MC_SC_17_s03L_11954,34,2,2,0,4,0,18,0,2,26,1,0,0,2,7,6,0,0,1
11955,MC_SC_17_s03L_11955,34,1,1,0,8,0,16,0,3,0,0,2,1,1,0,0,0,3,0
11956,MC_SC_17_s03L_11956,34,3,1,0,41,0,44,37,4,0,29,1,10,5,0,11,2,11,1
11957,MC_SC_17_s03L_11957,34,6,4,0,13,0,59,1,36,0,66,0,13,24,10,22,2,20,10
11958,MC_SC_17_s03L_11958,34,3,1,82,25,0,29,17,20,0,19,7,16,11,18,19,7,35,36
11959,MC_SC_17_s03L_11959,34,6,3,125,172,3,41,8,127,5,10,0,17,77,65,69,2,25,34
11960,MC_SC_17_s03L_11960,34,6,4,0,35,0,215,1,11,85,20,38,13,49,14,30,27,29,13
11961,MC_SC_17_s03L_11961,34,1,1,109,17,0,43,2,5,2,29,0,79,75,32,30,6,9,41
11962,MC_SC_17_s03L_11962,34,6,5,0,42,1,10,3,24,72,4,0,8,18,14,26,24,2,0
11963,MC_SC_17_s03L_11963,34,7,5,0,55,0,119,0,0,1,26,23,6,3,14,12,2,26,26
11964,MC_SC_17_s03L_11964,34,7,4,96,28,1,32,1,74,6,5,17,49,41,32,66,8,4,17
11965,MC_SC_17_s03L_11965,34,7,4,2,15,0,14,50,41,0,14,21,10,0,13,31,4,8,2
11966,MC_SC_17_s03L_11966,34,5,3,1,46,1,7,43,0,101,83,2,15,61,65,28,32,105,9
11967,MC_SC_17_s03L_11967,34,3,2,0,36,0,11,0,0,0,15,2,5,8,0,0,0,0,0
11968,MC_SC_17_s03L_11968,34,3,2,88,18,0,14,4,23,0,12,1,19,11,4,27,0,23,33
11969,MC_SC_17_s03L_11969,34,4,2,44,70,3,4,0,37,2,3,17,8,2,3,20,8,30,33
11970,MC_SC_17_s03L_11970,34,3,2,0,36,0,92,14,1,0,1,11,9,14,0,12,0,2,16
11971,MC_SC_17_s03L_11971,34,2,2,0,36,0,10,0,0,0,55,5,15,26,0,16,0,27,2
11972,MC_SC_17_s03L_11972,34,6,4,0,12,0,7,56,27,0,0,3,11,2,0,48,2,28,2
11973,MC_SC_17_s03L_11973,34,2,1,1,0,0,0,64,23,2,5,3,24,1,0,0,4,1,1
11974,MC_SC_17_s03L_11974,34,5,2,0,38,0,78,4,4,37,14,1,8,0,0,20,4,47,4
11975,MC_SC_17_s03L_11975,34,1,1,0,9,0,0,13,14,0,1,12,1,0,2,7,0,0,1
11976,MC_SC_17_s03L_11976,34,5,4,0,117,2,15,2,24,4,0,7,12,80,0,6,6,29,3
11977,MC_SC_17_s03L_11977,34,7,4,0,150,3,21,2,44,10,3,0,10,53,0,23,17,14,3
11978,MC_SC_17_s03L_11978,34,4,1,2,8,0,4,26,7,0,2,0,6,0,0,0,0,16,0
11979,MC_SC_17_s03L_11979,34,1,1,0,0,0,0,0,0,0,0,0,0,0,0,0,0,0,0
11980,MC_SC_17_s03L_11980,34,3,2,42,7,0,0,35,13,0,0,0,6,1,0,18,0,14,6
11981,MC_SC_17_s03L_11981,34,6,4,41,8,0,1,3,17,0,5,9,16,21,28,14,0,10,18
11982,MC_SC_17_s03L_11982,34,1,1,14,10,0,4,3,18,0,1,9,31,6,0,7,0,5,0
11983,MC_SC_17_s03L_11983,34,6,3,0,9,0,0,42,27,2,14,1,8,6,0,31,19,11,12
11984,MC_SC_17_s03L_11984,34,2,2,0,2,0,0,0,0,0,0,0,1,1,3,0,0,0,0
11985,MC_SC_17_s03L_11985,34,3,2,16,1,0,3,6,0,2,0,0,4,0,0,2,4,0,0
11986,MC_SC_17_s03L_11986,34,7,4,0,5,0,12,31,3,8,10,0,10,0,3,1,0,21,2
11987,MC_SC_17_s03L_11987,34,4,2,0,18,0,9,57,38,2,3,27,24,0,11,13,3,30,3
11988,MC_SC_17_s03L_11988,34,3,2,0,10,0,6,24,11,0,0,10,7,15,4,1,0,13,25
11989,MC_SC_17_s03L_11989,34,4,2,0,13,0,0,0,2,0,11,0,1,8,0,13,0,0,0
11990,MC_SC_17_s03L_11990,34,1,1,0,10,0,8,0,2,12,0,0,10,16,2,1,0,15,20
11991,MC_SC_17_s03L_11991,34,6,5,0,16,0,22,3,0,14,47,6,20,34,7,23,12,25,21
11992,MC_SC_17_s03L_11992,34,1,1,1,0,0,0,0,1,0,0,0,0,0,0,0,0,0,0
11993,MC_SC_17_s03L_11993,34,2,1,0,12,0,0,1,15,0,3,2,2,12,0,22,0,54,0
11994,MC_SC_17_s03L_11994,34,7,4,0,135,4,71,4,192,276,18,6,15,59,79,71,57,56,4
11995,MC_SC_17_s03L_11995,34,1,1,29,28,0,9,0,5,4,4,1,7,27,0,2,2,17,12
11996,MC_SC_17_s03L_11996,34,4,2,53,14,0,1,28,6,0,0,0,5,0,3,8,2,1,10
11997,MC_SC_17_s03L_11997,34,6,3,0,4,3,2,33,39,8,10,2,11,3,0,1,6,3,1
11998,MC_SC_17_s03L_11998,34,4,3,0,0,0,0,43,12,1,0,4,16,3,0,13,2,0,4
11999,MC_SC_17_s03L_11999,34,7,3,0,1,0,14,10,7,5,5,0,6,0,0,18,2,9,0
12000,MC_SC_17_s03L_12000,34,1,1,0,18,25,30,1,42,8,14,10,7,24,39,14,9,1,3
12001,MC_SC_17_s03L_12001,34,1,1,0,0,0,0,0,0,0,0,0,1,0,0,0,0,0,3
12002,MC_SC_17_s03L_12002,34,1,1,0,24,0,1,0,5,2,1,1,8,4,0,1,0,8,4
12003,MC_SC_17_s03L_12003,34,4,2,9,31,0,20,49,9,6,30,2,27,2,0,11,0,1,7
12004,MC_SC_17_s03L_12004,34,2,2,0,0,0,0,38,9,0,1,0,11,20,0,9,2,0,0
12005,MC_SC_17_s03L_12005,34,7,4,0,59,0,77,3,0,97,42,10,24,65,0,90,12,13,25
12006,MC_SC_17_s03L_12006,34,6,3,0,98,0,184,2,94,72,21,24,22,56,51,37,12,6,2
12007,MC_SC_17_s03L_12007,34,2,1,0,50,0,46,0,1,4,24,1,9,13,0,27,4,16,25
12008,MC_SC_17_s03L_12008,34,2,2,0,6,0,1,5,0,2,1,1,10,0,0,0,2,2,1
12009,MC_SC_17_s03L_12009,34,6,3,0,67,0,93,1,0,31,3,6,11,10,44,20,2,6,5
12010,MC_SC_17_s03L_12010,34,6,4,0,26,0,29,5,13,48,6,17,12,78,14,8,2,62,24
12011,MC_SC_17_s03L_12011,34,6,3,0,31,0,33,1,1,0,2,17,18,15,0,28,8,46,26
12012,MC_SC_17_s03L_12012,34,7,4,1,39,14,116,74,118,36,20,0,10,8,39,42,29,0,16
12013,MC_SC_17_s03L_12013,34,6,3,0,31,0,17,3,0,3,9,7,17,42,0,19,2,12,18
12014,MC_SC_17_s03L_12014,34,7,5,86,105,0,101,1,13,2,5,17,6,47,68,22,115,29,11
12015,MC_SC_17_s03L_12015,34,4,4,111,28,0,81,1,39,0,41,20,4,20,0,0,0,90,32
12016,MC_SC_17_s03L_12016,34,3,2,0,13,0,12,0,3,1,1,0,3,2,0,8,0,15,13
12017,MC_SC_17_s03L_12017,34,7,5,0,15,1,81,69,53,3,7,0,18,38,0,49,9,11,0
12018,MC_SC_17_s03L_12018,34,5,2,0,13,0,16,3,9,7,8,14,4,0,7,7,0,10,11
12019,MC_SC_17_s03L_12019,34,7,3,0,4,0,0,35,9,2,2,0,6,0,0,1,0,0,0
12020,MC_SC_17_s03L_12020,34,7,5,0,51,0,58,8,8,49,8,16,23,60,3,32,0,30,46
12021,MC_SC_17_s03L_12021,34,3,2,0,5,0,31,1,2,0,5,0,4,0,2,3,4,2,0
12022,MC_SC_17_s03L_12022,34,7,5,32,47,0,24,2,0,17,29,47,13,30,163,61,297,35,15
12023,MC_SC_17_s03L_12023,34,1,1,0,6,0,16,0,0,0,0,12,14,12,0,2,2,33,20
12024,MC_SC_17_s03L_12024,34,7,4,0,43,0,26,0,0,9,23,8,17,46,16,33,0,14,30
12025,MC_SC_17_s03L_12025,34,4,3,6,8,0,24,19,65,0,43,0,26,56,10,4,8,6,10
12026,MC_SC_17_s03L_12026,34,1,1,0,6,0,2,0,5,0,9,0,3,16,0,30,0,30,0
12027,MC_SC_17_s03L_12027,34,7,6,68,17,0,17,47,39,0,2,0,0,0,0,25,2,42,24
12028,MC_SC_17_s03L_12028,34,5,2,0,10,0,32,7,8,0,10,6,9,18,0,14,0,8,21
12029,MC_SC_17_s03L_12029,34,1,1,0,0,0,1,0,2,4,0,1,1,12,0,6,5,4,0
12030,MC_SC_17_s03L_12030,34,1,1,0,0,0,0,0,0,0,0,0,0,1,0,1,0,1,2
12031,MC_SC_17_s03L_12031,34,4,2,0,8,0,84,14,3,23,3,9,15,63,0,31,6,21,32
12032,MC_SC_17_s03L_12032,34,1,1,23,10,0,0,0,0,0,8,0,5,19,7,20,2,8,4
12033,MC_SC_17_s03L_12033,34,2,2,0,18,0,26,6,5,0,6,16,10,4,0,26,5,21,1
12034,MC_SC_17_s03L_12034,34,1,1,0,8,0,5,80,33,0,0,0,14,21,2,9,0,4,0
12035,MC_SC_17_s03L_12035,34,7,5,0,6,0,51,2,28,0,35,2,9,26,0,13,0,7,19
12036,MC_SC_17_s03L_12036,34,1,1,0,20,0,5,17,0,0,4,3,26,12,0,6,0,7,6
12037,MC_SC_17_s03L_12037,34,7,3,82,45,0,0,2,7,0,12,0,14,37,135,16,28,3,8
12038,MC_SC_17_s03L_12038,34,1,1,12,6,0,10,1,0,9,0,4,7,2,3,0,6,0,0
12039,MC_SC_17_s03L_12039,34,6,2,62,76,0,28,6,3,41,11,2,11,21,106,41,330,19,19
12040,MC_SC_17_s03L_12040,34,1,1,0,0,0,4,0,5,0,1,0,0,0,0,0,0,0,1
12041,MC_SC_17_s03L_12041,34,2,1,0,12,0,4,1,13,47,5,2,5,12,14,7,2,4,5
12042,MC_SC_17_s03L_12042,34,3,3,18,0,0,1,0,0,0,0,0,0,0,11,1,14,0,0
12043,MC_SC_17_s03L_12043,34,1,1,0,2,0,0,0,3,0,3,0,3,2,0,1,0,0,0
12044,MC_SC_17_s03L_12044,34,7,4,105,55,2,26,54,63,2,14,0,24,19,100,120,2,14,35
12045,MC_SC_17_s03L_12045,34,2,1,0,7,0,19,4,2,43,14,2,1,6,25,4,4,0,3
12046,MC_SC_17_s03L_12046,34,7,4,0,21,0,53,2,4,15,5,7,12,4,19,19,4,15,12
12047,MC_SC_17_s03L_12047,34,3,2,0,85,4,160,2,41,2,24,10,15,19,32,17,2,4,7
12048,MC_SC_17_s03L_12048,34,7,3,29,9,0,15,0,0,6,1,2,2,1,23,10,36,0,0
12049,MC_SC_17_s03L_12049,34,4,2,56,56,2,12,6,1,15,23,4,12,34,114,11,184,10,38
12050,MC_SC_17_s03L_12050,34,1,1,0,5,0,3,0,0,23,0,2,0,1,0,4,2,44,2
12051,MC_SC_17_s03L_12051,34,5,3,1,82,1,83,60,80,0,73,1,57,45,6,15,0,3,10
12052,MC_SC_17_s03L_12052,34,7,2,63,95,0,9,5,20,4,46,59,16,42,155,36,245,17,53
12053,MC_SC_17_s03L_12053,34,4,2,0,76,0,143,3,0,7,37,20,27,42,8,10,7,6,23
12054,MC_SC_17_s03L_12054,34,6,1,1,63,0,109,3,12,6,1,61,9,14,127,17,67,4,12
12055,MC_SC_17_s03L_12055,34,7,5,0,50,0,48,6,2,0,4,0,0,0,0,6,2,10,8
12056,MC_SC_17_s03L_12056,34,7,3,0,5,0,46,37,71,2,34,0,10,29,0,7,0,0,1
12057,MC_SC_17_s03L_12057,34,7,3,55,47,6,10,12,12,35,18,22,33,10,139,19,182,39,21
12058,MC_SC_17_s03L_12058,34,7,4,181,117,0,8,14,28,47,26,93,30,57,294,163,322,62,72
12059,MC_SC_17_s03L_12059,34,5,4,0,44,0,77,44,14,33,14,2,23,15,0,12,0,4,0
12060,MC_SC_17_s03L_12060,34,7,3,0,6,0,22,21,0,0,4,0,5,0,0,0,0,0,0
12061,MC_SC_17_s03L_12061,34,4,3,0,76,0,79,6,2,96,7,22,19,43,35,20,16,223,53
12062,MC_SC_17_s03L_12062,34,3,1,0,6,0,3,0,1,2,6,0,6,0,0,3,0,0,0
12063,MC_SC_17_s03L_12063,34,2,1,0,13,0,21,2,1,4,2,8,17,26,2,8,0,31,14
12064,MC_SC_17_s03L_12064,34,7,4,110,93,0,24,3,1,2,23,15,28,68,51,89,165,28,11
12065,MC_SC_17_s03L_12065,34,1,1,0,3,0,4,5,0,0,0,17,1,14,2,7,0,4,1
12066,MC_SC_17_s03L_12066,34,1,1,0,2,0,0,0,0,0,1,0,0,0,0,0,0,0,0
12067,MC_SC_17_s03L_12067,34,7,4,35,40,0,107,0,4,21,4,1,7,17,16,3,25,21,6
12068,MC_SC_17_s03L_12068,34,6,4,0,40,0,10,0,54,13,30,0,15,107,2,16,13,221,62
12069,MC_SC_17_s03L_12069,34,7,4,70,72,0,38,13,11,1,4,72,24,12,74,97,166,13,10
12070,MC_SC_17_s03L_12070,34,2,1,10,4,0,6,0,0,8,3,0,0,2,8,2,13,0,1
12071,MC_SC_17_s03L_12071,34,1,1,0,0,0,12,0,0,1,0,0,0,5,0,1,0,0,5
12072,MC_SC_17_s03L_12072,34,7,3,0,4,0,1,0,0,0,1,0,5,0,0,3,0,0,1
12073,MC_SC_17_s03L_12073,34,7,5,87,52,0,131,5,5,13,12,0,0,0,0,6,48,6,4
12074,MC_SC_17_s03L_12074,34,7,5,23,35,0,111,1,1,14,4,0,0,2,12,5,63,18,10
12075,MC_SC_17_s03L_12075,34,5,2,0,5,0,8,0,1,0,0,2,6,2,0,0,0,5,0
12076,MC_SC_17_s03L_12076,34,6,3,0,15,0,20,0,32,35,16,26,27,1,0,3,8,56,3
12077,MC_SC_17_s03L_12077,34,7,6,0,32,0,80,1,1,11,1,0,0,0,0,11,7,23,10
12078,MC_SC_17_s03L_12078,34,7,4,22,12,0,19,3,5,17,4,1,3,26,78,28,79,26,8
12079,MC_SC_17_s03L_12079,34,7,5,69,59,8,85,6,3,19,4,5,6,29,68,12,53,15,18
12080,MC_SC_17_s03L_12080,34,6,3,68,26,0,2,0,15,0,0,2,10,16,10,8,9,14,1
12081,MC_SC_17_s03L_12081,34,7,4,0,214,0,85,7,3,278,34,32,9,22,3,34,33,257,32
12082,MC_SC_17_s03L_12082,34,4,2,0,5,0,26,1,3,4,3,0,5,9,0,0,0,33,5
12083,MC_SC_17_s03L_12083,34,7,5,70,100,0,132,2,4,11,25,0,0,0,0,50,142,14,12
12084,MC_SC_17_s03L_12084,34,4,3,0,1,0,15,22,14,0,0,0,20,7,0,6,0,9,10
12085,MC_SC_17_s03L_12085,34,6,3,0,18,0,11,0,0,24,7,15,7,9,0,8,7,89,2
12086,MC_SC_17_s03L_12086,34,7,4,30,20,0,144,5,7,39,7,12,17,26,160,21,222,48,34
12087,MC_SC_17_s03L_12087,34,7,5,36,74,1,141,11,5,16,11,0,0,0,0,13,161,21,32
12088,MC_SC_17_s03L_12088,34,4,3,0,2,0,22,0,3,0,0,0,0,0,0,0,0,0,0
12089,MC_SC_17_s03L_12089,34,4,2,0,26,0,22,2,0,47,0,15,13,33,31,26,41,0,0
12090,MC_SC_17_s03L_12090,34,3,2,21,21,0,62,0,2,1,1,1,5,5,37,3,22,0,0
12091,MC_SC_17_s03L_12091,34,6,4,1,57,0,95,4,1,81,10,0,69,49,26,7,6,27,24
12092,MC_SC_17_s03L_12092,34,7,6,103,107,1,101,36,14,68,24,0,0,0,0,125,383,38,9
12093,MC_SC_17_s03L_12093,34,3,1,0,58,0,19,3,16,43,7,22,16,29,0,29,5,37,6
12094,MC_SC_17_s03L_12094,34,3,2,0,24,0,70,5,5,0,9,2,41,26,2,17,5,18,26
12095,MC_SC_17_s03L_12095,34,7,3,44,33,0,72,4,0,31,9,0,3,1,1,15,60,0,9
12096,MC_SC_17_s03L_12096,34,4,2,0,1,0,12,2,0,9,1,1,11,0,5,9,0,1,5
12097,MC_SC_17_s03L_12097,34,1,1,0,13,0,15,0,7,22,5,0,8,15,10,5,5,1,5
12098,MC_SC_17_s03L_12098,34,3,2,0,24,1,26,1,2,48,0,2,16,24,3,35,13,4,0
12099,MC_SC_17_s03L_12099,34,1,1,0,8,1,9,0,0,21,0,0,8,7,3,10,2,2,0
12100,MC_SC_17_s03L_12100,34,2,1,30,138,63,26,3,0,0,0,5,29,4,0,0,0,0,0
12101,MC_SC_17_s03L_12101,34,7,3,65,50,0,61,5,3,10,16,0,4,18,59,8,165,24,13
12102,MC_SC_17_s03L_12102,34,4,3,0,17,0,14,3,0,27,36,11,18,53,26,17,3,2,35
12103,MC_SC_17_s03L_12103,34,6,4,51,22,0,112,5,11,5,6,13,27,49,63,54,173,69,67
12104,MC_SC_17_s03L_12104,34,7,3,0,42,0,21,0,0,46,35,12,38,94,18,39,14,68,45
12105,MC_SC_17_s03L_12105,34,1,1,0,10,0,68,1,4,3,6,1,7,3,2,18,4,44,0
12106,MC_SC_17_s03L_12106,34,7,7,0,27,0,110,0,0,0,0,0,0,0,0,28,31,86,55
12107,MC_SC_17_s03L_12107,34,7,3,30,35,0,55,2,0,0,3,0,5,3,47,15,107,24,19
12108,MC_SC_17_s03L_12108,34,7,4,49,82,1,76,2,4,38,14,15,17,19,141,85,176,24,8
12109,MC_SC_17_s03L_12109,35,2,1,23,3,0,10,21,31,10,0,4,0,8,2,0,0,2,0
12110,MC_SC_17_s03L_12110,35,6,5,0,36,0,35,12,49,116,5,1,19,43,40,6,2,3,2
12111,MC_SC_17_s03L_12111,35,3,2,26,1,0,9,0,0,0,0,0,1,0,0,0,0,0,0
12112,MC_SC_17_s03L_12112,35,6,5,88,26,15,39,8,82,7,38,5,17,27,43,66,13,14,17
12113,MC_SC_17_s03L_12113,35,2,2,0,0,2,32,1,22,1,0,0,1,12,10,0,0,29,0
12114,MC_SC_17_s03L_12114,35,3,2,0,0,0,4,0,0,0,0,0,1,0,0,0,0,0,0
12115,MC_SC_17_s03L_12115,35,6,3,93,15,8,84,29,149,1,37,2,29,83,91,28,0,10,14
12116,MC_SC_17_s03L_12116,35,3,1,0,4,0,46,2,1,33,0,7,7,19,0,1,2,13,0
12117,MC_SC_17_s03L_12117,35,6,3,0,10,0,22,75,5,53,0,14,16,13,9,3,2,0,0
12118,MC_SC_17_s03L_12118,35,4,3,0,15,1,34,63,12,1,2,29,20,31,11,18,4,12,1
12119,MC_SC_17_s03L_12119,35,6,6,0,11,0,72,15,25,0,0,0,42,10,1,0,76,62,0
12120,MC_SC_17_s03L_12120,35,6,1,0,3,0,51,1,2,57,12,1,4,13,0,0,0,0,0
12121,MC_SC_17_s03L_12121,35,6,3,0,3,0,57,0,0,56,10,8,15,29,0,0,0,0,3
12122,MC_SC_17_s03L_12122,35,6,2,0,5,0,32,43,1,4,12,5,14,33,18,5,12,5,0
12123,MC_SC_17_s03L_12123,35,6,3,0,27,0,206,91,56,236,19,32,38,93,95,0,0,0,2
12124,MC_SC_17_s03L_12124,35,5,2,0,0,0,6,0,0,4,0,3,4,24,0,7,0,4,6
12125,MC_SC_17_s03L_12125,35,6,2,76,9,16,45,7,58,17,23,0,7,18,41,7,11,1,15
12126,MC_SC_17_s03L_12126,35,6,2,1,10,0,122,5,0,124,32,26,20,31,11,0,0,0,0
12127,MC_SC_17_s03L_12127,35,1,1,10,1,0,5,4,0,0,0,0,3,0,0,0,0,0,0
12128,MC_SC_17_s03L_12128,35,5,3,1,15,61,74,9,17,72,31,0,41,1,152,0,0,0,0
12129,MC_SC_17_s03L_12129,35,1,1,0,8,0,7,0,6,33,5,1,2,5,13,0,0,0,0
12130,MC_SC_17_s03L_12130,35,5,2,0,30,34,219,18,69,43,10,4,43,8,118,0,0,0,0
12131,MC_SC_17_s03L_12131,35,6,6,0,26,3,138,103,10,182,36,9,34,61,96,26,15,11,22
12132,MC_SC_17_s03L_12132,35,4,3,1,36,0,108,1,0,79,12,13,32,38,11,3,0,0,0
12133,MC_SC_17_s03L_12133,35,1,1,3,1,0,14,2,4,0,0,0,0,2,2,0,0,2,1
12134,MC_SC_17_s03L_12134,35,2,1,0,3,0,17,0,11,0,1,0,6,34,0,0,0,29,4
12135,MC_SC_17_s03L_12135,35,2,2,0,3,0,16,0,0,13,2,2,1,6,9,0,0,0,0
12136,MC_SC_17_s03L_12136,35,1,1,0,0,0,4,2,1,1,1,0,1,1,0,0,0,0,0
12137,MC_SC_17_s03L_12137,35,6,2,0,4,0,86,2,0,0,0,2,12,31,2,0,0,27,0
12138,MC_SC_17_s03L_12138,35,6,4,1,3,0,60,2,9,0,1,2,10,31,7,25,4,22,18
12139,MC_SC_17_s03L_12139,35,4,3,0,2,0,37,1,0,3,3,2,4,24,2,14,0,14,16
12140,MC_SC_17_s03L_12140,35,6,3,0,15,0,31,63,1,98,27,10,7,13,37,3,6,13,2
12141,MC_SC_17_s03L_12141,35,5,3,0,14,6,30,85,45,13,7,0,33,18,7,7,5,12,1
12142,MC_SC_17_s03L_12142,35,1,1,0,0,0,22,1,0,17,0,1,0,5,0,0,0,7,0
12143,MC_SC_17_s03L_12143,35,3,2,0,0,0,28,2,2,18,0,0,2,14,0,0,0,4,0
12144,MC_SC_17_s03L_12144,35,6,3,0,10,0,54,0,28,76,7,3,17,5,0,5,0,49,0
12145,MC_SC_17_s03L_12145,35,6,5,0,7,3,69,8,5,20,4,0,25,3,23,21,23,21,21
12146,MC_SC_17_s03L_12146,35,4,1,0,13,0,63,8,0,29,7,6,19,8,10,17,0,62,14
12147,MC_SC_17_s03L_12147,35,5,2,104,39,45,106,10,102,130,31,3,25,46,50,19,13,6,8
12148,MC_SC_17_s03L_12148,35,6,2,0,2,0,30,0,0,14,1,3,0,13,0,0,0,3,0
12149,MC_SC_17_s03L_12149,35,6,3,0,10,0,63,0,0,29,11,0,9,16,1,0,0,44,0
12150,MC_SC_17_s03L_12150,35,2,1,0,3,0,22,4,6,4,0,1,0,17,3,2,0,12,1
12151,MC_SC_17_s03L_12151,35,5,3,0,1,0,30,0,0,4,0,12,8,16,2,0,0,11,11
12152,MC_SC_17_s03L_12152,35,6,2,0,6,10,77,1,1,9,4,2,5,10,8,7,0,0,5
12153,MC_SC_17_s03L_12153,35,6,5,0,78,0,221,1,1,67,5,11,45,176,168,4,0,86,0
12154,MC_SC_17_s03L_12154,35,6,3,0,18,0,88,1,0,48,9,2,9,49,7,6,0,43,1
12155,MC_SC_17_s03L_12155,35,6,2,0,7,0,110,1,5,3,0,0,8,2,0,4,0,0,5
12156,MC_SC_17_s03L_12156,35,6,3,0,17,0,87,2,1,47,0,9,31,14,2,7,0,15,11
12157,MC_SC_17_s03L_12157,35,2,2,0,13,0,40,11,0,13,1,2,20,3,8,5,5,30,1
12158,MC_SC_17_s03L_12158,35,1,1,0,2,0,41,0,0,2,0,0,1,22,17,0,0,18,0
12159,MC_SC_17_s03L_12159,35,1,1,0,0,0,0,0,0,0,0,1,0,1,0,0,0,0,0
12160,MC_SC_17_s03L_12160,35,2,1,0,3,0,11,0,10,7,0,0,5,21,3,6,0,27,5
12161,MC_SC_17_s03L_12161,35,6,6,1,37,10,48,16,2,285,13,0,15,22,75,51,47,6,15
12162,MC_SC_17_s03L_12162,35,1,1,0,12,1,88,8,26,19,3,2,13,19,52,5,2,14,4
12163,MC_SC_17_s03L_12163,35,4,2,0,30,0,68,25,0,82,11,1,10,5,6,4,7,35,5
12164,MC_SC_17_s03L_12164,35,6,6,0,13,6,98,14,33,10,3,0,21,55,42,23,81,17,21
12165,MC_SC_17_s03L_12165,35,4,2,0,28,0,76,5,2,31,1,9,15,8,2,7,2,19,16
12166,MC_SC_17_s03L_12166,35,3,2,0,11,0,115,2,0,4,3,12,16,65,7,1,0,58,0
12167,MC_SC_17_s03L_12167,35,3,2,0,15,0,80,1,0,6,0,18,17,29,12,0,0,15,15
12168,MC_SC_17_s03L_12168,35,2,1,0,9,0,3,0,3,8,0,5,0,0,9,2,6,0,0
12169,MC_SC_17_s03L_12169,35,3,2,0,28,0,74,2,3,53,11,13,26,19,12,4,0,39,13
12170,MC_SC_17_s03L_12170,35,6,3,3,18,0,40,19,4,27,10,0,4,1,0,1,11,4,0
12171,MC_SC_17_s03L_12171,35,5,3,0,58,0,118,1,39,143,23,0,22,20,29,28,11,9,11
12172,MC_SC_17_s03L_12172,35,6,5,0,12,0,185,7,7,103,9,31,15,67,57,18,10,94,8
12173,MC_SC_17_s03L_12173,35,4,2,0,7,0,41,42,60,55,2,5,11,17,0,3,8,7,0
12174,MC_SC_17_s03L_12174,35,6,6,0,12,18,100,9,39,46,4,0,12,39,37,11,13,16,26
12175,MC_SC_17_s03L_12175,35,4,2,0,8,0,13,0,0,8,1,0,3,10,0,1,0,15,0
12176,MC_SC_17_s03L_12176,35,1,1,0,15,0,61,2,0,2,1,14,19,24,8,16,0,13,14
12177,MC_SC_17_s03L_12177,35,1,1,0,0,0,0,0,0,0,0,0,0,0,0,0,0,0,0
12178,MC_SC_17_s03L_12178,35,4,2,2,39,0,106,6,16,61,3,24,23,21,36,0,8,76,38
12179,MC_SC_17_s03L_12179,35,6,3,0,3,0,31,1,0,2,0,6,5,4,0,7,0,11,0
12180,MC_SC_17_s03L_12180,35,6,2,1,13,5,84,1,15,50,0,0,24,24,23,14,2,2,10
12181,MC_SC_17_s03L_12181,35,6,2,0,12,0,121,17,24,76,24,26,16,12,54,16,5,87,18
12182,MC_SC_17_s03L_12182,35,6,3,0,19,0,93,2,4,64,13,6,5,13,56,11,7,27,10
12183,MC_SC_17_s03L_12183,35,4,2,0,12,0,95,1,1,53,23,2,19,39,13,6,2,27,1
12184,MC_SC_17_s03L_12184,35,6,4,0,0,22,53,3,24,67,3,0,9,13,41,18,68,0,9
12185,MC_SC_17_s03L_12185,35,3,2,68,22,0,67,13,4,1,24,5,22,14,0,40,7,2,0
12186,MC_SC_17_s03L_12186,35,5,2,0,34,0,109,5,13,45,5,21,13,7,54,0,4,56,25
12187,MC_SC_17_s03L_12187,35,6,3,229,78,35,86,57,9,92,20,0,30,18,41,38,15,5,45
12188,MC_SC_17_s03L_12188,35,6,3,0,8,2,55,5,36,8,0,0,43,45,2,1,6,152,12
12189,MC_SC_17_s03L_12189,35,4,2,0,21,0,119,4,2,21,6,4,10,34,13,1,2,52,0
12190,MC_SC_17_s03L_12190,35,1,1,0,5,0,4,1,3,20,0,0,0,1,19,0,0,0,0
12191,MC_SC_17_s03L_12191,35,2,1,0,6,0,51,3,0,0,1,7,6,1,2,1,0,15,25
12192,MC_SC_17_s03L_12192,35,1,1,0,3,0,33,0,0,0,1,1,1,7,0,0,0,19,0
12193,MC_SC_17_s03L_12193,35,2,1,0,8,0,62,0,0,2,3,4,5,32,0,1,0,13,3
12194,MC_SC_17_s03L_12194,35,4,2,0,19,0,34,4,2,4,11,6,4,0,0,2,0,22,16
12195,MC_SC_17_s03L_12195,35,6,4,0,18,0,106,2,21,3,0,0,10,32,2,12,2,28,12
12196,MC_SC_17_s03L_12196,35,2,2,0,9,0,54,0,0,2,1,2,1,16,2,0,0,23,0
12197,MC_SC_17_s03L_12197,35,3,1,0,10,0,48,27,8,0,0,0,10,21,0,3,0,9,10
12198,MC_SC_17_s03L_12198,35,6,6,0,8,0,19,2,11,0,0,0,0,0,0,1,70,5,2
12199,MC_SC_17_s03L_12199,35,5,3,0,16,0,55,0,2,12,19,1,9,16,0,7,0,1,0
12200,MC_SC_17_s03L_12200,35,1,1,0,0,0,0,0,4,0,0,0,0,0,0,0,0,0,0
12201,MC_SC_17_s03L_12201,35,1,1,29,15,0,29,4,9,0,2,0,7,1,0,16,0,2,2
12202,MC_SC_17_s03L_12202,35,6,3,2,13,0,74,4,18,48,24,9,17,49,46,26,39,13,8
12203,MC_SC_17_s03L_12203,35,6,2,0,9,0,24,0,8,67,1,0,9,11,29,18,6,10,1
12204,MC_SC_17_s03L_12204,35,1,1,0,0,0,0,1,0,0,0,0,0,0,0,0,0,0,0
12205,MC_SC_17_s03L_12205,35,6,3,80,23,0,40,59,5,8,18,0,33,12,23,54,19,15,51
12206,MC_SC_17_s03L_12206,35,1,1,0,0,0,0,1,0,0,0,0,1,0,0,1,0,0,0
12207,MC_SC_17_s03L_12207,35,6,4,0,17,0,59,3,1,98,13,1,12,21,0,37,12,30,14
12208,MC_SC_17_s03L_12208,35,6,4,0,2,0,23,63,66,20,11,8,9,5,0,38,17,10,1
12209,MC_SC_17_s03L_12209,35,3,2,66,6,0,38,50,26,0,8,0,16,0,4,11,0,12,6
12210,MC_SC_17_s03L_12210,35,3,1,0,9,0,54,0,0,3,0,6,3,12,0,5,0,22,0
12211,MC_SC_17_s03L_12211,35,1,1,6,0,0,7,16,2,0,0,2,2,0,0,3,0,2,0
12212,MC_SC_17_s03L_12212,35,6,6,0,3,0,45,0,28,57,6,1,15,20,3,29,11,4,1
12213,MC_SC_17_s03L_12213,35,6,3,98,17,5,50,2,12,47,9,0,10,33,25,78,45,2,28
12214,MC_SC_17_s03L_12214,35,3,2,52,20,0,15,97,4,0,5,0,5,9,0,18,2,85,0
12215,MC_SC_17_s03L_12215,35,3,3,21,11,0,8,19,8,0,5,2,10,3,0,4,0,5,2
12216,MC_SC_17_s03L_12216,35,2,1,19,8,0,38,3,2,0,3,1,8,16,0,29,2,16,2
12217,MC_SC_17_s03L_12217,35,2,1,0,1,0,23,0,0,13,5,0,3,1,0,5,6,28,0
12218,MC_SC_17_s03L_12218,35,2,1,0,29,0,21,0,0,0,8,0,3,14,0,3,0,10,2
12219,MC_SC_17_s03L_12219,35,3,2,31,1,0,17,0,7,0,1,7,5,2,0,1,3,2,22
12220,MC_SC_17_s03L_12220,35,1,1,0,0,0,2,0,0,0,0,0,0,0,0,1,0,0,0
12221,MC_SC_17_s03L_12221,35,4,2,2,17,0,36,1,0,0,5,0,6,2,0,5,3,31,1
12222,MC_SC_17_s03L_12222,35,4,3,0,50,0,57,1,4,11,1,7,29,18,0,8,2,60,0
12223,MC_SC_17_s03L_12223,35,3,1,2,6,0,23,11,14,1,1,1,6,3,5,9,2,0,1
12224,MC_SC_17_s03L_12224,35,4,1,0,4,0,42,3,0,4,1,1,8,14,0,23,0,19,3
12225,MC_SC_17_s03L_12225,35,5,3,1,14,0,39,53,17,21,3,2,10,26,8,27,4,1,20
12226,MC_SC_17_s03L_12226,35,6,4,0,1,0,11,48,64,53,9,1,10,18,6,11,11,7,3
12227,MC_SC_17_s03L_12227,35,4,2,54,13,0,31,19,3,0,0,1,4,3,0,11,0,0,0
12228,MC_SC_17_s03L_12228,35,4,3,0,10,0,52,1,0,19,5,3,2,26,4,12,0,100,41
12229,MC_SC_17_s03L_12229,35,6,3,0,3,0,38,15,0,0,0,2,6,10,0,0,0,0,0
12230,MC_SC_17_s03L_12230,35,3,1,46,14,0,9,1,14,0,5,12,10,26,0,29,0,18,16
12231,MC_SC_17_s03L_12231,35,1,1,0,2,0,4,31,0,0,2,3,13,12,0,1,0,12,0
12232,MC_SC_17_s03L_12232,35,6,3,10,2,0,20,2,24,0,3,0,6,1,0,1,0,9,1
12233,MC_SC_17_s03L_12233,35,3,1,0,4,0,46,0,1,15,0,7,15,17,0,5,2,24,14
12234,MC_SC_17_s03L_12234,35,2,1,93,5,1,40,0,6,1,1,3,4,5,0,11,2,14,19
12235,MC_SC_17_s03L_12235,35,5,3,0,23,0,17,0,0,27,4,27,11,4,20,9,2,34,32
12236,MC_SC_17_s03L_12236,35,6,3,0,17,0,82,3,0,8,4,8,12,29,5,0,5,11,1
12237,MC_SC_17_s03L_12237,35,4,3,0,4,0,10,24,0,0,0,0,5,0,0,0,0,8,1
12238,MC_SC_17_s03L_12238,35,1,1,0,0,0,0,0,0,0,0,0,0,0,0,0,0,0,0
12239,MC_SC_17_s03L_12239,35,2,1,0,2,0,20,0,0,0,0,6,10,2,0,3,0,27,15
12240,MC_SC_17_s03L_12240,35,2,1,18,11,0,0,0,2,0,11,0,3,0,0,0,0,0,1
12241,MC_SC_17_s03L_12241,35,2,1,0,9,0,41,0,4,4,0,3,29,2,0,27,0,20,4
12242,MC_SC_17_s03L_12242,35,2,1,0,23,0,3,0,0,0,0,0,1,8,0,0,0,12,0
12243,MC_SC_17_s03L_12243,35,1,1,0,5,0,3,0,0,0,2,1,0,0,0,0,0,0,0
12244,MC_SC_17_s03L_12244,35,4,3,0,58,0,78,17,3,2,4,23,73,1,7,22,3,97,0
12245,MC_SC_17_s03L_12245,35,6,3,0,6,0,13,50,37,15,8,9,26,14,0,1,0,2,1
12246,MC_SC_17_s03L_12246,35,6,4,1,12,0,14,2,40,15,15,11,0,4,0,3,3,0,0
12247,MC_SC_17_s03L_12247,35,4,4,0,2,0,8,3,4,3,1,10,1,3,0,0,0,3,0
12248,MC_SC_17_s03L_12248,35,6,4,0,21,1,51,50,16,2,5,2,2,14,4,3,0,8,15
12249,MC_SC_17_s03L_12249,35,1,1,0,11,0,22,0,0,0,3,7,4,2,0,3,1,25,14
12250,MC_SC_17_s03L_12250,35,1,1,0,10,0,0,18,8,0,6,1,4,2,0,1,0,2,4
12251,MC_SC_17_s03L_12251,35,6,4,1,8,0,1,6,3,24,7,29,1,3,2,6,12,0,0
12252,MC_SC_17_s03L_12252,35,4,3,0,57,0,61,0,6,29,16,0,8,23,60,13,0,1,6
12253,MC_SC_17_s03L_12253,35,2,1,0,12,0,91,2,0,7,0,6,2,17,0,3,0,4,0
12254,MC_SC_17_s03L_12254,35,4,2,47,47,0,4,0,15,0,7,5,8,25,0,6,2,24,9
12255,MC_SC_17_s03L_12255,35,3,2,172,49,0,98,8,16,2,59,8,21,1,10,29,2,297,53
12256,MC_SC_17_s03L_12256,35,1,1,6,6,0,0,0,0,0,2,0,1,10,0,3,0,1,21
12257,MC_SC_17_s03L_12257,35,4,3,4,4,0,16,0,1,0,9,3,6,9,0,4,0,9,1
12258,MC_SC_17_s03L_12258,35,6,3,0,19,0,37,0,5,16,1,0,13,1,12,6,6,7,0
12259,MC_SC_17_s03L_12259,35,3,1,0,9,0,0,42,17,0,11,9,32,2,0,2,2,1,3
12260,MC_SC_17_s03L_12260,35,5,3,0,42,0,13,2,3,0,0,5,30,47,0,5,4,53,0
12261,MC_SC_17_s03L_12261,35,6,4,0,1,1,5,2,156,5,4,0,27,3,0,2,40,77,6
12262,MC_SC_17_s03L_12262,35,3,2,0,12,0,0,0,0,2,0,0,8,4,0,0,2,17,0
12263,MC_SC_17_s03L_12263,35,6,3,0,7,0,12,8,26,0,1,0,7,12,0,5,0,5,0
12264,MC_SC_17_s03L_12264,35,2,2,0,0,0,0,0,0,0,0,0,0,0,0,0,0,0,0
12265,MC_SC_17_s03L_12265,35,6,4,1,108,0,13,1,2,4,0,1,23,74,4,0,10,46,1
12266,MC_SC_17_s03L_12266,35,3,2,5,13,0,7,3,1,0,7,5,28,60,2,14,9,27,38
12267,MC_SC_17_s03L_12267,35,3,2,34,36,0,16,2,44,0,11,4,22,54,2,19,8,31,7
12268,MC_SC_17_s03L_12268,35,3,2,0,4,0,1,56,38,0,0,0,20,2,0,7,3,0,0
12269,MC_SC_17_s03L_12269,35,1,1,1,0,0,8,0,3,0,0,0,0,0,0,0,0,0,0
12270,MC_SC_17_s03L_12270,35,3,2,86,8,0,0,0,16,0,2,2,20,6,0,0,4,2,7
12271,MC_SC_17_s03L_12271,35,5,3,31,22,0,8,0,51,3,0,2,29,5,2,4,6,15,14
12272,MC_SC_17_s03L_12272,35,4,2,54,9,0,11,43,58,0,11,6,49,9,0,12,4,63,38
12273,MC_SC_17_s03L_12273,35,1,1,45,2,0,0,0,14,0,2,6,30,21,0,16,0,10,21
12274,MC_SC_17_s03L_12274,35,6,4,83,37,0,5,3,93,2,3,0,36,13,28,12,12,17,18
12275,MC_SC_17_s03L_12275,35,1,1,2,17,0,8,2,3,5,0,16,10,18,1,6,2,3,12
12276,MC_SC_17_s03L_12276,35,3,2,80,11,0,2,44,75,0,28,2,52,7,6,29,17,48,27
12277,MC_SC_17_s03L_12277,35,5,2,36,9,0,3,7,38,2,42,6,9,46,3,10,14,19,7
12278,MC_SC_17_s03L_12278,35,6,2,0,25,0,3,0,2,2,0,0,16,29,0,5,6,11,5
12279,MC_SC_17_s03L_12279,35,4,3,17,6,0,13,2,4,2,31,25,13,25,0,7,2,26,17
12280,MC_SC_17_s03L_12280,35,6,5,85,18,0,6,88,115,11,32,4,84,13,7,11,47,56,16
12281,MC_SC_17_s03L_12281,35,2,2,0,0,0,3,18,0,0,6,1,8,0,0,0,0,16,0
12282,MC_SC_17_s03L_12282,35,3,3,0,6,0,3,45,1,2,6,5,6,10,2,12,5,1,7
12283,MC_SC_17_s03L_12283,35,5,2,0,38,0,5,0,1,3,0,6,32,18,0,28,13,31,0
12284,MC_SC_17_s03L_12284,35,1,1,0,5,0,58,0,0,4,0,0,0,3,0,2,0,1,1
12285,MC_SC_17_s03L_12285,35,3,3,74,7,0,7,3,12,0,8,3,23,15,17,10,11,37,48
12286,MC_SC_17_s03L_12286,35,6,3,0,8,0,35,1,4,18,3,0,22,9,0,22,3,11,9
12287,MC_SC_17_s03L_12287,35,1,1,4,7,1,0,54,16,0,24,19,17,22,11,12,2,30,6
12288,MC_SC_17_s03L_12288,35,5,3,0,70,0,47,4,79,112,23,8,11,62,72,35,0,0,17
12289,MC_SC_17_s03L_12289,35,5,3,128,1,0,32,9,9,19,44,3,75,28,72,16,28,28,38
12290,MC_SC_17_s03L_12290,35,5,2,1,55,2,12,5,15,10,5,11,22,43,52,25,6,5,4
12291,MC_SC_17_s03L_12291,35,2,2,2,18,0,19,59,17,8,20,10,15,14,7,12,2,10,22
12292,MC_SC_17_s03L_12292,35,4,3,0,92,4,9,121,77,4,16,65,16,3,81,47,23,12,16
12293,MC_SC_17_s03L_12293,35,3,3,71,8,1,14,5,14,7,19,17,17,20,5,5,16,47,19
12294,MC_SC_17_s03L_12294,35,6,3,0,45,0,41,3,0,7,7,0,7,13,0,10,4,7,1
12295,MC_SC_17_s03L_12295,35,6,5,3,141,0,7,7,2,113,67,14,18,61,92,64,37,5,11
12296,MC_SC_17_s03L_12296,35,2,2,72,16,0,10,10,34,2,22,11,29,7,1,13,5,12,40
12297,MC_SC_17_s03L_12297,35,3,2,0,10,0,40,0,2,0,0,0,3,0,0,2,0,10,0
12298,MC_SC_17_s03L_12298,35,2,2,39,33,0,47,9,30,0,0,9,13,5,0,13,0,3,4
12299,MC_SC_17_s03L_12299,35,6,2,107,19,2,22,4,46,3,52,22,33,40,15,34,3,6,24
12300,MC_SC_17_s03L_12300,35,4,2,0,14,0,115,1,0,1,2,3,5,18,4,9,4,57,1
12301,MC_SC_17_s03L_12301,35,6,4,0,127,1,15,2,9,0,0,8,14,51,5,32,8,17,9
12302,MC_SC_17_s03L_12302,35,4,3,0,20,0,71,2,1,24,2,4,19,41,2,19,2,85,1
12303,MC_SC_17_s03L_12303,35,2,1,0,3,0,6,11,2,0,2,0,4,1,0,5,0,0,1
12304,MC_SC_17_s03L_12304,35,1,1,47,3,0,3,1,9,0,9,2,22,2,0,8,2,12,17
12305,MC_SC_17_s03L_12305,35,4,3,80,56,0,13,3,23,2,2,2,28,14,37,12,0,27,19
12306,MC_SC_17_s03L_12306,35,4,2,0,23,0,20,55,15,0,6,0,26,35,0,16,0,18,23
12307,MC_SC_17_s03L_12307,35,6,5,0,154,0,19,5,4,47,40,0,5,19,39,28,22,0,3
12308,MC_SC_17_s03L_12308,35,6,3,0,12,0,33,2,20,1,0,0,5,22,0,8,2,45,9
12309,MC_SC_17_s03L_12309,35,6,4,105,25,2,8,12,38,1,31,1,46,4,21,16,14,59,36
12310,MC_SC_17_s03L_12310,35,3,1,0,18,0,7,0,0,0,12,1,0,7,0,6,0,1,0
12311,MC_SC_17_s03L_12311,35,6,6,1,30,0,2,16,11,0,31,2,21,22,0,7,2,9,6
12312,MC_SC_17_s03L_12312,35,4,3,0,11,0,28,0,68,2,3,7,5,33,10,29,2,4,5
12313,MC_SC_17_s03L_12313,35,4,2,0,13,0,20,1,3,10,1,0,0,8,0,0,2,10,3
12314,MC_SC_17_s03L_12314,35,3,2,18,12,0,32,13,36,0,0,7,22,11,0,16,3,12,2
12315,MC_SC_17_s03L_12315,35,3,1,69,45,1,8,0,21,0,11,5,13,1,7,41,7,16,28
12316,MC_SC_17_s03L_12316,35,2,1,2,15,0,0,57,28,0,22,5,12,4,0,4,0,7,5
12317,MC_SC_17_s03L_12317,35,6,6,0,30,0,18,46,36,80,13,1,0,12,22,50,2,7,21
12318,MC_SC_17_s03L_12318,35,5,3,0,20,0,37,0,1,0,31,6,9,40,9,31,15,4,26
12319,MC_SC_17_s03L_12319,35,5,3,88,8,0,17,6,8,0,5,9,31,7,7,12,2,5,46
12320,MC_SC_17_s03L_12320,35,4,2,61,24,0,11,39,65,0,39,10,38,15,0,0,0,1,6
12321,MC_SC_17_s03L_12321,35,5,4,3,18,4,4,4,6,7,0,1,13,28,5,7,13,9,1
12322,MC_SC_17_s03L_12322,35,6,6,86,11,1,5,1,8,1,10,0,5,28,36,21,10,17,37
12323,MC_SC_17_s03L_12323,35,1,1,0,2,0,5,0,12,0,4,0,2,0,0,1,0,0,1
12324,MC_SC_17_s03L_12324,35,5,4,0,14,0,7,21,1,10,84,4,12,55,4,8,0,50,6
12325,MC_SC_17_s03L_12325,35,1,1,0,3,0,1,28,9,0,0,0,13,5,0,2,0,5,0
12326,MC_SC_17_s03L_12326,35,1,1,0,0,0,0,0,0,0,0,1,0,2,0,0,0,0,0
12327,MC_SC_17_s03L_12327,35,6,6,0,4,0,13,46,22,0,8,8,5,1,0,25,1,7,0
12328,MC_SC_17_s03L_12328,35,6,5,0,72,0,14,2,9,0,0,2,22,46,0,13,5,16,0
12329,MC_SC_17_s03L_12329,35,5,3,49,16,0,0,34,9,0,1,1,7,2,1,13,0,5,4
12330,MC_SC_17_s03L_12330,35,4,2,0,0,0,0,33,14,0,2,2,9,0,0,0,2,1,2
12331,MC_SC_17_s03L_12331,35,6,3,0,11,0,33,5,2,7,0,9,17,27,0,20,5,16,13
12332,MC_SC_17_s03L_12332,35,6,3,3,8,0,10,35,24,2,17,15,27,6,26,29,8,4,13
12333,MC_SC_17_s03L_12333,35,5,2,0,0,0,0,40,12,0,0,3,23,2,0,6,4,0,0
12334,MC_SC_17_s03L_12334,35,3,2,112,36,0,3,60,64,2,2,0,21,4,5,23,7,3,18
12335,MC_SC_17_s03L_12335,35,5,2,0,25,0,6,45,1,5,5,1,23,41,5,12,8,44,1
12336,MC_SC_17_s03L_12336,35,3,1,0,28,0,29,9,10,56,20,25,17,1,12,11,10,28,24
12337,MC_SC_17_s03L_12337,35,4,2,0,37,0,19,4,7,0,3,3,7,5,23,12,0,2,33
12338,MC_SC_17_s03L_12338,35,1,1,0,3,0,4,2,2,2,1,6,7,1,6,2,0,18,0
12339,MC_SC_17_s03L_12339,35,2,1,0,11,0,5,56,15,0,1,10,14,2,1,4,2,21,0
12340,MC_SC_17_s03L_12340,35,3,2,54,5,0,0,13,4,0,0,0,18,1,0,0,0,5,0
12341,MC_SC_17_s03L_12341,35,4,3,25,17,0,0,9,9,2,0,1,14,19,17,23,4,3,27
12342,MC_SC_17_s03L_12342,35,4,3,76,22,0,0,6,11,3,24,10,12,40,25,23,11,24,25
12343,MC_SC_17_s03L_12343,35,6,4,0,10,0,6,24,14,0,3,4,3,1,3,20,5,1,0
12344,MC_SC_17_s03L_12344,35,3,1,0,0,0,1,33,20,0,11,8,21,2,4,5,0,9,8
12345,MC_SC_17_s03L_12345,35,4,2,0,0,0,0,37,5,0,1,2,20,4,0,5,2,0,0
12346,MC_SC_17_s03L_12346,35,6,4,2,11,0,17,49,12,13,10,2,10,1,0,3,3,4,2
12347,MC_SC_17_s03L_12347,35,1,1,93,19,0,14,5,9,0,4,23,54,29,0,10,2,20,41
12348,MC_SC_17_s03L_12348,35,4,2,1,13,0,0,95,77,7,30,22,21,5,14,11,3,3,12
12349,MC_SC_17_s03L_12349,35,6,3,0,5,0,8,47,74,0,8,10,25,19,25,30,0,14,5
12350,MC_SC_17_s03L_12350,35,6,2,0,13,0,1,64,9,0,3,4,22,0,2,8,0,7,0
12351,MC_SC_17_s03L_12351,35,6,3,2,52,0,30,24,51,3,41,56,40,66,21,52,17,31,36
12352,MC_SC_17_s03L_12352,35,4,2,0,11,0,1,11,3,0,5,0,3,6,0,0,0,2,0
12353,MC_SC_17_s03L_12353,35,4,3,0,28,0,43,3,7,15,45,4,10,38,8,36,13,13,14
12354,MC_SC_17_s03L_12354,35,2,1,36,17,0,31,61,30,0,3,8,7,6,2,15,2,26,22
12355,MC_SC_17_s03L_12355,35,1,1,0,0,0,0,0,1,10,4,0,2,4,0,1,0,8,0
12356,MC_SC_17_s03L_12356,35,5,3,1,13,0,23,3,0,14,15,3,22,34,5,10,15,10,16
12357,MC_SC_17_s03L_12357,35,2,1,1,12,0,1,21,6,0,7,1,8,11,0,5,4,6,6
12358,MC_SC_17_s03L_12358,35,4,2,55,18,0,1,31,25,2,1,0,8,1,0,6,0,12,5
12359,MC_SC_17_s03L_12359,35,6,2,0,3,0,0,32,15,3,2,0,7,0,0,4,0,0,0
12360,MC_SC_17_s03L_12360,35,6,6,85,48,0,27,10,42,0,1,0,0,0,0,40,4,36,11
12361,MC_SC_17_s03L_12361,35,5,3,0,59,0,52,2,118,0,18,28,25,72,12,31,10,4,14
12362,MC_SC_17_s03L_12362,35,6,3,56,39,5,35,15,71,11,19,1,9,34,40,29,10,0,2
12363,MC_SC_17_s03L_12363,35,6,3,0,52,0,33,4,21,0,28,1,26,13,0,20,2,19,32
12364,MC_SC_17_s03L_12364,35,6,3,0,43,0,31,11,15,92,19,10,15,42,0,56,15,0,24
12365,MC_SC_17_s03L_12365,35,6,2,0,128,0,132,3,0,78,9,0,20,14,3,0,2,38,4
12366,MC_SC_17_s03L_12366,35,1,1,0,0,0,0,1,0,0,0,0,0,0,0,0,0,0,0
12367,MC_SC_17_s03L_12367,35,6,5,2,64,0,16,10,0,82,10,0,0,0,0,31,32,3,3
12368,MC_SC_17_s03L_12368,35,5,4,1,16,0,3,34,2,6,16,0,22,6,7,17,0,0,2
12369,MC_SC_17_s03L_12369,35,6,3,4,24,0,52,53,24,0,18,9,16,3,2,10,0,3,4
12370,MC_SC_17_s03L_12370,35,5,3,0,15,0,44,0,2,0,7,9,17,29,3,29,0,3,2
12371,MC_SC_17_s03L_12371,35,6,5,0,15,0,106,1,0,17,2,7,13,40,0,19,18,19,28
12372,MC_SC_17_s03L_12372,35,1,1,0,17,0,22,21,0,0,0,2,8,7,0,6,0,6,0
12373,MC_SC_17_s03L_12373,35,4,3,0,22,0,14,1,16,1,4,3,8,12,0,7,3,13,15
12374,MC_SC_17_s03L_12374,35,4,2,0,29,0,43,1,0,12,3,0,3,5,13,10,6,23,10
12375,MC_SC_17_s03L_12375,35,5,1,0,13,0,28,2,0,23,15,5,4,2,2,4,6,15,0
12376,MC_SC_17_s03L_12376,35,1,1,0,0,0,4,1,2,2,0,0,0,0,0,1,2,0,0
12377,MC_SC_17_s03L_12377,35,4,2,0,29,2,112,54,41,0,26,10,37,11,4,20,8,3,2
12378,MC_SC_17_s03L_12378,35,3,2,0,3,0,14,53,13,0,0,6,13,11,0,26,2,9,2
12379,MC_SC_17_s03L_12379,35,1,1,3,2,0,2,9,6,0,1,2,1,0,2,2,0,1,2
12380,MC_SC_17_s03L_12380,35,6,3,0,47,0,17,11,2,11,42,1,19,13,0,8,0,5,4
12381,MC_SC_17_s03L_12381,35,6,2,0,3,0,9,25,30,2,10,4,18,1,2,21,0,1,5
12382,MC_SC_17_s03L_12382,35,2,1,0,6,0,1,0,0,0,1,0,1,8,0,2,0,0,0
12383,MC_SC_17_s03L_12383,35,3,2,0,35,0,3,4,7,6,15,0,17,8,0,18,5,16,2
12384,MC_SC_17_s03L_12384,35,6,2,0,37,0,54,7,1,29,17,1,5,1,0,18,0,2,2
12385,MC_SC_17_s03L_12385,35,6,4,1,147,9,172,56,238,10,39,0,0,0,0,155,19,27,3
12386,MC_SC_17_s03L_12386,35,4,2,0,15,0,87,8,0,0,10,1,16,33,2,9,0,39,0
12387,MC_SC_17_s03L_12387,35,6,3,0,5,0,38,6,8,0,48,1,6,14,0,24,0,12,36
12388,MC_SC_17_s03L_12388,35,6,3,0,8,0,15,11,2,0,0,0,2,0,0,10,0,20,0
12389,MC_SC_17_s03L_12389,35,1,1,0,0,0,0,0,0,0,0,0,0,1,0,0,0,0,0
12390,MC_SC_17_s03L_12390,35,3,2,0,1,0,0,0,0,0,0,0,0,0,0,0,5,0,0
12391,MC_SC_17_s03L_12391,35,6,4,0,67,0,35,3,21,15,33,2,1,10,0,46,2,39,10
12392,MC_SC_17_s03L_12392,35,6,4,0,21,0,76,4,35,103,1,4,11,21,0,14,34,194,25
12393,MC_SC_17_s03L_12393,35,6,4,0,5,0,18,0,8,4,8,0,3,25,0,10,0,19,1
12394,MC_SC_17_s03L_12394,35,4,1,10,4,0,11,1,7,0,3,0,15,39,2,28,0,14,16
12395,MC_SC_17_s03L_12395,35,6,4,0,18,0,20,6,1,5,3,0,0,0,0,27,0,6,28
12396,MC_SC_17_s03L_12396,35,4,2,0,8,0,22,18,4,0,0,0,6,4,0,7,0,6,15
12397,MC_SC_17_s03L_12397,35,6,5,0,28,0,77,3,1,62,10,0,0,0,0,12,12,47,19
12398,MC_SC_17_s03L_12398,35,5,2,0,4,0,7,49,10,0,4,3,18,1,0,6,4,0,0
12399,MC_SC_17_s03L_12399,35,2,2,0,11,0,9,0,0,0,13,3,8,0,0,0,0,0,0
12400,MC_SC_17_s03L_12400,35,6,3,99,20,0,82,60,50,5,4,16,39,15,40,51,9,12,2
12401,MC_SC_17_s03L_12401,35,6,5,2,10,0,29,2,40,114,70,0,0,0,0,11,12,322,12
12402,MC_SC_17_s03L_12402,35,6,3,0,18,0,31,47,11,19,5,0,14,1,9,17,6,21,1
12403,MC_SC_17_s03L_12403,35,6,3,85,74,3,16,7,7,39,11,23,19,107,268,51,326,84,62
12404,MC_SC_17_s03L_12404,35,1,1,1,4,0,1,0,1,3,0,0,1,4,1,2,6,0,0
12405,MC_SC_17_s03L_12405,35,6,4,0,141,2,191,19,165,430,40,20,48,189,194,125,52,161,89
12406,MC_SC_17_s03L_12406,35,5,3,0,7,0,0,2,0,14,5,4,0,61,0,14,9,128,17
12407,MC_SC_17_s03L_12407,35,2,2,0,3,8,4,3,0,3,5,1,2,3,6,8,8,0,3
12408,MC_SC_17_s03L_12408,35,4,3,0,32,0,39,29,44,2,7,10,26,35,0,7,2,2,0
12409,MC_SC_17_s03L_12409,35,2,1,6,3,0,4,2,0,0,2,5,0,1,1,0,2,0,0
12410,MC_SC_17_s03L_12410,35,1,1,0,6,0,4,5,0,0,0,0,2,0,0,0,0,0,0
12411,MC_SC_17_s03L_12411,35,6,4,11,31,0,12,1,0,7,4,26,11,7,13,33,21,16,4
12412,MC_SC_17_s03L_12412,35,5,3,0,174,2,256,7,14,249,12,52,32,91,24,26,65,426,70
12413,MC_SC_17_s03L_12413,35,6,4,122,124,4,27,6,18,9,16,27,19,17,210,52,248,21,44
12414,MC_SC_17_s03L_12414,35,6,2,78,65,0,0,8,7,23,38,127,35,79,250,95,457,64,50
12415,MC_SC_17_s03L_12415,35,2,2,2,1,0,0,0,0,0,0,0,1,0,1,0,4,0,0
12416,MC_SC_17_s03L_12416,35,6,4,136,47,8,188,3,12,52,16,9,16,25,220,50,280,35,44
12417,MC_SC_17_s03L_12417,35,4,3,5,24,0,16,3,8,15,12,1,8,11,0,27,11,22,25
12418,MC_SC_17_s03L_12418,35,5,3,63,83,0,6,9,17,20,8,3,13,22,77,31,142,51,23
12419,MC_SC_17_s03L_12419,35,5,4,0,119,0,114,6,49,10,29,21,40,50,23,46,10,157,41
12420,MC_SC_17_s03L_12420,35,4,2,0,39,0,50,20,1,6,20,19,19,36,0,8,0,2,2
12421,MC_SC_17_s03L_12421,35,1,1,0,3,0,32,17,0,13,2,11,3,14,5,3,0,6,0
12422,MC_SC_17_s03L_12422,35,6,2,24,30,1,6,3,0,3,4,2,4,7,64,21,38,1,1
12423,MC_SC_17_s03L_12423,35,5,2,0,86,20,110,118,181,8,130,7,60,128,109,71,0,11,27
12424,MC_SC_17_s03L_12424,35,2,2,0,5,6,19,10,55,4,7,1,6,4,23,1,0,0,0
12425,MC_SC_17_s03L_12425,35,6,4,0,26,0,66,3,22,50,1,11,10,17,0,45,22,128,28
12426,MC_SC_17_s03L_12426,35,6,3,135,71,2,6,4,11,2,19,30,23,49,64,51,165,17,21
12427,MC_SC_17_s03L_12427,35,2,1,0,5,0,15,2,0,2,4,1,2,5,0,2,0,0,0
12428,MC_SC_17_s03L_12428,35,6,5,1,51,0,106,0,8,7,1,0,0,0,0,68,42,347,76
12429,MC_SC_17_s03L_12429,35,6,5,66,54,1,34,7,13,26,21,0,0,0,0,44,248,34,38
12430,MC_SC_17_s03L_12430,35,6,4,0,16,0,21,0,1,4,1,6,2,31,0,11,0,83,29
12431,MC_SC_17_s03L_12431,35,2,1,0,9,0,46,1,12,8,12,2,2,47,0,9,2,11,23
12432,MC_SC_17_s03L_12432,35,6,3,83,60,0,13,2,12,13,3,80,17,47,71,24,13,19,13
12433,MC_SC_17_s03L_12433,35,6,6,38,41,0,247,12,21,6,18,0,0,0,0,30,33,24,39
12434,MC_SC_17_s03L_12434,35,1,1,56,19,0,6,1,3,7,9,18,7,19,10,0,5,0,0
12435,MC_SC_17_s03L_12435,35,6,4,75,100,2,115,15,10,28,14,42,10,32,5,62,97,23,26
12436,MC_SC_17_s03L_12436,35,1,1,0,0,0,5,0,0,0,1,0,0,5,0,0,0,0,1
12437,MC_SC_17_s03L_12437,35,5,3,0,5,0,15,2,0,0,4,1,9,0,3,15,0,0,20
12438,MC_SC_17_s03L_12438,35,6,3,94,85,0,173,6,8,18,23,78,52,113,308,19,124,35,38
12439,MC_SC_17_s03L_12439,35,3,2,0,2,0,1,0,0,0,0,0,0,0,0,0,0,0,1
12440,MC_SC_17_s03L_12440,35,6,4,0,41,1,61,3,13,70,4,9,9,51,5,27,5,26,20
12441,MC_SC_17_s03L_12441,35,6,4,1,79,0,3,1,61,168,32,49,17,160,36,14,2,219,43
12442,MC_SC_17_s03L_12442,35,6,4,57,66,5,22,9,3,46,9,7,5,7,48,38,244,13,5
12443,MC_SC_17_s03L_12443,35,6,4,43,36,0,18,3,3,0,8,9,1,47,15,1,51,3,5
12444,MC_SC_17_s03L_12444,35,6,3,54,93,3,155,13,6,20,10,24,28,37,182,29,99,33,18
12445,MC_SC_17_s03L_12445,35,6,2,45,19,1,1,3,7,44,1,1,1,5,8,8,43,0,1
12446,MC_SC_17_s03L_12446,35,6,3,0,47,0,97,1,65,139,14,33,21,58,73,38,28,76,18
12447,MC_SC_17_s03L_12447,35,6,4,56,31,2,51,7,7,42,15,0,0,0,0,9,169,22,25
12448,MC_SC_17_s03L_12448,35,5,3,0,21,0,62,37,13,40,23,2,14,54,10,14,0,48,3
12449,MC_SC_17_s03L_12449,35,4,3,0,19,0,47,61,1,29,1,3,12,25,2,8,10,34,3
12450,MC_SC_17_s03L_12450,35,1,1,0,14,0,3,1,0,0,0,0,1,0,23,3,18,0,0
12451,MC_SC_17_s03L_12451,35,1,1,9,7,1,1,1,1,9,2,10,5,13,15,4,27,0,2
12452,MC_SC_17_s03L_12452,35,4,2,0,5,0,26,1,0,13,0,0,3,0,8,2,0,0,13
12453,MC_SC_17_s03L_12453,35,6,4,28,52,0,116,1,5,2,13,23,5,11,81,74,287,50,19
12454,MC_SC_17_s03L_12454,35,2,1,10,5,0,21,0,2,0,4,0,0,0,0,0,0,0,0
12455,MC_SC_17_s03L_12455,35,6,3,0,18,0,20,1,1,28,1,0,0,0,0,23,17,2,1
12456,MC_SC_17_s03L_12456,35,1,1,5,1,0,11,26,30,0,0,0,0,0,0,0,0,0,0
12457,MC_SC_17_s03L_12457,35,6,4,72,30,3,112,2,9,30,39,0,0,0,0,58,231,29,30
12458,MC_SC_17_s03L_12458,35,6,2,85,23,7,122,1,0,17,26,11,9,10,45,56,241,36,22
12459,MC_SC_17_s03L_12459,35,1,1,14,5,0,11,0,4,2,5,9,0,8,23,12,63,0,5
12460,MC_SC_17_s03L_12460,35,1,1,0,4,0,0,0,0,28,0,1,0,0,0,1,0,0,1
12461,MC_SC_17_s03L_12461,36,1,1,0,3,0,11,2,10,0,0,0,0,8,5,0,0,23,0
12462,MC_SC_17_s03L_12462,36,5,4,1,4,0,142,1,0,1,0,1,12,36,0,1,4,72,2
12463,MC_SC_17_s03L_12463,36,3,1,61,17,3,73,10,41,21,22,7,15,22,21,27,0,3,3
12464,MC_SC_17_s03L_12464,36,5,2,0,3,0,17,16,14,8,0,0,1,15,7,0,2,6,0
12465,MC_SC_17_s03L_12465,36,2,1,0,1,0,2,0,0,0,0,0,0,1,0,0,2,0,0
12466,MC_SC_17_s03L_12466,36,5,2,1,22,0,33,14,3,57,16,12,3,14,11,1,4,6,0
12467,MC_SC_17_s03L_12467,36,5,4,1,8,0,164,3,2,138,72,4,20,52,2,0,0,0,2
12468,MC_SC_17_s03L_12468,36,5,3,0,15,0,86,1,78,0,0,0,30,64,0,7,0,266,3
12469,MC_SC_17_s03L_12469,36,5,3,71,15,0,24,27,21,0,7,9,22,6,17,16,2,0,1
12470,MC_SC_17_s03L_12470,36,5,3,0,16,14,137,10,211,15,47,15,22,16,102,3,0,0,0
12471,MC_SC_17_s03L_12471,36,5,3,0,12,0,33,84,99,36,0,8,14,18,1,0,2,0,0
12472,MC_SC_17_s03L_12472,36,5,5,90,16,6,109,75,69,16,16,14,10,11,50,23,13,10,5
12473,MC_SC_17_s03L_12473,36,1,1,2,2,8,3,0,4,12,1,0,0,3,16,0,0,0,0
12474,MC_SC_17_s03L_12474,36,5,3,1,14,155,205,21,122,155,43,10,42,79,252,1,2,0,0
12475,MC_SC_17_s03L_12475,36,3,2,0,0,0,4,27,19,6,0,0,1,16,0,17,0,11,0
12476,MC_SC_17_s03L_12476,36,5,4,2,8,1,36,4,3,73,2,1,5,11,19,0,0,0,0
12477,MC_SC_17_s03L_12477,36,4,4,0,2,0,20,0,0,2,0,1,11,13,0,10,0,11,6
12478,MC_SC_17_s03L_12478,36,5,5,0,9,0,83,2,3,1,1,0,0,0,0,3,38,28,22
12479,MC_SC_17_s03L_12479,36,5,2,0,4,0,56,0,0,24,6,0,1,1,0,3,1,47,4
12480,MC_SC_17_s03L_12480,36,5,3,0,5,0,45,1,0,21,16,13,13,72,8,3,1,26,18
12481,MC_SC_17_s03L_12481,36,4,2,0,4,0,88,4,7,44,1,19,14,51,0,0,0,3,0
12482,MC_SC_17_s03L_12482,36,5,4,0,3,0,63,0,0,32,24,6,13,46,32,13,0,2,1
12483,MC_SC_17_s03L_12483,36,5,4,0,4,0,57,6,135,22,16,0,4,12,7,7,19,0,1
12484,MC_SC_17_s03L_12484,36,5,3,0,14,0,76,2,1,53,12,3,11,38,18,4,0,43,1
12485,MC_SC_17_s03L_12485,36,5,3,103,33,14,48,51,10,16,13,3,15,1,9,9,2,2,3
12486,MC_SC_17_s03L_12486,36,5,4,0,6,0,36,0,34,5,0,0,25,66,0,0,2,31,0
12487,MC_SC_17_s03L_12487,36,5,5,0,24,0,59,11,0,14,14,0,0,0,0,24,2,15,3
12488,MC_SC_17_s03L_12488,36,2,1,7,2,0,2,0,0,0,0,0,0,0,0,0,0,0,0
12489,MC_SC_17_s03L_12489,36,2,2,0,4,2,2,12,0,26,0,0,11,3,0,1,27,0,0
12490,MC_SC_17_s03L_12490,36,5,5,2,34,0,56,74,11,187,24,6,9,34,73,2,6,16,0
12491,MC_SC_17_s03L_12491,36,5,3,0,26,0,244,3,3,90,35,5,23,97,103,8,0,33,1
12492,MC_SC_17_s03L_12492,36,1,1,0,6,0,53,1,0,4,0,2,8,17,0,1,0,29,0
12493,MC_SC_17_s03L_12493,36,5,4,0,17,0,69,3,0,68,13,11,13,52,37,0,0,47,0
12494,MC_SC_17_s03L_12494,36,5,4,0,7,0,40,0,1,8,0,1,3,20,2,9,0,15,8
12495,MC_SC_17_s03L_12495,36,5,2,5,1,0,5,0,1,0,0,0,0,6,5,6,4,0,0
12496,MC_SC_17_s03L_12496,36,5,4,0,39,0,215,2,0,52,33,18,58,156,78,0,0,83,0
12497,MC_SC_17_s03L_12497,36,4,2,0,9,0,35,16,0,9,2,4,21,5,29,8,3,34,0
12498,MC_SC_17_s03L_12498,36,5,2,0,1,0,63,2,0,20,0,6,5,28,0,11,2,16,2
12499,MC_SC_17_s03L_12499,36,5,3,0,4,0,72,2,0,10,8,5,13,74,0,4,0,36,22
12500,MC_SC_17_s03L_12500,36,1,1,0,0,0,3,0,0,0,0,0,0,0,0,0,0,0,0
12501,MC_SC_17_s03L_12501,36,5,5,0,19,10,88,15,91,27,16,0,22,19,99,33,41,13,28
12502,MC_SC_17_s03L_12502,36,5,2,0,6,0,50,0,0,2,3,3,8,4,0,12,0,2,4
12503,MC_SC_17_s03L_12503,36,5,2,0,2,0,55,5,11,5,0,0,5,16,31,4,0,7,10
12504,MC_SC_17_s03L_12504,36,5,4,0,3,0,30,1,2,0,0,0,2,25,0,0,0,46,1
12505,MC_SC_17_s03L_12505,36,5,2,0,8,0,58,2,8,2,0,1,26,25,0,0,5,113,1
12506,MC_SC_17_s03L_12506,36,4,3,3,10,0,13,46,7,0,2,3,13,18,0,2,0,1,0
12507,MC_SC_17_s03L_12507,36,1,1,0,2,0,29,1,4,1,0,2,1,24,0,4,0,24,6
12508,MC_SC_17_s03L_12508,36,5,3,0,70,2,101,15,0,0,29,33,50,3,3,22,0,71,0
12509,MC_SC_17_s03L_12509,36,5,4,67,15,0,55,59,19,0,7,18,9,3,5,15,14,1,2
12510,MC_SC_17_s03L_12510,36,1,1,0,0,0,0,0,0,1,2,0,0,1,0,0,3,0,0
12511,MC_SC_17_s03L_12511,36,3,2,0,17,0,46,2,1,45,1,1,19,17,6,3,2,40,0
12512,MC_SC_17_s03L_12512,36,5,5,0,29,0,84,3,2,47,16,7,26,43,0,22,2,7,1
12513,MC_SC_17_s03L_12513,36,1,1,0,0,0,5,0,2,0,0,0,0,0,0,0,0,8,0
12514,MC_SC_17_s03L_12514,36,1,1,0,13,0,10,2,1,0,2,5,4,10,7,1,0,0,1
12515,MC_SC_17_s03L_12515,36,4,2,1,15,0,138,17,0,7,15,9,13,38,18,8,0,81,4
12516,MC_SC_17_s03L_12516,36,3,3,1,3,0,13,40,34,2,21,0,12,11,0,11,0,15,28
12517,MC_SC_17_s03L_12517,36,5,3,0,4,0,57,1,1,0,0,0,3,1,0,1,0,0,24
12518,MC_SC_17_s03L_12518,36,4,2,0,111,0,172,25,0,21,28,35,60,3,14,17,0,176,0
12519,MC_SC_17_s03L_12519,36,5,2,1,51,0,78,6,4,74,16,9,6,13,58,9,7,14,15
12520,MC_SC_17_s03L_12520,36,5,3,0,59,1,146,5,21,13,5,1,6,21,5,34,4,145,34
12521,MC_SC_17_s03L_12521,36,5,2,0,12,18,66,2,6,17,2,0,5,33,2,14,44,4,20
12522,MC_SC_17_s03L_12522,36,5,5,68,10,0,49,0,0,0,0,0,0,0,0,7,6,0,6
12523,MC_SC_17_s03L_12523,36,2,1,0,11,0,43,1,0,0,4,1,1,11,0,10,0,43,0
12524,MC_SC_17_s03L_12524,36,3,2,0,15,0,56,65,1,4,28,0,6,2,0,5,0,47,0
12525,MC_SC_17_s03L_12525,36,5,2,6,27,7,22,1,1,11,1,0,2,21,2,18,55,0,1
12526,MC_SC_17_s03L_12526,36,2,1,18,0,0,13,0,0,0,0,0,0,0,0,5,0,11,0
12527,MC_SC_17_s03L_12527,36,5,2,0,20,0,22,0,0,4,1,5,9,13,15,5,0,32,9
12528,MC_SC_17_s03L_12528,36,5,4,0,33,0,57,9,12,3,3,0,1,4,2,19,2,0,0
12529,MC_SC_17_s03L_12529,36,4,2,0,10,0,85,0,0,0,3,4,9,10,7,28,0,38,6
12530,MC_SC_17_s03L_12530,36,5,3,60,4,0,29,0,6,0,2,0,0,4,0,32,4,0,0
12531,MC_SC_17_s03L_12531,36,5,4,0,10,2,89,0,18,0,2,1,8,49,0,13,8,21,22
12532,MC_SC_17_s03L_12532,36,3,2,0,9,0,33,0,0,0,5,0,2,0,0,4,0,0,3
12533,MC_SC_17_s03L_12533,36,5,3,0,1,0,86,1,16,0,13,11,8,32,0,23,0,30,5
12534,MC_SC_17_s03L_12534,36,3,2,0,70,0,92,50,0,0,23,12,40,0,2,13,0,102,0
12535,MC_SC_17_s03L_12535,36,5,2,0,20,0,33,44,17,35,3,1,13,2,15,17,14,2,0
12536,MC_SC_17_s03L_12536,36,3,2,0,13,0,59,0,0,0,3,0,12,0,0,15,3,29,4
12537,MC_SC_17_s03L_12537,36,5,4,0,12,0,47,0,0,0,14,0,4,3,0,14,0,51,0
12538,MC_SC_17_s03L_12538,36,5,3,0,18,0,68,1,3,0,0,0,21,0,0,19,2,36,3
12539,MC_SC_17_s03L_12539,36,5,4,0,23,0,39,44,4,7,10,6,15,7,0,16,14,15,2
12540,MC_SC_17_s03L_12540,36,5,3,0,12,0,39,11,5,54,6,1,3,20,17,29,24,7,3
12541,MC_SC_17_s03L_12541,36,5,4,29,2,0,22,21,15,0,4,3,6,1,0,7,3,0,0
12542,MC_SC_17_s03L_12542,36,5,3,0,4,0,14,2,3,0,14,4,11,2,0,5,0,12,17
12543,MC_SC_17_s03L_12543,36,3,1,0,4,0,11,34,5,3,0,1,5,24,0,2,0,2,2
12544,MC_SC_17_s03L_12544,36,5,5,21,13,1,10,5,48,74,2,0,1,32,92,28,70,0,1
12545,MC_SC_17_s03L_12545,36,1,1,0,1,0,13,0,2,1,2,0,0,0,0,0,0,0,0
12546,MC_SC_17_s03L_12546,36,3,2,0,10,0,25,28,37,11,1,3,2,20,2,6,6,10,0
12547,MC_SC_17_s03L_12547,36,2,1,0,1,0,38,0,0,0,0,0,0,1,0,0,0,2,0
12548,MC_SC_17_s03L_12548,36,5,5,0,4,0,35,0,0,0,0,2,7,1,2,0,0,3,0
12549,MC_SC_17_s03L_12549,36,5,5,0,17,3,66,0,0,0,0,0,0,0,0,37,36,7,21
12550,MC_SC_17_s03L_12550,36,4,3,22,1,0,4,57,0,0,9,0,11,7,0,26,0,85,0
12551,MC_SC_17_s03L_12551,36,1,1,0,0,0,0,0,0,0,0,0,1,0,0,0,0,0,0
12552,MC_SC_17_s03L_12552,36,2,1,32,18,0,0,3,10,0,8,3,4,1,2,5,0,7,5
12553,MC_SC_17_s03L_12553,36,3,1,31,0,0,6,0,0,0,2,1,9,0,0,3,0,10,1
12554,MC_SC_17_s03L_12554,36,4,2,76,62,0,38,46,15,0,16,0,28,11,24,72,12,21,5
12555,MC_SC_17_s03L_12555,36,1,1,1,0,0,0,0,2,0,0,0,4,0,0,0,0,0,0
12556,MC_SC_17_s03L_12556,36,1,1,3,4,0,3,9,7,0,13,0,8,7,0,12,0,11,9
12557,MC_SC_17_s03L_12557,36,1,1,0,4,0,3,0,0,0,2,0,0,0,0,0,0,0,0
12558,MC_SC_17_s03L_12558,36,5,3,0,6,0,78,1,0,17,3,11,16,27,3,10,2,62,31
12559,MC_SC_17_s03L_12559,36,5,2,3,27,0,48,1,6,54,35,22,19,1,73,18,13,42,17
12560,MC_SC_17_s03L_12560,36,2,1,0,2,0,14,3,0,0,1,8,2,5,0,5,0,23,10
12561,MC_SC_17_s03L_12561,36,1,1,0,7,0,28,1,0,0,0,13,3,2,0,4,0,30,19
12562,MC_SC_17_s03L_12562,36,5,3,0,37,0,37,4,0,12,15,18,20,6,24,8,6,35,30
12563,MC_SC_17_s03L_12563,36,1,1,0,0,0,4,0,0,0,1,0,0,0,0,0,0,7,0
12564,MC_SC_17_s03L_12564,36,1,1,31,6,0,0,11,0,0,2,0,3,0,0,0,0,7,0
12565,MC_SC_17_s03L_12565,36,1,1,9,7,0,3,0,10,2,2,3,10,2,0,0,0,1,7
12566,MC_SC_17_s03L_12566,36,5,5,38,45,0,14,0,18,0,1,1,24,0,0,2,0,22,23
12567,MC_SC_17_s03L_12567,36,5,3,15,14,0,0,1,37,2,3,2,7,8,0,15,0,9,5
12568,MC_SC_17_s03L_12568,36,5,4,0,121,1,121,95,94,0,10,11,45,2,79,63,9,20,3
12569,MC_SC_17_s03L_12569,36,5,3,18,1,0,1,1,2,0,2,1,5,12,0,4,0,9,9
12570,MC_SC_17_s03L_12570,36,5,3,63,62,0,24,4,57,5,32,1,6,30,0,34,10,12,23
12571,MC_SC_17_s03L_12571,36,1,1,0,8,0,13,0,0,0,0,1,11,0,0,11,0,10,1
12572,MC_SC_17_s03L_12572,36,2,1,13,5,0,0,1,1,0,1,3,1,11,0,3,2,2,15
12573,MC_SC_17_s03L_12573,36,1,1,0,4,0,32,1,1,11,1,1,6,1,0,3,2,18,0
12574,MC_SC_17_s03L_12574,36,3,2,0,8,0,50,0,5,0,14,1,6,3,2,22,0,0,26
12575,MC_SC_17_s03L_12575,36,2,2,0,0,0,0,0,0,0,0,0,0,0,0,0,0,0,0
12576,MC_SC_17_s03L_12576,36,1,1,4,9,0,0,0,0,0,4,0,3,3,0,0,0,0,0
12577,MC_SC_17_s03L_12577,36,4,2,6,4,0,19,0,4,0,18,11,2,15,0,5,0,10,10
12578,MC_SC_17_s03L_12578,36,1,1,0,0,0,1,0,0,0,0,0,0,0,0,3,0,0,0
12579,MC_SC_17_s03L_12579,36,3,1,107,7,0,10,3,66,0,14,23,35,35,0,18,7,98,22
12580,MC_SC_17_s03L_12580,36,5,3,0,76,0,16,37,37,8,13,7,44,2,28,18,9,14,13
12581,MC_SC_17_s03L_12581,36,1,1,0,2,0,20,0,3,0,12,0,3,4,0,3,0,2,0
12582,MC_SC_17_s03L_12582,36,2,1,0,3,0,9,0,2,0,9,0,5,6,0,1,0,7,3
12583,MC_SC_17_s03L_12583,36,2,1,25,0,0,0,8,5,0,0,3,8,5,0,0,0,0,1
12584,MC_SC_17_s03L_12584,36,5,3,0,8,0,25,14,66,0,3,0,9,17,7,20,6,15,4
12585,MC_SC_17_s03L_12585,36,5,3,0,37,0,19,67,73,1,31,13,27,2,19,22,51,44,19
12586,MC_SC_17_s03L_12586,36,1,1,1,9,0,0,0,6,0,0,0,0,8,0,1,3,25,0
12587,MC_SC_17_s03L_12587,36,3,1,0,11,0,25,0,4,0,0,9,4,17,0,20,5,25,1
12588,MC_SC_17_s03L_12588,36,1,1,0,0,0,0,0,5,0,0,0,0,0,0,0,0,0,0
12589,MC_SC_17_s03L_12589,36,5,4,0,15,0,6,2,21,0,9,1,3,39,0,29,0,0,8
12590,MC_SC_17_s03L_12590,36,5,3,0,11,0,6,10,12,0,1,0,14,8,0,7,3,0,1
12591,MC_SC_17_s03L_12591,36,5,3,0,34,0,15,45,38,2,9,6,19,0,1,18,6,22,10
12592,MC_SC_17_s03L_12592,36,5,3,1,28,14,25,17,275,82,4,1,86,51,38,24,151,192,19
12593,MC_SC_17_s03L_12593,36,4,2,34,17,0,18,5,16,7,45,29,17,45,24,37,13,25,16
12594,MC_SC_17_s03L_12594,36,3,1,62,12,0,0,1,8,0,1,1,31,7,6,3,0,26,17
12595,MC_SC_17_s03L_12595,36,1,1,26,29,0,0,0,30,0,4,5,21,39,0,6,0,10,13
12596,MC_SC_17_s03L_12596,36,5,3,0,1,0,7,0,2,4,0,1,7,1,0,9,0,1,0
12597,MC_SC_17_s03L_12597,36,5,4,0,1,0,4,0,44,0,2,0,6,10,1,1,21,7,3
12598,MC_SC_17_s03L_12598,36,3,1,0,1,0,0,48,31,4,2,0,19,6,0,13,5,0,0
12599,MC_SC_17_s03L_12599,36,2,1,68,7,0,1,3,39,5,10,0,15,0,3,7,15,10,26
12600,MC_SC_17_s03L_12600,36,2,1,41,16,0,0,3,19,0,1,13,28,25,2,23,3,27,31
12601,MC_SC_17_s03L_12601,36,1,1,0,0,0,1,1,0,2,1,0,1,0,4,0,0,0,0
12602,MC_SC_17_s03L_12602,36,5,4,18,63,0,19,2,0,3,4,2,33,106,26,19,4,27,3
12603,MC_SC_17_s03L_12603,36,5,5,141,55,0,17,3,22,73,4,8,5,0,9,5,18,159,7
12604,MC_SC_17_s03L_12604,36,5,4,0,62,0,18,112,49,93,48,40,67,8,31,25,35,57,22
12605,MC_SC_17_s03L_12605,36,5,3,73,18,0,6,4,129,7,35,48,25,36,39,30,11,41,36
12606,MC_SC_17_s03L_12606,36,4,2,0,26,0,1,34,4,51,4,15,35,21,7,8,6,8,11
12607,MC_SC_17_s03L_12607,36,5,5,0,9,2,33,0,0,0,0,0,0,0,0,46,97,25,21
12608,MC_SC_17_s03L_12608,36,1,1,0,10,0,1,0,0,0,8,0,4,7,0,9,0,4,0
12609,MC_SC_17_s03L_12609,36,1,1,0,0,0,0,0,1,0,0,0,0,0,0,0,0,0,0
12610,MC_SC_17_s03L_12610,36,2,2,0,1,0,33,0,0,6,2,1,0,4,0,0,0,18,0
12611,MC_SC_17_s03L_12611,36,5,3,0,16,0,2,1,0,14,2,0,2,2,0,7,0,29,0
12612,MC_SC_17_s03L_12612,36,1,1,35,29,0,3,4,118,1,8,10,51,50,9,12,2,10,27
12613,MC_SC_17_s03L_12613,36,5,5,0,37,0,33,0,0,0,0,0,0,0,0,32,2,1,12
12614,MC_SC_17_s03L_12614,36,2,2,31,32,0,8,2,24,0,4,4,24,19,3,3,8,8,28
12615,MC_SC_17_s03L_12615,36,4,3,0,24,0,5,1,1,0,4,0,6,3,4,22,2,0,19
12616,MC_SC_17_s03L_12616,36,5,4,0,52,4,168,0,40,5,43,18,19,58,78,54,32,11,30
12617,MC_SC_17_s03L_12617,36,4,3,128,22,0,5,30,39,23,52,21,49,8,12,32,15,35,50
12618,MC_SC_17_s03L_12618,36,5,2,89,11,0,3,8,21,9,17,16,29,26,19,33,36,47,37
12619,MC_SC_17_s03L_12619,36,5,3,106,67,3,60,21,118,23,32,18,58,17,54,56,22,55,10
12620,MC_SC_17_s03L_12620,36,1,1,7,0,0,1,17,4,23,2,0,2,3,6,4,34,0,1
12621,MC_SC_17_s03L_12621,36,1,1,16,18,1,5,2,14,0,7,3,6,13,14,1,3,7,2
12622,MC_SC_17_s03L_12622,36,2,2,21,31,0,21,4,17,9,1,6,36,43,5,28,13,65,2
12623,MC_SC_17_s03L_12623,36,1,1,0,0,0,0,0,0,0,0,0,0,1,0,0,0,0,0
12624,MC_SC_17_s03L_12624,36,4,2,0,46,8,26,86,80,10,23,35,23,7,112,48,17,26,42
12625,MC_SC_17_s03L_12625,36,3,2,1,40,3,1,5,13,17,0,15,17,65,18,15,22,78,0
12626,MC_SC_17_s03L_12626,36,5,2,44,36,0,8,10,30,0,9,5,16,24,9,11,4,38,25
12627,MC_SC_17_s03L_12627,36,1,1,0,28,2,4,50,13,0,14,14,28,3,3,19,0,7,17
12628,MC_SC_17_s03L_12628,36,4,3,0,115,0,79,2,0,6,16,3,3,0,2,11,2,10,11
12629,MC_SC_17_s03L_12629,36,5,3,138,31,13,37,42,57,25,42,5,40,25,77,29,40,24,38
12630,MC_SC_17_s03L_12630,36,2,1,84,6,0,11,10,16,1,25,13,12,17,15,19,0,18,20
12631,MC_SC_17_s03L_12631,36,5,5,81,11,0,44,9,59,10,6,32,31,46,12,54,11,3,16
12632,MC_SC_17_s03L_12632,36,1,1,2,8,0,0,41,0,0,0,3,5,0,0,4,0,5,0
12633,MC_SC_17_s03L_12633,36,1,1,7,2,0,1,5,1,0,0,0,4,7,2,4,0,0,4
12634,MC_SC_17_s03L_12634,36,3,2,48,11,0,10,55,22,0,5,0,5,0,0,3,0,8,14
12635,MC_SC_17_s03L_12635,36,2,1,0,30,2,3,3,12,5,1,6,14,26,0,10,5,23,0
12636,MC_SC_17_s03L_12636,36,3,1,0,36,0,0,2,3,2,0,0,19,18,0,14,0,18,16
12637,MC_SC_17_s03L_12637,36,3,2,0,39,0,18,1,4,7,0,0,19,17,2,18,0,22,19
12638,MC_SC_17_s03L_12638,36,3,2,0,4,0,1,49,12,0,24,4,9,3,0,6,0,11,5
12639,MC_SC_17_s03L_12639,36,4,2,103,74,3,31,130,105,0,15,2,37,43,0,49,2,13,23
12640,MC_SC_17_s03L_12640,36,3,2,71,18,0,18,4,40,2,1,10,19,30,4,38,2,6,8
12641,MC_SC_17_s03L_12641,36,3,1,27,3,0,0,0,4,0,1,4,16,19,0,0,0,21,18
12642,MC_SC_17_s03L_12642,36,4,3,0,1,0,5,1,5,0,5,0,4,6,2,6,0,3,4
12643,MC_SC_17_s03L_12643,36,4,2,75,22,0,3,58,34,0,3,5,9,3,0,5,0,19,11
12644,MC_SC_17_s03L_12644,36,1,1,0,52,0,34,11,0,0,13,1,9,5,0,23,8,5,5
12645,MC_SC_17_s03L_12645,36,5,4,12,2,0,0,66,16,0,7,0,8,1,0,3,0,0,1
12646,MC_SC_17_s03L_12646,36,5,4,0,22,0,3,0,3,0,24,5,1,10,0,18,4,10,10
12647,MC_SC_17_s03L_12647,36,5,3,1,4,0,6,2,1,2,4,0,4,37,4,20,4,70,7
12648,MC_SC_17_s03L_12648,36,5,3,0,18,0,2,3,44,0,0,0,0,9,0,4,5,0,2
12649,MC_SC_17_s03L_12649,36,4,2,1,45,0,19,5,1,1,6,0,15,3,0,6,2,9,0
12650,MC_SC_17_s03L_12650,36,3,1,0,11,0,0,33,12,0,0,2,2,1,0,4,0,9,0
12651,MC_SC_17_s03L_12651,36,5,2,2,35,0,0,58,23,4,4,2,23,6,0,26,9,3,1
12652,MC_SC_17_s03L_12652,36,4,2,39,12,0,3,1,8,0,0,7,15,16,0,0,0,14,7
12653,MC_SC_17_s03L_12653,36,1,1,0,3,0,3,2,5,0,0,3,0,0,4,0,3,0,0
12654,MC_SC_17_s03L_12654,36,4,3,0,20,0,212,1,3,20,21,9,12,37,8,13,13,21,6
12655,MC_SC_17_s03L_12655,36,1,1,115,26,0,5,1,31,2,1,7,48,31,0,2,5,28,29
12656,MC_SC_17_s03L_12656,36,5,3,0,100,0,21,0,14,50,77,29,18,80,30,27,10,2,8
12657,MC_SC_17_s03L_12657,36,5,4,0,70,0,1,81,70,2,12,33,13,1,10,20,9,7,12
12658,MC_SC_17_s03L_12658,36,1,1,0,1,0,13,0,5,0,1,0,0,3,0,1,0,0,0
12659,MC_SC_17_s03L_12659,36,5,2,0,10,0,4,0,0,14,26,1,7,21,6,11,2,8,5
12660,MC_SC_17_s03L_12660,36,4,1,14,14,0,7,23,26,0,5,2,7,1,0,17,0,7,0
12661,MC_SC_17_s03L_12661,36,1,1,0,0,0,3,0,1,0,0,0,1,0,0,0,0,0,0
12662,MC_SC_17_s03L_12662,36,5,4,68,30,0,15,48,56,0,18,18,18,22,15,65,4,19,7
12663,MC_SC_17_s03L_12663,36,4,2,0,2,0,2,1,3,15,5,0,9,12,10,29,15,12,3
12664,MC_SC_17_s03L_12664,36,2,1,0,9,0,0,36,12,0,0,3,5,0,2,1,0,0,1
12665,MC_SC_17_s03L_12665,36,5,5,0,15,0,6,4,22,53,4,0,15,19,42,39,13,9,1
12666,MC_SC_17_s03L_12666,36,2,1,0,5,0,3,1,0,5,0,0,7,2,0,9,0,10,2
12667,MC_SC_17_s03L_12667,36,2,1,0,2,0,2,4,1,0,0,1,0,12,5,7,6,0,6
12668,MC_SC_17_s03L_12668,36,1,1,4,1,0,1,0,0,0,0,0,3,7,0,0,0,0,1
12669,MC_SC_17_s03L_12669,36,4,3,0,25,0,111,2,1,0,4,20,16,5,2,3,0,17,28
12670,MC_SC_17_s03L_12670,36,4,3,29,3,0,1,0,9,2,1,9,11,11,5,15,4,6,10
12671,MC_SC_17_s03L_12671,36,2,1,5,0,0,1,36,13,0,3,3,14,0,0,7,0,4,6
12672,MC_SC_17_s03L_12672,36,5,5,109,63,0,48,35,53,28,7,0,0,0,0,73,38,44,40
12673,MC_SC_17_s03L_12673,36,5,4,0,12,0,24,2,1,1,23,1,9,21,1,25,0,10,10
12674,MC_SC_17_s03L_12674,36,5,3,1,30,0,75,27,1,6,7,0,25,44,58,23,7,11,29
12675,MC_SC_17_s03L_12675,36,5,4,0,1,0,14,5,1,17,12,3,2,35,3,0,3,6,1
12676,MC_SC_17_s03L_12676,36,3,2,0,53,0,0,4,28,14,0,13,21,54,8,11,10,96,0
12677,MC_SC_17_s03L_12677,36,5,5,0,11,0,2,0,9,42,0,0,7,9,24,11,0,2,0
12678,MC_SC_17_s03L_12678,36,5,3,0,19,0,2,4,28,81,0,0,23,6,34,38,32,18,31
12679,MC_SC_17_s03L_12679,36,1,1,0,6,0,0,3,6,0,3,0,4,7,1,2,2,0,0
12680,MC_SC_17_s03L_12680,36,5,5,89,27,1,46,16,29,62,0,0,0,0,0,54,20,15,9
12681,MC_SC_17_s03L_12681,36,5,3,0,1,0,0,58,5,1,2,0,20,1,0,5,1,0,0
12682,MC_SC_17_s03L_12682,36,1,1,1,0,0,0,2,0,0,2,0,1,0,3,0,0,0,0
12683,MC_SC_17_s03L_12683,36,5,3,0,6,0,45,5,8,0,19,1,8,24,2,25,0,3,32
12684,MC_SC_17_s03L_12684,36,5,2,24,16,0,5,1,8,0,1,0,11,5,15,48,9,0,12
12685,MC_SC_17_s03L_12685,36,3,1,0,32,0,0,1,3,2,1,0,5,34,0,0,5,13,18
12686,MC_SC_17_s03L_12686,36,2,2,53,8,0,7,59,21,0,0,4,10,1,0,18,5,24,24
12687,MC_SC_17_s03L_12687,36,5,2,1,118,0,233,10,160,115,30,17,41,98,67,53,7,13,7
12688,MC_SC_17_s03L_12688,36,3,2,0,43,0,2,3,1,40,1,0,27,21,11,18,5,108,26
12689,MC_SC_17_s03L_12689,36,5,4,40,22,0,17,8,50,2,1,0,0,0,0,73,8,12,14
12690,MC_SC_17_s03L_12690,36,5,4,0,69,0,83,95,26,2,47,0,0,0,0,44,0,12,1
12691,MC_SC_17_s03L_12691,36,5,3,0,139,0,253,0,148,144,36,105,29,81,52,96,25,142,8
12692,MC_SC_17_s03L_12692,36,2,2,0,11,0,24,27,0,0,0,2,1,0,0,4,0,26,0
12693,MC_SC_17_s03L_12693,36,4,3,0,47,1,8,32,49,2,3,8,57,38,14,19,16,51,5
12694,MC_SC_17_s03L_12694,36,5,4,0,28,0,2,0,2,0,28,2,7,17,13,19,0,3,1
12695,MC_SC_17_s03L_12695,36,4,2,0,10,0,0,3,7,4,1,0,8,14,0,34,1,17,19
12696,MC_SC_17_s03L_12696,36,3,2,0,2,0,0,58,7,2,4,0,12,0,0,10,2,0,0
12697,MC_SC_17_s03L_12697,36,5,2,0,2,0,0,13,39,2,1,0,7,0,2,5,5,0,3
12698,MC_SC_17_s03L_12698,36,5,4,0,6,0,19,2,0,25,10,0,0,0,0,19,5,7,15
12699,MC_SC_17_s03L_12699,36,1,1,0,0,0,0,0,0,0,0,0,0,0,0,0,0,0,0
12700,MC_SC_17_s03L_12700,36,5,5,0,14,0,22,0,0,0,0,0,0,0,0,31,0,19,3
12701,MC_SC_17_s03L_12701,36,3,2,0,6,0,8,2,2,0,10,1,2,6,0,0,0,3,0
12702,MC_SC_17_s03L_12702,36,2,1,0,7,0,10,12,3,0,0,11,5,4,0,0,0,16,12
12703,MC_SC_17_s03L_12703,36,3,2,0,9,0,3,0,0,5,3,8,4,39,2,15,0,71,3
12704,MC_SC_17_s03L_12704,36,5,4,0,39,0,197,4,5,163,14,0,7,67,58,61,26,7,4
12705,MC_SC_17_s03L_12705,36,1,1,0,0,0,1,1,0,1,0,0,0,1,0,3,2,0,0
12706,MC_SC_17_s03L_12706,36,5,4,1,13,0,26,0,6,5,3,0,0,1,2,4,6,8,0
12707,MC_SC_17_s03L_12707,36,5,4,0,25,0,37,30,4,3,6,0,0,0,0,9,0,7,2
12708,MC_SC_17_s03L_12708,36,1,1,0,0,0,0,0,0,0,0,0,0,0,1,1,1,0,0
12709,MC_SC_17_s03L_12709,36,2,1,0,1,0,3,27,10,0,1,2,15,9,0,12,0,2,0
12710,MC_SC_17_s03L_12710,36,1,1,0,0,0,7,0,0,0,0,0,3,1,0,1,0,0,0
12711,MC_SC_17_s03L_12711,36,1,1,0,3,0,8,0,16,0,5,0,1,8,0,8,2,0,2
12712,MC_SC_17_s03L_12712,36,5,3,0,5,0,25,1,9,0,19,0,7,15,22,31,0,27,32
12713,MC_SC_17_s03L_12713,36,4,2,0,13,0,8,2,52,0,0,2,12,33,0,22,0,2,5
12714,MC_SC_17_s03L_12714,36,1,1,0,0,0,1,20,13,0,0,4,4,25,7,5,3,0,0
12715,MC_SC_17_s03L_12715,36,5,3,42,37,0,7,2,0,0,18,18,5,33,8,15,62,36,11
12716,MC_SC_17_s03L_12716,36,3,2,0,12,0,34,1,9,0,10,4,4,0,0,20,0,0,0
12717,MC_SC_17_s03L_12717,36,5,5,84,33,0,0,0,0,0,0,0,0,0,0,30,10,67,31
12718,MC_SC_17_s03L_12718,36,5,3,0,1,0,7,2,11,4,33,6,8,19,0,40,0,29,5
12719,MC_SC_17_s03L_12719,36,5,2,0,42,0,42,8,1,7,14,1,20,29,0,10,0,96,21
12720,MC_SC_17_s03L_12720,36,1,1,0,2,2,15,1,0,3,6,0,2,0,0,0,0,10,0
12721,MC_SC_17_s03L_12721,36,5,3,0,11,0,24,3,0,0,10,0,9,31,0,3,0,0,8
12722,MC_SC_17_s03L_12722,36,5,2,29,8,0,0,2,1,0,3,0,2,5,2,1,2,5,2
12723,MC_SC_17_s03L_12723,36,5,4,1,49,0,92,4,8,74,60,0,0,0,0,37,8,49,62
12724,MC_SC_17_s03L_12724,36,5,3,0,9,0,58,0,1,8,31,0,4,29,0,23,2,89,26
12725,MC_SC_17_s03L_12725,36,5,3,0,15,0,87,2,0,14,2,0,11,33,4,14,0,16,24
12726,MC_SC_17_s03L_12726,36,5,4,90,52,0,9,7,34,4,16,0,0,0,0,7,120,12,43
12727,MC_SC_17_s03L_12727,36,4,2,0,7,0,44,40,29,0,1,11,17,22,4,23,0,11,9
12728,MC_SC_17_s03L_12728,36,5,2,0,21,0,64,1,0,100,17,22,34,64,45,2,17,121,7
12729,MC_SC_17_s03L_12729,36,1,1,0,0,0,1,0,0,0,2,0,3,10,0,1,0,51,17
12730,MC_SC_17_s03L_12730,36,5,4,89,43,1,55,1,5,7,15,0,0,0,0,50,111,15,9
12731,MC_SC_17_s03L_12731,36,5,3,0,103,0,125,0,1,8,13,0,2,0,11,2,2,198,53
12732,MC_SC_17_s03L_12732,36,2,2,0,9,0,10,1,0,7,0,6,5,13,0,2,0,20,0
12733,MC_SC_17_s03L_12733,36,4,2,0,9,0,34,3,46,57,9,3,9,73,10,44,6,45,1
12734,MC_SC_17_s03L_12734,36,5,3,1,76,1,142,3,0,95,1,6,21,80,71,12,22,196,54
12735,MC_SC_17_s03L_12735,36,1,1,3,8,0,5,0,0,0,0,0,0,0,0,1,2,0,0
12736,MC_SC_17_s03L_12736,36,5,4,36,26,1,43,2,6,23,5,0,0,0,0,21,138,20,6
12737,MC_SC_17_s03L_12737,36,1,1,0,5,0,8,41,12,0,0,1,16,21,1,18,0,0,0
12738,MC_SC_17_s03L_12738,36,2,2,1,0,0,6,14,31,0,0,1,0,14,1,1,18,0,0
12739,MC_SC_17_s03L_12739,36,5,5,0,74,0,1,4,23,166,15,0,0,0,0,35,44,143,76
12740,MC_SC_17_s03L_12740,36,5,4,1,14,2,43,70,148,13,4,0,0,0,0,13,52,0,0
12741,MC_SC_17_s03L_12741,36,1,1,0,3,0,2,0,5,2,3,4,1,6,2,5,0,12,1
12742,MC_SC_17_s03L_12742,36,5,3,0,20,0,16,10,2,4,11,0,0,0,0,0,2,0,0
12743,MC_SC_17_s03L_12743,36,5,3,0,59,0,126,6,17,65,15,18,33,37,31,7,17,94,4
12744,MC_SC_17_s03L_12744,36,5,5,0,109,6,115,0,0,0,0,0,0,0,0,126,30,126,44
12745,MC_SC_17_s03L_12745,36,5,3,0,25,0,52,90,48,0,65,0,0,0,0,3,3,17,9
12746,MC_SC_17_s03L_12746,36,5,4,48,75,5,12,14,0,23,3,6,14,21,81,39,343,29,13
12747,MC_SC_17_s03L_12747,36,5,2,4,13,0,7,0,0,0,0,1,0,0,2,2,2,0,0
12748,MC_SC_17_s03L_12748,36,4,2,0,33,5,45,44,33,0,20,14,12,31,33,35,6,3,2
12749,MC_SC_17_s03L_12749,36,5,5,50,94,0,54,0,0,0,0,0,0,0,0,13,92,3,14
12750,MC_SC_17_s03L_12750,36,5,3,0,54,0,63,1,7,46,2,0,0,0,0,11,37,55,28
12751,MC_SC_17_s03L_12751,36,1,1,3,5,0,0,1,1,8,4,0,2,5,6,2,57,0,0
12752,MC_SC_17_s03L_12752,36,4,2,0,51,0,46,0,0,1,0,16,9,17,4,21,0,21,2
12753,MC_SC_17_s03L_12753,36,2,2,0,9,6,6,0,3,0,0,0,2,0,4,0,16,21,0
12754,MC_SC_17_s03L_12754,36,2,1,0,0,0,0,29,14,0,0,0,11,6,0,0,0,0,0
12755,MC_SC_17_s03L_12755,36,5,3,0,33,10,10,1,9,3,5,1,19,29,8,1,38,32,3
12756,MC_SC_17_s03L_12756,36,5,5,47,82,6,12,3,10,84,0,0,0,0,0,61,362,40,32
12757,MC_SC_17_s03L_12757,36,5,5,0,65,0,1,0,0,0,0,0,0,0,0,32,18,408,67
12758,MC_SC_17_s03L_12758,36,5,5,48,30,0,19,2,2,67,5,0,0,0,0,41,130,25,19
12759,MC_SC_17_s03L_12759,36,5,4,0,53,0,127,0,8,18,20,0,0,0,0,28,10,147,69
12760,MC_SC_17_s03L_12760,36,1,1,0,4,0,0,0,1,0,3,0,0,11,0,2,0,0,2
12761,MC_SC_17_s03L_12761,36,5,3,0,57,0,111,0,22,21,4,0,0,0,0,35,8,141,0
12762,MC_SC_17_s03L_12762,36,5,4,19,11,0,15,0,2,18,4,0,0,0,0,16,23,9,1
12763,MC_SC_17_s03L_12763,36,5,2,21,33,0,94,2,0,0,6,18,10,12,0,29,42,39,24
12764,MC_SC_17_s03L_12764,36,3,2,0,13,0,80,36,1,10,3,9,18,33,11,22,1,19,2
12765,MC_SC_17_s03L_12765,36,5,2,67,65,0,33,1,14,6,6,16,10,15,74,3,19,11,6
12766,MC_SC_17_s03L_12766,36,2,1,0,21,0,37,4,2,0,5,7,9,9,0,35,0,11,16
12767,MC_SC_17_s03L_12767,36,5,2,0,192,0,17,6,54,188,47,30,22,152,3,10,5,239,34
12768,MC_SC_17_s03L_12768,36,5,4,0,159,0,126,2,3,294,15,0,0,0,0,105,18,50,72
12769,MC_SC_17_s03L_12769,36,5,4,33,39,0,116,7,3,24,8,0,0,0,0,10,41,26,19
12770,MC_SC_17_s03L_12770,36,5,5,22,76,1,40,0,0,0,0,0,0,0,0,2,199,1,18
12771,MC_SC_17_s03L_12771,36,4,2,0,26,0,58,2,0,33,6,27,22,39,18,25,10,127,49
12772,MC_SC_17_s03L_12772,36,3,2,0,13,0,49,5,1,5,5,0,0,0,0,11,0,5,18
12773,MC_SC_17_s03L_12773,36,1,1,5,4,0,2,0,1,5,2,0,0,2,0,0,3,0,2
12774,MC_SC_17_s03L_12774,36,5,4,0,71,0,53,10,36,142,44,0,0,0,0,59,49,249,40
12775,MC_SC_17_s03L_12775,36,5,3,48,56,0,150,2,17,4,18,0,0,0,0,15,195,41,50
12776,MC_SC_17_s03L_12776,36,1,1,0,3,0,3,0,0,2,0,5,5,0,0,0,2,0,0
12777,MC_SC_17_s03L_12777,36,3,2,0,8,0,19,1,2,8,1,1,9,16,9,18,2,21,1
12778,MC_SC_17_s03L_12778,36,2,1,0,8,0,21,2,2,13,0,1,2,2,0,22,4,1,1
12779,MC_SC_17_s03L_12779,36,5,5,74,28,4,139,0,0,0,0,0,0,0,0,97,244,77,86
12780,MC_SC_17_s03L_12780,36,3,2,0,32,0,82,2,8,40,15,19,33,33,48,46,19,62,29
12781,MC_SC_17_s03L_12781,36,2,1,0,24,0,3,4,0,4,13,1,4,1,0,18,2,14,2
12782,MC_SC_17_s03L_12782,36,1,1,0,13,0,8,1,2,0,10,0,3,4,0,1,2,5,27
12783,MC_SC_17_s03L_12783,36,2,1,3,12,4,14,0,4,20,0,1,0,2,17,3,15,0,0
12784,MC_SC_17_s03L_12784,37,4,4,84,0,26,25,0,0,0,0,0,0,0,0,0,2,0,0
12785,MC_SC_17_s03L_12785,37,4,1,2,22,49,156,22,117,21,3,0,30,58,42,2,4,206,0
12786,MC_SC_17_s03L_12786,37,2,2,0,1,0,1,1,10,2,0,3,3,0,6,0,0,0,0
12787,MC_SC_17_s03L_12787,37,4,4,68,27,0,80,49,57,5,19,17,29,13,31,23,11,4,2
12788,MC_SC_17_s03L_12788,37,4,4,2,14,0,36,0,0,0,0,0,0,0,0,0,0,0,0
12789,MC_SC_17_s03L_12789,37,1,1,18,0,0,10,0,5,2,2,0,1,6,8,8,12,0,1
12790,MC_SC_17_s03L_12790,37,4,2,0,1,0,21,25,4,4,3,9,5,13,0,1,2,7,0
12791,MC_SC_17_s03L_12791,37,4,2,44,3,0,41,6,55,0,15,0,9,26,0,1,2,14,3
12792,MC_SC_17_s03L_12792,37,2,1,0,20,0,33,0,0,13,10,6,4,8,13,0,0,0,1
12793,MC_SC_17_s03L_12793,37,4,2,43,1,1,34,0,50,18,19,1,3,22,6,0,2,0,0
12794,MC_SC_17_s03L_12794,37,1,1,0,2,0,2,13,26,5,0,1,0,0,0,0,0,0,0
12795,MC_SC_17_s03L_12795,37,4,4,0,9,0,65,0,7,87,1,6,9,29,30,1,0,16,0
12796,MC_SC_17_s03L_12796,37,4,4,0,1,0,53,4,2,19,3,5,17,45,8,7,1,35,18
12797,MC_SC_17_s03L_12797,37,4,3,1,0,0,23,40,3,12,3,8,13,10,5,0,0,0,0
12798,MC_SC_17_s03L_12798,37,4,3,0,6,14,104,2,14,5,0,0,9,33,12,7,5,4,13
12799,MC_SC_17_s03L_12799,37,4,2,0,3,0,20,5,0,33,0,1,10,3,4,7,4,0,1
12800,MC_SC_17_s03L_12800,37,2,1,13,1,0,8,4,0,1,1,0,0,0,0,1,6,0,0
12801,MC_SC_17_s03L_12801,37,4,3,0,23,9,48,20,89,35,12,1,22,44,72,3,5,2,0
12802,MC_SC_17_s03L_12802,37,4,2,0,11,0,58,3,1,1,3,5,6,19,2,0,2,2,0
12803,MC_SC_17_s03L_12803,37,4,3,0,4,0,10,36,5,12,1,0,5,20,3,2,4,1,15
12804,MC_SC_17_s03L_12804,37,2,2,0,8,0,62,0,2,9,0,5,13,45,17,8,0,23,17
12805,MC_SC_17_s03L_12805,37,1,1,0,1,0,0,0,0,0,1,1,3,0,0,1,5,0,0
12806,MC_SC_17_s03L_12806,37,4,2,0,6,0,37,3,2,0,0,7,3,24,5,3,0,12,14
12807,MC_SC_17_s03L_12807,37,4,3,0,10,0,27,68,31,0,36,0,7,1,0,11,0,0,3
12808,MC_SC_17_s03L_12808,37,1,1,10,0,9,0,0,8,22,0,0,0,1,10,0,21,0,0
12809,MC_SC_17_s03L_12809,37,4,2,0,4,1,30,41,4,52,5,0,20,9,2,5,9,19,0
12810,MC_SC_17_s03L_12810,37,1,1,0,2,0,42,0,10,0,1,3,3,40,12,0,0,59,2
12811,MC_SC_17_s03L_12811,37,4,2,0,31,0,107,6,0,80,28,5,28,50,14,18,0,34,4
12812,MC_SC_17_s03L_12812,37,4,2,0,6,0,29,0,8,17,3,1,1,2,3,4,2,21,1
12813,MC_SC_17_s03L_12813,37,4,4,0,40,0,69,23,1,79,7,0,32,14,16,0,0,0,0
12814,MC_SC_17_s03L_12814,37,3,2,0,2,0,28,1,0,8,0,3,5,21,0,2,0,16,3
12815,MC_SC_17_s03L_12815,37,4,2,0,13,0,46,1,0,14,0,8,13,29,3,3,0,4,13
12816,MC_SC_17_s03L_12816,37,2,2,0,0,0,4,1,0,4,0,0,2,0,0,0,0,0,0
12817,MC_SC_17_s03L_12817,37,4,2,0,26,12,73,20,77,10,20,5,28,52,45,10,5,4,3
12818,MC_SC_17_s03L_12818,37,4,4,24,16,0,3,6,9,3,9,0,7,2,2,20,8,9,0
12819,MC_SC_17_s03L_12819,37,4,3,13,5,0,3,15,10,42,0,0,8,3,5,30,47,0,1
12820,MC_SC_17_s03L_12820,37,4,2,0,22,0,102,3,0,28,6,1,24,44,16,0,0,34,0
12821,MC_SC_17_s03L_12821,37,4,4,0,2,1,82,2,0,3,1,0,11,18,2,0,0,0,0
12822,MC_SC_17_s03L_12822,37,4,3,0,17,0,80,6,2,18,3,10,13,33,3,0,4,0,1
12823,MC_SC_17_s03L_12823,37,4,4,0,19,0,115,32,0,53,12,14,23,93,23,7,0,65,6
12824,MC_SC_17_s03L_12824,37,4,1,0,17,0,98,4,18,14,2,5,6,68,13,3,0,46,3
12825,MC_SC_17_s03L_12825,37,4,2,0,4,0,51,4,0,53,0,2,6,26,2,0,6,41,1
12826,MC_SC_17_s03L_12826,37,3,2,0,13,0,67,4,1,32,10,11,20,28,2,6,0,9,14
12827,MC_SC_17_s03L_12827,37,4,2,0,1,0,1,0,21,0,0,0,0,0,0,0,0,0,0
12828,MC_SC_17_s03L_12828,37,4,3,0,2,0,127,11,1,85,4,37,38,55,44,1,0,13,28
12829,MC_SC_17_s03L_12829,37,3,2,0,8,0,68,3,15,21,1,11,8,70,0,3,0,51,8
12830,MC_SC_17_s03L_12830,37,3,2,0,9,0,138,0,7,14,8,8,27,55,5,6,0,77,0
12831,MC_SC_17_s03L_12831,37,2,1,0,3,0,56,2,0,3,0,12,12,66,6,3,0,24,4
12832,MC_SC_17_s03L_12832,37,1,1,0,0,0,9,0,0,0,0,0,2,1,0,0,0,0,0
12833,MC_SC_17_s03L_12833,37,4,3,113,8,7,43,59,66,46,1,0,10,10,20,40,43,2,5
12834,MC_SC_17_s03L_12834,37,4,3,3,46,0,116,4,6,63,2,7,24,60,17,6,0,79,19
12835,MC_SC_17_s03L_12835,37,4,2,0,2,0,41,10,5,80,1,2,2,25,22,15,10,4,2
12836,MC_SC_17_s03L_12836,37,4,4,0,17,0,113,8,0,54,1,2,11,62,3,6,0,62,35
12837,MC_SC_17_s03L_12837,37,4,3,0,55,0,268,1,1,72,43,13,47,121,157,47,17,118,3
12838,MC_SC_17_s03L_12838,37,1,1,0,16,0,59,1,0,1,7,13,8,41,13,10,0,25,16
12839,MC_SC_17_s03L_12839,37,4,4,0,19,0,90,87,1,39,12,1,14,53,5,13,2,55,0
12840,MC_SC_17_s03L_12840,37,4,2,104,7,0,57,0,111,0,8,0,6,17,39,22,0,7,5
12841,MC_SC_17_s03L_12841,37,2,1,0,0,0,11,0,0,0,0,0,0,1,0,2,0,0,0
12842,MC_SC_17_s03L_12842,37,1,1,0,3,0,42,1,0,6,2,0,0,2,0,0,0,29,0
12843,MC_SC_17_s03L_12843,37,3,2,0,5,0,34,9,0,0,0,0,3,13,0,0,0,3,0
12844,MC_SC_17_s03L_12844,37,4,2,103,47,1,39,50,81,4,10,0,24,9,32,53,6,11,7
12845,MC_SC_17_s03L_12845,37,2,2,0,11,0,33,0,0,23,11,0,4,7,17,4,0,16,0
12846,MC_SC_17_s03L_12846,37,2,2,0,29,0,108,0,23,0,6,3,18,3,0,16,2,48,0
12847,MC_SC_17_s03L_12847,37,4,3,0,21,0,72,4,1,40,27,14,9,39,53,7,8,23,26
12848,MC_SC_17_s03L_12848,37,4,4,95,7,0,44,23,27,1,1,0,11,20,0,36,3,0,3
12849,MC_SC_17_s03L_12849,37,3,1,0,8,0,53,1,2,22,11,2,5,5,21,9,0,36,9
12850,MC_SC_17_s03L_12850,37,4,2,0,3,0,14,0,1,12,7,5,0,0,7,0,3,9,4
12851,MC_SC_17_s03L_12851,37,4,4,97,25,4,69,15,25,23,62,2,4,27,16,53,4,5,22
12852,MC_SC_17_s03L_12852,37,4,2,0,5,0,74,2,4,0,19,3,17,2,16,12,4,19,24
12853,MC_SC_17_s03L_12853,37,4,3,0,14,0,58,1,0,10,23,8,7,31,15,2,4,25,25
12854,MC_SC_17_s03L_12854,37,4,2,0,2,0,43,0,5,0,0,0,0,3,0,0,0,0,0
12855,MC_SC_17_s03L_12855,37,3,2,0,19,0,42,0,5,0,6,2,11,12,5,19,0,16,7
12856,MC_SC_17_s03L_12856,37,3,2,0,9,0,20,5,10,0,6,7,9,35,0,2,0,9,12
12857,MC_SC_17_s03L_12857,37,3,2,0,2,0,44,0,1,0,3,0,3,5,0,2,0,1,12
12858,MC_SC_17_s03L_12858,37,4,4,0,7,0,6,0,2,11,0,0,0,0,0,2,15,0,0
12859,MC_SC_17_s03L_12859,37,4,3,63,17,0,40,18,1,0,7,6,9,1,0,20,0,2,0
12860,MC_SC_17_s03L_12860,37,4,2,0,43,4,73,4,64,1,13,2,13,45,0,21,7,30,0
12861,MC_SC_17_s03L_12861,37,3,1,0,0,0,29,1,3,0,0,0,2,6,0,0,0,7,2
12862,MC_SC_17_s03L_12862,37,4,4,0,3,0,14,42,25,7,4,0,10,11,0,17,10,0,1
12863,MC_SC_17_s03L_12863,37,4,2,21,9,0,3,1,2,0,1,1,0,5,0,3,0,0,2
12864,MC_SC_17_s03L_12864,37,3,2,22,1,0,16,0,0,0,0,0,0,0,0,12,0,16,2
12865,MC_SC_17_s03L_12865,37,3,2,0,27,0,32,25,0,0,29,6,20,0,0,32,0,93,0
12866,MC_SC_17_s03L_12866,37,4,2,65,38,9,70,4,45,23,1,2,8,52,40,22,36,1,10
12867,MC_SC_17_s03L_12867,37,3,2,0,12,0,82,1,0,0,4,5,14,12,5,23,0,39,10
12868,MC_SC_17_s03L_12868,37,4,3,0,5,0,74,2,8,4,15,8,12,30,0,22,0,30,3
12869,MC_SC_17_s03L_12869,37,4,2,2,8,0,21,0,32,0,0,3,4,14,0,16,2,11,24
12870,MC_SC_17_s03L_12870,37,4,2,0,7,0,53,0,0,0,0,0,0,15,0,0,0,43,0
12871,MC_SC_17_s03L_12871,37,1,1,0,4,0,0,0,2,0,0,0,0,3,0,0,0,0,0
12872,MC_SC_17_s03L_12872,37,2,1,0,21,0,68,0,10,20,27,0,7,9,3,21,0,2,8
12873,MC_SC_17_s03L_12873,37,3,1,14,1,0,7,13,3,0,0,0,1,0,0,1,0,0,3
12874,MC_SC_17_s03L_12874,37,4,3,0,3,0,9,0,0,0,0,0,5,0,0,0,0,28,0
12875,MC_SC_17_s03L_12875,37,2,1,0,0,0,24,1,0,5,1,1,5,20,0,0,4,39,24
12876,MC_SC_17_s03L_12876,37,3,3,0,12,0,45,38,1,27,1,0,6,11,8,36,6,9,15
12877,MC_SC_17_s03L_12877,37,3,1,0,0,0,13,14,8,0,0,0,1,2,0,1,0,0,0
12878,MC_SC_17_s03L_12878,37,4,3,0,2,0,38,2,0,0,8,0,13,16,4,25,0,9,13
12879,MC_SC_17_s03L_12879,37,3,2,0,1,0,23,1,3,0,0,0,18,12,0,15,0,14,26
12880,MC_SC_17_s03L_12880,37,4,3,0,10,0,113,0,0,6,13,9,5,6,34,1,7,40,12
12881,MC_SC_17_s03L_12881,37,3,2,0,32,0,92,1,0,21,6,18,36,28,0,7,8,53,0
12882,MC_SC_17_s03L_12882,37,1,1,31,19,0,0,1,6,4,3,0,6,0,0,4,0,1,3
12883,MC_SC_17_s03L_12883,37,4,3,0,7,0,26,1,20,0,0,0,5,0,0,0,0,4,0
12884,MC_SC_17_s03L_12884,37,1,1,1,0,0,0,0,0,0,0,0,0,0,0,0,0,0,0
12885,MC_SC_17_s03L_12885,37,1,1,0,2,0,0,2,14,4,0,0,0,0,0,0,0,0,0
12886,MC_SC_17_s03L_12886,37,4,2,0,12,0,1,7,3,0,0,0,6,3,0,0,0,0,0
12887,MC_SC_17_s03L_12887,37,1,1,0,8,0,0,1,3,0,0,0,0,0,0,0,0,0,0
12888,MC_SC_17_s03L_12888,37,4,4,0,12,0,2,0,0,0,0,0,0,0,0,28,0,4,2
12889,MC_SC_17_s03L_12889,37,4,2,0,6,0,44,27,0,0,0,0,3,4,0,10,0,0,7
12890,MC_SC_17_s03L_12890,37,4,3,0,3,0,44,1,16,3,19,25,14,8,0,1,0,1,0
12891,MC_SC_17_s03L_12891,37,4,3,0,35,0,21,1,0,37,8,2,14,8,17,31,5,44,3
12892,MC_SC_17_s03L_12892,37,3,2,0,23,0,12,1,2,1,9,4,7,0,0,0,0,8,6
12893,MC_SC_17_s03L_12893,37,4,4,0,24,0,24,10,3,1,12,0,0,0,0,7,10,16,0
12894,MC_SC_17_s03L_12894,37,2,2,0,8,0,15,1,0,0,2,0,5,13,0,4,0,18,3
12895,MC_SC_17_s03L_12895,37,2,2,76,16,0,0,21,13,0,5,9,17,1,0,2,0,0,2
12896,MC_SC_17_s03L_12896,37,4,2,6,18,0,16,52,12,2,64,8,33,14,0,2,0,26,23
12897,MC_SC_17_s03L_12897,37,3,2,4,4,0,0,0,0,0,0,2,1,0,0,0,2,4,0
12898,MC_SC_17_s03L_12898,37,1,1,0,5,0,1,0,1,0,0,0,1,0,0,0,0,0,0
12899,MC_SC_17_s03L_12899,37,3,2,36,22,0,0,18,13,0,3,8,10,0,0,1,1,0,0
12900,MC_SC_17_s03L_12900,37,4,3,0,80,3,218,87,81,0,17,5,26,4,90,85,0,22,2
12901,MC_SC_17_s03L_12901,37,4,4,0,3,0,5,0,0,0,0,0,0,2,2,0,0,1,3
12902,MC_SC_17_s03L_12902,37,4,3,7,14,0,34,2,11,14,12,0,17,35,32,46,2,5,20
12903,MC_SC_17_s03L_12903,37,4,3,1,2,0,0,72,40,0,27,3,13,1,0,4,0,15,6
12904,MC_SC_17_s03L_12904,37,4,2,0,15,0,16,49,33,0,38,3,12,0,0,0,4,17,8
12905,MC_SC_17_s03L_12905,37,3,2,18,3,0,0,2,6,2,7,0,11,51,0,4,0,10,29
12906,MC_SC_17_s03L_12906,37,3,2,22,1,0,6,14,16,0,11,1,9,20,0,5,0,0,0
12907,MC_SC_17_s03L_12907,37,4,4,120,67,0,43,3,35,2,43,1,14,68,3,41,11,21,43
12908,MC_SC_17_s03L_12908,37,2,1,65,12,0,10,3,15,0,11,6,18,15,0,11,0,42,18
12909,MC_SC_17_s03L_12909,37,4,4,45,38,2,15,2,50,2,27,0,8,34,4,33,11,11,20
12910,MC_SC_17_s03L_12910,37,4,2,0,26,0,1,0,3,0,5,1,6,10,0,21,0,3,1
12911,MC_SC_17_s03L_12911,37,3,1,1,5,0,1,0,1,0,0,0,0,7,0,0,8,4,0
12912,MC_SC_17_s03L_12912,37,1,1,21,8,0,0,0,46,0,3,2,32,30,0,6,0,3,8
12913,MC_SC_17_s03L_12913,37,4,4,36,13,0,6,2,11,0,40,20,29,56,0,17,2,45,29
12914,MC_SC_17_s03L_12914,37,2,2,12,22,0,41,2,5,0,31,5,10,32,0,7,0,15,8
12915,MC_SC_17_s03L_12915,37,4,3,0,44,0,14,2,7,3,0,35,32,54,7,30,2,30,4
12916,MC_SC_17_s03L_12916,37,3,1,1,6,0,0,62,28,0,15,8,24,5,0,1,0,0,1
12917,MC_SC_17_s03L_12917,37,2,1,41,17,0,1,41,15,0,1,10,29,2,0,4,0,23,2
12918,MC_SC_17_s03L_12918,37,2,2,8,0,0,4,0,5,0,17,11,19,23,0,6,0,23,12
12919,MC_SC_17_s03L_12919,37,1,1,0,0,0,0,0,0,0,0,0,0,0,0,0,0,0,0
12920,MC_SC_17_s03L_12920,37,4,2,77,21,0,9,29,52,0,20,12,28,56,7,41,3,57,61
12921,MC_SC_17_s03L_12921,37,1,1,0,0,0,0,0,0,0,0,0,0,0,0,0,0,0,0
12922,MC_SC_17_s03L_12922,37,2,1,27,3,0,4,2,11,0,1,0,17,1,2,6,0,12,26
12923,MC_SC_17_s03L_12923,37,1,1,0,2,0,1,0,0,0,0,0,0,0,0,0,1,0,0
12924,MC_SC_17_s03L_12924,37,3,3,0,6,0,4,0,0,0,0,0,7,1,0,0,0,15,0
12925,MC_SC_17_s03L_12925,37,3,1,23,8,0,1,25,13,0,1,1,21,16,0,3,0,22,0
12926,MC_SC_17_s03L_12926,37,4,3,53,25,0,10,59,92,0,25,12,50,20,2,13,35,82,21
12927,MC_SC_17_s03L_12927,37,3,2,44,1,0,25,6,20,3,38,1,49,53,41,14,20,71,36
12928,MC_SC_17_s03L_12928,37,2,2,58,6,0,17,3,36,4,38,23,13,58,23,49,20,34,30
12929,MC_SC_17_s03L_12929,37,4,3,0,18,0,8,11,46,6,33,2,18,41,16,21,13,5,6
12930,MC_SC_17_s03L_12930,37,1,1,0,6,0,9,0,0,0,0,0,1,2,0,2,0,5,0
12931,MC_SC_17_s03L_12931,37,4,3,24,2,0,23,3,8,0,53,42,29,40,3,16,9,61,26
12932,MC_SC_17_s03L_12932,37,3,1,127,12,0,9,9,37,6,55,13,75,63,31,10,34,110,53
12933,MC_SC_17_s03L_12933,37,3,1,72,8,0,2,35,103,2,19,0,33,17,16,12,9,56,23
12934,MC_SC_17_s03L_12934,37,4,2,3,27,0,4,53,36,46,38,2,23,5,29,15,58,53,17
12935,MC_SC_17_s03L_12935,37,4,2,28,19,0,3,1,9,0,24,22,16,39,21,19,6,7,5
12936,MC_SC_17_s03L_12936,37,4,3,0,58,0,34,6,0,3,7,1,11,0,0,11,0,12,11
12937,MC_SC_17_s03L_12937,37,4,3,0,2,0,0,0,0,0,0,0,1,0,0,0,0,8,0
12938,MC_SC_17_s03L_12938,37,3,2,0,2,0,9,59,4,1,5,21,10,0,0,2,0,0,0
12939,MC_SC_17_s03L_12939,37,4,3,0,5,0,0,1,0,5,0,0,2,1,0,1,0,21,0
12940,MC_SC_17_s03L_12940,37,1,1,51,5,0,0,5,15,2,10,1,13,8,0,9,4,15,31
12941,MC_SC_17_s03L_12941,37,3,2,45,27,0,0,3,14,0,3,13,27,18,26,42,30,16,41
12942,MC_SC_17_s03L_12942,37,4,4,5,67,0,0,22,17,16,6,11,56,130,24,22,58,83,2
12943,MC_SC_17_s03L_12943,37,4,2,0,34,0,11,3,2,3,1,1,10,29,4,3,11,38,26
12944,MC_SC_17_s03L_12944,37,4,2,16,0,0,16,9,0,0,31,4,37,41,16,13,14,15,16
12945,MC_SC_17_s03L_12945,37,4,2,0,21,0,11,1,0,0,4,3,8,5,4,24,4,0,15
12946,MC_SC_17_s03L_12946,37,4,3,8,8,0,0,64,31,17,1,11,45,30,33,28,25,23,2
12947,MC_SC_17_s03L_12947,37,4,2,55,6,0,12,40,106,3,26,13,60,19,7,28,20,27,13
12948,MC_SC_17_s03L_12948,37,4,2,88,33,0,0,6,55,13,19,1,48,5,8,0,9,67,34
12949,MC_SC_17_s03L_12949,37,4,3,63,14,0,9,42,65,4,29,15,55,39,7,14,20,49,27
12950,MC_SC_17_s03L_12950,37,4,4,12,41,0,9,22,11,152,23,2,33,8,93,62,179,57,69
12951,MC_SC_17_s03L_12951,37,1,1,0,11,0,1,33,9,1,0,4,18,3,0,4,0,9,0
12952,MC_SC_17_s03L_12952,37,1,1,0,17,0,11,0,0,0,0,12,3,9,0,10,2,7,0
12953,MC_SC_17_s03L_12953,37,4,3,37,16,3,9,13,12,23,7,12,20,21,26,10,44,17,5
12954,MC_SC_17_s03L_12954,37,4,2,1,11,0,3,1,0,0,0,5,15,30,0,10,2,38,8
12955,MC_SC_17_s03L_12955,37,4,3,46,19,0,10,3,55,0,0,12,25,31,57,16,28,12,43
12956,MC_SC_17_s03L_12956,37,3,2,1,46,0,5,2,4,0,1,2,29,23,7,13,9,51,5
12957,MC_SC_17_s03L_12957,37,4,2,147,41,8,41,32,64,17,38,18,41,110,34,76,19,72,32
12958,MC_SC_17_s03L_12958,37,3,2,39,23,0,10,3,31,0,2,38,49,38,12,9,9,19,40
12959,MC_SC_17_s03L_12959,37,1,1,28,4,0,0,1,1,0,0,0,18,7,0,13,0,19,26
12960,MC_SC_17_s03L_12960,37,2,1,0,7,0,6,0,0,0,6,11,5,27,0,2,6,0,2
12961,MC_SC_17_s03L_12961,37,4,2,95,19,3,38,11,79,26,4,9,22,22,38,49,43,4,15
12962,MC_SC_17_s03L_12962,37,4,3,9,14,0,50,56,41,215,32,119,30,70,6,40,23,16,7
12963,MC_SC_17_s03L_12963,37,2,1,0,8,0,41,6,0,0,0,0,0,6,0,1,0,2,2
12964,MC_SC_17_s03L_12964,37,3,2,59,14,4,1,2,20,12,1,4,26,29,15,0,16,37,23
12965,MC_SC_17_s03L_12965,37,4,4,3,33,5,12,65,38,7,44,14,11,10,59,49,43,22,13
12966,MC_SC_17_s03L_12966,37,4,4,152,120,1,79,39,85,11,68,31,63,80,63,75,24,61,72
12967,MC_SC_17_s03L_12967,37,4,4,1,8,0,16,37,128,101,5,16,6,32,0,2,13,0,1
12968,MC_SC_17_s03L_12968,37,1,1,0,0,0,0,0,0,0,0,0,0,0,2,0,0,0,0
12969,MC_SC_17_s03L_12969,37,3,1,0,0,0,0,23,0,0,3,0,5,0,0,0,0,0,0
12970,MC_SC_17_s03L_12970,37,4,2,0,9,0,8,30,6,26,5,3,11,0,0,6,2,5,1
12971,MC_SC_17_s03L_12971,37,4,4,0,20,0,1,0,0,0,0,0,0,0,0,4,0,3,0
12972,MC_SC_17_s03L_12972,37,4,3,180,31,4,38,70,43,13,31,0,29,35,45,35,12,19,63
12973,MC_SC_17_s03L_12973,37,3,1,3,16,1,1,66,25,4,3,3,27,5,0,3,7,1,0
12974,MC_SC_17_s03L_12974,37,1,1,8,9,0,0,27,7,6,46,19,14,14,5,1,11,25,4
12975,MC_SC_17_s03L_12975,37,4,3,0,10,0,3,3,0,2,2,2,14,11,5,17,2,42,13
12976,MC_SC_17_s03L_12976,37,4,2,89,27,5,21,37,19,6,26,5,29,10,63,46,16,15,8
12977,MC_SC_17_s03L_12977,37,4,2,0,0,0,0,11,0,0,4,0,1,0,0,0,0,0,0
12978,MC_SC_17_s03L_12978,37,1,1,21,9,0,6,10,14,48,5,0,5,0,31,0,14,1,2
12979,MC_SC_17_s03L_12979,37,2,1,6,1,0,3,3,1,0,0,0,3,2,2,0,0,0,0
12980,MC_SC_17_s03L_12980,37,4,3,296,109,15,64,35,190,39,77,2,80,22,40,92,40,70,57
12981,MC_SC_17_s03L_12981,37,1,1,0,0,0,0,0,0,0,0,0,0,0,2,0,0,0,0
12982,MC_SC_17_s03L_12982,37,4,3,75,58,1,25,30,38,4,14,16,15,29,32,26,0,24,16
12983,MC_SC_17_s03L_12983,37,4,3,5,11,0,17,7,7,12,3,1,8,7,4,45,18,23,0
12984,MC_SC_17_s03L_12984,37,4,3,36,32,0,0,9,11,0,6,13,19,27,6,23,8,18,36
12985,MC_SC_17_s03L_12985,37,4,3,0,108,0,15,0,4,0,0,1,21,42,2,7,3,13,1
12986,MC_SC_17_s03L_12986,37,4,3,1,1,0,6,45,17,0,31,6,23,0,0,2,0,2,2
12987,MC_SC_17_s03L_12987,37,4,2,0,12,0,14,1,0,0,0,5,3,10,4,10,0,11,21
12988,MC_SC_17_s03L_12988,37,2,1,0,14,0,10,0,0,0,0,0,4,6,0,3,0,10,9
12989,MC_SC_17_s03L_12989,37,4,3,0,151,3,9,2,2,6,0,2,11,65,9,15,5,22,0
12990,MC_SC_17_s03L_12990,37,3,2,0,12,0,40,10,2,0,1,7,15,10,0,13,2,8,27
12991,MC_SC_17_s03L_12991,37,4,2,93,25,0,2,61,29,0,1,2,13,2,0,6,4,10,28
12992,MC_SC_17_s03L_12992,37,1,1,0,0,0,0,0,0,0,0,0,0,0,0,0,0,0,1
12993,MC_SC_17_s03L_12993,37,3,2,0,5,0,1,15,2,0,2,0,2,0,0,4,2,0,3
12994,MC_SC_17_s03L_12994,37,3,3,46,8,0,11,0,21,0,5,3,13,21,2,5,7,13,21
12995,MC_SC_17_s03L_12995,37,4,2,27,32,0,0,1,5,0,0,0,8,20,0,2,0,21,9
12996,MC_SC_17_s03L_12996,37,4,4,165,52,9,24,22,111,27,54,2,47,18,7,45,30,13,36
12997,MC_SC_17_s03L_12997,37,2,1,39,18,0,28,0,51,0,1,9,26,23,2,14,5,0,0
12998,MC_SC_17_s03L_12998,37,3,1,1,19,0,0,51,11,0,0,11,17,2,0,16,0,12,0
12999,MC_SC_17_s03L_12999,37,3,2,0,11,0,40,1,16,0,18,4,3,24,0,10,0,7,23
13000,MC_SC_17_s03L_13000,37,4,2,88,77,0,11,1,21,0,4,16,13,3,3,23,8,28,26
13001,MC_SC_17_s03L_13001,37,4,4,60,9,0,0,5,18,0,6,0,15,12,16,12,6,10,19
13002,MC_SC_17_s03L_13002,37,3,1,0,4,0,0,35,12,0,0,4,9,2,0,3,0,0,0
13003,MC_SC_17_s03L_13003,37,1,1,0,0,0,0,0,1,0,0,0,0,0,0,0,0,0,0
13004,MC_SC_17_s03L_13004,37,4,3,0,27,0,62,1,5,0,17,3,5,40,0,27,7,0,37
13005,MC_SC_17_s03L_13005,37,1,1,0,8,0,0,3,1,0,2,0,0,0,0,0,2,1,0
13006,MC_SC_17_s03L_13006,37,4,2,0,36,0,17,5,2,19,10,1,19,6,17,17,15,24,10
13007,MC_SC_17_s03L_13007,37,1,1,19,5,0,0,3,13,0,0,0,1,0,0,0,0,0,0
13008,MC_SC_17_s03L_13008,37,3,1,0,0,0,21,0,0,0,0,2,1,10,0,12,0,35,0
13009,MC_SC_17_s03L_13009,37,1,1,0,0,0,4,0,29,0,1,0,0,1,0,1,0,0,0
13010,MC_SC_17_s03L_13010,37,3,1,11,9,0,2,4,13,0,0,0,1,2,0,1,0,0,0
13011,MC_SC_17_s03L_13011,37,1,1,0,0,0,0,0,56,0,5,0,1,14,0,6,0,0,2
13012,MC_SC_17_s03L_13012,37,4,2,103,23,2,1,64,62,0,2,0,23,4,3,11,7,5,10
13013,MC_SC_17_s03L_13013,37,4,1,30,3,0,5,7,21,0,4,7,10,22,0,11,0,16,12
13014,MC_SC_17_s03L_13014,37,4,2,0,22,0,27,2,1,0,21,0,5,15,0,6,0,3,1
13015,MC_SC_17_s03L_13015,37,4,4,0,3,0,0,4,3,53,0,0,0,0,0,0,2,0,0
13016,MC_SC_17_s03L_13016,37,1,1,2,0,0,0,0,1,0,0,0,1,8,0,0,0,0,0
13017,MC_SC_17_s03L_13017,37,4,2,0,8,0,3,66,55,0,1,22,20,4,13,10,2,15,1
13018,MC_SC_17_s03L_13018,37,4,3,0,1,0,42,0,0,0,0,0,0,0,0,8,4,53,0
13019,MC_SC_17_s03L_13019,37,1,1,16,5,0,2,1,7,0,2,0,3,3,3,5,0,0,3
13020,MC_SC_17_s03L_13020,37,3,2,1,4,0,21,71,27,0,2,14,12,1,0,19,2,20,0
13021,MC_SC_17_s03L_13021,37,4,3,0,283,2,91,5,86,29,30,8,46,208,102,139,95,66,22
13022,MC_SC_17_s03L_13022,37,4,1,14,66,0,60,3,17,12,7,12,31,87,73,38,16,23,3
13023,MC_SC_17_s03L_13023,37,4,2,0,6,0,46,22,19,0,39,3,15,29,11,23,3,2,38
13024,MC_SC_17_s03L_13024,37,4,2,0,4,0,5,1,2,65,2,0,3,15,20,13,37,1,4
13025,MC_SC_17_s03L_13025,37,2,2,2,28,0,12,10,6,3,1,10,15,2,3,9,4,5,0
13026,MC_SC_17_s03L_13026,37,4,4,0,60,0,40,11,1,53,11,0,0,0,0,39,28,27,26
13027,MC_SC_17_s03L_13027,37,4,3,1,39,0,0,0,3,0,0,0,7,26,2,1,4,12,0
13028,MC_SC_17_s03L_13028,37,3,2,0,6,0,1,58,16,3,0,3,10,2,0,10,2,0,0
13029,MC_SC_17_s03L_13029,37,1,1,0,5,0,0,1,0,0,0,0,0,0,1,0,3,0,0
13030,MC_SC_17_s03L_13030,37,1,1,0,0,0,0,1,1,0,1,0,0,0,0,1,0,0,0
13031,MC_SC_17_s03L_13031,37,4,2,1,0,0,1,57,21,1,8,4,13,1,0,0,1,0,0
13032,MC_SC_17_s03L_13032,37,3,1,0,15,0,12,12,2,0,6,1,17,31,5,12,3,20,7
13033,MC_SC_17_s03L_13033,37,1,1,0,6,0,1,18,7,0,6,2,2,1,0,0,0,6,0
13034,MC_SC_17_s03L_13034,37,2,2,0,17,0,15,8,4,25,3,0,2,0,1,5,5,0,0
13035,MC_SC_17_s03L_13035,37,4,3,0,65,3,52,10,81,2,29,15,25,63,30,38,21,7,5
13036,MC_SC_17_s03L_13036,37,4,3,0,38,0,56,46,83,2,23,0,0,0,0,35,9,0,8
13037,MC_SC_17_s03L_13037,37,2,2,1,0,25,2,4,1,65,0,0,4,0,5,2,41,2,8
13038,MC_SC_17_s03L_13038,37,3,2,0,2,0,18,3,63,3,7,9,24,3,0,16,3,11,11
13039,MC_SC_17_s03L_13039,37,4,2,1,10,0,16,1,0,6,1,1,10,18,10,16,4,18,19
13040,MC_SC_17_s03L_13040,37,4,4,0,45,0,21,0,0,0,0,0,0,0,0,80,34,12,3
13041,MC_SC_17_s03L_13041,37,1,1,0,0,10,1,1,0,22,0,0,11,1,0,0,17,0,3
13042,MC_SC_17_s03L_13042,37,4,4,0,48,0,42,62,74,4,31,0,0,0,0,47,14,30,25
13043,MC_SC_17_s03L_13043,37,4,4,0,34,0,70,0,0,0,0,0,0,0,0,66,10,10,19
13044,MC_SC_17_s03L_13044,37,4,3,0,26,0,81,1,0,0,21,1,5,6,0,39,9,15,47
13045,MC_SC_17_s03L_13045,37,4,2,44,45,0,11,2,33,2,11,1,15,33,11,31,5,27,1
13046,MC_SC_17_s03L_13046,37,4,3,0,89,0,7,81,8,2,9,3,1,7,16,25,2,54,29
13047,MC_SC_17_s03L_13047,37,1,1,0,0,0,0,0,0,0,2,0,0,0,3,0,0,0,0
13048,MC_SC_17_s03L_13048,37,4,3,11,16,0,30,0,12,0,37,0,0,0,0,30,7,8,5
13049,MC_SC_17_s03L_13049,37,4,1,0,9,0,0,2,0,6,5,2,5,20,0,10,2,27,8
13050,MC_SC_17_s03L_13050,37,4,4,0,39,0,103,0,0,0,0,0,0,0,0,1,0,46,18
13051,MC_SC_17_s03L_13051,37,4,3,0,98,0,114,11,12,32,18,17,11,60,45,63,17,50,94
13052,MC_SC_17_s03L_13052,37,4,4,0,15,0,18,0,0,0,0,0,0,0,0,31,0,13,2
13053,MC_SC_17_s03L_13053,37,4,3,0,51,9,173,3,29,2,48,4,4,18,73,52,7,13,21
13054,MC_SC_17_s03L_13054,37,1,1,1,9,0,5,8,0,0,1,0,3,0,0,0,0,1,0
13055,MC_SC_17_s03L_13055,37,4,2,0,20,0,72,3,2,4,7,15,10,29,5,12,9,44,3
13056,MC_SC_17_s03L_13056,37,2,1,0,0,0,0,1,3,16,5,1,2,3,2,1,14,1,22
13057,MC_SC_17_s03L_13057,37,1,1,0,1,0,11,1,6,0,1,0,0,2,0,0,0,0,0
13058,MC_SC_17_s03L_13058,37,4,2,0,30,0,71,0,5,0,1,16,7,34,2,7,3,19,3
13059,MC_SC_17_s03L_13059,37,4,2,0,36,0,29,8,0,5,9,11,7,29,0,8,2,16,20
13060,MC_SC_17_s03L_13060,37,4,3,30,9,0,10,23,17,0,0,0,0,0,0,7,0,33,10
13061,MC_SC_17_s03L_13061,37,1,1,1,0,0,1,0,13,0,0,0,0,2,0,0,0,0,0
13062,MC_SC_17_s03L_13062,37,4,3,0,57,1,78,1,55,0,2,0,0,28,56,30,4,14,2
13063,MC_SC_17_s03L_13063,37,4,3,0,2,0,5,22,31,0,7,0,0,0,0,9,2,2,8
13064,MC_SC_17_s03L_13064,37,4,2,0,25,0,37,7,43,4,2,1,23,23,0,9,5,10,2
13065,MC_SC_17_s03L_13065,37,1,1,2,1,0,0,0,1,0,0,2,0,1,0,0,0,0,0
13066,MC_SC_17_s03L_13066,37,3,1,0,12,0,3,1,2,24,13,1,3,61,0,4,2,94,11
13067,MC_SC_17_s03L_13067,37,4,3,1,59,0,65,5,135,7,5,0,0,0,0,47,13,0,9
13068,MC_SC_17_s03L_13068,37,4,4,0,24,0,133,4,78,177,11,0,0,0,0,78,61,343,96
13069,MC_SC_17_s03L_13069,37,2,1,17,13,0,23,0,2,2,0,9,2,2,0,0,0,0,0
13070,MC_SC_17_s03L_13070,37,1,1,0,0,0,0,0,0,2,0,1,2,1,0,0,0,0,0
13071,MC_SC_17_s03L_13071,37,2,2,1,1,0,18,0,8,9,5,1,1,4,12,0,0,0,3
13072,MC_SC_17_s03L_13072,37,1,1,0,0,0,0,0,0,0,0,0,0,0,0,0,0,0,0
13073,MC_SC_17_s03L_13073,37,1,1,12,8,0,4,0,0,0,2,2,0,0,0,3,11,0,0
13074,MC_SC_17_s03L_13074,37,2,1,0,2,0,2,0,1,4,6,0,0,1,0,0,0,14,0
13075,MC_SC_17_s03L_13075,37,4,3,4,66,0,64,6,1,61,2,0,0,0,0,12,12,116,18
13076,MC_SC_17_s03L_13076,37,4,4,54,35,0,17,0,0,0,0,0,0,0,0,27,42,8,1
13077,MC_SC_17_s03L_13077,37,4,4,167,80,0,6,7,18,141,6,0,0,0,0,38,286,15,53
13078,MC_SC_17_s03L_13078,37,4,4,0,93,0,118,0,0,0,0,0,0,0,0,50,25,68,72
13079,MC_SC_17_s03L_13079,37,4,4,0,49,0,125,0,0,0,0,0,0,0,0,110,21,15,13
13080,MC_SC_17_s03L_13080,37,4,3,0,8,0,58,3,2,31,28,0,0,0,0,8,0,31,1
13081,MC_SC_17_s03L_13081,37,1,1,0,0,0,0,1,0,0,0,0,0,1,0,0,0,0,0
13082,MC_SC_17_s03L_13082,37,4,2,0,39,0,59,2,3,37,0,8,8,33,43,12,4,78,14
13083,MC_SC_17_s03L_13083,37,1,1,0,1,0,0,1,1,11,0,0,3,14,0,4,0,22,0
13084,MC_SC_17_s03L_13084,37,4,3,0,21,0,66,6,26,93,3,0,0,0,0,29,39,136,23
13085,MC_SC_17_s03L_13085,37,4,3,0,21,0,71,4,15,31,14,0,0,0,0,25,0,2,8
13086,MC_SC_17_s03L_13086,37,4,4,0,22,0,71,0,0,51,3,0,0,0,0,15,7,80,68
13087,MC_SC_17_s03L_13087,37,4,4,73,73,0,10,5,11,163,5,0,0,0,0,80,439,37,49
13088,MC_SC_17_s03L_13088,37,4,3,0,43,0,94,2,21,58,20,0,0,0,0,39,7,164,1
13089,MC_SC_17_s03L_13089,37,1,1,0,14,0,0,0,1,15,3,0,0,0,0,0,0,5,0
13090,MC_SC_17_s03L_13090,37,4,2,0,6,0,11,0,3,0,0,0,0,2,0,3,0,26,1
13091,MC_SC_17_s03L_13091,37,4,3,2,41,0,189,38,245,270,72,0,0,0,0,71,4,15,0
13092,MC_SC_17_s03L_13092,37,4,2,0,16,0,54,4,15,28,4,2,18,9,4,10,5,43,1
13093,MC_SC_17_s03L_13093,37,1,1,13,1,0,0,0,0,0,1,1,1,0,12,0,27,0,0
13094,MC_SC_17_s03L_13094,37,4,3,0,46,0,17,14,16,2,15,0,0,0,0,5,14,13,2
13095,MC_SC_17_s03L_13095,37,1,1,0,0,0,18,0,1,0,4,0,0,2,0,3,2,80,4
13096,MC_SC_17_s03L_13096,37,4,3,53,82,0,2,12,41,17,19,20,18,23,91,30,212,45,58
13097,MC_SC_17_s03L_13097,37,1,1,0,0,0,1,1,0,2,2,0,0,1,0,4,0,9,2
13098,MC_SC_17_s03L_13098,37,1,1,0,5,0,8,16,0,0,0,0,0,0,0,0,0,0,0
13099,MC_SC_17_s03L_13099,37,1,1,0,12,3,119,35,12,0,16,4,19,43,17,20,2,30,41
13100,MC_SC_17_s03L_13100,37,4,4,0,114,0,29,0,0,0,0,0,0,0,0,65,17,56,16
13101,MC_SC_17_s03L_13101,37,4,3,0,96,34,293,149,351,64,61,0,0,0,0,68,0,0,1
13102,MC_SC_17_s03L_13102,37,1,1,0,2,0,0,25,0,0,19,4,13,3,0,1,0,0,0
13103,MC_SC_17_s03L_13103,37,4,3,8,29,2,57,3,2,21,3,0,0,0,0,2,46,0,4
13104,MC_SC_17_s03L_13104,37,4,4,0,19,0,41,0,0,0,0,0,0,0,0,36,11,85,75
13105,MC_SC_17_s03L_13105,37,4,4,71,31,0,3,7,27,143,6,0,0,0,0,17,119,41,22
13106,MC_SC_17_s03L_13106,37,4,2,0,9,0,15,49,35,0,27,0,0,0,0,1,20,6,3
13107,MC_SC_17_s03L_13107,37,4,2,0,83,0,110,4,0,69,15,0,0,0,0,18,29,290,80
13108,MC_SC_17_s03L_13108,37,4,3,0,0,0,0,0,0,0,0,0,0,0,0,0,0,0,0
13109,MC_SC_17_s03L_13109,37,3,2,0,16,0,1,0,0,0,0,2,2,13,1,12,0,0,0
13110,MC_SC_17_s03L_13110,37,4,3,0,104,0,197,8,75,4,35,0,0,0,0,69,8,35,1
13111,MC_SC_17_s03L_13111,37,4,3,0,20,0,52,9,57,0,25,0,0,0,0,37,3,2,6
13112,MC_SC_17_s03L_13112,37,2,1,45,34,0,4,0,0,2,14,0,3,42,22,31,64,3,5
13113,MC_SC_17_s03L_13113,37,4,4,0,124,0,0,0,0,0,0,0,0,0,0,10,26,265,67
13114,MC_SC_17_s03L_13114,37,4,3,0,50,0,1,0,0,0,0,0,0,0,0,26,24,184,39
13115,MC_SC_17_s03L_13115,37,4,4,51,47,0,23,4,7,17,2,0,0,0,0,6,111,3,10
13116,MC_SC_17_s03L_13116,37,4,2,1,30,0,18,0,3,0,1,6,3,27,3,20,10,78,13
13117,MC_SC_17_s03L_13117,37,2,1,41,7,0,13,5,5,0,0,3,11,0,0,21,0,34,17
13118,MC_SC_17_s03L_13118,37,1,1,18,12,0,1,3,0,0,2,8,6,2,0,10,102,1,4
13119,MC_SC_17_s03L_13119,37,4,4,1,81,0,59,0,7,69,0,0,0,0,0,129,52,69,73
13120,MC_SC_17_s03L_13120,37,4,4,0,10,0,8,0,0,0,0,0,0,0,0,4,0,0,0
13121,MC_SC_17_s03L_13121,37,4,2,0,18,0,22,0,0,1,10,0,0,0,0,12,2,0,0
13122,MC_SC_17_s03L_13122,37,4,3,0,7,0,8,0,0,23,9,0,0,0,0,13,14,18,8
13123,MC_SC_17_s03L_13123,37,4,1,0,2,0,0,1,1,0,3,0,0,10,0,0,0,8,1
13124,MC_SC_17_s03L_13124,37,3,2,0,22,0,37,2,0,3,0,3,1,15,0,21,0,62,34
13125,MC_SC_17_s03L_13125,37,2,1,0,0,0,22,0,0,0,0,0,3,0,0,16,0,0,16
13126,MC_SC_17_s03L_13126,37,4,3,0,263,0,361,6,0,373,31,0,0,0,0,311,67,98,125
13127,MC_SC_17_s03L_13127,37,1,1,24,0,0,0,0,3,4,2,6,4,2,3,2,2,0,0
13128,MC_SC_17_s03L_13128,37,1,1,0,2,0,0,0,0,0,0,0,0,0,0,0,0,0,0
13129,MC_SC_17_s03L_13129,37,4,4,57,48,2,67,0,0,0,0,0,0,0,0,13,37,23,24
13130,MC_SC_17_s03L_13130,37,1,1,0,14,0,16,2,0,49,2,0,0,1,1,40,0,3,10
13131,MC_SC_17_s03L_13131,37,4,4,106,90,0,176,9,14,139,7,0,0,0,0,107,50,32,7
13132,MC_SC_17_s03L_13132,37,3,2,0,11,0,16,1,0,0,0,0,0,0,0,1,0,4,0
13133,MC_SC_17_s03L_13133,37,1,1,0,4,0,42,25,0,0,1,3,9,6,0,10,2,1,0
13134,MC_SC_17_s03L_13134,37,1,1,0,3,0,3,1,1,0,0,0,3,3,0,4,0,16,1
13135,MC_SC_17_s03L_13135,37,4,4,106,77,1,4,0,0,0,0,0,0,0,0,67,122,20,25
13136,MC_SC_17_s03L_13136,37,4,4,99,65,0,50,0,0,0,0,0,0,0,0,10,279,10,39
13137,MC_SC_17_s03L_13137,37,2,1,0,16,0,17,31,0,1,9,2,7,19,0,9,2,4,0
13138,MC_SC_17_s03L_13138,37,4,4,0,109,0,8,24,35,256,99,0,0,0,0,36,99,319,95
13139,MC_SC_17_s03L_13139,37,1,1,2,60,81,22,0,0,0,0,0,0,0,0,0,0,0,0
13140,MC_SC_17_s03L_13140,37,4,4,0,109,0,73,0,0,0,0,0,0,0,0,8,4,183,40
13141,MC_SC_17_s03L_13141,37,2,2,0,1,0,38,36,1,38,4,10,7,18,0,16,9,22,1
13142,MC_SC_17_s03L_13142,37,3,2,0,11,0,53,13,0,11,1,0,3,16,1,5,12,10,0
13143,MC_SC_17_s03L_13143,37,4,4,78,95,5,124,0,0,0,0,0,0,0,0,71,273,24,26
13144,MC_SC_17_s03L_13144,37,4,4,41,42,1,26,0,0,0,0,0,0,0,0,30,182,34,25
13145,MC_SC_17_s03L_13145,37,4,4,0,160,0,2,0,0,0,0,0,0,0,0,9,136,288,91
13146,MC_SC_17_s03L_13146,37,4,1,0,16,0,21,0,1,0,1,0,15,21,0,5,0,63,19
13147,MC_SC_17_s03L_13147,37,3,2,0,26,0,116,0,1,0,1,0,0,2,22,0,0,57,15
13148,MC_SC_17_s03L_13148,37,2,2,0,11,0,14,5,0,19,13,0,0,0,0,9,7,10,35
13149,MC_SC_17_s03L_13149,37,4,3,0,28,0,31,4,4,92,1,0,0,0,0,46,75,23,1
13150,MC_SC_17_s03L_13150,37,4,3,69,50,0,82,8,4,0,14,0,0,0,0,44,124,10,20
13151,MC_SC_17_s03L_13151,37,3,2,0,8,0,7,6,0,0,4,0,0,0,0,13,0,0,3
13152,MC_SC_17_s03L_13152,37,4,2,0,67,0,124,11,1,72,9,0,0,0,0,18,9,157,49
13153,MC_SC_17_s03L_13153,37,3,2,0,3,0,25,7,0,0,0,0,0,0,0,7,0,2,1
13154,MC_SC_17_s03L_13154,37,4,2,0,3,0,7,0,0,0,0,0,0,0,0,0,0,0,0
13155,MC_SC_17_s03L_13155,37,4,4,0,12,0,35,0,0,0,0,0,0,0,0,5,19,56,19
13156,MC_SC_17_s03L_13156,37,4,3,0,27,0,34,1,23,75,2,0,0,0,0,16,39,62,2
13157,MC_SC_17_s03L_13157,37,4,3,51,63,24,109,2,18,147,18,0,0,0,0,99,284,50,33
13158,MC_SC_17_s03L_13158,38,3,2,26,0,6,2,0,5,2,0,0,0,0,0,0,0,0,0
13159,MC_SC_17_s03L_13159,38,1,1,0,2,13,8,0,7,0,0,0,1,3,0,0,0,18,0
13160,MC_SC_17_s03L_13160,38,3,2,0,2,0,42,42,0,6,0,1,15,52,26,8,3,8,19
13161,MC_SC_17_s03L_13161,38,3,3,56,11,0,40,9,89,0,29,2,16,72,39,0,0,0,0
13162,MC_SC_17_s03L_13162,38,3,3,19,4,0,60,0,0,0,0,0,0,0,0,30,40,3,22
13163,MC_SC_17_s03L_13163,38,3,3,0,2,0,83,10,5,58,5,19,31,66,7,4,2,68,43
13164,MC_SC_17_s03L_13164,38,3,3,0,6,0,76,17,55,14,0,18,19,114,98,0,0,0,0
13165,MC_SC_17_s03L_13165,38,3,2,3,0,0,7,0,1,0,0,0,0,2,0,0,0,0,0
13166,MC_SC_17_s03L_13166,38,3,3,1,10,0,9,30,13,0,3,3,12,25,33,3,27,3,0
13167,MC_SC_17_s03L_13167,38,1,1,0,0,0,0,0,5,0,0,0,2,1,0,6,0,0,0
13168,MC_SC_17_s03L_13168,38,3,3,1,0,0,15,52,3,2,3,7,11,44,0,3,2,3,0
13169,MC_SC_17_s03L_13169,38,3,2,0,0,0,14,10,2,13,0,0,0,16,35,12,27,0,0
13170,MC_SC_17_s03L_13170,38,3,2,20,4,0,12,22,11,17,4,0,1,5,0,0,0,0,0
13171,MC_SC_17_s03L_13171,38,1,1,7,0,0,0,3,2,0,0,0,0,0,0,0,0,0,0
13172,MC_SC_17_s03L_13172,38,3,3,45,0,0,5,0,0,0,0,0,0,0,0,2,0,0,0
13173,MC_SC_17_s03L_13173,38,2,1,0,2,0,14,73,9,2,1,2,4,5,0,0,0,3,0
13174,MC_SC_17_s03L_13174,38,3,3,0,1,0,8,0,3,37,0,0,0,0,0,5,45,9,0
13175,MC_SC_17_s03L_13175,38,3,2,0,17,0,72,4,0,43,10,6,18,9,0,0,0,0,1
13176,MC_SC_17_s03L_13176,38,3,3,0,3,0,53,0,0,7,1,0,0,2,1,0,3,3,0
13177,MC_SC_17_s03L_13177,38,3,2,88,16,0,51,101,4,0,1,8,22,4,2,5,5,6,1
13178,MC_SC_17_s03L_13178,38,1,1,0,1,0,10,0,4,0,1,0,0,0,1,0,0,0,0
13179,MC_SC_17_s03L_13179,38,3,1,0,21,0,83,3,2,75,10,2,9,42,0,0,0,0,0
13180,MC_SC_17_s03L_13180,38,3,3,41,0,0,21,15,3,4,0,2,4,14,2,0,35,0,0
13181,MC_SC_17_s03L_13181,38,3,2,0,1,0,1,0,1,0,0,0,0,0,0,0,0,0,0
13182,MC_SC_17_s03L_13182,38,3,3,0,6,0,64,0,4,39,16,8,9,23,2,0,2,0,0
13183,MC_SC_17_s03L_13183,38,1,1,0,2,10,41,1,15,38,8,0,2,8,34,0,0,0,0
13184,MC_SC_17_s03L_13184,38,3,2,0,12,0,85,1,195,3,3,0,10,17,22,8,0,0,5
13185,MC_SC_17_s03L_13185,38,3,3,0,2,0,55,0,28,1,0,0,5,52,46,0,0,0,0
13186,MC_SC_17_s03L_13186,38,2,1,14,19,0,2,7,9,0,0,1,4,3,0,11,0,3,0
13187,MC_SC_17_s03L_13187,38,3,2,0,1,0,0,0,0,2,0,0,1,0,0,0,0,0,0
13188,MC_SC_17_s03L_13188,38,1,1,0,0,4,25,2,11,6,2,0,0,12,27,0,0,0,0
13189,MC_SC_17_s03L_13189,38,3,3,0,12,0,49,86,19,41,0,7,22,2,0,0,0,0,0
13190,MC_SC_17_s03L_13190,38,3,3,0,4,0,25,0,0,0,0,0,0,0,0,7,7,17,3
13191,MC_SC_17_s03L_13191,38,3,3,0,14,1,90,8,20,15,0,10,13,38,2,0,0,0,0
13192,MC_SC_17_s03L_13192,38,3,3,51,19,3,69,3,32,0,44,1,18,3,2,0,0,0,0
13193,MC_SC_17_s03L_13193,38,3,2,56,21,0,34,5,7,0,19,3,12,20,0,0,0,0,0
13194,MC_SC_17_s03L_13194,38,3,3,0,5,0,74,0,0,0,0,0,0,0,0,13,4,14,22
13195,MC_SC_17_s03L_13195,38,3,2,0,20,0,56,42,10,43,0,5,15,9,2,0,0,0,0
13196,MC_SC_17_s03L_13196,38,3,3,0,5,0,57,10,36,42,5,1,27,75,101,0,0,0,0
13197,MC_SC_17_s03L_13197,38,1,1,0,3,0,32,1,0,0,2,0,9,21,4,7,0,4,7
13198,MC_SC_17_s03L_13198,38,3,2,0,16,0,89,12,0,5,6,4,4,38,1,0,0,25,0
13199,MC_SC_17_s03L_13199,38,3,3,0,7,0,84,10,0,0,5,1,16,20,0,0,15,0,0
13200,MC_SC_17_s03L_13200,38,3,2,1,8,0,142,1,5,8,0,6,6,57,1,3,0,78,13
13201,MC_SC_17_s03L_13201,38,1,1,0,6,0,40,4,10,9,1,0,10,22,0,0,0,35,0
13202,MC_SC_17_s03L_13202,38,2,2,0,11,0,65,5,20,1,0,0,9,35,37,0,6,10,5
13203,MC_SC_17_s03L_13203,38,3,3,0,35,19,63,8,8,57,4,0,7,1,50,6,17,0,4
13204,MC_SC_17_s03L_13204,38,3,3,0,16,1,183,7,1,14,0,1,28,71,34,5,2,73,5
13205,MC_SC_17_s03L_13205,38,3,3,1,62,58,146,93,28,201,61,5,30,6,154,16,18,26,3
13206,MC_SC_17_s03L_13206,38,3,2,0,18,0,96,2,0,29,12,8,11,60,5,0,0,30,3
13207,MC_SC_17_s03L_13207,38,3,2,0,0,0,68,0,2,0,0,0,10,5,0,0,2,0,1
13208,MC_SC_17_s03L_13208,38,2,2,0,17,0,42,80,6,111,30,9,13,5,29,11,2,23,3
13209,MC_SC_17_s03L_13209,38,2,2,0,8,0,20,0,2,1,1,8,12,19,0,6,9,5,1
13210,MC_SC_17_s03L_13210,38,3,2,0,0,0,7,0,5,0,1,3,5,21,0,0,2,0,0
13211,MC_SC_17_s03L_13211,38,3,2,0,4,0,24,4,0,12,2,4,24,31,6,3,0,15,8
13212,MC_SC_17_s03L_13212,38,3,2,0,25,0,133,1,1,87,36,11,9,21,51,5,0,52,0
13213,MC_SC_17_s03L_13213,38,3,2,0,6,0,78,4,5,30,0,11,7,47,0,23,3,18,0
13214,MC_SC_17_s03L_13214,38,3,2,0,18,0,100,11,6,34,1,18,18,41,5,22,4,15,24
13215,MC_SC_17_s03L_13215,38,2,1,0,6,0,14,0,0,1,0,0,0,0,0,0,0,4,0
13216,MC_SC_17_s03L_13216,38,3,3,0,47,1,142,1,0,121,16,1,8,37,48,18,17,40,4
13217,MC_SC_17_s03L_13217,38,3,3,0,16,0,68,4,0,21,1,2,6,48,2,14,3,60,32
13218,MC_SC_17_s03L_13218,38,3,3,0,3,0,62,5,3,8,0,1,2,33,22,0,0,24,1
13219,MC_SC_17_s03L_13219,38,3,3,0,24,0,130,5,44,106,47,9,12,43,74,22,6,28,12
13220,MC_SC_17_s03L_13220,38,3,2,0,39,0,99,6,11,61,13,5,14,27,36,17,7,60,4
13221,MC_SC_17_s03L_13221,38,3,3,0,2,0,48,47,2,12,2,7,5,57,0,9,6,25,2
13222,MC_SC_17_s03L_13222,38,2,1,0,21,0,47,1,2,7,2,7,6,7,6,1,0,5,6
13223,MC_SC_17_s03L_13223,38,3,2,0,15,0,5,0,18,0,0,0,0,2,0,0,0,0,0
13224,MC_SC_17_s03L_13224,38,3,2,0,12,0,72,1,5,1,0,0,30,42,0,1,2,146,7
13225,MC_SC_17_s03L_13225,38,3,2,28,6,0,26,1,2,0,0,0,0,0,0,2,0,0,7
13226,MC_SC_17_s03L_13226,38,1,1,0,67,0,58,12,1,0,45,25,54,1,2,18,0,66,0
13227,MC_SC_17_s03L_13227,38,3,3,3,0,0,4,0,0,0,0,0,0,0,0,5,0,0,0
13228,MC_SC_17_s03L_13228,38,3,3,0,17,0,95,27,1,42,3,35,25,56,45,8,0,41,52
13229,MC_SC_17_s03L_13229,38,2,2,0,13,0,39,0,0,0,3,8,13,13,0,6,0,16,28
13230,MC_SC_17_s03L_13230,38,3,2,0,27,0,129,2,10,42,43,8,17,4,16,28,0,56,5
13231,MC_SC_17_s03L_13231,38,3,2,0,4,0,30,16,1,0,7,2,2,10,2,9,2,18,26
13232,MC_SC_17_s03L_13232,38,3,2,0,16,0,12,8,0,4,1,0,0,0,0,0,0,0,0
13233,MC_SC_17_s03L_13233,38,3,2,1,0,0,1,0,3,0,0,0,0,0,0,3,0,0,0
13234,MC_SC_17_s03L_13234,38,3,3,0,1,0,79,3,0,3,3,1,10,26,7,2,0,10,0
13235,MC_SC_17_s03L_13235,38,3,2,2,51,2,112,39,21,96,5,2,11,48,28,33,31,7,28
13236,MC_SC_17_s03L_13236,38,2,2,0,12,0,41,39,24,0,0,2,6,18,0,11,0,4,0
13237,MC_SC_17_s03L_13237,38,3,3,0,14,0,46,1,1,0,0,0,10,10,0,5,0,0,11
13238,MC_SC_17_s03L_13238,38,3,2,0,2,0,83,0,0,12,0,5,1,9,0,1,0,35,0
13239,MC_SC_17_s03L_13239,38,3,2,0,23,0,110,0,3,8,26,0,15,17,9,35,4,54,19
13240,MC_SC_17_s03L_13240,38,3,2,0,3,0,93,1,11,0,0,1,11,21,23,13,0,10,37
13241,MC_SC_17_s03L_13241,38,3,3,22,1,0,27,1,2,0,0,0,0,3,13,1,0,2,9
13242,MC_SC_17_s03L_13242,38,1,1,0,52,0,48,12,0,0,0,9,36,0,0,12,0,66,0
13243,MC_SC_17_s03L_13243,38,3,1,0,34,0,95,4,0,0,4,9,38,0,2,4,0,100,0
13244,MC_SC_17_s03L_13244,38,3,3,33,26,0,23,8,24,1,2,0,6,1,0,13,4,0,2
13245,MC_SC_17_s03L_13245,38,3,1,0,0,0,78,3,8,0,5,0,7,4,0,11,0,8,11
13246,MC_SC_17_s03L_13246,38,3,3,0,5,0,89,2,36,6,0,0,10,26,0,10,4,6,18
13247,MC_SC_17_s03L_13247,38,3,3,0,54,0,23,0,2,2,13,0,2,6,2,3,4,7,2
13248,MC_SC_17_s03L_13248,38,3,2,0,4,0,26,6,0,0,0,0,0,0,0,6,0,2,0
13249,MC_SC_17_s03L_13249,38,1,1,0,6,0,44,0,0,0,7,0,3,3,0,0,2,13,0
13250,MC_SC_17_s03L_13250,38,3,3,0,27,0,58,1,0,15,22,2,12,6,8,10,2,16,15
13251,MC_SC_17_s03L_13251,38,3,3,0,9,0,144,1,2,5,14,4,9,3,0,4,4,58,1
13252,MC_SC_17_s03L_13252,38,3,2,35,4,0,21,20,14,0,1,1,7,3,0,5,0,6,6
13253,MC_SC_17_s03L_13253,38,3,2,0,1,0,6,0,0,0,0,0,3,0,0,0,0,0,0
13254,MC_SC_17_s03L_13254,38,3,2,0,4,0,8,0,0,0,4,0,10,3,0,3,0,9,0
13255,MC_SC_17_s03L_13255,38,3,3,30,7,0,14,23,14,7,5,0,18,2,0,20,0,2,0
13256,MC_SC_17_s03L_13256,38,1,1,3,0,0,0,0,2,0,0,0,0,0,0,0,0,7,0
13257,MC_SC_17_s03L_13257,38,3,3,10,10,0,12,14,9,97,2,0,2,7,19,5,4,4,0
13258,MC_SC_17_s03L_13258,38,3,2,0,4,0,16,15,4,0,23,11,22,0,5,5,6,34,30
13259,MC_SC_17_s03L_13259,38,1,1,0,0,0,0,0,0,0,0,0,0,0,0,0,0,0,0
13260,MC_SC_17_s03L_13260,38,3,3,80,3,0,44,2,16,38,0,0,4,41,60,44,35,3,22
13261,MC_SC_17_s03L_13261,38,2,1,16,0,0,10,8,2,0,0,1,13,4,0,14,0,3,3
13262,MC_SC_17_s03L_13262,38,3,3,1,7,0,19,5,1,23,1,5,0,8,0,10,13,5,1
13263,MC_SC_17_s03L_13263,38,3,3,0,7,0,21,0,0,0,0,1,18,7,2,9,3,42,0
13264,MC_SC_17_s03L_13264,38,1,1,0,0,0,0,0,0,0,0,0,0,0,0,0,0,0,0
13265,MC_SC_17_s03L_13265,38,3,2,6,3,0,0,5,6,0,6,2,3,1,0,0,26,2,0
13266,MC_SC_17_s03L_13266,38,3,3,0,4,0,2,0,0,0,0,0,0,0,0,4,5,2,1
13267,MC_SC_17_s03L_13267,38,1,1,0,8,0,39,0,0,1,0,3,4,1,0,6,0,2,5
13268,MC_SC_17_s03L_13268,38,3,2,75,13,0,22,15,1,0,0,2,11,6,0,32,3,2,5
13269,MC_SC_17_s03L_13269,38,3,2,0,13,0,23,0,0,80,2,0,9,10,2,22,4,10,0
13270,MC_SC_17_s03L_13270,38,3,2,46,20,0,17,10,23,0,6,1,3,1,0,14,0,6,15
13271,MC_SC_17_s03L_13271,38,3,1,39,14,0,14,3,6,0,5,1,8,7,0,6,0,3,8
13272,MC_SC_17_s03L_13272,38,1,1,0,2,0,15,0,0,0,2,0,2,1,0,0,0,1,1
13273,MC_SC_17_s03L_13273,38,3,2,0,25,2,69,22,6,30,0,0,6,4,2,37,8,4,8
13274,MC_SC_17_s03L_13274,38,3,2,0,0,0,16,0,0,0,0,0,0,0,0,1,0,2,0
13275,MC_SC_17_s03L_13275,38,3,2,0,11,0,1,14,40,3,0,0,0,0,0,4,5,0,0
13276,MC_SC_17_s03L_13276,38,3,3,0,6,0,11,0,0,0,0,0,1,18,66,16,5,12,0
13277,MC_SC_17_s03L_13277,38,1,1,0,7,0,5,0,0,2,8,2,6,5,0,0,0,8,5
13278,MC_SC_17_s03L_13278,38,2,1,49,1,0,7,0,0,0,0,13,13,10,0,0,2,1,12
13279,MC_SC_17_s03L_13279,38,1,1,0,16,0,8,0,2,0,15,2,16,16,0,4,0,9,4
13280,MC_SC_17_s03L_13280,38,1,1,0,6,0,0,1,0,0,0,2,5,0,0,8,1,2,2
13281,MC_SC_17_s03L_13281,38,3,3,3,14,0,1,11,0,0,6,1,8,0,5,2,0,8,1
13282,MC_SC_17_s03L_13282,38,1,1,8,9,0,8,2,7,0,0,0,4,0,0,0,0,4,0
13283,MC_SC_17_s03L_13283,38,3,3,18,23,0,0,28,9,0,3,1,5,0,0,0,2,23,0
13284,MC_SC_17_s03L_13284,38,2,1,0,16,0,18,6,2,0,0,0,4,0,0,1,0,2,0
13285,MC_SC_17_s03L_13285,38,2,2,23,5,0,2,0,9,0,0,5,12,11,0,20,2,21,17
13286,MC_SC_17_s03L_13286,38,3,3,0,22,1,80,0,0,0,0,0,1,21,70,51,28,9,0
13287,MC_SC_17_s03L_13287,38,3,3,1,31,0,1,54,5,0,44,1,21,1,4,3,10,49,18
13288,MC_SC_17_s03L_13288,38,3,2,76,25,0,30,7,17,0,22,12,29,73,0,15,0,31,39
13289,MC_SC_17_s03L_13289,38,3,2,0,2,0,6,0,0,0,0,0,0,10,11,12,0,3,9
13290,MC_SC_17_s03L_13290,38,1,1,0,3,0,19,0,0,0,2,0,2,8,0,9,0,5,2
13291,MC_SC_17_s03L_13291,38,3,2,0,3,0,12,23,0,0,5,0,4,11,0,0,0,0,2
13292,MC_SC_17_s03L_13292,38,3,2,0,67,0,4,5,2,0,23,0,0,14,51,21,2,0,0
13293,MC_SC_17_s03L_13293,38,1,1,1,4,0,0,7,0,0,0,3,11,1,0,8,0,5,1
13294,MC_SC_17_s03L_13294,38,3,3,48,14,0,5,8,25,11,0,1,19,64,0,28,4,19,4
13295,MC_SC_17_s03L_13295,38,3,2,58,13,0,2,7,40,3,9,5,23,5,33,25,13,31,35
13296,MC_SC_17_s03L_13296,38,3,2,20,0,0,8,0,3,0,17,5,6,20,2,2,0,6,5
13297,MC_SC_17_s03L_13297,38,1,1,8,5,0,8,3,11,0,41,11,23,37,4,11,2,19,8
13298,MC_SC_17_s03L_13298,38,3,1,0,16,0,52,2,0,4,4,0,4,8,0,15,2,9,5
13299,MC_SC_17_s03L_13299,38,3,3,34,1,0,14,2,4,0,16,0,17,35,17,9,6,15,22
13300,MC_SC_17_s03L_13300,38,3,3,0,5,0,75,0,0,0,0,8,4,28,0,4,2,25,5
13301,MC_SC_17_s03L_13301,38,3,1,0,3,0,0,62,47,0,0,5,18,10,0,0,11,4,0
13302,MC_SC_17_s03L_13302,38,1,1,39,5,0,0,6,15,0,4,3,21,1,1,4,2,21,13
13303,MC_SC_17_s03L_13303,38,3,2,86,7,0,1,2,7,0,5,4,40,15,0,2,2,41,57
13304,MC_SC_17_s03L_13304,38,3,2,0,0,0,0,44,20,1,2,4,16,2,0,9,23,2,0
13305,MC_SC_17_s03L_13305,38,3,3,4,15,0,4,4,0,3,3,0,32,9,3,14,6,8,2
13306,MC_SC_17_s03L_13306,38,3,3,127,20,0,20,57,162,2,46,47,105,85,7,17,31,63,54
13307,MC_SC_17_s03L_13307,38,3,2,0,25,0,10,5,0,8,6,11,14,58,6,24,5,94,3
13308,MC_SC_17_s03L_13308,38,3,2,0,0,0,38,0,2,46,0,5,1,6,0,2,0,16,1
13309,MC_SC_17_s03L_13309,38,3,3,0,9,0,29,0,0,0,0,0,0,0,0,29,2,7,32
13310,MC_SC_17_s03L_13310,38,2,2,52,12,0,0,12,102,7,25,19,41,42,3,5,18,7,23
13311,MC_SC_17_s03L_13311,38,3,3,95,5,0,0,1,7,2,2,20,18,5,7,19,13,12,46
13312,MC_SC_17_s03L_13312,38,3,3,1,20,0,3,7,2,0,0,6,6,29,14,9,2,2,29
13313,MC_SC_17_s03L_13313,38,3,3,42,0,0,4,6,10,5,9,4,16,36,9,9,41,11,19
13314,MC_SC_17_s03L_13314,38,3,3,71,10,0,0,4,25,3,4,14,18,2,17,29,8,45,55
13315,MC_SC_17_s03L_13315,38,3,3,0,23,0,93,0,0,0,0,0,0,0,0,23,0,35,24
13316,MC_SC_17_s03L_13316,38,3,3,0,0,0,0,0,0,0,0,0,0,0,0,0,0,0,0
13317,MC_SC_17_s03L_13317,38,2,1,123,21,0,10,6,124,15,1,17,33,20,3,16,19,28,21
13318,MC_SC_17_s03L_13318,38,2,2,0,5,1,6,1,5,14,3,0,0,3,3,9,34,0,0
13319,MC_SC_17_s03L_13319,38,3,2,37,7,0,0,6,16,2,0,17,30,24,8,7,34,66,51
13320,MC_SC_17_s03L_13320,38,3,3,0,18,1,54,0,0,22,0,0,0,14,45,78,49,2,8
13321,MC_SC_17_s03L_13321,38,1,1,0,5,0,94,4,18,35,6,11,9,38,10,14,20,36,3
13322,MC_SC_17_s03L_13322,38,3,3,1,16,0,7,20,15,43,4,2,9,12,9,4,27,0,3
13323,MC_SC_17_s03L_13323,38,1,1,0,9,0,3,26,5,4,10,6,14,11,0,12,0,5,28
13324,MC_SC_17_s03L_13324,38,3,3,0,25,0,13,0,0,0,0,0,0,0,0,12,0,11,9
13325,MC_SC_17_s03L_13325,38,3,3,27,10,0,8,4,12,0,0,4,18,46,34,8,17,34,44
13326,MC_SC_17_s03L_13326,38,2,1,3,15,0,4,2,34,2,23,9,7,25,0,6,13,34,8
13327,MC_SC_17_s03L_13327,38,3,2,124,25,0,0,7,58,38,27,10,62,3,68,18,54,31,66
13328,MC_SC_17_s03L_13328,38,1,1,2,0,0,0,9,3,33,2,1,5,1,4,0,37,0,0
13329,MC_SC_17_s03L_13329,38,3,2,0,3,0,32,0,1,2,6,0,3,2,0,6,2,14,0
13330,MC_SC_17_s03L_13330,38,3,2,0,35,0,29,4,9,15,3,10,11,15,2,6,22,58,0
13331,MC_SC_17_s03L_13331,38,3,2,0,11,0,22,1,1,4,8,0,3,12,0,7,4,2,32
13332,MC_SC_17_s03L_13332,38,3,2,197,39,46,42,55,110,83,50,10,35,67,158,67,184,24,19
13333,MC_SC_17_s03L_13333,38,1,1,0,0,0,0,1,7,0,0,1,4,3,0,0,6,0,0
13334,MC_SC_17_s03L_13334,38,2,2,106,11,1,50,11,10,37,39,1,54,48,67,21,105,25,22
13335,MC_SC_17_s03L_13335,38,1,1,14,5,0,2,0,18,0,2,1,4,4,13,3,0,0,1
13336,MC_SC_17_s03L_13336,38,1,1,23,12,0,0,6,6,5,1,11,7,18,2,16,6,5,36
13337,MC_SC_17_s03L_13337,38,1,1,0,9,0,2,2,1,0,0,0,0,2,0,5,3,0,4
13338,MC_SC_17_s03L_13338,38,3,2,0,4,0,78,0,0,0,6,0,3,1,0,23,0,16,0
13339,MC_SC_17_s03L_13339,38,3,3,79,62,0,5,16,4,0,2,0,0,0,0,68,18,13,16
13340,MC_SC_17_s03L_13340,38,3,2,0,19,0,9,7,0,2,13,0,0,0,0,22,0,2,31
13341,MC_SC_17_s03L_13341,38,3,1,0,26,0,7,1,3,42,1,7,5,11,7,15,8,16,5
13342,MC_SC_17_s03L_13342,38,3,2,0,14,0,17,6,11,21,12,0,15,4,4,9,0,21,1
13343,MC_SC_17_s03L_13343,38,3,3,0,13,0,6,0,0,0,0,0,0,0,0,26,8,69,22
13344,MC_SC_17_s03L_13344,38,3,3,109,30,1,27,4,50,0,4,0,2,17,30,27,2,27,18
13345,MC_SC_17_s03L_13345,38,3,3,1,169,0,10,0,0,0,0,0,0,0,0,12,15,12,2
13346,MC_SC_17_s03L_13346,38,3,3,0,13,0,1,0,2,78,0,0,0,0,0,3,6,0,1
13347,MC_SC_17_s03L_13347,38,3,3,0,8,0,15,0,0,0,0,0,0,7,33,21,5,0,1
13348,MC_SC_17_s03L_13348,38,3,2,99,34,2,32,9,60,1,6,15,16,34,13,45,20,11,30
13349,MC_SC_17_s03L_13349,38,3,2,2,16,0,15,70,14,0,7,13,22,4,6,29,8,16,3
13350,MC_SC_17_s03L_13350,38,3,3,0,16,0,26,0,0,0,0,0,0,0,0,21,4,0,4
13351,MC_SC_17_s03L_13351,38,1,1,0,4,0,4,0,0,2,7,1,0,8,0,6,0,0,0
13352,MC_SC_17_s03L_13352,38,3,3,60,41,0,20,0,0,0,0,0,0,0,0,24,6,6,25
13353,MC_SC_17_s03L_13353,38,2,2,0,2,0,2,0,0,0,0,1,5,3,0,0,0,0,0
13354,MC_SC_17_s03L_13354,38,3,3,169,40,22,46,46,91,6,18,9,24,58,117,77,10,45,18
13355,MC_SC_17_s03L_13355,38,2,2,0,16,0,4,0,0,0,2,3,4,14,0,1,2,0,2
13356,MC_SC_17_s03L_13356,38,3,3,0,2,0,1,52,3,8,0,1,0,9,0,8,4,0,2
13357,MC_SC_17_s03L_13357,38,3,1,0,27,0,3,46,8,0,6,15,24,2,1,11,0,0,12
13358,MC_SC_17_s03L_13358,38,3,3,0,19,1,6,84,51,0,1,2,8,14,17,12,7,36,13
13359,MC_SC_17_s03L_13359,38,3,1,0,59,0,11,3,1,0,50,5,11,54,0,27,2,37,0
13360,MC_SC_17_s03L_13360,38,3,3,190,40,6,29,19,117,6,36,1,20,14,1,25,5,10,16
13361,MC_SC_17_s03L_13361,38,3,3,0,49,0,12,76,30,64,11,5,2,7,22,32,0,18,1
13362,MC_SC_17_s03L_13362,38,1,1,0,1,0,4,23,3,0,31,0,7,5,0,8,0,14,5
13363,MC_SC_17_s03L_13363,38,3,3,0,42,1,12,15,34,50,2,0,0,0,0,42,5,10,0
13364,MC_SC_17_s03L_13364,38,3,2,0,63,0,13,0,0,0,37,8,2,37,0,9,0,5,5
13365,MC_SC_17_s03L_13365,38,3,2,0,27,0,29,0,13,0,17,0,11,6,2,31,4,3,13
13366,MC_SC_17_s03L_13366,38,3,3,107,45,1,17,5,42,0,6,0,0,0,0,25,9,22,25
13367,MC_SC_17_s03L_13367,38,2,1,0,8,0,5,32,3,0,0,1,21,2,0,10,9,0,0
13368,MC_SC_17_s03L_13368,38,2,1,6,6,0,0,42,10,10,1,0,14,4,0,5,3,1,0
13369,MC_SC_17_s03L_13369,38,2,2,64,36,0,5,38,34,0,2,1,8,1,0,10,2,2,18
13370,MC_SC_17_s03L_13370,38,3,3,1,86,0,11,0,2,0,0,0,1,25,0,12,8,0,2
13371,MC_SC_17_s03L_13371,38,3,2,4,5,0,0,24,4,0,6,0,4,1,0,3,2,0,0
13372,MC_SC_17_s03L_13372,38,3,2,69,9,0,5,45,41,0,0,1,6,3,0,12,2,14,14
13373,MC_SC_17_s03L_13373,38,3,3,1,15,0,4,34,6,0,0,1,14,8,4,14,0,0,3
13374,MC_SC_17_s03L_13374,38,3,3,108,57,2,33,73,115,4,15,0,14,98,87,78,19,12,18
13375,MC_SC_17_s03L_13375,38,1,1,0,1,0,0,0,3,0,0,0,0,4,0,0,0,0,0
13376,MC_SC_17_s03L_13376,38,1,1,0,0,0,1,0,0,0,0,0,0,0,0,0,0,0,0
13377,MC_SC_17_s03L_13377,38,3,3,0,13,0,1,0,0,0,0,0,0,0,0,13,0,16,1
13378,MC_SC_17_s03L_13378,38,3,2,0,1,0,20,0,2,0,2,0,0,16,0,14,2,12,0
13379,MC_SC_17_s03L_13379,38,3,3,0,38,0,9,8,34,0,9,0,3,21,2,35,0,22,11
13380,MC_SC_17_s03L_13380,38,1,1,0,2,0,0,0,1,6,0,17,10,0,2,6,2,11,0
13381,MC_SC_17_s03L_13381,38,3,2,0,0,0,0,3,0,0,0,0,9,3,5,5,0,0,0
13382,MC_SC_17_s03L_13382,38,3,3,0,1,0,1,0,0,0,0,0,0,0,0,0,0,0,0
13383,MC_SC_17_s03L_13383,38,3,2,36,2,0,0,2,10,0,5,1,1,2,1,1,0,0,2
13384,MC_SC_17_s03L_13384,38,3,3,36,9,0,7,1,11,24,1,0,0,0,0,16,8,19,30
13385,MC_SC_17_s03L_13385,38,3,2,0,12,0,5,32,24,0,6,8,6,5,43,23,16,6,0
13386,MC_SC_17_s03L_13386,38,3,3,45,31,0,0,0,10,15,3,0,0,0,0,12,4,11,17
13387,MC_SC_17_s03L_13387,38,3,3,0,4,0,13,1,3,0,1,0,0,0,0,15,2,42,19
13388,MC_SC_17_s03L_13388,38,3,3,1,13,0,8,33,3,28,1,2,7,3,1,16,43,5,1
13389,MC_SC_17_s03L_13389,38,1,1,0,8,0,6,5,1,0,4,12,9,2,0,7,5,12,7
13390,MC_SC_17_s03L_13390,38,3,3,1,58,0,16,1,58,77,11,0,0,0,0,92,31,1,18
13391,MC_SC_17_s03L_13391,38,3,2,17,20,0,10,0,6,0,0,7,20,14,5,20,2,23,21
13392,MC_SC_17_s03L_13392,38,3,3,0,13,0,24,0,4,100,3,0,0,0,0,7,11,19,17
13393,MC_SC_17_s03L_13393,38,2,1,1,2,0,0,47,21,1,0,0,10,6,0,8,0,0,0
13394,MC_SC_17_s03L_13394,38,3,2,90,2,0,7,56,10,0,0,0,10,3,4,12,8,1,20
13395,MC_SC_17_s03L_13395,38,3,2,4,34,0,0,57,27,0,27,45,2,4,11,5,6,4,5
13396,MC_SC_17_s03L_13396,38,3,2,1,9,0,3,11,8,0,0,2,3,18,27,22,6,2,3
13397,MC_SC_17_s03L_13397,38,3,2,70,13,0,28,1,16,0,9,4,0,2,0,0,12,77,11
13398,MC_SC_17_s03L_13398,38,3,1,22,16,0,8,43,25,0,7,4,10,15,0,10,2,43,18
13399,MC_SC_17_s03L_13399,38,3,3,0,44,1,8,0,0,0,0,0,0,0,0,31,10,3,50
13400,MC_SC_17_s03L_13400,38,3,2,1,2,0,0,0,0,1,1,0,0,0,0,20,6,0,0
13401,MC_SC_17_s03L_13401,38,3,2,65,33,0,12,21,22,0,2,0,0,4,19,25,7,3,21
13402,MC_SC_17_s03L_13402,38,3,3,80,37,0,3,40,5,0,1,0,0,0,0,10,7,2,13
13403,MC_SC_17_s03L_13403,38,2,1,7,1,0,0,3,3,0,6,4,3,14,0,5,0,2,5
13404,MC_SC_17_s03L_13404,38,3,2,0,8,0,36,1,3,13,4,1,9,3,1,10,2,9,1
13405,MC_SC_17_s03L_13405,38,3,3,0,1,0,1,0,0,0,0,0,0,0,0,5,1,0,0
13406,MC_SC_17_s03L_13406,38,3,2,54,25,0,4,54,16,0,0,0,0,0,0,1,0,44,2
13407,MC_SC_17_s03L_13407,38,3,3,0,3,0,10,1,0,0,0,0,0,0,0,25,4,34,2
13408,MC_SC_17_s03L_13408,38,3,3,0,3,0,13,0,0,0,0,0,0,0,0,3,68,22,0
13409,MC_SC_17_s03L_13409,38,3,3,112,23,0,15,32,13,4,0,0,0,0,0,20,10,0,14
13410,MC_SC_17_s03L_13410,38,3,2,0,8,0,6,0,0,0,0,0,0,0,0,8,3,0,0
13411,MC_SC_17_s03L_13411,38,3,2,0,0,0,0,16,2,0,0,0,1,12,22,0,0,0,0
13412,MC_SC_17_s03L_13412,38,3,2,79,19,2,7,56,15,2,0,0,0,0,0,4,7,9,36
13413,MC_SC_17_s03L_13413,38,3,3,0,32,0,28,0,0,0,0,0,0,0,0,41,10,73,48
13414,MC_SC_17_s03L_13414,38,3,2,0,29,0,68,0,0,0,0,0,0,0,0,12,0,5,7
13415,MC_SC_17_s03L_13415,38,1,1,0,2,0,0,3,1,11,4,1,1,15,0,0,0,5,9
13416,MC_SC_17_s03L_13416,38,1,1,0,5,0,4,3,1,0,0,0,0,0,0,1,0,0,3
13417,MC_SC_17_s03L_13417,38,3,3,0,3,0,6,0,0,0,0,0,0,0,0,6,6,7,0
13418,MC_SC_17_s03L_13418,38,3,2,0,0,0,0,15,13,0,0,0,0,7,23,15,0,0,2
13419,MC_SC_17_s03L_13419,38,3,3,0,11,0,24,0,0,0,0,0,0,0,0,24,2,8,6
13420,MC_SC_17_s03L_13420,38,3,3,27,12,0,3,0,3,0,1,0,0,0,0,4,0,0,0
13421,MC_SC_17_s03L_13421,38,3,3,27,30,0,26,1,5,20,0,0,0,0,0,46,2,2,16
13422,MC_SC_17_s03L_13422,38,3,2,14,23,0,38,2,9,0,18,0,14,16,0,20,0,7,0
13423,MC_SC_17_s03L_13423,38,3,3,0,106,0,74,0,0,0,0,0,0,0,0,41,2,2,46
13424,MC_SC_17_s03L_13424,38,3,3,0,45,0,98,1,6,97,23,0,0,0,0,95,34,10,71
13425,MC_SC_17_s03L_13425,38,3,3,73,40,0,14,1,8,14,5,0,0,0,0,40,3,9,19
13426,MC_SC_17_s03L_13426,38,3,3,45,19,0,10,18,8,1,0,0,0,0,0,19,5,5,22
13427,MC_SC_17_s03L_13427,38,3,3,0,13,0,24,0,0,1,0,0,0,0,0,23,2,0,0
13428,MC_SC_17_s03L_13428,38,3,1,0,0,0,1,50,16,0,1,24,15,38,18,30,6,12,0
13429,MC_SC_17_s03L_13429,38,3,3,5,11,0,20,0,5,62,3,0,0,0,0,51,4,2,1
13430,MC_SC_17_s03L_13430,38,1,1,0,8,0,45,50,3,0,0,0,0,9,21,4,0,8,24
13431,MC_SC_17_s03L_13431,38,3,3,31,27,0,6,0,0,0,0,0,0,0,0,13,21,21,3
13432,MC_SC_17_s03L_13432,38,3,3,0,9,0,28,4,11,8,4,0,0,0,0,47,2,37,1
13433,MC_SC_17_s03L_13433,38,3,2,0,13,0,17,18,65,0,5,1,3,0,9,37,2,6,8
13434,MC_SC_17_s03L_13434,38,3,2,0,0,0,1,7,12,2,10,0,0,0,0,2,0,13,0
13435,MC_SC_17_s03L_13435,38,3,2,0,12,0,29,24,14,0,15,0,0,0,0,11,0,2,0
13436,MC_SC_17_s03L_13436,38,3,3,0,7,1,17,19,39,59,4,0,0,0,0,27,14,8,14
13437,MC_SC_17_s03L_13437,38,3,3,0,14,0,25,0,1,83,0,0,0,0,0,9,22,0,0
13438,MC_SC_17_s03L_13438,38,3,2,0,33,0,64,23,1,35,12,0,0,0,0,60,21,12,3
13439,MC_SC_17_s03L_13439,38,3,1,53,75,0,8,8,1,1,21,2,19,7,43,21,81,13,13
13440,MC_SC_17_s03L_13440,38,1,1,0,1,0,0,0,0,0,0,0,0,0,0,0,0,0,0
13441,MC_SC_17_s03L_13441,38,3,3,0,11,0,41,0,0,0,0,0,0,0,0,16,2,8,18
13442,MC_SC_17_s03L_13442,38,3,3,1,26,0,167,8,29,9,46,0,0,0,0,45,16,35,23
13443,MC_SC_17_s03L_13443,38,3,3,2,61,0,61,0,0,0,0,0,0,0,0,60,19,2,7
13444,MC_SC_17_s03L_13444,38,3,1,0,21,0,67,4,3,49,5,17,8,54,7,22,9,73,0
13445,MC_SC_17_s03L_13445,38,3,2,53,43,0,9,14,5,32,6,1,10,26,135,39,218,40,12
13446,MC_SC_17_s03L_13446,38,3,3,0,20,0,100,7,4,24,0,0,0,0,0,19,23,26,61
13447,MC_SC_17_s03L_13447,38,3,2,0,1,0,0,56,29,0,0,0,0,0,0,10,1,0,0
13448,MC_SC_17_s03L_13448,38,3,3,0,25,7,35,4,46,32,1,0,0,0,0,52,10,0,1
13449,MC_SC_17_s03L_13449,38,3,1,32,66,0,49,5,1,13,4,26,4,7,17,49,55,19,3
13450,MC_SC_17_s03L_13450,38,1,1,0,7,0,39,0,0,35,4,7,3,15,6,0,4,26,4
13451,MC_SC_17_s03L_13451,38,2,2,0,7,0,0,81,54,0,0,0,0,0,0,9,0,0,0
13452,MC_SC_17_s03L_13452,38,3,3,0,6,0,2,0,0,0,0,0,0,0,0,0,8,1,0
13453,MC_SC_17_s03L_13453,38,2,2,30,39,0,0,2,12,1,7,1,0,2,49,8,86,3,4
13454,MC_SC_17_s03L_13454,38,3,3,2,71,0,160,2,41,174,20,0,0,0,0,59,28,371,63
13455,MC_SC_17_s03L_13455,38,3,2,0,29,0,66,14,4,156,8,0,0,0,0,29,10,4,3
13456,MC_SC_17_s03L_13456,38,3,2,1,35,1,164,3,7,0,24,0,0,0,0,61,23,84,25
13457,MC_SC_17_s03L_13457,38,3,3,0,27,0,9,0,1,43,1,0,0,0,0,4,4,106,9
13458,MC_SC_17_s03L_13458,38,3,3,0,24,0,5,0,0,9,0,0,0,0,0,5,11,137,0
13459,MC_SC_17_s03L_13459,38,3,2,0,46,0,5,4,4,60,14,0,0,0,0,57,89,181,0
13460,MC_SC_17_s03L_13460,38,3,3,16,46,0,14,0,0,0,0,0,0,0,0,20,203,14,29
13461,MC_SC_17_s03L_13461,38,3,3,34,11,3,17,0,0,0,0,0,0,0,0,24,140,20,15
13462,MC_SC_17_s03L_13462,38,3,2,0,48,0,114,2,0,6,1,0,0,0,0,42,10,288,39
13463,MC_SC_17_s03L_13463,38,1,1,0,9,0,13,3,29,0,11,0,0,0,0,5,3,0,3
13464,MC_SC_17_s03L_13464,38,3,3,85,43,0,5,0,6,106,2,0,0,0,0,58,139,21,22
13465,MC_SC_17_s03L_13465,38,1,1,0,1,0,0,0,5,0,3,0,0,2,0,1,0,61,4
13466,MC_SC_17_s03L_13466,38,3,3,59,33,0,52,0,9,93,0,0,0,0,0,5,4,2,3
13467,MC_SC_17_s03L_13467,38,3,3,0,0,0,6,2,0,0,0,0,0,0,0,17,1,27,1
13468,MC_SC_17_s03L_13468,38,3,3,78,37,0,3,0,0,0,0,0,0,0,0,49,86,35,13
13469,MC_SC_17_s03L_13469,38,3,3,45,28,0,75,2,0,0,5,0,0,0,0,8,45,0,4
13470,MC_SC_17_s03L_13470,38,3,3,23,20,0,27,0,8,74,2,0,0,0,0,14,4,7,0
13471,MC_SC_17_s03L_13471,38,3,2,0,30,0,9,6,58,29,2,0,0,0,0,23,80,180,11
13472,MC_SC_17_s03L_13472,38,3,3,0,22,0,13,0,0,0,0,0,0,0,0,17,12,226,35
13473,MC_SC_17_s03L_13473,38,2,1,9,21,0,0,0,0,0,7,0,0,0,0,19,9,5,0
13474,MC_SC_17_s03L_13474,38,3,3,0,19,0,9,0,0,0,0,0,0,0,0,5,0,130,27
13475,MC_SC_17_s03L_13475,38,2,2,7,5,0,6,0,0,0,0,0,0,0,0,1,0,1,0
13476,MC_SC_17_s03L_13476,38,3,2,0,4,0,38,1,0,1,0,0,0,0,0,28,0,1,12
13477,MC_SC_17_s03L_13477,38,2,1,0,11,0,0,2,0,2,0,0,0,0,0,11,0,0,0
13478,MC_SC_17_s03L_13478,38,3,1,0,68,0,42,6,25,15,5,0,0,1,23,23,15,25,0
13479,MC_SC_17_s03L_13479,38,3,3,53,84,0,139,0,0,0,0,0,0,0,0,34,254,21,42
13480,MC_SC_17_s03L_13480,38,3,2,0,13,0,37,2,0,17,0,0,0,0,0,21,5,41,3
13481,MC_SC_17_s03L_13481,38,1,1,0,12,0,8,0,0,3,2,0,2,0,0,3,0,55,5
13482,MC_SC_17_s03L_13482,38,1,1,1,4,0,13,0,0,5,6,0,0,0,0,1,0,13,8
13483,MC_SC_17_s03L_13483,38,1,1,0,23,10,19,5,0,5,11,0,0,0,0,3,4,23,0
13484,MC_SC_17_s03L_13484,38,3,3,64,44,0,85,0,0,0,0,0,0,0,0,14,112,14,8
13485,MC_SC_17_s03L_13485,38,3,3,0,3,0,21,0,0,0,0,0,0,0,0,5,2,2,4
13486,MC_SC_17_s03L_13486,38,3,3,0,6,0,39,0,0,0,0,0,0,0,0,11,2,26,1
13487,MC_SC_17_s03L_13487,38,3,2,66,65,0,134,8,10,17,18,0,0,0,0,58,211,30,18
13488,MC_SC_17_s03L_13488,38,3,3,68,64,1,66,8,6,142,4,0,0,0,0,29,226,26,33
13489,MC_SC_17_s03L_13489,38,3,3,0,31,0,10,0,0,0,0,0,0,0,0,37,21,44,4
13490,MC_SC_17_s03L_13490,38,3,3,0,21,0,14,0,0,0,0,0,0,0,0,61,58,62,38
13491,MC_SC_17_s03L_13491,38,3,2,0,0,0,19,0,0,4,0,0,0,0,0,4,4,15,1
13492,MC_SC_17_s03L_13492,38,1,1,8,4,0,1,0,0,7,2,0,0,0,0,3,16,1,2
13493,MC_SC_17_s03L_13493,38,1,1,0,10,0,1,0,0,5,3,0,0,0,0,4,7,0,8
13494,MC_SC_17_s03L_13494,38,3,3,19,35,0,21,0,0,0,0,0,0,0,0,0,15,0,0
13495,MC_SC_17_s03L_13495,38,2,1,0,0,0,14,8,0,20,2,0,0,0,0,6,6,14,1
13496,MC_SC_17_s03L_13496,38,1,1,0,15,0,37,0,6,2,1,0,0,0,0,15,2,33,2
13497,MC_SC_17_s03L_13497,38,2,2,0,8,0,31,0,0,0,0,0,0,0,0,17,0,26,1
13498,MC_SC_17_s03L_13498,38,2,1,0,3,0,55,0,0,0,3,0,0,0,0,15,0,0,3
13499,MC_SC_17_s03L_13499,38,3,2,20,6,0,5,0,0,0,0,0,0,0,0,0,0,0,0
13500,MC_SC_17_s03L_13500,38,3,1,0,8,0,7,6,9,0,6,0,0,0,0,8,4,0,0
13501,MC_SC_17_s03L_13501,38,2,1,0,4,0,11,0,0,0,0,0,0,0,0,6,0,0,0
13502,MC_SC_17_s03L_13502,38,3,3,0,24,0,50,0,0,0,0,0,0,0,0,5,8,54,24
13503,MC_SC_17_s03L_13503,38,3,2,0,8,0,14,0,0,0,0,0,0,0,0,0,0,0,0
13504,MC_SC_17_s03L_13504,39,1,1,0,0,0,9,2,5,0,1,0,4,7,0,0,19,12,0
13505,MC_SC_17_s03L_13505,39,2,2,0,2,0,41,4,0,37,27,2,3,26,8,0,63,5,0
13506,MC_SC_17_s03L_13506,39,1,1,2,0,0,0,0,0,0,0,0,0,3,4,0,0,0,0
13507,MC_SC_17_s03L_13507,39,2,2,1,3,0,40,60,3,0,0,16,17,48,0,15,2,3,1
13508,MC_SC_17_s03L_13508,39,2,2,0,13,0,65,66,5,61,1,4,7,42,41,0,10,5,0
13509,MC_SC_17_s03L_13509,39,2,1,0,0,0,5,3,0,0,1,0,0,0,0,2,0,0,0
13510,MC_SC_17_s03L_13510,39,2,2,2,3,0,14,53,35,4,1,1,14,59,5,0,0,0,0
13511,MC_SC_17_s03L_13511,39,2,2,0,7,0,6,27,1,49,23,2,1,14,10,0,0,1,4
13512,MC_SC_17_s03L_13512,39,2,2,0,1,0,1,0,0,0,0,0,0,0,0,0,0,0,0
13513,MC_SC_17_s03L_13513,39,2,2,0,2,0,13,0,0,0,0,0,0,0,0,5,11,0,4
13514,MC_SC_17_s03L_13514,39,2,1,0,1,0,5,8,0,0,3,0,4,6,0,2,0,0,0
13515,MC_SC_17_s03L_13515,39,2,2,0,13,0,39,1,0,31,7,1,3,1,12,1,0,20,0
13516,MC_SC_17_s03L_13516,39,2,1,0,0,0,9,1,0,22,0,2,3,34,0,0,1,5,0
13517,MC_SC_17_s03L_13517,39,2,2,0,2,0,69,1,0,7,29,6,2,32,2,0,106,9,0
13518,MC_SC_17_s03L_13518,39,2,2,1,1,7,44,0,12,22,5,4,5,5,16,2,11,1,0
13519,MC_SC_17_s03L_13519,39,2,2,4,18,0,41,54,11,69,4,2,28,4,38,0,31,0,0
13520,MC_SC_17_s03L_13520,39,2,1,0,0,0,7,1,0,1,0,0,0,1,0,1,0,0,0
13521,MC_SC_17_s03L_13521,39,2,1,0,0,0,5,4,1,0,0,0,2,11,0,1,6,0,1
13522,MC_SC_17_s03L_13522,39,2,2,0,3,0,18,8,1,6,2,11,6,26,1,12,0,31,2
13523,MC_SC_17_s03L_13523,39,2,1,0,4,0,14,0,3,0,0,0,0,3,0,0,3,20,0
13524,MC_SC_17_s03L_13524,39,1,1,0,5,1,36,1,18,2,2,0,1,29,28,0,0,0,0
13525,MC_SC_17_s03L_13525,39,1,1,0,0,0,1,0,1,3,1,0,0,0,0,16,4,1,2
13526,MC_SC_17_s03L_13526,39,2,2,0,19,14,119,15,67,26,9,1,18,109,155,0,0,0,0
13527,MC_SC_17_s03L_13527,39,2,2,0,1,0,20,0,0,2,0,0,0,0,0,0,20,28,2
13528,MC_SC_17_s03L_13528,39,2,1,0,10,0,43,0,0,10,1,0,2,22,3,0,0,25,0
13529,MC_SC_17_s03L_13529,39,2,2,118,31,0,21,61,70,6,10,0,15,4,19,18,45,14,3
13530,MC_SC_17_s03L_13530,39,2,2,7,12,0,1,0,10,8,0,0,3,3,0,0,10,0,0
13531,MC_SC_17_s03L_13531,39,2,2,134,24,19,38,63,7,20,11,5,12,2,9,5,13,0,1
13532,MC_SC_17_s03L_13532,39,2,2,15,10,0,9,11,6,4,7,0,5,1,0,7,2,0,0
13533,MC_SC_17_s03L_13533,39,2,1,67,11,6,65,15,79,30,20,1,10,36,51,15,7,1,4
13534,MC_SC_17_s03L_13534,39,2,1,0,3,0,50,0,0,25,0,4,1,26,0,4,0,21,13
13535,MC_SC_17_s03L_13535,39,1,1,0,2,0,0,5,3,52,0,0,0,4,4,1,1,0,0
13536,MC_SC_17_s03L_13536,39,2,2,0,4,1,98,21,51,5,1,3,42,6,45,0,0,0,0
13537,MC_SC_17_s03L_13537,39,2,1,0,12,0,51,38,23,47,8,15,11,33,1,1,3,11,7
13538,MC_SC_17_s03L_13538,39,2,1,0,1,0,0,1,0,10,0,0,1,4,0,0,2,0,0
13539,MC_SC_17_s03L_13539,39,2,2,0,2,0,2,22,0,26,0,0,3,6,0,0,32,0,0
13540,MC_SC_17_s03L_13540,39,2,2,0,2,0,50,2,0,3,1,2,10,36,3,2,1,12,9
13541,MC_SC_17_s03L_13541,39,2,2,0,1,0,22,3,0,2,1,2,0,15,0,3,62,0,0
13542,MC_SC_17_s03L_13542,39,2,1,0,11,0,30,45,0,85,0,0,4,8,43,0,27,7,0
13543,MC_SC_17_s03L_13543,39,1,1,0,2,0,64,6,5,17,1,9,6,76,4,9,4,38,6
13544,MC_SC_17_s03L_13544,39,2,2,0,9,0,15,0,0,0,0,0,0,0,0,0,0,0,3
13545,MC_SC_17_s03L_13545,39,2,2,0,18,0,114,12,19,6,4,4,15,64,41,0,152,22,0
13546,MC_SC_17_s03L_13546,39,2,2,0,1,0,4,0,0,10,0,0,0,3,2,0,0,0,0
13547,MC_SC_17_s03L_13547,39,2,1,0,0,0,25,1,0,3,0,0,4,8,0,0,0,0,0
13548,MC_SC_17_s03L_13548,39,2,2,0,15,0,67,1,0,16,3,3,8,29,2,6,0,21,7
13549,MC_SC_17_s03L_13549,39,2,2,11,5,0,17,3,11,0,1,3,8,11,0,5,42,18,0
13550,MC_SC_17_s03L_13550,39,2,2,0,2,0,49,0,0,0,2,3,15,31,10,1,2,4,0
13551,MC_SC_17_s03L_13551,39,2,1,0,7,0,78,6,0,25,14,5,21,25,7,9,3,6,14
13552,MC_SC_17_s03L_13552,39,2,1,0,22,0,69,4,4,26,3,6,28,31,7,12,0,7,15
13553,MC_SC_17_s03L_13553,39,2,1,0,1,0,21,0,0,0,1,1,1,23,0,0,0,6,5
13554,MC_SC_17_s03L_13554,39,1,1,0,0,0,30,0,0,2,2,0,0,0,0,0,0,7,0
13555,MC_SC_17_s03L_13555,39,2,1,0,1,0,7,0,17,0,0,0,6,6,0,0,1,27,0
13556,MC_SC_17_s03L_13556,39,2,2,0,5,0,30,4,24,7,0,0,38,39,0,0,0,0,0
13557,MC_SC_17_s03L_13557,39,2,2,0,10,0,69,1,2,16,1,5,4,16,0,7,2,9,12
13558,MC_SC_17_s03L_13558,39,2,2,0,4,0,51,1,0,4,1,9,11,64,0,0,0,5,31
13559,MC_SC_17_s03L_13559,39,2,2,0,11,0,81,3,92,4,3,1,43,70,2,2,13,163,7
13560,MC_SC_17_s03L_13560,39,2,2,0,3,0,18,0,0,0,1,0,0,3,0,0,0,0,0
13561,MC_SC_17_s03L_13561,39,2,2,0,17,0,58,5,10,30,1,12,6,63,15,1,6,49,0
13562,MC_SC_17_s03L_13562,39,1,1,0,10,0,31,0,0,2,1,5,10,9,2,4,0,3,7
13563,MC_SC_17_s03L_13563,39,2,2,0,9,0,58,3,16,35,6,4,11,21,15,12,6,47,0
13564,MC_SC_17_s03L_13564,39,1,1,0,1,0,0,1,0,1,0,0,0,0,0,0,0,15,1
13565,MC_SC_17_s03L_13565,39,2,1,3,43,0,46,34,0,86,15,5,5,1,55,11,9,0,3
13566,MC_SC_17_s03L_13566,39,2,2,0,30,0,58,1,0,36,18,1,14,33,2,12,2,3,1
13567,MC_SC_17_s03L_13567,39,2,2,0,7,1,6,1,1,4,0,0,4,3,0,0,0,42,1
13568,MC_SC_17_s03L_13568,39,2,2,0,3,0,49,5,11,35,1,0,2,18,40,2,5,7,18
13569,MC_SC_17_s03L_13569,39,2,1,0,0,0,4,0,0,0,0,0,0,1,0,0,2,19,0
13570,MC_SC_17_s03L_13570,39,2,2,0,15,0,45,4,1,10,0,1,0,15,3,5,0,11,0
13571,MC_SC_17_s03L_13571,39,2,1,0,2,1,19,2,12,1,0,0,11,12,0,0,4,38,0
13572,MC_SC_17_s03L_13572,39,2,2,0,4,0,57,1,1,13,0,5,3,43,0,19,2,30,0
13573,MC_SC_17_s03L_13573,39,2,1,1,0,2,5,0,0,2,0,0,10,3,0,0,12,49,0
13574,MC_SC_17_s03L_13574,39,2,2,0,14,0,58,1,0,17,2,3,3,43,0,9,4,51,0
13575,MC_SC_17_s03L_13575,39,2,2,0,12,0,32,0,5,1,0,0,16,9,0,1,0,49,1
13576,MC_SC_17_s03L_13576,39,2,2,0,1,0,52,2,0,0,7,7,17,23,0,1,0,23,38
13577,MC_SC_17_s03L_13577,39,2,1,0,28,0,81,3,0,31,0,2,7,14,0,7,4,57,0
13578,MC_SC_17_s03L_13578,39,1,1,0,2,0,11,0,20,0,0,0,0,0,0,0,0,0,0
13579,MC_SC_17_s03L_13579,39,2,2,0,17,0,97,2,0,32,15,6,2,54,0,8,0,62,0
13580,MC_SC_17_s03L_13580,39,2,2,0,2,0,57,5,17,0,0,6,6,82,0,11,0,49,5
13581,MC_SC_17_s03L_13581,39,2,2,11,5,0,16,0,2,0,2,0,1,0,0,24,3,0,8
13582,MC_SC_17_s03L_13582,39,2,2,0,16,0,59,0,4,18,1,26,10,25,31,0,1,21,22
13583,MC_SC_17_s03L_13583,39,2,2,0,10,0,8,1,1,20,2,0,0,6,11,4,8,0,1
13584,MC_SC_17_s03L_13584,39,2,2,0,14,0,93,3,0,7,1,4,5,39,15,7,2,52,0
13585,MC_SC_17_s03L_13585,39,2,1,0,8,0,38,1,2,11,4,7,7,10,22,1,0,28,3
13586,MC_SC_17_s03L_13586,39,2,2,0,26,0,36,1,54,3,1,0,4,0,4,4,0,7,7
13587,MC_SC_17_s03L_13587,39,2,2,0,14,0,56,0,0,19,2,0,0,18,55,10,15,5,1
13588,MC_SC_17_s03L_13588,39,2,2,0,1,0,96,0,0,0,0,2,11,67,21,8,1,20,1
13589,MC_SC_17_s03L_13589,39,2,2,0,10,0,4,2,1,2,0,0,2,1,0,0,0,65,0
13590,MC_SC_17_s03L_13590,39,2,2,0,16,0,43,24,0,4,11,1,12,8,12,34,2,14,6
13591,MC_SC_17_s03L_13591,39,2,1,0,41,0,54,8,0,0,0,15,21,0,0,26,0,75,0
13592,MC_SC_17_s03L_13592,39,2,2,0,7,0,37,1,0,8,0,0,0,13,0,9,4,0,2
13593,MC_SC_17_s03L_13593,39,1,1,0,0,0,0,0,2,0,0,0,0,0,0,0,4,0,0
13594,MC_SC_17_s03L_13594,39,2,1,0,5,0,20,35,7,0,0,0,2,7,0,0,0,3,0
13595,MC_SC_17_s03L_13595,39,2,1,19,0,0,3,3,2,0,1,0,2,3,0,1,0,2,8
13596,MC_SC_17_s03L_13596,39,2,2,12,0,0,0,0,0,2,0,0,0,0,0,1,0,0,0
13597,MC_SC_17_s03L_13597,39,2,2,13,3,0,12,0,0,0,0,3,7,4,0,7,0,14,0
13598,MC_SC_17_s03L_13598,39,2,1,40,0,0,16,6,6,0,3,0,3,3,0,9,0,8,12
13599,MC_SC_17_s03L_13599,39,2,1,39,26,0,22,13,5,0,3,0,5,4,0,19,0,0,0
13600,MC_SC_17_s03L_13600,39,2,1,0,0,0,0,0,0,0,0,0,0,0,0,0,2,0,0
13601,MC_SC_17_s03L_13601,39,2,2,0,14,0,10,4,2,0,4,0,8,0,0,0,0,1,0
13602,MC_SC_17_s03L_13602,39,2,2,35,1,0,6,6,14,66,8,0,11,7,0,2,4,0,15
13603,MC_SC_17_s03L_13603,39,2,2,0,32,0,61,2,0,36,14,0,16,32,0,43,0,22,5
13604,MC_SC_17_s03L_13604,39,2,2,24,6,0,9,0,0,0,0,0,0,6,12,5,0,0,20
13605,MC_SC_17_s03L_13605,39,1,1,1,0,0,1,3,3,0,2,0,0,2,0,0,4,0,1
13606,MC_SC_17_s03L_13606,39,1,1,0,1,0,1,0,0,0,0,3,7,0,0,0,0,0,0
13607,MC_SC_17_s03L_13607,39,2,2,0,4,0,62,24,5,0,17,0,0,0,0,6,2,11,23
13608,MC_SC_17_s03L_13608,39,2,2,0,3,0,0,0,0,15,0,0,0,8,20,0,0,22,0
13609,MC_SC_17_s03L_13609,39,1,1,0,0,0,2,0,0,0,0,2,2,0,0,1,0,1,0
13610,MC_SC_17_s03L_13610,39,2,2,1,0,0,0,5,1,1,0,1,1,0,0,1,4,0,0
13611,MC_SC_17_s03L_13611,39,2,1,0,0,0,0,4,1,0,0,0,0,1,0,0,4,0,0
13612,MC_SC_17_s03L_13612,39,2,2,1,4,1,10,1,15,8,3,0,0,7,11,1,11,0,0
13613,MC_SC_17_s03L_13613,39,2,1,36,13,0,31,39,18,0,0,5,15,4,0,25,0,0,1
13614,MC_SC_17_s03L_13614,39,2,1,13,2,0,19,22,10,0,1,4,5,1,0,10,0,0,0
13615,MC_SC_17_s03L_13615,39,2,2,0,13,0,36,2,0,0,0,3,1,16,2,0,2,9,4
13616,MC_SC_17_s03L_13616,39,2,2,0,4,0,12,47,7,5,0,0,0,0,0,4,2,0,0
13617,MC_SC_17_s03L_13617,39,2,2,0,4,0,24,25,0,6,6,0,0,0,0,5,0,0,0
13618,MC_SC_17_s03L_13618,39,1,1,0,4,0,13,0,0,0,0,0,4,6,0,2,2,0,0
13619,MC_SC_17_s03L_13619,39,1,1,23,0,0,1,0,0,0,0,2,13,7,0,13,0,0,9
13620,MC_SC_17_s03L_13620,39,2,2,0,3,0,1,0,0,0,0,0,0,0,0,7,0,4,0
13621,MC_SC_17_s03L_13621,39,2,2,0,26,0,13,0,0,0,0,0,0,0,0,19,0,19,0
13622,MC_SC_17_s03L_13622,39,2,1,42,19,0,12,2,4,0,3,0,7,15,0,7,0,17,7
13623,MC_SC_17_s03L_13623,39,1,1,5,7,0,0,0,1,0,8,0,0,14,0,0,0,3,3
13624,MC_SC_17_s03L_13624,39,2,2,19,11,0,0,5,7,0,5,1,8,30,0,1,2,1,4
13625,MC_SC_17_s03L_13625,39,2,1,0,7,0,6,0,0,0,0,0,0,5,0,2,0,1,0
13626,MC_SC_17_s03L_13626,39,2,2,0,1,0,41,0,0,79,0,0,0,0,0,7,0,2,0
13627,MC_SC_17_s03L_13627,39,1,1,9,14,0,0,3,1,0,3,10,14,24,0,4,0,4,22
13628,MC_SC_17_s03L_13628,39,2,2,0,11,0,8,0,0,38,0,0,0,13,26,7,0,0,1
13629,MC_SC_17_s03L_13629,39,2,2,0,0,0,0,0,0,0,0,0,0,0,0,4,0,7,0
13630,MC_SC_17_s03L_13630,39,1,1,2,1,0,0,0,0,0,0,0,0,2,0,2,0,2,0
13631,MC_SC_17_s03L_13631,39,1,1,43,11,0,0,24,18,0,2,10,11,1,0,1,0,2,2
13632,MC_SC_17_s03L_13632,39,2,2,0,3,0,3,0,0,0,0,0,0,0,0,0,0,0,0
13633,MC_SC_17_s03L_13633,39,2,2,1,53,0,7,1,0,19,2,0,0,0,0,14,4,28,1
13634,MC_SC_17_s03L_13634,39,2,2,28,24,0,19,0,50,0,1,5,13,38,2,16,5,14,3
13635,MC_SC_17_s03L_13635,39,2,2,1,1,0,0,29,7,0,0,0,6,3,0,14,0,0,0
13636,MC_SC_17_s03L_13636,39,2,1,38,9,0,2,34,67,0,26,2,26,7,0,0,3,28,7
13637,MC_SC_17_s03L_13637,39,2,1,0,1,0,0,0,3,0,2,0,0,0,0,3,0,0,1
13638,MC_SC_17_s03L_13638,39,2,2,0,0,0,3,0,0,0,0,0,0,0,0,12,0,4,6
13639,MC_SC_17_s03L_13639,39,2,2,1,99,0,13,8,0,5,1,1,25,81,0,8,16,54,3
13640,MC_SC_17_s03L_13640,39,2,1,0,4,0,41,0,6,0,9,0,1,1,0,14,3,3,3
13641,MC_SC_17_s03L_13641,39,1,1,0,1,0,0,0,0,0,0,0,0,0,0,2,0,0,0
13642,MC_SC_17_s03L_13642,39,2,1,24,2,0,0,0,6,0,4,4,5,2,6,18,7,10,28
13643,MC_SC_17_s03L_13643,39,2,2,1,64,0,4,6,3,2,3,0,23,78,17,16,5,36,5
13644,MC_SC_17_s03L_13644,39,2,1,0,15,0,17,12,2,0,0,2,3,8,0,7,0,17,0
13645,MC_SC_17_s03L_13645,39,2,2,31,5,0,10,2,4,0,2,0,22,42,6,19,14,31,31
13646,MC_SC_17_s03L_13646,39,2,1,0,18,0,42,0,0,15,1,0,4,13,0,5,0,33,6
13647,MC_SC_17_s03L_13647,39,2,1,61,0,0,2,2,28,5,0,7,43,18,0,16,3,78,38
13648,MC_SC_17_s03L_13648,39,1,1,44,12,0,1,4,13,0,1,9,21,6,13,2,16,33,16
13649,MC_SC_17_s03L_13649,39,2,2,0,9,0,1,69,22,0,82,6,18,3,0,12,2,34,20
13650,MC_SC_17_s03L_13650,39,1,1,0,11,0,0,3,18,0,1,0,0,3,3,1,2,0,0
13651,MC_SC_17_s03L_13651,39,2,2,0,3,0,40,0,0,0,0,3,0,13,19,2,0,9,0
13652,MC_SC_17_s03L_13652,39,2,1,10,1,0,5,0,2,0,9,20,14,15,0,4,14,24,7
13653,MC_SC_17_s03L_13653,39,1,1,0,0,0,0,0,0,3,0,0,0,0,0,0,2,0,0
13654,MC_SC_17_s03L_13654,39,1,1,0,2,0,4,2,0,0,1,4,7,14,0,5,0,11,0
13655,MC_SC_17_s03L_13655,39,2,2,0,1,0,0,43,15,3,10,5,16,0,0,0,6,0,3
13656,MC_SC_17_s03L_13656,39,2,1,9,44,0,11,4,10,6,3,8,63,89,37,30,55,102,12
13657,MC_SC_17_s03L_13657,39,2,2,78,14,0,8,10,138,2,11,3,70,68,5,9,35,2,34
13658,MC_SC_17_s03L_13658,39,1,1,1,3,0,0,0,26,0,0,0,2,3,0,8,0,0,1
13659,MC_SC_17_s03L_13659,39,2,2,1,0,0,0,100,29,3,3,1,30,23,0,13,8,2,0
13660,MC_SC_17_s03L_13660,39,2,2,1,0,0,0,0,3,35,1,2,0,16,4,3,58,14,2
13661,MC_SC_17_s03L_13661,39,1,1,32,22,0,14,44,37,0,22,13,25,5,4,5,11,15,13
13662,MC_SC_17_s03L_13662,39,2,2,21,2,0,0,5,9,0,16,29,17,15,2,4,26,45,10
13663,MC_SC_17_s03L_13663,39,1,1,0,6,0,4,0,0,9,8,0,0,8,9,0,0,0,0
13664,MC_SC_17_s03L_13664,39,2,2,98,10,0,0,17,30,8,50,4,28,0,16,20,15,19,55
13665,MC_SC_17_s03L_13665,39,1,1,29,13,0,4,2,36,0,2,1,17,5,0,6,3,13,14
13666,MC_SC_17_s03L_13666,39,2,2,0,17,0,5,0,0,0,0,0,0,0,0,8,4,0,0
13667,MC_SC_17_s03L_13667,39,2,2,87,16,0,1,11,42,17,17,5,20,4,34,18,59,9,24
13668,MC_SC_17_s03L_13668,39,2,2,7,1,0,0,4,2,19,2,0,0,14,19,2,18,0,0
13669,MC_SC_17_s03L_13669,39,2,1,0,2,0,0,2,3,0,1,0,0,4,0,0,0,0,1
13670,MC_SC_17_s03L_13670,39,2,2,15,42,0,16,15,18,3,15,6,21,92,3,9,23,44,11
13671,MC_SC_17_s03L_13671,39,2,2,0,3,0,3,0,0,0,0,0,0,0,0,0,0,0,0
13672,MC_SC_17_s03L_13672,39,2,2,0,38,0,11,2,0,0,0,5,3,26,27,24,10,6,38
13673,MC_SC_17_s03L_13673,39,1,1,1,1,0,0,0,0,0,1,2,1,1,0,0,0,0,0
13674,MC_SC_17_s03L_13674,39,2,2,63,38,2,27,15,30,14,6,26,38,54,42,35,72,62,6
13675,MC_SC_17_s03L_13675,39,2,1,2,7,0,0,35,11,0,0,2,13,0,2,30,2,19,3
13676,MC_SC_17_s03L_13676,39,2,2,3,10,1,4,153,21,18,51,10,53,3,1,7,48,7,2
13677,MC_SC_17_s03L_13677,39,1,1,0,2,0,0,0,0,0,2,1,0,0,0,1,0,2,0
13678,MC_SC_17_s03L_13678,39,1,1,20,2,0,0,1,5,19,3,1,1,0,1,1,16,0,3
13679,MC_SC_17_s03L_13679,39,2,2,65,41,4,10,6,10,12,12,10,11,34,35,33,61,32,9
13680,MC_SC_17_s03L_13680,39,2,2,0,24,0,0,0,0,0,0,0,0,0,0,4,2,0,0
13681,MC_SC_17_s03L_13681,39,2,1,0,4,0,3,0,2,0,3,0,0,9,0,1,0,0,1
13682,MC_SC_17_s03L_13682,39,2,2,3,9,0,6,9,2,14,1,1,3,0,3,10,10,1,2
13683,MC_SC_17_s03L_13683,39,2,1,0,4,0,0,21,2,0,4,2,8,0,0,1,0,4,0
13684,MC_SC_17_s03L_13684,39,1,1,0,25,0,8,0,0,16,9,0,0,0,0,3,2,3,1
13685,MC_SC_17_s03L_13685,39,2,1,0,64,0,43,1,2,0,1,0,45,10,0,0,2,28,4
13686,MC_SC_17_s03L_13686,39,2,2,65,6,0,8,3,16,5,23,0,33,3,0,8,0,19,19
13687,MC_SC_17_s03L_13687,39,2,2,0,84,3,8,9,5,67,0,0,5,53,42,13,32,31,0
13688,MC_SC_17_s03L_13688,39,2,2,1,25,0,0,0,0,40,0,0,0,0,0,17,6,0,0
13689,MC_SC_17_s03L_13689,39,2,2,0,2,0,0,1,0,0,1,0,0,0,0,0,0,0,0
13690,MC_SC_17_s03L_13690,39,1,1,0,14,0,20,0,0,0,4,0,0,0,0,2,0,6,0
13691,MC_SC_17_s03L_13691,39,2,2,2,36,2,0,0,0,0,0,0,0,0,0,31,4,3,11
13692,MC_SC_17_s03L_13692,39,2,2,82,4,0,13,3,66,0,2,0,0,0,0,22,3,16,12
13693,MC_SC_17_s03L_13693,39,2,2,1,18,0,5,46,29,0,0,0,0,2,0,25,0,14,0
13694,MC_SC_17_s03L_13694,39,1,1,0,4,0,0,16,0,0,0,1,2,0,0,5,0,0,2
13695,MC_SC_17_s03L_13695,39,1,1,3,12,0,0,27,10,1,21,2,2,30,0,1,0,4,0
13696,MC_SC_17_s03L_13696,39,2,1,0,9,0,13,0,0,0,1,0,0,0,0,1,0,0,0
13697,MC_SC_17_s03L_13697,39,2,1,0,4,0,9,1,0,0,1,0,0,0,0,1,0,2,0
13698,MC_SC_17_s03L_13698,39,2,1,2,10,0,0,2,8,2,1,0,2,8,0,1,0,31,1
13699,MC_SC_17_s03L_13699,39,2,2,0,45,0,45,0,0,0,0,0,0,0,0,48,8,14,28
13700,MC_SC_17_s03L_13700,39,2,2,0,0,0,0,0,0,0,1,0,0,0,0,0,0,0,0
13701,MC_SC_17_s03L_13701,39,2,2,0,4,0,3,3,0,24,1,0,0,45,62,5,2,10,2
13702,MC_SC_17_s03L_13702,39,1,1,0,1,0,7,3,12,0,0,1,2,2,0,1,2,2,0
13703,MC_SC_17_s03L_13703,39,2,1,0,16,0,21,0,2,2,2,2,0,10,0,2,2,11,1
13704,MC_SC_17_s03L_13704,39,2,1,0,0,0,0,0,0,0,0,0,0,0,0,0,2,0,0
13705,MC_SC_17_s03L_13705,39,1,1,0,13,0,3,0,0,0,0,4,6,8,0,0,0,0,0
13706,MC_SC_17_s03L_13706,39,2,1,0,33,1,28,0,146,0,12,0,0,11,25,54,3,13,9
13707,MC_SC_17_s03L_13707,39,2,2,0,29,0,0,39,12,0,4,0,0,0,0,8,8,21,14
13708,MC_SC_17_s03L_13708,39,1,1,0,2,0,5,0,3,0,3,0,0,0,0,0,0,0,0
13709,MC_SC_17_s03L_13709,39,2,2,0,9,0,20,0,0,0,0,0,0,0,0,23,0,2,13
13710,MC_SC_17_s03L_13710,39,1,1,3,13,0,3,32,5,4,0,6,7,11,15,8,0,16,0
13711,MC_SC_17_s03L_13711,39,2,1,0,0,0,1,0,0,0,0,0,0,4,23,0,0,0,0
13712,MC_SC_17_s03L_13712,39,2,2,52,15,0,0,67,28,0,1,0,1,17,32,9,14,1,15
13713,MC_SC_17_s03L_13713,39,2,2,1,13,0,0,44,49,0,1,5,7,3,16,19,5,41,0
13714,MC_SC_17_s03L_13714,39,2,1,0,3,0,0,0,0,0,2,0,0,3,0,2,0,0,0
13715,MC_SC_17_s03L_13715,39,2,2,0,7,0,0,45,23,0,27,0,0,0,0,6,9,11,11
13716,MC_SC_17_s03L_13716,39,2,2,51,15,0,23,13,19,0,1,0,4,10,27,48,14,27,22
13717,MC_SC_17_s03L_13717,39,2,2,1,0,0,8,41,18,0,14,0,2,0,0,3,7,11,7
13718,MC_SC_17_s03L_13718,39,2,1,0,41,0,5,3,18,5,1,0,10,47,43,26,19,9,0
13719,MC_SC_17_s03L_13719,39,2,2,0,0,0,0,29,3,0,0,0,0,0,0,0,0,0,0
13720,MC_SC_17_s03L_13720,39,1,1,0,1,0,0,0,0,0,2,1,0,3,0,0,8,0,0
13721,MC_SC_17_s03L_13721,39,2,2,34,5,0,0,0,0,0,0,0,0,0,0,9,6,13,37
13722,MC_SC_17_s03L_13722,39,2,2,0,0,0,0,37,5,0,1,0,0,0,0,7,5,2,0
13723,MC_SC_17_s03L_13723,39,2,1,0,22,0,0,1,0,14,0,0,18,23,0,10,0,94,13
13724,MC_SC_17_s03L_13724,39,2,2,0,4,0,0,0,0,0,0,0,0,0,0,39,11,11,16
13725,MC_SC_17_s03L_13725,39,2,1,0,3,0,5,3,0,2,3,0,0,6,2,4,0,12,1
13726,MC_SC_17_s03L_13726,39,2,2,0,14,0,0,28,7,1,0,1,1,1,1,27,11,0,2
13727,MC_SC_17_s03L_13727,39,2,2,91,31,0,3,38,9,2,1,0,0,0,0,17,2,40,3
13728,MC_SC_17_s03L_13728,39,2,2,0,1,0,0,3,0,0,0,0,0,0,0,0,7,0,0
13729,MC_SC_17_s03L_13729,39,2,2,1,1,0,0,75,15,14,1,0,7,3,2,12,29,2,0
13730,MC_SC_17_s03L_13730,39,1,1,0,1,0,0,23,11,0,0,0,4,4,0,3,5,0,0
13731,MC_SC_17_s03L_13731,39,2,1,45,22,0,0,13,8,6,6,0,1,10,25,9,4,17,17
13732,MC_SC_17_s03L_13732,39,2,2,0,68,0,25,9,14,73,0,0,0,0,0,61,2,7,7
13733,MC_SC_17_s03L_13733,39,2,2,0,0,0,0,19,0,0,0,0,0,0,0,0,0,0,0
13734,MC_SC_17_s03L_13734,39,2,2,0,11,0,0,0,1,0,0,0,0,0,0,11,5,20,26
13735,MC_SC_17_s03L_13735,39,2,1,0,26,0,13,3,5,4,2,0,0,0,0,3,5,27,19
13736,MC_SC_17_s03L_13736,39,1,1,1,1,0,0,38,1,0,0,0,0,0,0,1,2,10,0
13737,MC_SC_17_s03L_13737,39,2,2,0,9,0,7,0,3,50,0,0,0,0,0,3,4,0,0
13738,MC_SC_17_s03L_13738,39,2,2,1,13,0,3,2,0,5,0,0,0,0,0,24,6,4,6
13739,MC_SC_17_s03L_13739,39,2,2,116,11,0,1,39,27,78,0,0,0,0,0,12,7,4,17
13740,MC_SC_17_s03L_13740,39,2,2,0,2,0,18,0,0,0,0,0,0,0,0,27,2,12,28
13741,MC_SC_17_s03L_13741,39,2,2,64,48,0,6,6,11,44,0,0,0,0,0,51,59,11,8
13742,MC_SC_17_s03L_13742,39,2,1,0,12,0,14,39,1,1,1,0,0,0,0,24,3,39,1
13743,MC_SC_17_s03L_13743,39,2,1,12,11,0,0,15,1,0,0,1,1,3,0,14,0,1,0
13744,MC_SC_17_s03L_13744,39,2,2,0,47,0,2,55,31,0,5,0,0,0,0,32,14,28,1
13745,MC_SC_17_s03L_13745,39,2,1,0,13,0,5,0,1,0,2,0,0,12,0,6,0,2,0
13746,MC_SC_17_s03L_13746,39,2,2,0,0,0,0,0,0,0,0,0,0,0,0,0,27,0,0
13747,MC_SC_17_s03L_13747,39,2,1,0,0,0,0,30,2,0,0,0,0,0,0,10,1,0,0
13748,MC_SC_17_s03L_13748,39,2,1,0,1,0,0,0,0,1,0,0,0,0,0,15,0,7,0
13749,MC_SC_17_s03L_13749,39,2,2,0,19,0,3,0,0,0,0,0,0,0,0,2,0,17,14
13750,MC_SC_17_s03L_13750,39,2,1,0,0,0,3,35,1,0,1,0,0,0,0,4,0,0,0
13751,MC_SC_17_s03L_13751,39,2,1,25,20,0,1,0,2,0,0,0,0,0,0,1,0,7,12
13752,MC_SC_17_s03L_13752,39,2,1,1,12,0,4,1,4,14,2,0,0,0,0,20,4,12,8
13753,MC_SC_17_s03L_13753,39,2,2,0,54,0,29,0,0,0,0,0,0,0,0,16,2,17,30
13754,MC_SC_17_s03L_13754,39,2,2,0,0,0,0,5,0,0,1,0,0,0,0,0,0,0,0
13755,MC_SC_17_s03L_13755,39,2,2,0,0,0,5,0,0,0,0,0,0,0,0,5,0,2,9
13756,MC_SC_17_s03L_13756,39,2,2,0,0,0,0,0,0,0,0,0,0,0,0,0,2,18,4
13757,MC_SC_17_s03L_13757,39,2,2,0,0,0,0,0,1,0,0,0,0,0,0,0,0,0,0
13758,MC_SC_17_s03L_13758,39,2,1,0,0,0,0,12,5,0,0,0,0,0,0,1,0,0,0
13759,MC_SC_17_s03L_13759,39,2,2,0,7,0,0,0,0,0,0,0,0,0,0,5,0,0,0
13760,MC_SC_17_s03L_13760,39,2,2,0,2,0,0,0,0,0,0,0,0,0,0,14,0,28,12
13761,MC_SC_17_s03L_13761,39,2,2,0,0,0,2,8,6,0,3,0,0,0,0,4,2,0,7
13762,MC_SC_17_s03L_13762,39,1,1,0,1,0,3,0,3,0,1,1,0,0,0,8,0,13,0
13763,MC_SC_17_s03L_13763,39,2,2,0,0,0,3,64,16,0,0,0,0,0,0,37,0,7,3
13764,MC_SC_17_s03L_13764,39,2,2,0,38,0,28,0,0,0,0,0,0,0,0,104,25,42,61
13765,MC_SC_17_s03L_13765,39,2,1,25,13,0,13,7,122,2,12,0,2,6,17,110,4,6,15
13766,MC_SC_17_s03L_13766,39,2,2,0,24,0,37,0,0,0,0,0,0,0,0,51,12,8,4
13767,MC_SC_17_s03L_13767,39,2,2,3,1,0,0,0,0,0,0,0,0,0,0,2,0,0,0
13768,MC_SC_17_s03L_13768,39,1,1,1,6,0,1,30,17,0,17,0,0,0,0,1,2,20,8
13769,MC_SC_17_s03L_13769,39,2,1,0,14,0,22,0,1,0,0,0,0,0,0,1,0,3,0
13770,MC_SC_17_s03L_13770,39,2,1,0,2,0,19,0,0,5,0,0,0,0,0,16,0,71,0
13771,MC_SC_17_s03L_13771,39,2,1,0,19,0,18,0,3,0,0,0,0,0,0,0,2,4,2
13772,MC_SC_17_s03L_13772,39,2,1,0,2,0,0,9,0,0,0,0,0,0,0,0,0,0,0
13773,MC_SC_17_s03L_13773,39,2,2,0,0,0,4,0,2,89,2,0,0,0,0,24,10,6,3
13774,MC_SC_17_s03L_13774,39,2,2,0,0,0,0,0,0,0,0,0,0,0,0,7,2,0,0
13775,MC_SC_17_s03L_13775,39,2,2,0,1,0,4,0,0,0,0,0,0,0,0,2,5,0,0
13776,MC_SC_17_s03L_13776,39,2,2,0,29,0,129,0,0,0,0,0,0,0,0,28,10,57,10
13777,MC_SC_17_s03L_13777,39,2,2,0,6,0,4,0,0,0,0,0,0,0,0,2,0,3,0
13778,MC_SC_17_s03L_13778,39,1,1,0,0,0,0,0,0,0,0,0,0,0,0,0,0,0,0
13779,MC_SC_17_s03L_13779,39,2,1,0,0,0,3,3,3,4,0,0,0,0,0,0,4,2,0
13780,MC_SC_17_s03L_13780,39,2,1,0,3,0,0,15,23,0,1,0,0,0,0,5,4,2,0
13781,MC_SC_17_s03L_13781,39,2,2,0,4,0,2,0,0,0,0,0,0,0,0,0,6,0,0
13782,MC_SC_17_s03L_13782,39,2,1,0,15,0,11,14,29,0,0,0,0,0,0,0,7,7,0
13783,MC_SC_17_s03L_13783,39,2,2,1,9,0,2,1,1,9,4,0,0,0,0,1,0,16,0
13784,MC_SC_17_s03L_13784,39,2,2,0,22,0,25,1,29,28,3,0,0,0,0,32,6,27,0
13785,MC_SC_17_s03L_13785,39,2,1,0,0,0,0,0,0,0,0,0,0,0,0,0,0,0,0
13786,MC_SC_17_s03L_13786,39,1,1,0,7,0,12,0,17,0,4,0,3,12,0,16,4,57,0
13787,MC_SC_17_s03L_13787,39,2,2,0,64,0,39,2,4,67,0,0,0,0,0,10,10,160,29
13788,MC_SC_17_s03L_13788,39,2,2,0,0,0,1,4,1,0,1,0,0,0,0,0,0,2,0
13789,MC_SC_17_s03L_13789,39,2,2,0,0,0,0,0,0,0,0,0,0,0,0,0,0,0,0
13790,MC_SC_17_s03L_13790,39,2,2,0,3,0,12,0,0,0,0,0,0,0,0,1,2,2,0
13791,MC_SC_17_s03L_13791,39,2,1,0,9,0,6,2,0,0,3,0,0,0,0,11,0,0,1
13792,MC_SC_17_s03L_13792,39,1,1,0,1,0,11,3,0,3,6,11,29,23,51,14,15,17,4
13793,MC_SC_17_s03L_13793,39,2,2,0,0,0,3,1,0,0,1,0,0,0,0,1,2,10,0
13794,MC_SC_17_s03L_13794,39,2,2,0,17,0,44,2,0,0,0,0,0,0,0,45,6,8,24
13795,MC_SC_17_s03L_13795,39,2,2,0,20,2,38,0,0,0,0,0,0,0,0,46,14,34,2
13796,MC_SC_17_s03L_13796,39,2,2,71,55,0,55,3,7,126,2,0,0,0,0,21,173,8,14
13797,MC_SC_17_s03L_13797,39,2,2,0,22,0,76,70,65,0,51,0,0,0,0,12,0,4,5
13798,MC_SC_17_s03L_13798,39,2,2,0,0,0,11,0,0,0,0,0,0,0,0,0,0,0,0
13799,MC_SC_17_s03L_13799,39,2,2,0,41,0,41,0,0,0,0,0,0,0,0,28,10,0,9
13800,MC_SC_17_s03L_13800,39,2,2,1,86,0,319,7,34,263,9,0,0,0,0,123,55,430,166
13801,MC_SC_17_s03L_13801,39,1,1,0,0,0,0,1,5,11,5,0,0,0,0,1,0,9,0
13802,MC_SC_17_s03L_13802,39,2,2,97,94,0,3,7,19,20,12,0,0,0,0,39,280,23,44
13803,MC_SC_17_s03L_13803,39,1,1,0,23,0,19,0,0,0,2,0,0,0,0,1,5,0,5
13804,MC_SC_17_s03L_13804,39,1,1,0,0,0,0,0,0,0,0,0,0,0,0,2,0,0,1
13805,MC_SC_17_s03L_13805,39,1,1,0,5,0,14,1,3,8,8,0,0,0,0,2,5,23,1
13806,MC_SC_17_s03L_13806,39,2,2,0,27,0,17,0,0,0,0,0,0,0,0,19,10,32,28
13807,MC_SC_17_s03L_13807,39,2,2,0,0,0,4,0,0,0,0,0,0,0,0,3,9,51,1
13808,MC_SC_17_s03L_13808,39,2,2,1,15,0,23,2,2,6,2,0,0,0,0,38,8,1,16
13809,MC_SC_17_s03L_13809,39,2,2,0,74,0,52,0,0,43,1,0,0,0,0,65,21,59,47
13810,MC_SC_17_s03L_13810,39,2,2,0,2,0,19,1,1,12,0,0,0,0,0,16,0,18,2
13811,MC_SC_17_s03L_13811,39,2,2,0,9,0,3,0,0,0,0,0,0,0,0,25,0,7,5
13812,MC_SC_17_s03L_13812,39,2,2,0,2,0,0,0,0,0,0,0,0,0,0,0,2,23,2
13813,MC_SC_17_s03L_13813,39,1,1,0,16,0,14,0,6,0,2,0,0,0,0,9,10,30,1
13814,MC_SC_17_s03L_13814,39,2,1,0,15,0,15,4,4,0,0,0,0,0,0,13,2,0,13
13815,MC_SC_17_s03L_13815,39,2,2,0,19,0,12,0,0,30,3,0,0,0,0,22,8,149,53
13816,MC_SC_17_s03L_13816,39,2,1,0,39,0,49,0,0,3,2,0,0,12,19,39,10,39,32
13817,MC_SC_17_s03L_13817,39,2,2,0,28,0,73,0,0,0,0,0,0,0,0,42,18,129,35
13818,MC_SC_17_s03L_13818,39,2,2,0,26,0,52,0,1,0,3,0,0,0,0,92,12,88,26
13819,MC_SC_17_s03L_13819,39,2,1,0,32,0,125,32,11,0,12,0,0,0,0,21,6,36,48
13820,MC_SC_17_s03L_13820,39,2,2,0,29,0,11,0,0,0,0,0,0,0,0,2,13,12,3
13821,MC_SC_17_s03L_13821,39,2,2,0,4,0,13,0,0,0,0,0,0,0,0,4,5,1,0
13822,MC_SC_17_s03L_13822,39,2,2,26,20,0,6,0,0,0,0,0,0,0,0,35,86,4,11
13823,MC_SC_17_s03L_13823,39,2,2,0,14,0,3,0,0,44,0,0,0,0,0,8,26,176,25
13824,MC_SC_17_s03L_13824,39,2,2,0,13,0,4,0,0,0,0,0,0,0,0,8,0,2,5
13825,MC_SC_17_s03L_13825,39,2,2,0,24,0,60,0,0,0,0,0,0,0,0,29,36,11,37
13826,MC_SC_17_s03L_13826,39,2,2,0,12,0,26,0,0,0,0,0,0,0,0,86,25,216,72
13827,MC_SC_17_s03L_13827,39,2,2,50,39,0,0,0,0,0,0,0,0,0,0,14,10,0,1
13828,MC_SC_17_s03L_13828,39,2,2,31,9,0,0,0,0,0,0,0,0,0,0,10,2,0,3
13829,MC_SC_17_s03L_13829,39,2,2,0,9,0,31,0,0,0,0,0,0,0,0,4,0,20,2
13830,MC_SC_17_s03L_13830,39,2,2,0,38,0,78,0,0,0,0,0,0,0,0,24,0,5,24
13831,MC_SC_17_s03L_13831,39,2,1,2,10,0,0,2,0,0,0,0,0,0,0,2,3,0,0
13832,MC_SC_17_s03L_13832,39,1,1,0,0,0,1,4,0,0,0,0,0,0,0,1,4,27,0
13833,MC_SC_17_s03L_13833,39,2,2,0,78,0,18,0,0,0,0,0,0,0,0,19,7,15,36
13834,MC_SC_17_s03L_13834,39,2,2,0,4,2,6,0,0,0,0,0,0,0,0,23,0,109,39
13835,MC_SC_17_s03L_13835,39,1,1,0,0,0,2,0,0,0,0,0,0,0,0,0,0,6,0
13836,MC_SC_17_s03L_13836,39,2,2,0,30,0,61,0,0,0,0,0,0,0,0,18,2,10,34
13837,MC_SC_17_s03L_13837,39,2,2,81,53,0,163,3,0,0,1,0,0,0,0,18,64,8,24
13838,MC_SC_17_s03L_13838,39,2,2,0,18,0,30,0,0,0,0,0,0,0,0,10,0,11,0
13839,MC_SC_17_s03L_13839,39,2,2,3,51,0,55,0,0,0,0,0,0,0,0,39,0,0,35
13840,MC_SC_17_s03L_13840,39,1,1,0,0,0,1,0,0,0,0,0,0,0,0,0,0,0,0
13841,MC_SC_17_s03L_13841,39,2,2,22,24,0,0,0,0,0,0,0,0,0,0,11,43,3,3
13842,MC_SC_17_s03L_13842,39,2,2,23,30,0,44,0,0,0,0,0,0,0,0,5,17,8,1
13843,MC_SC_17_s03L_13843,39,2,2,0,5,0,16,0,0,0,0,0,0,0,0,4,0,8,10
13844,MC_SC_17_s03L_13844,39,2,2,12,11,0,7,1,0,55,1,0,0,0,0,2,125,2,2
13845,MC_SC_17_s03L_13845,39,2,2,0,10,0,5,0,0,0,0,0,0,0,0,3,0,0,9
13846,MC_SC_17_s03L_13846,39,2,2,66,49,0,51,9,4,72,7,0,0,0,0,37,90,0,3
13847,MC_SC_17_s03L_13847,39,2,2,0,2,0,24,0,0,0,0,0,0,0,0,10,7,0,0
13848,MC_SC_17_s03L_13848,39,2,2,3,12,0,0,0,0,0,0,0,0,0,0,2,107,0,6
13849,MC_SC_17_s03L_13849,39,2,2,0,4,0,41,0,0,0,0,0,0,0,0,5,4,21,1
13850,MC_SC_17_s03L_13850,39,2,1,0,12,0,43,0,0,0,0,0,0,0,0,8,0,16,0
13851,MC_SC_17_s03L_13851,39,2,2,13,12,0,35,0,0,0,0,0,0,0,0,3,6,13,0
13852,MC_SC_17_s03L_13852,39,2,2,0,50,0,118,0,0,0,0,0,0,0,0,1,44,19,30
13853,MC_SC_17_s03L_13853,39,2,2,0,156,0,37,0,0,0,0,0,0,0,0,17,70,304,60
13854,MC_SC_17_s03L_13854,39,2,1,0,23,0,4,2,0,5,0,0,0,0,0,20,4,0,0
13855,MC_SC_17_s03L_13855,39,1,1,0,4,0,6,0,0,0,0,0,0,0,0,11,2,41,2
13856,MC_SC_17_s03L_13856,39,2,1,0,0,0,0,0,0,0,0,0,0,0,0,0,0,0,0
13857,MC_SC_17_s03L_13857,39,1,1,0,10,0,31,0,0,0,0,0,0,0,0,15,5,61,8
13858,MC_SC_17_s03L_13858,39,1,1,0,19,0,62,57,2,37,4,0,0,0,0,3,5,62,13
13859,MC_SC_17_s03L_13859,39,1,1,13,9,0,9,2,0,1,6,0,0,0,0,11,42,0,1
13860,MC_SC_17_s03L_13860,39,2,2,0,12,0,14,0,0,0,0,0,0,0,0,18,17,1,0
13861,MC_SC_17_s03L_13861,39,2,2,42,13,0,58,6,13,120,0,0,0,0,0,68,237,71,70
13862,MC_SC_17_s03L_13862,39,1,1,0,0,0,6,0,0,0,0,0,0,0,0,0,22,1,0
13863,MC_SC_17_s03L_13863,39,2,2,66,25,0,56,7,3,75,3,0,0,0,0,35,218,25,18
13864,MC_SC_17_s03L_13864,40,1,1,0,1,0,10,0,9,0,0,1,1,42,11,0,0,0,0
13865,MC_SC_17_s03L_13865,40,1,1,0,1,0,12,3,12,0,4,0,2,13,6,0,60,7,0
13866,MC_SC_17_s03L_13866,40,1,1,36,4,0,23,3,16,2,5,1,3,2,0,5,0,1,0
13867,MC_SC_17_s03L_13867,40,1,1,0,0,0,4,1,11,1,2,1,0,12,21,0,0,0,0
13868,MC_SC_17_s03L_13868,40,1,1,0,0,0,1,7,12,3,0,0,2,4,0,0,45,2,0
13869,MC_SC_17_s03L_13869,40,1,1,0,0,0,2,0,0,0,0,0,0,0,0,0,0,0,0
13870,MC_SC_17_s03L_13870,40,1,1,0,9,0,20,2,3,9,0,15,4,48,0,6,0,5,6
13871,MC_SC_17_s03L_13871,40,1,1,0,5,0,31,11,16,94,10,0,10,2,97,0,68,5,0
13872,MC_SC_17_s03L_13872,40,1,1,0,0,0,0,0,0,0,0,0,0,0,0,0,33,4,0
13873,MC_SC_17_s03L_13873,40,1,1,2,3,0,1,7,13,25,1,0,1,9,5,0,0,0,0
13874,MC_SC_17_s03L_13874,40,1,1,0,4,1,33,3,49,37,10,2,29,5,41,0,49,9,0
13875,MC_SC_17_s03L_13875,40,1,1,0,1,0,23,44,2,2,11,6,6,4,0,1,0,0,0
13876,MC_SC_17_s03L_13876,40,1,1,36,3,1,6,41,1,8,1,0,3,2,0,0,4,0,0
13877,MC_SC_17_s03L_13877,40,1,1,76,19,2,19,48,24,15,5,2,8,7,7,0,7,1,0
13878,MC_SC_17_s03L_13878,40,1,1,0,0,0,0,0,0,0,0,0,0,0,0,0,0,0,0
13879,MC_SC_17_s03L_13879,40,1,1,0,1,0,4,4,0,0,0,0,0,5,2,1,11,0,0
13880,MC_SC_17_s03L_13880,40,1,1,1,2,0,0,0,12,46,0,0,0,0,0,0,0,0,0
13881,MC_SC_17_s03L_13881,40,1,1,1,2,2,11,1,7,44,1,0,6,2,11,0,50,0,0
13882,MC_SC_17_s03L_13882,40,1,1,29,9,0,3,14,6,6,0,1,6,0,0,4,27,3,0
13883,MC_SC_17_s03L_13883,40,1,1,0,5,0,45,0,0,3,0,8,6,24,2,1,16,19,4
13884,MC_SC_17_s03L_13884,40,1,1,0,5,0,22,0,4,0,0,0,1,15,6,0,8,10,0
13885,MC_SC_17_s03L_13885,40,1,1,40,14,6,20,18,14,28,3,0,1,4,8,12,15,0,10
13886,MC_SC_17_s03L_13886,40,1,1,0,3,0,22,0,0,8,4,0,0,12,0,0,11,21,0
13887,MC_SC_17_s03L_13887,40,1,1,1,0,0,1,0,0,0,0,0,0,0,0,0,0,0,0
13888,MC_SC_17_s03L_13888,40,1,1,0,0,0,10,0,0,0,0,0,0,0,0,0,1,14,4
13889,MC_SC_17_s03L_13889,40,1,1,14,1,0,4,12,4,0,2,0,2,3,2,9,14,0,0
13890,MC_SC_17_s03L_13890,40,1,1,0,0,0,9,0,0,0,0,1,0,19,9,0,0,7,0
13891,MC_SC_17_s03L_13891,40,1,1,0,4,0,29,2,1,10,3,1,1,30,4,0,3,22,0
13892,MC_SC_17_s03L_13892,40,1,1,0,1,0,24,0,0,7,1,1,3,16,0,0,0,3,0
13893,MC_SC_17_s03L_13893,40,1,1,0,0,0,1,0,0,0,0,0,0,0,0,0,6,0,1
13894,MC_SC_17_s03L_13894,40,1,1,0,10,0,23,0,0,14,0,0,0,21,3,1,2,16,0
13895,MC_SC_17_s03L_13895,40,1,1,0,0,0,7,0,0,9,0,0,2,7,0,0,0,0,0
13896,MC_SC_17_s03L_13896,40,1,1,0,3,0,24,2,0,14,0,0,0,9,0,0,3,14,0
13897,MC_SC_17_s03L_13897,40,1,1,26,8,0,6,0,2,47,0,0,0,0,0,0,0,0,0
13898,MC_SC_17_s03L_13898,40,1,1,0,7,0,60,5,0,77,25,0,14,21,45,1,0,7,0
13899,MC_SC_17_s03L_13899,40,1,1,22,2,0,33,0,0,0,0,0,0,0,0,25,0,2,0
13900,MC_SC_17_s03L_13900,40,1,1,0,2,0,33,1,0,1,2,0,0,3,3,0,19,2,0
13901,MC_SC_17_s03L_13901,40,1,1,0,1,0,20,5,0,0,7,4,5,19,0,0,50,0,4
13902,MC_SC_17_s03L_13902,40,1,1,0,2,0,10,0,0,1,0,0,0,9,0,0,3,2,0
13903,MC_SC_17_s03L_13903,40,1,1,0,3,0,17,27,44,60,16,12,14,47,16,0,95,2,1
13904,MC_SC_17_s03L_13904,40,1,1,0,1,0,10,2,33,13,1,0,0,7,15,2,113,5,0
13905,MC_SC_17_s03L_13905,40,1,1,0,4,0,29,2,9,8,3,1,2,22,0,0,0,20,0
13906,MC_SC_17_s03L_13906,40,1,1,0,12,0,93,8,0,21,1,11,16,40,3,4,0,3,12
13907,MC_SC_17_s03L_13907,40,1,1,0,1,0,7,0,0,0,0,0,2,0,0,0,0,0,2
13908,MC_SC_17_s03L_13908,40,1,1,0,8,0,22,2,0,4,0,5,6,11,0,1,0,7,4
13909,MC_SC_17_s03L_13909,40,1,1,0,2,0,1,0,0,10,0,0,2,8,0,0,7,17,0
13910,MC_SC_17_s03L_13910,40,1,1,10,2,0,5,2,2,1,1,0,1,0,0,0,19,0,0
13911,MC_SC_17_s03L_13911,40,1,1,0,14,0,31,0,0,2,0,0,6,8,0,5,0,48,0
13912,MC_SC_17_s03L_13912,40,1,1,0,0,0,1,0,0,0,0,0,1,1,0,0,0,0,0
13913,MC_SC_17_s03L_13913,40,1,1,16,9,0,10,3,3,0,8,3,2,7,2,0,6,0,0
13914,MC_SC_17_s03L_13914,40,1,1,0,3,1,9,2,5,0,0,0,12,10,0,0,44,19,0
13915,MC_SC_17_s03L_13915,40,1,1,0,2,0,1,0,1,6,0,0,2,1,0,0,3,16,0
13916,MC_SC_17_s03L_13916,40,1,1,0,1,0,43,3,1,11,0,4,4,17,0,2,0,1,6
13917,MC_SC_17_s03L_13917,40,1,1,0,3,0,28,0,0,0,0,4,3,28,0,5,0,9,8
13918,MC_SC_17_s03L_13918,40,1,1,0,0,0,13,1,0,15,0,1,1,16,1,1,0,3,0
13919,MC_SC_17_s03L_13919,40,1,1,0,13,0,41,28,3,7,0,7,21,22,3,10,3,44,21
13920,MC_SC_17_s03L_13920,40,1,1,0,8,0,13,0,0,4,0,0,0,5,0,3,2,36,0
13921,MC_SC_17_s03L_13921,40,1,1,0,5,0,50,1,0,7,2,4,3,9,0,2,0,4,4
13922,MC_SC_17_s03L_13922,40,1,1,0,7,0,7,7,2,82,2,0,0,3,1,0,0,0,0
13923,MC_SC_17_s03L_13923,40,1,1,0,0,0,0,0,0,0,0,0,0,3,0,0,0,0,0
13924,MC_SC_17_s03L_13924,40,1,1,0,6,0,9,11,2,3,17,0,1,4,0,0,3,2,0
13925,MC_SC_17_s03L_13925,40,1,1,12,0,0,6,0,0,6,0,0,0,0,0,0,0,0,0
13926,MC_SC_17_s03L_13926,40,1,1,0,8,1,113,2,17,34,11,14,26,55,47,15,10,53,19
13927,MC_SC_17_s03L_13927,40,1,1,0,7,0,37,2,2,7,3,1,15,21,2,5,4,14,2
13928,MC_SC_17_s03L_13928,40,1,1,13,4,0,6,6,4,11,5,0,1,0,0,0,2,0,0
13929,MC_SC_17_s03L_13929,40,1,1,0,1,0,1,0,2,0,0,0,10,7,0,0,0,36,0
13930,MC_SC_17_s03L_13930,40,1,1,1,4,0,17,0,3,13,2,1,1,13,16,2,2,2,1
13931,MC_SC_17_s03L_13931,40,1,1,1,7,0,6,20,1,71,8,0,6,3,10,1,6,2,0
13932,MC_SC_17_s03L_13932,40,1,1,0,4,0,2,1,0,3,0,0,1,12,2,0,5,23,4
13933,MC_SC_17_s03L_13933,40,1,1,0,9,0,7,3,0,0,0,3,4,6,0,2,4,0,2
13934,MC_SC_17_s03L_13934,40,1,1,2,5,0,12,2,3,3,2,3,1,11,0,0,0,46,3
13935,MC_SC_17_s03L_13935,40,1,1,0,0,0,2,0,0,0,0,0,1,1,0,0,0,12,0
13936,MC_SC_17_s03L_13936,40,1,1,33,19,0,26,15,31,0,15,1,8,1,0,9,0,0,2
13937,MC_SC_17_s03L_13937,40,1,1,0,10,0,40,0,0,2,1,0,19,14,2,11,0,10,35
13938,MC_SC_17_s03L_13938,40,1,1,0,59,0,69,7,0,0,14,32,48,1,2,16,2,69,0
13939,MC_SC_17_s03L_13939,40,1,1,0,5,0,10,0,1,0,1,0,1,5,0,0,0,0,3
13940,MC_SC_17_s03L_13940,40,1,1,0,18,1,123,4,6,5,13,3,13,40,4,0,0,103,1
13941,MC_SC_17_s03L_13941,40,1,1,45,1,0,23,7,5,2,0,0,5,0,0,12,4,5,0
13942,MC_SC_17_s03L_13942,40,1,1,0,74,0,85,21,0,0,45,24,70,1,0,13,2,113,0
13943,MC_SC_17_s03L_13943,40,1,1,0,64,0,75,79,5,0,46,13,41,10,0,25,2,108,0
13944,MC_SC_17_s03L_13944,40,1,1,0,5,0,7,2,0,0,5,0,0,0,0,2,0,2,0
13945,MC_SC_17_s03L_13945,40,1,1,0,0,0,0,0,0,0,0,0,0,0,0,0,0,0,0
13946,MC_SC_17_s03L_13946,40,1,1,0,7,0,41,0,0,0,1,2,0,17,0,0,0,0,0
13947,MC_SC_17_s03L_13947,40,1,1,0,14,0,18,59,1,0,14,3,40,0,7,10,0,40,0
13948,MC_SC_17_s03L_13948,40,1,1,0,10,0,24,0,0,0,0,0,0,1,0,0,0,0,0
13949,MC_SC_17_s03L_13949,40,1,1,0,1,0,1,0,3,2,0,0,0,2,0,0,0,0,0
13950,MC_SC_17_s03L_13950,40,1,1,0,3,0,1,0,6,79,0,0,0,12,40,0,0,0,0
13951,MC_SC_17_s03L_13951,40,1,1,54,7,0,24,19,27,2,1,0,2,2,0,7,3,7,0
13952,MC_SC_17_s03L_13952,40,1,1,0,0,0,36,0,0,0,0,0,0,7,0,0,0,5,0
13953,MC_SC_17_s03L_13953,40,1,1,0,2,0,11,0,0,0,0,0,0,0,0,0,0,2,3
13954,MC_SC_17_s03L_13954,40,1,1,0,0,0,0,0,0,4,0,0,2,2,0,0,0,18,0
13955,MC_SC_17_s03L_13955,40,1,1,0,0,0,0,1,0,0,0,0,0,0,0,0,0,1,0
13956,MC_SC_17_s03L_13956,40,1,1,0,0,0,0,6,0,2,1,4,0,0,0,2,13,0,3
13957,MC_SC_17_s03L_13957,40,1,1,0,0,0,4,0,0,0,0,0,0,0,0,0,0,0,1
13958,MC_SC_17_s03L_13958,40,1,1,0,1,0,7,0,0,0,0,2,2,1,0,10,0,20,0
13959,MC_SC_17_s03L_13959,40,1,1,32,2,0,19,0,10,0,1,1,8,8,0,4,0,0,9
13960,MC_SC_17_s03L_13960,40,1,1,22,0,0,1,0,2,39,0,0,7,1,0,3,2,0,0
13961,MC_SC_17_s03L_13961,40,1,1,0,9,0,19,15,24,6,0,0,4,6,0,0,4,56,2
13962,MC_SC_17_s03L_13962,40,1,1,0,2,0,1,2,7,9,1,1,0,0,12,2,11,0,1
13963,MC_SC_17_s03L_13963,40,1,1,0,18,0,11,0,2,4,4,0,7,2,0,4,0,23,0
13964,MC_SC_17_s03L_13964,40,1,1,0,0,0,0,0,0,0,0,0,1,1,0,0,0,0,0
13965,MC_SC_17_s03L_13965,40,1,1,0,3,0,2,0,0,0,0,0,7,10,12,6,2,10,0
13966,MC_SC_17_s03L_13966,40,1,1,0,0,0,0,0,0,0,0,0,0,0,0,1,2,0,0
13967,MC_SC_17_s03L_13967,40,1,1,0,0,0,2,0,0,0,0,1,5,0,0,3,0,9,0
13968,MC_SC_17_s03L_13968,40,1,1,0,0,0,2,2,0,16,0,0,0,8,16,0,2,0,0
13969,MC_SC_17_s03L_13969,40,1,1,0,0,0,6,0,6,0,0,0,0,0,3,0,0,0,0
13970,MC_SC_17_s03L_13970,40,1,1,45,1,0,10,0,0,0,0,0,0,0,0,5,0,0,15
13971,MC_SC_17_s03L_13971,40,1,1,48,8,0,12,2,1,2,4,0,6,9,0,28,5,1,13
13972,MC_SC_17_s03L_13972,40,1,1,0,9,0,39,0,0,10,0,1,2,18,4,8,3,5,0
13973,MC_SC_17_s03L_13973,40,1,1,0,5,0,11,0,0,0,0,0,3,6,0,7,0,3,3
13974,MC_SC_17_s03L_13974,40,1,1,7,3,0,0,1,0,0,1,0,0,0,0,2,9,0,0
13975,MC_SC_17_s03L_13975,40,1,1,0,1,0,4,17,0,0,0,0,3,0,0,7,0,3,2
13976,MC_SC_17_s03L_13976,40,1,1,20,4,0,12,14,10,0,0,0,0,0,0,1,0,0,0
13977,MC_SC_17_s03L_13977,40,1,1,0,1,0,1,3,14,3,2,0,0,0,0,8,12,0,0
13978,MC_SC_17_s03L_13978,40,1,1,49,16,4,12,1,76,3,10,0,2,27,55,35,23,0,4
13979,MC_SC_17_s03L_13979,40,1,1,6,5,0,2,0,0,0,0,0,0,0,0,0,0,0,0
13980,MC_SC_17_s03L_13980,40,1,1,0,2,0,14,31,4,0,0,0,0,0,0,0,0,7,0
13981,MC_SC_17_s03L_13981,40,1,1,0,13,0,17,4,17,1,0,0,0,0,0,8,0,0,2
13982,MC_SC_17_s03L_13982,40,1,1,0,0,0,6,0,0,0,0,0,0,1,0,0,0,0,0
13983,MC_SC_17_s03L_13983,40,1,1,0,0,0,1,0,0,0,1,0,0,0,0,0,0,1,0
13984,MC_SC_17_s03L_13984,40,1,1,2,8,0,3,0,1,0,3,1,7,2,0,0,2,0,0
13985,MC_SC_17_s03L_13985,40,1,1,0,0,0,0,0,0,0,0,0,0,0,31,0,0,0,0
13986,MC_SC_17_s03L_13986,40,1,1,0,2,0,3,0,0,2,2,0,0,0,0,0,0,0,0
13987,MC_SC_17_s03L_13987,40,1,1,0,4,0,59,8,22,31,0,0,4,2,11,12,0,0,4
13988,MC_SC_17_s03L_13988,40,1,1,10,0,0,0,0,0,0,0,0,0,0,0,6,0,3,0
13989,MC_SC_17_s03L_13989,40,1,1,52,27,0,6,18,8,0,12,9,3,6,11,0,8,80,11
13990,MC_SC_17_s03L_13990,40,1,1,0,1,0,0,3,2,0,0,0,0,0,0,0,0,0,0
13991,MC_SC_17_s03L_13991,40,1,1,0,1,0,3,0,0,0,0,0,0,0,0,1,0,0,2
13992,MC_SC_17_s03L_13992,40,1,1,0,0,0,0,0,0,0,0,1,0,0,0,0,0,0,0
13993,MC_SC_17_s03L_13993,40,1,1,0,0,0,0,5,0,0,0,0,0,0,0,1,0,0,0
13994,MC_SC_17_s03L_13994,40,1,1,27,9,0,3,1,3,4,12,11,15,18,3,20,11,19,44
13995,MC_SC_17_s03L_13995,40,1,1,21,2,0,2,0,6,0,19,8,32,40,0,1,0,53,23
13996,MC_SC_17_s03L_13996,40,1,1,38,10,0,2,17,54,0,11,9,35,31,0,17,9,21,19
13997,MC_SC_17_s03L_13997,40,1,1,10,23,0,6,7,21,0,5,6,44,26,5,32,2,12,6
13998,MC_SC_17_s03L_13998,40,1,1,0,39,0,4,32,16,0,3,5,5,3,1,1,4,12,2
13999,MC_SC_17_s03L_13999,40,1,1,57,4,0,3,21,65,0,20,14,41,42,0,14,4,35,32
14000,MC_SC_17_s03L_14000,40,1,1,0,0,0,16,0,0,0,0,0,3,4,0,0,0,5,0
14001,MC_SC_17_s03L_14001,40,1,1,0,1,0,0,0,0,0,0,0,0,0,0,0,0,0,0
14002,MC_SC_17_s03L_14002,40,1,1,19,5,0,5,36,20,1,22,10,13,33,36,16,53,24,12
14003,MC_SC_17_s03L_14003,40,1,1,0,0,0,0,0,0,0,0,0,0,4,16,0,0,0,0
14004,MC_SC_17_s03L_14004,40,1,1,0,0,0,0,0,0,0,0,0,0,0,0,4,0,1,0
14005,MC_SC_17_s03L_14005,40,1,1,6,2,0,0,5,4,23,0,3,12,11,13,32,79,4,5
14006,MC_SC_17_s03L_14006,40,1,1,5,19,0,8,9,27,19,4,1,24,54,25,7,63,27,2
14007,MC_SC_17_s03L_14007,40,1,1,85,15,0,7,56,117,9,30,17,54,40,18,17,61,47,14
14008,MC_SC_17_s03L_14008,40,1,1,12,0,0,0,0,0,0,0,0,0,0,0,0,0,4,0
14009,MC_SC_17_s03L_14009,40,1,1,1,10,0,1,6,7,5,8,0,4,5,4,11,18,7,2
14010,MC_SC_17_s03L_14010,40,1,1,0,0,0,0,0,0,0,0,0,0,0,0,1,2,0,0
14011,MC_SC_17_s03L_14011,40,1,1,0,0,0,1,0,0,0,0,0,0,0,0,0,6,3,0
14012,MC_SC_17_s03L_14012,40,1,1,17,2,0,0,6,29,10,13,1,10,21,2,0,38,2,6
14013,MC_SC_17_s03L_14013,40,1,1,0,0,0,0,0,0,0,0,0,0,0,0,0,2,0,0
14014,MC_SC_17_s03L_14014,40,1,1,47,7,0,14,14,13,0,30,12,9,30,3,23,17,27,35
14015,MC_SC_17_s03L_14015,40,1,1,0,0,0,1,0,0,0,0,0,0,0,0,2,2,0,6
14016,MC_SC_17_s03L_14016,40,1,1,43,9,0,2,48,28,6,0,1,23,15,21,19,0,2,1
14017,MC_SC_17_s03L_14017,40,1,1,0,7,0,5,0,0,0,0,0,0,0,0,3,6,17,20
14018,MC_SC_17_s03L_14018,40,1,1,0,5,0,0,3,0,6,2,0,1,3,0,1,4,0,3
14019,MC_SC_17_s03L_14019,40,1,1,0,6,0,1,33,24,0,19,3,11,0,1,8,0,5,6
14020,MC_SC_17_s03L_14020,40,1,1,1,5,0,0,1,4,3,4,0,0,1,5,0,2,0,0
14021,MC_SC_17_s03L_14021,40,1,1,42,26,0,0,109,22,0,1,6,20,18,29,3,0,30,5
14022,MC_SC_17_s03L_14022,40,1,1,0,0,1,0,10,8,20,2,0,0,0,2,1,49,0,14
14023,MC_SC_17_s03L_14023,40,1,1,0,0,0,0,2,2,28,0,0,0,0,0,0,3,0,0
14024,MC_SC_17_s03L_14024,40,1,1,0,0,0,0,0,0,0,0,0,0,0,0,0,0,0,0
14025,MC_SC_17_s03L_14025,40,1,1,0,8,0,4,2,30,21,6,1,1,0,10,3,2,0,0
14026,MC_SC_17_s03L_14026,40,1,1,70,3,0,9,18,33,0,29,6,7,26,4,23,40,3,21
14027,MC_SC_17_s03L_14027,40,1,1,0,1,0,4,0,0,0,0,0,0,8,23,0,2,2,0
14028,MC_SC_17_s03L_14028,40,1,1,0,4,0,1,0,0,0,0,0,0,0,0,1,0,0,0
14029,MC_SC_17_s03L_14029,40,1,1,23,8,0,6,5,37,0,6,0,0,0,0,18,11,13,13
14030,MC_SC_17_s03L_14030,40,1,1,0,30,0,26,0,0,0,0,0,0,0,0,8,6,5,6
14031,MC_SC_17_s03L_14031,40,1,1,0,11,0,0,1,1,0,0,0,2,0,1,0,5,0,0
14032,MC_SC_17_s03L_14032,40,1,1,2,12,0,1,3,0,31,0,1,0,21,43,0,15,0,0
14033,MC_SC_17_s03L_14033,40,1,1,43,19,0,16,7,16,1,5,7,5,12,4,9,3,1,20
14034,MC_SC_17_s03L_14034,40,1,1,19,10,0,2,4,2,0,3,0,4,1,0,0,0,2,3
14035,MC_SC_17_s03L_14035,40,1,1,5,0,0,0,4,4,2,2,0,0,0,2,0,4,0,0
14036,MC_SC_17_s03L_14036,40,1,1,58,2,0,0,6,23,12,14,1,9,0,22,11,37,5,19
14037,MC_SC_17_s03L_14037,40,1,1,0,9,0,1,0,0,0,0,0,0,0,0,7,0,5,1
14038,MC_SC_17_s03L_14038,40,1,1,0,0,0,0,4,0,0,1,0,1,0,0,0,0,0,0
14039,MC_SC_17_s03L_14039,40,1,1,23,15,0,0,0,0,0,0,0,0,0,0,8,0,6,2
14040,MC_SC_17_s03L_14040,40,1,1,3,16,0,0,0,0,0,0,0,0,0,0,15,0,0,0
14041,MC_SC_17_s03L_14041,40,1,1,33,17,0,7,3,2,0,1,0,0,9,17,5,0,9,14
14042,MC_SC_17_s03L_14042,40,1,1,3,4,0,1,0,4,62,0,0,0,0,0,0,0,0,0
14043,MC_SC_17_s03L_14043,40,1,1,0,3,0,6,0,0,0,0,0,0,0,0,3,0,4,0
14044,MC_SC_17_s03L_14044,40,1,1,0,24,0,0,2,0,0,5,0,0,12,15,3,0,0,3
14045,MC_SC_17_s03L_14045,40,1,1,0,2,0,0,0,0,0,0,0,0,0,0,0,0,0,0
14046,MC_SC_17_s03L_14046,40,1,1,46,13,0,0,18,35,0,2,0,0,0,0,6,0,3,8
14047,MC_SC_17_s03L_14047,40,1,1,2,1,0,1,15,14,0,3,0,1,1,0,0,0,0,1
14048,MC_SC_17_s03L_14048,40,1,1,0,16,0,11,0,0,0,0,0,0,0,0,9,3,0,16
14049,MC_SC_17_s03L_14049,40,1,1,0,26,0,2,1,5,37,0,0,0,0,0,1,2,0,12
14050,MC_SC_17_s03L_14050,40,1,1,0,0,0,1,0,2,3,0,0,0,2,0,0,1,0,0
14051,MC_SC_17_s03L_14051,40,1,1,55,20,0,6,41,12,0,0,1,8,1,0,5,6,4,12
14052,MC_SC_17_s03L_14052,40,1,1,33,3,0,2,27,7,0,0,0,2,2,0,3,3,4,8
14053,MC_SC_17_s03L_14053,40,1,1,0,8,0,0,0,0,0,0,0,0,0,0,0,112,2,0
14054,MC_SC_17_s03L_14054,40,1,1,0,13,0,0,0,0,20,0,0,0,0,0,2,0,0,0
14055,MC_SC_17_s03L_14055,40,1,1,3,0,0,0,5,0,0,1,0,0,0,0,0,0,0,2
14056,MC_SC_17_s03L_14056,40,1,1,21,1,0,1,5,2,0,0,0,0,0,0,6,3,6,19
14057,MC_SC_17_s03L_14057,40,1,1,26,17,0,4,5,9,0,1,0,0,0,0,12,5,30,18
14058,MC_SC_17_s03L_14058,40,1,1,0,12,0,2,9,6,0,0,0,0,0,0,5,0,1,0
14059,MC_SC_17_s03L_14059,40,1,1,0,13,0,1,0,1,0,2,0,0,17,17,2,0,35,0
14060,MC_SC_17_s03L_14060,40,1,1,24,4,0,2,7,26,0,0,0,3,0,0,0,5,0,7
14061,MC_SC_17_s03L_14061,40,1,1,0,2,0,4,0,0,0,0,0,0,0,0,0,0,7,0
14062,MC_SC_17_s03L_14062,40,1,1,0,1,0,0,0,0,0,0,0,0,0,0,1,0,8,0
14063,MC_SC_17_s03L_14063,40,1,1,3,2,0,0,0,1,0,1,0,0,0,0,12,2,13,0
14064,MC_SC_17_s03L_14064,40,1,1,0,2,0,3,5,12,87,0,0,0,9,12,7,9,4,0
14065,MC_SC_17_s03L_14065,40,1,1,40,13,0,9,1,9,30,1,0,0,12,29,22,11,12,18
14066,MC_SC_17_s03L_14066,40,1,1,24,14,0,2,2,2,15,1,0,2,10,48,23,4,17,19
14067,MC_SC_17_s03L_14067,40,1,1,9,21,0,14,3,0,6,0,0,0,0,0,23,22,63,26
14068,MC_SC_17_s03L_14068,40,1,1,0,0,0,0,0,0,35,0,0,0,0,0,0,0,0,0
14069,MC_SC_17_s03L_14069,40,1,1,32,21,0,11,10,13,0,2,0,0,0,0,8,18,6,3
14070,MC_SC_17_s03L_14070,40,1,1,1,6,0,8,4,2,1,6,0,0,0,0,2,6,0,0
14071,MC_SC_17_s03L_14071,40,1,1,0,0,0,0,2,0,86,0,0,0,0,0,0,0,0,0
14072,MC_SC_17_s03L_14072,40,1,1,10,0,0,0,7,0,67,0,0,0,0,0,2,4,0,4
14073,MC_SC_17_s03L_14073,40,1,1,0,0,0,0,19,3,3,0,0,0,2,0,1,3,2,0
14074,MC_SC_17_s03L_14074,40,1,1,23,0,0,0,0,0,0,0,0,0,0,0,0,4,0,0
14075,MC_SC_17_s03L_14075,40,1,1,0,0,0,2,0,0,1,1,0,0,7,26,1,0,0,0
14076,MC_SC_17_s03L_14076,40,1,1,0,3,0,20,0,0,0,0,0,0,0,0,3,8,0,0
14077,MC_SC_17_s03L_14077,40,1,1,28,4,0,4,0,4,39,0,0,0,0,0,1,6,0,4
14078,MC_SC_17_s03L_14078,40,1,1,7,1,0,2,1,0,0,0,0,0,0,0,0,0,2,0
14079,MC_SC_17_s03L_14079,40,1,1,0,0,0,21,0,0,0,0,0,0,0,0,1,5,0,0
14080,MC_SC_17_s03L_14080,40,1,1,0,1,0,5,0,0,56,0,0,0,0,0,1,0,0,2
14081,MC_SC_17_s03L_14081,40,1,1,2,1,0,1,12,13,0,0,0,0,0,0,0,0,0,0
14082,MC_SC_17_s03L_14082,40,1,1,18,15,0,6,21,10,0,0,0,0,0,0,8,0,4,3
14083,MC_SC_17_s03L_14083,40,1,1,0,0,0,0,0,0,0,0,0,0,0,0,0,2,0,0
14084,MC_SC_17_s03L_14084,40,1,1,0,2,0,4,0,0,0,0,0,0,0,0,2,2,0,0
14085,MC_SC_17_s03L_14085,40,1,1,0,13,0,4,23,4,0,0,0,0,0,0,1,2,15,0
14086,MC_SC_17_s03L_14086,40,1,1,36,20,0,1,23,12,2,0,0,0,0,0,2,2,16,0
14087,MC_SC_17_s03L_14087,40,1,1,0,3,0,0,0,0,0,0,0,0,0,0,0,0,42,0
14088,MC_SC_17_s03L_14088,40,1,1,0,6,0,8,0,0,0,0,0,0,0,0,10,0,1,6
14089,MC_SC_17_s03L_14089,40,1,1,0,4,0,2,0,0,0,0,0,0,0,0,0,0,3,3
14090,MC_SC_17_s03L_14090,40,1,1,0,4,0,6,0,0,0,0,0,0,0,0,0,0,0,0
14091,MC_SC_17_s03L_14091,40,1,1,5,5,0,0,6,1,20,0,0,0,0,0,0,2,5,0
14092,MC_SC_17_s03L_14092,40,1,1,4,8,0,0,1,0,0,0,0,0,0,0,0,0,0,0
14093,MC_SC_17_s03L_14093,40,1,1,0,0,0,0,0,0,0,0,0,0,0,0,0,0,0,1
14094,MC_SC_17_s03L_14094,40,1,1,0,0,0,2,0,0,0,0,0,0,0,0,1,0,0,0
14095,MC_SC_17_s03L_14095,40,1,1,0,0,0,2,0,0,0,0,0,0,0,0,4,0,0,2
14096,MC_SC_17_s03L_14096,40,1,1,0,6,0,3,0,0,0,0,0,0,0,0,3,4,1,2
14097,MC_SC_17_s03L_14097,40,1,1,0,0,0,2,0,0,0,0,0,0,0,0,17,5,6,11
14098,MC_SC_17_s03L_14098,40,1,1,0,0,0,4,0,0,0,0,0,0,0,0,2,4,0,0
14099,MC_SC_17_s03L_14099,40,1,1,11,3,0,0,1,0,0,0,0,0,0,0,0,0,0,0
14100,MC_SC_17_s03L_14100,40,1,1,0,7,0,5,14,0,0,0,0,0,0,0,0,0,0,0
14101,MC_SC_17_s03L_14101,40,1,1,0,1,0,0,0,0,0,0,0,0,0,0,0,0,0,0
14102,MC_SC_17_s03L_14102,40,1,1,0,0,0,0,0,12,0,0,0,0,0,0,0,0,1,0
14103,MC_SC_17_s03L_14103,40,1,1,0,9,0,27,0,0,0,0,0,0,0,0,3,0,0,2
14104,MC_SC_17_s03L_14104,40,1,1,0,0,0,0,0,0,0,0,0,0,0,0,0,2,0,4
14105,MC_SC_17_s03L_14105,40,1,1,0,6,0,8,0,0,0,0,0,0,0,0,15,4,0,9
14106,MC_SC_17_s03L_14106,40,1,1,0,0,0,0,0,0,0,0,0,0,0,0,0,0,0,1
14107,MC_SC_17_s03L_14107,40,1,1,0,3,0,7,0,0,0,0,0,0,0,0,1,0,8,0
14108,MC_SC_17_s03L_14108,40,1,1,0,0,0,1,13,3,0,1,0,0,0,0,9,3,11,0
14109,MC_SC_17_s03L_14109,40,1,1,0,0,0,17,0,0,0,0,0,0,0,0,8,2,18,0
14110,MC_SC_17_s03L_14110,40,1,1,0,0,0,0,0,1,9,0,0,0,0,0,2,4,0,0
14111,MC_SC_17_s03L_14111,40,1,1,1,1,0,0,0,0,0,0,0,0,0,0,12,6,52,5
14112,MC_SC_17_s03L_14112,40,1,1,0,0,0,0,0,0,0,0,0,0,0,0,0,0,0,0
14113,MC_SC_17_s03L_14113,40,1,1,0,0,0,0,5,0,22,0,0,0,0,0,0,2,0,0
14114,MC_SC_17_s03L_14114,40,1,1,0,0,0,3,3,4,84,0,0,0,0,0,0,0,0,0
14115,MC_SC_17_s03L_14115,40,1,1,0,1,0,8,0,4,58,0,0,0,0,0,17,2,14,0
14116,MC_SC_17_s03L_14116,40,1,1,0,0,0,1,0,0,0,0,0,0,0,0,0,0,0,0
14117,MC_SC_17_s03L_14117,40,1,1,0,0,0,13,0,0,0,0,0,0,0,0,0,0,17,1
14118,MC_SC_17_s03L_14118,40,1,1,3,26,0,32,0,0,7,0,0,0,0,0,6,1,32,0
14119,MC_SC_17_s03L_14119,40,1,1,0,0,0,1,0,0,0,0,0,0,0,0,0,0,0,0
14120,MC_SC_17_s03L_14120,40,1,1,0,0,0,0,0,0,0,0,0,0,0,0,0,1,0,0
14121,MC_SC_17_s03L_14121,40,1,1,5,5,0,2,0,0,0,0,0,0,0,0,4,6,2,7
14122,MC_SC_17_s03L_14122,40,1,1,0,14,0,57,1,1,10,3,0,0,0,0,35,7,27,0
14123,MC_SC_17_s03L_14123,40,1,1,0,4,0,1,0,0,0,0,0,0,0,0,4,9,0,0
14124,MC_SC_17_s03L_14124,40,1,1,0,11,0,15,1,2,0,2,0,0,0,0,1,8,24,0
14125,MC_SC_17_s03L_14125,40,1,1,0,13,0,41,1,0,4,0,0,0,0,0,1,2,2,2
14126,MC_SC_17_s03L_14126,40,1,1,0,0,0,2,0,0,0,0,0,0,0,0,5,7,0,0
14127,MC_SC_17_s03L_14127,40,1,1,3,2,0,10,3,0,19,0,0,0,0,0,4,149,0,0
14128,MC_SC_17_s03L_14128,40,1,1,0,2,0,0,0,0,0,0,0,0,0,0,0,6,0,1
14129,MC_SC_17_s03L_14129,40,1,1,7,6,0,6,0,0,0,0,0,0,0,0,0,0,0,0
14130,MC_SC_17_s03L_14130,40,1,1,0,15,0,3,0,0,0,0,0,0,0,0,3,0,4,0
14131,MC_SC_17_s03L_14131,40,1,1,0,3,1,17,2,1,0,4,0,0,0,0,3,8,10,5
14132,MC_SC_17_s03L_14132,40,1,1,0,0,0,2,0,17,11,7,0,0,0,0,0,0,4,0
14133,MC_SC_17_s03L_14133,40,1,1,0,11,0,4,0,0,0,0,0,0,0,0,41,0,0,5
14134,MC_SC_17_s03L_14134,40,1,1,0,52,0,57,1,8,46,2,0,0,0,0,33,12,54,0
14135,MC_SC_17_s03L_14135,40,1,1,0,10,0,30,0,0,0,0,0,0,0,0,7,21,44,22
14136,MC_SC_17_s03L_14136,40,1,1,1,19,0,20,0,1,36,0,0,0,0,0,4,5,1,2
14137,MC_SC_17_s03L_14137,40,1,1,0,22,0,17,0,6,72,0,0,0,0,0,18,13,13,19
14138,MC_SC_17_s03L_14138,40,1,1,0,2,0,0,0,0,0,0,0,0,0,0,1,24,0,7
14139,MC_SC_17_s03L_14139,40,1,1,0,1,0,6,0,0,0,0,0,0,0,0,3,0,19,1
14140,MC_SC_17_s03L_14140,40,1,1,0,4,0,0,0,0,0,0,0,0,0,0,1,9,0,1
14141,MC_SC_17_s03L_14141,40,1,1,45,19,0,0,4,5,73,5,0,0,0,0,64,224,14,20
14142,MC_SC_17_s03L_14142,40,1,1,5,2,0,0,0,0,0,0,0,0,0,0,3,72,3,4
14143,MC_SC_17_s03L_14143,40,1,1,1,0,0,6,5,19,70,8,0,0,0,0,2,4,63,3
14144,MC_SC_17_s03L_14144,40,1,1,0,2,0,1,1,0,0,4,0,0,0,0,9,3,90,1
14145,MC_SC_17_s03L_14145,40,1,1,0,0,0,0,0,0,0,0,0,0,0,0,0,0,0,0
14146,MC_SC_17_s03L_14146,40,1,1,0,78,0,56,0,0,0,0,0,0,0,0,57,122,3,17
14147,MC_SC_17_s03L_14147,40,1,1,34,29,0,1,3,1,80,0,0,0,0,0,31,210,15,8
14148,MC_SC_17_s03L_14148,40,1,1,0,0,0,0,0,0,0,0,0,0,0,0,2,22,4,0
14149,MC_SC_17_s03L_14149,40,1,1,3,4,0,0,0,0,0,0,0,0,0,0,2,19,4,10
14150,MC_SC_17_s03L_14150,40,1,1,3,8,0,0,0,0,0,0,0,0,0,0,9,56,1,1
14151,MC_SC_17_s03L_14151,40,1,1,0,33,0,15,0,0,0,0,0,0,0,0,7,2,65,30
14152,MC_SC_17_s03L_14152,40,1,1,0,1,0,0,0,0,0,0,0,0,0,0,11,0,1,9
14153,MC_SC_17_s03L_14153,40,1,1,6,4,0,0,0,0,0,0,0,0,0,0,18,8,0,0
14154,MC_SC_17_s03L_14154,40,1,1,47,43,0,55,0,1,6,2,0,0,0,0,1,8,5,0
14155,MC_SC_17_s03L_14155,40,1,1,0,20,0,76,0,11,39,1,0,0,0,0,34,31,164,37
14156,MC_SC_17_s03L_14156,40,1,1,5,1,0,0,0,0,0,0,0,0,0,0,4,10,0,1
14157,MC_SC_17_s03L_14157,40,1,1,0,2,0,0,2,2,59,0,0,0,0,0,0,0,0,1
14158,MC_SC_17_s03L_14158,40,1,1,5,0,0,1,0,2,86,0,0,0,0,0,0,2,0,0
14159,MC_SC_17_s03L_14159,40,1,1,0,0,0,14,0,0,0,0,0,0,0,0,2,0,4,1
14160,MC_SC_17_s03L_14160,40,1,1,0,25,0,41,0,0,0,0,0,0,0,0,13,6,66,33
14161,MC_SC_17_s03L_14161,40,1,1,0,8,0,10,0,0,0,0,0,0,0,0,58,14,169,56
14162,MC_SC_17_s03L_14162,40,1,1,0,12,0,10,0,0,0,0,0,0,0,0,5,0,16,3
14163,MC_SC_17_s03L_14163,40,1,1,0,2,0,5,0,0,0,0,0,0,0,0,2,0,6,0
14164,MC_SC_17_s03L_14164,40,1,1,3,0,0,0,3,14,75,0,0,0,0,0,0,4,0,0
14165,MC_SC_17_s03L_14165,40,1,1,0,0,0,12,0,0,28,0,0,0,0,0,1,0,0,9
14166,MC_SC_17_s03L_14166,40,1,1,17,7,0,29,0,11,131,0,0,0,0,0,4,3,6,0
14167,MC_SC_17_s03L_14167,40,1,1,0,1,0,0,0,0,0,0,0,0,0,0,0,0,0,0
14168,MC_SC_17_s03L_14168,40,1,1,0,2,0,8,0,0,0,0,0,0,0,0,7,3,0,18
14169,MC_SC_17_s03L_14169,40,1,1,0,5,0,8,6,5,64,12,0,0,0,0,7,8,21,3
14170,MC_SC_17_s03L_14170,40,1,1,0,3,0,46,0,0,0,0,0,0,0,0,4,4,0,19
14171,MC_SC_17_s03L_14171,40,1,1,0,1,0,10,0,0,0,0,0,0,0,0,0,9,39,4
14172,MC_SC_17_s03L_14172,40,1,1,0,1,0,0,0,0,0,0,0,0,0,0,2,2,34,10
14173,MC_SC_17_s03L_14173,40,1,1,0,2,0,18,0,0,0,0,0,0,0,0,14,9,27,26
14174,MC_SC_17_s03L_14174,40,1,1,6,9,0,3,0,0,0,0,0,0,0,0,12,74,10,14
14175,MC_SC_17_s03L_14175,40,1,1,0,8,0,46,0,0,0,0,0,0,0,0,1,0,20,1
14176,MC_SC_17_s03L_14176,40,1,1,0,0,0,11,0,0,0,0,0,0,0,0,7,7,3,0
14177,MC_SC_17_s03L_14177,40,1,1,0,10,0,3,0,0,0,0,0,0,0,0,9,13,12,2
14178,MC_SC_17_s03L_14178,40,1,1,5,5,0,0,0,0,0,0,0,0,0,0,17,93,2,2
14179,MC_SC_17_s03L_14179,40,1,1,9,23,0,10,0,0,0,0,0,0,0,0,23,125,11,16
14180,MC_SC_17_s03L_14180,40,1,1,0,0,4,0,0,0,0,0,0,0,0,0,0,34,0,0
14181,MC_SC_17_s03L_14181,40,1,1,29,8,0,7,0,0,0,0,0,0,0,0,2,17,0,0
14182,MC_SC_17_s03L_14182,40,1,1,0,16,0,9,0,0,0,0,0,0,0,0,33,14,76,31
14183,MC_SC_17_s03L_14183,40,1,1,0,2,0,11,0,0,0,0,0,0,0,0,9,3,2,0
14184,MC_SC_17_s03L_14184,40,1,1,0,11,0,3,0,0,0,0,0,0,0,0,8,8,16,4
14185,MC_SC_17_s03L_14185,40,1,1,0,0,0,1,0,0,0,0,0,0,0,0,0,0,0,0
14186,MC_SC_17_s03L_14186,40,1,1,0,7,0,3,0,0,0,0,0,0,0,0,9,11,2,23
