Mask ID,Cell ID,Z-plane,Z-span,Principal Plane,egfp_b,dtom_b,slc17a6_b,slc32a1_b,slc5a7_b,phox2b,ralyl,tenm2,ebf3,pcp4,tshz2,alcam,celf2,meis2,rph3a,robo1,syt1,zfhx3
1,MC_SC_17_s03L_1,2,10,6,False,False,False,False,True,87,29,60,5,18,48,270,43,70,267,32,21,26
2,MC_SC_17_s03L_2,3,10,4,False,False,True,False,False,0,3,95,12,31,8,1,8,58,14,4,9,3
3,MC_SC_17_s03L_3,3,6,4,False,False,True,False,False,74,26,55,11,61,10,46,15,45,27,47,5,14
4,MC_SC_17_s03L_4,3,7,5,False,False,True,False,False,7,59,42,5,8,14,27,23,60,46,16,13,5
5,MC_SC_17_s03L_5,3,7,5,False,False,False,True,False,1,95,16,9,4,161,106,42,172,241,101,18,49
6,MC_SC_17_s03L_6,3,7,5,False,False,True,False,False,74,45,39,71,88,24,73,27,2,46,33,31,68
7,MC_SC_17_s03L_7,3,6,4,False,False,False,True,False,0,16,49,0,103,24,2,5,40,39,24,7,5
8,MC_SC_17_s03L_8,3,6,4,False,False,False,True,False,1,18,71,1,161,14,3,12,87,99,41,4,6
9,MC_SC_17_s03L_9,3,6,3,False,False,False,True,False,3,10,37,1,70,8,38,10,41,42,37,0,1
10,MC_SC_17_s03L_10,3,6,5,False,False,False,True,False,1,31,136,8,9,46,120,27,119,176,62,18,77
11,MC_SC_17_s03L_11,3,7,4,False,True,False,False,True,10,4,100,1,2,5,100,7,13,47,13,0,8
12,MC_SC_17_s03L_12,3,5,4,False,False,False,True,False,0,26,55,5,131,35,51,34,62,96,61,37,0
14,MC_SC_17_s03L_13,4,4,3,False,False,True,False,False,9,24,36,2,9,22,5,1,27,25,5,2,5
16,MC_SC_17_s03L_14,4,7,5,False,False,False,True,False,0,12,18,3,15,22,12,4,20,6,38,11,25
17,MC_SC_17_s03L_15,4,4,3,False,False,True,False,False,13,14,18,3,0,2,1,9,7,18,4,0,6
19,MC_SC_17_s03L_16,4,5,3,False,False,True,False,False,10,85,72,3,4,7,1,5,20,0,11,0,2
20,MC_SC_17_s03L_17,4,4,3,False,False,True,False,False,2,14,10,0,0,1,1,0,3,0,6,2,21
21,MC_SC_17_s03L_18,4,7,3,False,False,True,False,False,14,194,83,6,33,27,31,32,89,117,67,10,13
22,MC_SC_17_s03L_19,4,5,4,False,False,True,False,False,4,71,22,1,20,0,70,15,50,9,17,4,6
23,MC_SC_17_s03L_20,4,4,3,False,False,False,True,False,0,15,12,0,0,5,24,0,4,0,16,13,0
24,MC_SC_17_s03L_21,4,7,5,False,False,True,False,False,78,8,15,18,27,8,19,4,12,36,16,12,20
25,MC_SC_17_s03L_22,4,4,2,False,False,False,True,False,0,1,20,0,0,0,1,1,3,2,4,0,1
26,MC_SC_17_s03L_23,4,5,3,False,False,True,False,False,99,12,13,24,27,20,25,15,5,6,27,3,6
27,MC_SC_17_s03L_24,4,5,3,False,False,True,False,False,1,4,10,15,15,9,20,0,0,8,18,12,25
28,MC_SC_17_s03L_25,4,5,4,False,False,True,False,False,61,14,16,20,34,10,20,5,5,7,23,13,12
29,MC_SC_17_s03L_26,4,6,4,False,True,False,True,False,0,35,38,1,8,54,62,15,47,7,14,17,8
31,MC_SC_17_s03L_27,4,5,3,False,False,False,True,False,3,83,57,9,2,42,8,15,24,67,52,16,29
33,MC_SC_17_s03L_28,4,6,3,False,False,True,False,False,94,26,10,3,28,16,8,34,4,27,22,23,35
34,MC_SC_17_s03L_29,4,7,3,False,False,False,True,False,4,44,46,4,26,1,17,10,54,61,34,22,50
35,MC_SC_17_s03L_30,4,4,3,False,False,False,True,False,0,20,26,2,2,21,4,6,30,12,15,32,15
36,MC_SC_17_s03L_31,4,3,2,False,False,True,False,False,39,18,15,27,25,5,10,8,1,1,2,17,10
37,MC_SC_17_s03L_32,4,6,4,False,False,True,False,False,8,97,41,38,72,5,22,15,74,10,45,6,23
38,MC_SC_17_s03L_33,4,7,4,False,False,False,False,True,26,46,11,5,0,8,98,8,25,164,33,12,15
39,MC_SC_17_s03L_34,4,6,4,False,False,False,True,False,0,36,73,4,72,18,13,14,28,0,38,6,30
40,MC_SC_17_s03L_35,4,4,3,False,True,True,False,False,0,8,44,3,1,3,2,4,44,28,9,0,19
41,MC_SC_17_s03L_36,4,3,2,False,False,False,True,False,4,10,25,1,0,4,20,0,16,21,18,0,21
42,MC_SC_17_s03L_37,4,4,3,False,False,True,False,False,63,13,18,30,38,5,18,25,7,21,5,55,38
44,MC_SC_17_s03L_38,4,3,2,False,False,False,True,False,1,28,43,12,19,17,61,17,43,12,5,42,39
45,MC_SC_17_s03L_39,4,9,3,False,False,False,True,False,0,26,72,4,218,36,13,45,100,165,60,26,9
48,MC_SC_17_s03L_40,5,3,2,False,False,False,True,False,2,41,46,3,3,5,17,9,26,0,15,32,1
53,MC_SC_17_s03L_41,5,3,2,False,False,True,False,False,75,17,14,6,9,8,62,11,34,9,34,38,12
54,MC_SC_17_s03L_42,5,5,4,False,False,True,False,False,73,19,27,4,6,7,0,14,35,3,2,27,30
56,MC_SC_17_s03L_43,5,2,2,False,False,True,False,False,24,23,6,24,4,0,30,9,0,0,0,30,2
61,MC_SC_17_s03L_44,5,5,4,False,False,True,False,False,2,13,90,4,31,10,34,19,41,41,8,3,8
68,MC_SC_17_s03L_45,5,4,3,False,False,True,True,False,80,22,48,10,56,6,55,11,46,27,27,17,54
69,MC_SC_17_s03L_46,5,5,3,False,False,False,True,False,3,155,20,16,3,150,119,14,106,174,104,11,24
71,MC_SC_17_s03L_47,5,7,3,False,False,True,False,False,15,189,97,12,98,75,34,22,145,188,59,18,10
72,MC_SC_17_s03L_48,5,3,2,False,False,False,True,False,1,24,9,2,43,11,11,6,18,61,16,0,22
73,MC_SC_17_s03L_49,5,4,2,False,False,True,False,False,9,22,12,0,0,0,34,15,20,0,5,13,3
74,MC_SC_17_s03L_50,5,3,2,False,False,True,False,False,5,1,52,8,16,36,6,36,34,24,20,2,14
75,MC_SC_17_s03L_51,5,4,2,False,False,True,False,False,110,35,10,6,30,1,44,34,42,36,8,23,47
81,MC_SC_17_s03L_52,5,5,3,False,False,True,False,False,1,24,13,1,8,0,44,28,23,2,10,25,4
82,MC_SC_17_s03L_53,5,6,4,False,False,True,False,False,1,74,11,0,5,0,18,9,39,30,17,10,0
84,MC_SC_17_s03L_54,5,3,3,False,False,True,False,False,2,16,33,2,0,0,2,1,9,6,7,0,17
85,MC_SC_17_s03L_55,5,3,2,False,False,True,False,False,0,8,6,2,9,1,0,23,21,0,12,22,26
87,MC_SC_17_s03L_56,5,4,3,False,False,True,False,False,75,24,8,4,8,2,35,6,0,2,5,0,37
88,MC_SC_17_s03L_57,5,4,3,False,False,True,False,False,7,28,31,1,3,1,57,7,33,30,25,5,4
89,MC_SC_17_s03L_58,5,4,2,False,False,True,False,False,55,41,32,13,9,2,9,14,16,8,24,11,4
97,MC_SC_17_s03L_59,5,4,2,False,False,False,True,False,4,51,12,2,0,26,6,2,17,8,8,0,1
100,MC_SC_17_s03L_60,5,3,2,False,False,True,False,False,1,23,12,4,12,2,0,5,16,8,3,0,0
102,MC_SC_17_s03L_61,5,7,5,False,False,True,False,False,6,209,39,2,168,11,2,19,120,8,34,9,4
103,MC_SC_17_s03L_62,5,3,2,False,False,False,True,False,2,31,9,1,0,2,4,0,12,2,1,0,0
104,MC_SC_17_s03L_63,5,3,3,False,False,True,False,False,2,9,10,11,4,1,2,4,31,23,8,3,3
106,MC_SC_17_s03L_64,5,6,3,False,False,True,False,False,1,99,49,0,33,10,20,8,38,26,13,10,4
107,MC_SC_17_s03L_65,5,4,3,False,False,True,False,False,2,37,27,15,14,2,1,2,24,0,12,2,0
108,MC_SC_17_s03L_66,5,2,2,False,False,False,True,False,0,26,1,0,0,8,7,4,20,7,2,0,1
109,MC_SC_17_s03L_67,5,9,6,True,False,True,False,False,2,65,67,61,37,22,9,22,70,40,44,6,29
110,MC_SC_17_s03L_68,5,5,3,False,False,True,False,False,0,71,31,18,86,15,46,13,65,0,22,3,4
111,MC_SC_17_s03L_69,5,2,1,False,False,True,False,False,14,5,3,0,3,1,2,5,1,0,1,8,8
112,MC_SC_17_s03L_70,5,3,2,False,False,False,True,False,0,7,12,5,3,8,0,0,3,0,1,0,1
114,MC_SC_17_s03L_71,5,4,3,False,False,True,False,False,0,16,18,9,49,15,15,28,49,38,9,1,6
115,MC_SC_17_s03L_72,5,4,3,False,False,True,False,False,110,48,21,1,50,6,60,7,0,22,19,28,24
117,MC_SC_17_s03L_73,5,4,3,False,False,True,False,False,3,24,4,0,0,6,5,2,24,0,5,6,31
119,MC_SC_17_s03L_74,5,4,2,False,False,False,True,False,0,5,22,0,6,10,44,12,34,14,25,6,32
121,MC_SC_17_s03L_75,5,3,2,False,False,False,True,False,3,5,13,2,4,0,2,5,0,0,0,4,8
123,MC_SC_17_s03L_76,5,5,3,False,False,True,False,False,101,24,29,79,94,11,66,19,5,19,18,47,57
126,MC_SC_17_s03L_77,5,4,3,False,False,False,True,False,10,20,65,5,15,18,39,5,4,21,2,28,47
127,MC_SC_17_s03L_78,5,3,3,False,False,False,True,False,2,45,8,32,12,10,28,9,21,3,4,20,21
130,MC_SC_17_s03L_79,5,8,5,False,False,False,False,True,5,9,5,0,1,2,55,8,12,136,26,30,7
132,MC_SC_17_s03L_80,5,4,3,False,False,True,False,False,0,22,5,2,14,0,2,12,24,0,29,14,37
133,MC_SC_17_s03L_81,5,6,6,False,False,False,True,False,2,49,77,7,12,5,75,32,63,60,17,55,64
135,MC_SC_17_s03L_82,5,4,2,False,False,False,True,False,4,29,12,2,2,2,63,46,40,9,14,48,38
137,MC_SC_17_s03L_83,5,3,2,False,False,False,True,False,1,75,17,50,7,20,56,13,28,6,13,60,52
138,MC_SC_17_s03L_84,5,3,3,False,False,False,True,False,2,55,10,29,5,29,36,13,13,0,1,31,28
140,MC_SC_17_s03L_85,5,3,2,False,False,True,False,False,51,24,34,1,10,0,6,2,18,3,15,14,16
141,MC_SC_17_s03L_86,5,4,3,False,False,True,False,False,0,23,47,2,3,0,14,12,28,0,0,40,5
142,MC_SC_17_s03L_87,5,4,3,False,False,True,False,False,80,32,43,43,3,6,3,9,4,44,15,10,46
143,MC_SC_17_s03L_88,5,4,2,False,False,True,False,False,25,16,16,14,17,2,2,6,0,0,2,14,14
146,MC_SC_17_s03L_89,5,5,3,False,False,True,False,False,145,59,33,51,47,12,1,8,6,39,43,17,53
147,MC_SC_17_s03L_90,5,2,2,False,True,False,True,False,0,8,0,0,0,1,11,1,0,0,0,15,0
148,MC_SC_17_s03L_91,5,7,5,False,False,False,False,True,35,23,45,1,32,12,10,6,34,58,11,5,13
149,MC_SC_17_s03L_92,5,4,3,False,False,False,False,True,0,22,6,0,0,1,33,0,8,21,3,9,6
150,MC_SC_17_s03L_93,5,5,4,False,False,False,True,False,2,14,3,2,1,27,55,25,0,4,6,83,2
155,MC_SC_17_s03L_94,5,5,3,False,False,False,False,True,49,31,6,9,37,16,4,10,54,43,16,48,77
158,MC_SC_17_s03L_95,6,3,2,False,False,False,True,False,0,14,33,0,0,3,25,7,11,0,14,47,33
160,MC_SC_17_s03L_96,6,3,2,False,False,False,False,True,218,32,3,2,45,30,110,6,42,10,9,232,73
161,MC_SC_17_s03L_97,6,3,2,False,False,False,True,False,0,2,1,0,0,0,10,5,0,2,7,27,0
163,MC_SC_17_s03L_98,6,1,1,False,False,False,True,False,3,19,41,3,0,1,25,3,2,0,0,17,7
166,MC_SC_17_s03L_99,6,5,2,False,False,True,False,False,14,40,75,9,1,4,4,5,22,15,29,17,45
168,MC_SC_17_s03L_100,6,4,2,False,False,True,False,False,0,25,38,6,61,7,3,26,48,57,21,8,7
170,MC_SC_17_s03L_101,6,4,4,False,False,True,False,False,97,6,37,14,117,19,50,6,44,19,36,10,50
171,MC_SC_17_s03L_102,6,5,3,False,False,True,False,False,1,19,33,23,100,10,16,28,44,80,22,31,17
172,MC_SC_17_s03L_103,6,5,4,False,False,True,False,False,2,4,12,0,31,27,7,10,46,43,9,11,16
175,MC_SC_17_s03L_104,6,4,3,False,False,True,False,False,2,33,3,27,76,4,4,31,75,83,43,13,14
176,MC_SC_17_s03L_105,6,6,5,False,False,True,False,False,48,40,29,7,32,18,36,30,70,94,64,29,14
177,MC_SC_17_s03L_106,6,4,2,False,False,True,False,False,4,62,59,2,82,6,73,34,34,60,63,5,13
178,MC_SC_17_s03L_107,6,5,2,False,False,False,False,False,34,16,14,2,24,6,2,27,0,22,14,21,8
180,MC_SC_17_s03L_108,6,4,2,False,False,True,False,False,12,153,55,3,35,0,42,7,50,50,19,20,9
181,MC_SC_17_s03L_109,6,3,2,False,False,True,False,False,44,22,19,1,8,6,66,16,33,2,35,38,55
182,MC_SC_17_s03L_110,6,5,3,False,False,False,True,False,3,12,28,0,35,0,1,5,6,25,4,23,46
184,MC_SC_17_s03L_111,6,5,4,False,False,True,False,False,101,18,31,3,94,25,67,12,34,63,50,54,52
187,MC_SC_17_s03L_112,6,1,1,False,False,False,True,False,1,19,1,1,0,4,0,3,3,2,1,0,0
189,MC_SC_17_s03L_113,6,2,1,False,False,True,False,False,1,3,13,0,3,0,0,2,1,0,0,0,3
190,MC_SC_17_s03L_114,6,5,4,False,False,False,True,False,3,83,40,11,0,65,0,17,24,75,25,0,15
191,MC_SC_17_s03L_115,6,4,3,False,False,True,False,False,0,16,3,14,0,12,0,10,29,0,6,44,2
192,MC_SC_17_s03L_116,6,3,2,False,False,False,True,False,1,17,0,10,4,2,59,13,26,0,13,2,24
194,MC_SC_17_s03L_117,6,3,2,False,False,True,False,False,76,23,23,11,16,1,66,18,29,5,10,50,27
195,MC_SC_17_s03L_118,6,5,4,False,False,False,True,False,2,26,14,64,33,4,37,19,43,18,11,30,37
197,MC_SC_17_s03L_119,6,4,3,False,False,False,True,False,1,12,3,5,2,26,75,39,1,10,31,40,14
198,MC_SC_17_s03L_120,6,4,4,False,False,True,False,False,84,19,17,40,47,5,12,48,36,15,9,88,7
200,MC_SC_17_s03L_121,6,5,2,False,False,True,False,False,51,16,43,9,34,2,36,24,21,27,17,32,37
201,MC_SC_17_s03L_122,6,2,1,False,False,True,False,False,59,19,20,1,16,3,5,40,3,16,15,14,27
202,MC_SC_17_s03L_123,6,4,3,False,False,True,False,False,1,16,16,23,65,18,33,25,40,55,17,4,10
205,MC_SC_17_s03L_124,6,1,1,False,True,True,False,False,1,23,0,2,0,2,9,1,16,4,1,8,2
206,MC_SC_17_s03L_125,6,4,2,False,False,True,False,False,1,16,50,0,14,15,42,17,38,55,26,12,2
207,MC_SC_17_s03L_126,6,3,3,False,False,True,False,False,32,1,0,2,12,8,30,30,34,25,7,10,27
209,MC_SC_17_s03L_127,6,7,5,False,False,True,False,False,135,43,34,52,133,16,3,54,63,232,84,34,63
210,MC_SC_17_s03L_128,6,5,3,False,False,False,True,False,0,6,36,7,1,1,9,7,16,78,11,11,21
211,MC_SC_17_s03L_129,6,4,2,False,False,False,True,False,6,7,5,2,0,4,13,7,32,0,16,83,2
213,MC_SC_17_s03L_130,6,3,2,False,False,True,False,False,12,29,39,15,65,2,10,10,24,2,33,13,2
219,MC_SC_17_s03L_131,6,4,3,False,False,False,True,False,3,58,15,36,12,24,63,8,32,14,19,40,71
220,MC_SC_17_s03L_132,6,3,2,False,False,False,True,False,0,9,11,0,0,11,9,7,41,13,10,70,7
221,MC_SC_17_s03L_133,6,4,3,False,False,True,False,False,113,17,37,51,11,3,5,20,17,29,21,4,11
222,MC_SC_17_s03L_134,6,2,1,False,False,False,True,False,0,3,4,4,6,1,0,1,5,0,5,0,8
223,MC_SC_17_s03L_135,6,4,3,False,True,True,False,False,110,20,75,26,18,1,17,32,23,33,38,18,2
224,MC_SC_17_s03L_136,6,9,6,False,False,True,False,False,104,47,20,45,48,18,0,18,5,59,85,18,57
225,MC_SC_17_s03L_137,6,4,2,False,False,True,False,False,0,34,20,11,19,6,37,10,67,10,32,2,29
226,MC_SC_17_s03L_138,6,3,2,False,False,False,True,False,0,8,19,2,1,0,44,20,39,5,6,44,19
229,MC_SC_17_s03L_139,6,3,2,False,False,False,True,False,0,18,98,3,3,21,85,19,42,2,8,41,21
230,MC_SC_17_s03L_140,6,6,4,False,False,False,False,True,91,53,18,19,5,14,108,22,22,180,29,39,15
231,MC_SC_17_s03L_141,6,7,4,False,False,False,True,False,3,55,89,124,140,114,42,22,0,12,16,144,2
233,MC_SC_17_s03L_142,7,5,3,False,False,False,False,True,208,18,118,3,19,33,43,12,3,6,10,295,107
234,MC_SC_17_s03L_143,7,5,3,False,False,True,True,False,10,91,90,12,190,91,17,48,105,260,167,47,14
239,MC_SC_17_s03L_144,7,3,2,False,False,True,False,False,27,12,0,1,36,2,7,22,0,0,7,35,16
240,MC_SC_17_s03L_145,7,5,2,False,False,False,True,False,6,30,90,1,159,33,35,39,88,120,87,22,55
241,MC_SC_17_s03L_146,7,3,2,False,False,True,True,False,27,2,14,1,5,3,19,8,18,0,10,6,9
242,MC_SC_17_s03L_147,7,3,2,False,False,True,False,False,1,11,28,35,26,12,42,20,15,1,6,16,4
243,MC_SC_17_s03L_148,7,3,3,False,False,False,True,False,2,29,26,59,50,17,83,25,71,28,22,53,59
245,MC_SC_17_s03L_149,7,5,3,False,False,True,False,False,0,9,4,47,3,3,51,3,0,0,6,2,2
246,MC_SC_17_s03L_150,7,4,3,False,False,False,True,False,1,14,15,4,10,14,13,31,12,0,8,25,17
248,MC_SC_17_s03L_151,7,3,1,False,False,True,False,False,2,13,23,14,73,18,82,17,54,54,35,33,29
250,MC_SC_17_s03L_152,7,4,3,False,False,True,False,False,0,6,20,3,42,102,2,19,56,63,14,11,34
251,MC_SC_17_s03L_153,7,3,1,False,False,True,False,False,50,10,10,7,110,14,99,36,19,19,19,32,35
252,MC_SC_17_s03L_154,7,4,3,False,False,True,False,False,48,10,0,3,21,6,7,16,6,4,8,15,33
254,MC_SC_17_s03L_155,7,3,2,False,False,True,False,False,56,16,3,4,8,2,32,13,0,8,10,28,43
256,MC_SC_17_s03L_156,7,5,3,False,False,True,False,False,79,7,35,9,3,40,14,40,32,32,12,49,49
258,MC_SC_17_s03L_157,7,3,2,False,False,True,False,False,44,14,1,1,22,24,25,20,32,15,16,16,36
259,MC_SC_17_s03L_158,7,3,2,False,True,True,False,False,50,14,17,5,24,7,47,34,36,35,16,49,51
260,MC_SC_17_s03L_159,7,2,2,False,False,True,False,False,108,10,9,3,44,10,22,31,17,4,20,33,29
261,MC_SC_17_s03L_160,7,5,3,False,False,False,True,False,3,105,7,19,6,167,89,24,97,139,81,21,33
262,MC_SC_17_s03L_161,7,4,2,False,False,True,False,False,0,25,7,16,5,1,2,26,37,72,27,8,6
264,MC_SC_17_s03L_162,7,7,4,False,False,False,True,False,2,113,15,13,2,132,48,14,82,133,78,6,15
265,MC_SC_17_s03L_163,7,4,3,False,False,False,True,False,0,20,32,10,4,50,53,16,45,92,39,22,16
266,MC_SC_17_s03L_164,7,3,1,False,False,True,False,False,71,50,31,6,65,4,44,18,11,24,35,3,10
267,MC_SC_17_s03L_165,7,5,3,False,False,True,False,False,0,64,29,26,138,43,14,7,60,85,28,2,29
268,MC_SC_17_s03L_166,7,4,2,False,False,False,True,False,0,48,8,1,2,67,87,18,50,9,29,12,22
269,MC_SC_17_s03L_167,7,7,3,False,False,True,False,False,0,29,17,3,18,3,34,18,28,44,18,14,1
271,MC_SC_17_s03L_168,7,4,2,False,False,True,False,False,5,43,5,2,4,68,23,9,65,0,17,66,4
273,MC_SC_17_s03L_169,7,5,4,False,False,True,False,False,0,31,11,4,5,3,25,16,26,4,9,8,13
274,MC_SC_17_s03L_170,7,5,3,False,False,False,True,False,0,88,14,0,13,105,98,22,101,5,54,20,26
276,MC_SC_17_s03L_171,7,3,2,False,False,True,False,False,44,4,0,1,14,3,23,8,0,1,9,28,30
277,MC_SC_17_s03L_172,7,4,3,False,False,True,False,False,0,84,18,8,26,0,19,20,93,24,12,45,5
278,MC_SC_17_s03L_173,7,4,3,False,False,True,False,False,57,34,7,4,37,9,41,10,2,14,14,34,31
279,MC_SC_17_s03L_174,7,5,2,False,False,True,False,False,0,59,17,0,52,2,55,19,41,7,11,4,12
280,MC_SC_17_s03L_175,7,6,3,False,False,False,True,False,3,96,8,2,8,96,49,11,83,20,53,21,14
281,MC_SC_17_s03L_176,7,7,4,False,False,False,True,False,3,60,34,1,153,17,22,46,28,30,66,34,3
284,MC_SC_17_s03L_177,7,5,3,False,False,False,True,False,1,26,35,2,7,72,56,24,80,4,26,62,23
285,MC_SC_17_s03L_178,7,3,2,False,False,False,True,False,0,19,6,1,14,87,91,9,41,59,13,13,22
286,MC_SC_17_s03L_179,7,2,2,False,False,False,True,False,1,7,9,3,1,0,37,12,22,5,9,58,61
287,MC_SC_17_s03L_180,7,6,4,False,False,False,True,False,0,9,0,2,15,17,20,9,99,0,14,164,13
288,MC_SC_17_s03L_181,7,3,2,False,False,False,True,False,1,2,20,2,5,9,26,0,0,0,0,6,20
289,MC_SC_17_s03L_182,7,5,3,False,False,True,False,False,3,17,10,90,115,21,70,24,12,106,28,21,12
290,MC_SC_17_s03L_183,7,5,3,False,False,True,False,False,126,26,22,8,70,3,56,37,67,47,16,18,33
292,MC_SC_17_s03L_184,7,5,4,False,False,True,False,False,0,26,4,7,7,4,1,19,57,93,18,8,1
293,MC_SC_17_s03L_185,7,6,4,False,False,True,False,False,91,13,34,30,73,6,79,45,39,3,33,67,28
295,MC_SC_17_s03L_186,7,4,2,False,False,True,False,False,42,41,28,49,105,22,56,42,25,23,19,59,10
296,MC_SC_17_s03L_187,7,5,3,False,False,True,False,False,131,56,30,100,58,12,4,28,21,181,86,5,58
297,MC_SC_17_s03L_188,7,4,2,False,False,True,False,False,5,9,7,27,10,0,38,22,45,56,6,3,6
298,MC_SC_17_s03L_189,7,3,1,False,False,False,True,False,0,20,39,19,2,9,2,12,0,29,28,9,8
299,MC_SC_17_s03L_190,7,3,2,False,False,True,False,False,106,30,23,69,65,8,33,23,3,7,26,63,65
300,MC_SC_17_s03L_191,7,4,3,False,False,True,False,False,1,62,95,3,21,17,51,13,61,79,39,6,63
301,MC_SC_17_s03L_192,7,6,2,False,False,True,False,False,118,47,62,138,176,33,62,9,0,102,67,34,76
302,MC_SC_17_s03L_193,7,2,2,False,False,False,True,False,0,13,30,4,0,3,26,19,7,0,1,48,31
304,MC_SC_17_s03L_194,7,3,2,False,False,False,True,False,0,33,58,7,1,43,10,30,49,49,38,55,29
306,MC_SC_17_s03L_195,7,2,2,False,False,True,False,False,73,25,29,72,67,23,49,18,3,4,35,55,55
307,MC_SC_17_s03L_196,7,4,2,False,False,False,True,False,1,45,75,1,22,39,56,23,34,20,14,90,33
308,MC_SC_17_s03L_197,7,4,2,False,False,False,True,False,23,77,53,40,10,30,57,15,35,6,37,46,55
309,MC_SC_17_s03L_198,7,1,1,False,False,False,True,False,4,6,18,0,4,11,5,5,13,7,1,0,5
310,MC_SC_17_s03L_199,7,7,6,False,False,False,True,False,1,25,38,4,20,61,20,10,29,11,16,97,33
311,MC_SC_17_s03L_200,7,7,2,False,False,True,False,False,0,43,39,2,20,1,57,14,83,5,18,49,7
312,MC_SC_17_s03L_201,7,1,1,False,False,False,True,False,0,0,31,1,6,3,26,13,15,0,4,42,31
314,MC_SC_17_s03L_202,7,7,5,False,False,True,False,False,0,14,26,8,7,47,19,31,29,54,30,66,42
315,MC_SC_17_s03L_203,8,4,3,False,False,True,False,False,12,29,32,5,7,63,70,16,29,51,13,7,22
318,MC_SC_17_s03L_204,8,5,2,False,False,False,False,True,159,20,89,3,27,26,83,10,9,0,0,125,36
322,MC_SC_17_s03L_205,8,4,3,False,False,True,False,False,2,32,28,6,20,23,32,19,65,2,13,85,4
323,MC_SC_17_s03L_206,8,6,4,False,False,True,False,False,3,32,19,1,1,2,7,2,56,27,6,42,4
324,MC_SC_17_s03L_207,8,5,3,False,False,False,True,False,2,18,30,14,3,14,18,11,77,196,66,31,56
327,MC_SC_17_s03L_208,8,7,5,False,False,True,False,False,2,20,47,6,25,15,41,33,43,89,45,25,9
330,MC_SC_17_s03L_209,8,7,4,False,False,False,True,False,1,142,10,56,22,136,16,20,80,173,76,8,26
331,MC_SC_17_s03L_210,8,6,5,False,False,True,False,False,143,68,64,20,199,43,75,11,64,114,85,34,138
332,MC_SC_17_s03L_211,8,3,3,False,False,True,False,False,59,15,9,3,75,20,39,22,26,12,6,17,19
333,MC_SC_17_s03L_212,8,4,3,False,False,True,False,False,0,53,55,4,5,16,30,11,50,30,12,1,60
334,MC_SC_17_s03L_213,8,3,2,False,False,True,False,False,0,21,0,1,1,49,19,11,21,0,3,22,1
335,MC_SC_17_s03L_214,8,5,3,False,False,True,False,False,87,31,14,102,41,13,6,33,14,31,35,7,19
336,MC_SC_17_s03L_215,8,4,3,False,False,True,False,False,0,3,24,11,90,10,23,14,49,52,35,22,57
337,MC_SC_17_s03L_216,8,4,2,False,False,True,False,False,5,34,12,7,2,3,83,37,46,3,48,42,9
339,MC_SC_17_s03L_217,8,6,4,False,False,False,True,False,1,104,34,11,1,53,4,17,12,128,40,2,9
340,MC_SC_17_s03L_218,8,3,2,False,False,True,False,False,0,12,2,24,0,10,0,9,15,2,13,79,1
341,MC_SC_17_s03L_219,8,5,3,False,False,True,False,False,53,25,13,34,35,22,29,11,21,38,26,19,17
342,MC_SC_17_s03L_220,8,5,3,False,False,True,False,False,72,55,36,85,67,36,33,25,6,66,29,22,33
343,MC_SC_17_s03L_221,8,6,4,False,False,False,True,False,4,70,8,7,88,24,4,26,15,48,54,46,3
344,MC_SC_17_s03L_222,8,4,2,False,False,False,True,False,0,91,15,1,4,89,67,10,90,28,65,18,42
346,MC_SC_17_s03L_223,8,6,4,False,False,False,True,False,0,14,38,7,63,39,9,12,60,0,42,25,9
347,MC_SC_17_s03L_224,8,3,2,False,False,True,True,False,1,15,3,26,11,2,17,6,24,0,4,21,15
348,MC_SC_17_s03L_225,8,7,3,False,False,True,False,False,0,71,43,33,112,25,4,20,81,0,30,4,26
350,MC_SC_17_s03L_226,8,2,1,False,False,True,False,False,87,14,4,3,25,22,32,40,34,38,19,35,43
351,MC_SC_17_s03L_227,8,7,5,False,False,False,True,False,1,35,55,17,90,16,15,12,58,217,37,8,35
352,MC_SC_17_s03L_228,8,3,2,False,False,False,True,False,2,14,6,6,72,0,3,17,10,41,18,38,37
353,MC_SC_17_s03L_229,8,2,2,False,False,True,False,False,121,28,39,45,78,4,113,78,58,0,47,94,25
354,MC_SC_17_s03L_230,8,5,3,False,False,False,True,False,1,23,67,18,40,18,10,46,61,1,34,85,71
355,MC_SC_17_s03L_231,8,4,3,False,False,True,False,False,0,49,23,7,12,2,23,8,7,54,35,3,81
356,MC_SC_17_s03L_232,8,4,2,False,False,True,False,False,79,28,60,10,107,103,32,50,71,50,63,34,18
357,MC_SC_17_s03L_233,8,4,2,False,False,False,True,False,0,14,38,3,30,26,44,13,4,26,16,54,71
359,MC_SC_17_s03L_234,8,5,3,False,False,False,True,False,4,79,63,10,7,24,45,31,72,26,27,99,72
361,MC_SC_17_s03L_235,8,4,1,False,False,True,False,False,45,18,0,15,15,1,27,16,10,4,24,32,10
362,MC_SC_17_s03L_236,8,3,3,False,False,True,False,False,0,18,28,7,7,13,36,14,30,30,16,6,2
364,MC_SC_17_s03L_237,8,5,3,False,False,True,False,False,73,27,14,7,26,5,0,35,15,29,27,48,31
365,MC_SC_17_s03L_238,8,5,3,False,False,True,False,False,1,37,20,25,46,8,5,27,96,86,45,24,20
366,MC_SC_17_s03L_239,8,3,1,False,False,False,True,False,0,25,17,30,5,11,13,12,7,4,7,19,21
367,MC_SC_17_s03L_240,8,4,3,False,False,True,False,False,0,21,47,14,20,4,4,35,38,66,38,31,4
368,MC_SC_17_s03L_241,8,4,3,False,False,False,False,True,24,80,23,3,3,15,206,13,15,266,112,28,20
369,MC_SC_17_s03L_242,8,7,3,False,False,False,False,True,93,36,5,4,5,15,112,11,25,158,37,14,9
370,MC_SC_17_s03L_243,8,3,2,False,False,False,True,False,0,9,29,1,0,0,3,8,19,3,8,0,1
371,MC_SC_17_s03L_244,8,3,2,False,False,False,True,False,0,17,26,5,2,3,25,20,36,3,22,30,27
372,MC_SC_17_s03L_245,8,6,3,False,False,False,True,False,0,46,23,4,7,19,59,23,88,39,29,34,68
373,MC_SC_17_s03L_246,8,5,3,False,False,False,True,False,1,40,13,23,35,15,39,23,42,0,11,61,40
376,MC_SC_17_s03L_247,8,4,2,False,False,False,True,False,0,21,106,23,25,56,123,46,119,193,97,50,111
377,MC_SC_17_s03L_248,8,7,3,False,False,False,True,False,1,43,70,18,14,32,94,32,84,134,71,47,99
378,MC_SC_17_s03L_249,8,7,3,False,False,True,False,False,0,8,79,25,9,130,79,60,86,57,29,45,65
379,MC_SC_17_s03L_250,9,4,2,False,False,True,False,False,2,2,53,1,36,46,4,8,32,4,11,21,27
382,MC_SC_17_s03L_251,9,5,3,False,False,False,True,False,1,20,13,9,2,4,27,21,2,0,8,46,7
383,MC_SC_17_s03L_252,9,2,2,False,False,True,False,False,0,7,24,8,9,0,8,2,8,0,7,2,2
384,MC_SC_17_s03L_253,9,4,3,False,False,True,False,False,52,11,21,1,3,22,27,13,29,0,12,54,18
386,MC_SC_17_s03L_254,9,4,1,False,False,True,False,False,0,51,28,5,8,2,5,43,91,55,29,91,0
387,MC_SC_17_s03L_255,9,4,3,False,False,True,False,False,1,9,1,30,2,10,1,6,34,2,7,70,0
388,MC_SC_17_s03L_256,9,8,3,False,False,False,True,False,11,202,60,40,7,203,21,44,79,314,118,10,31
390,MC_SC_17_s03L_257,9,4,3,False,False,False,True,False,0,10,76,6,11,9,9,11,24,127,31,10,37
391,MC_SC_17_s03L_258,9,4,3,False,False,False,True,False,3,29,41,11,13,22,18,19,62,218,48,14,58
392,MC_SC_17_s03L_259,9,4,2,False,False,False,True,False,0,39,18,4,2,63,1,13,31,38,29,32,19
393,MC_SC_17_s03L_260,9,7,3,False,False,True,False,False,4,207,62,14,104,51,36,43,134,170,101,38,30
394,MC_SC_17_s03L_261,9,4,3,False,False,True,False,False,1,53,12,7,2,14,15,22,18,74,18,0,67
395,MC_SC_17_s03L_262,9,3,2,False,False,False,True,False,4,26,31,2,14,26,27,17,38,99,38,4,39
397,MC_SC_17_s03L_263,9,8,2,False,False,True,False,False,86,41,14,7,42,16,3,13,23,33,18,8,23
398,MC_SC_17_s03L_264,9,5,3,False,False,True,False,False,0,29,0,0,2,18,8,0,16,0,14,16,47
400,MC_SC_17_s03L_265,9,7,5,False,False,True,False,False,1,25,9,0,4,2,14,6,6,5,11,5,39
401,MC_SC_17_s03L_266,9,4,3,False,False,True,False,False,0,85,24,6,36,29,57,26,98,2,1,64,0
402,MC_SC_17_s03L_267,9,4,3,False,False,False,True,False,1,15,4,1,2,11,18,10,68,10,12,111,7
403,MC_SC_17_s03L_268,9,4,2,False,False,True,False,False,0,63,14,2,4,9,26,10,51,3,11,0,43
404,MC_SC_17_s03L_269,9,2,2,False,False,True,False,False,15,2,3,0,16,8,10,6,18,0,6,4,13
405,MC_SC_17_s03L_270,9,5,3,False,False,True,False,False,32,11,7,0,16,8,3,21,1,5,7,9,14
406,MC_SC_17_s03L_271,9,5,3,False,False,False,True,False,0,44,26,4,19,87,77,9,49,16,18,18,11
407,MC_SC_17_s03L_272,9,4,2,False,False,True,False,False,0,8,14,18,54,17,61,26,6,0,31,68,7
408,MC_SC_17_s03L_273,9,4,3,False,False,False,True,False,1,4,0,5,1,2,25,29,10,12,4,7,2
411,MC_SC_17_s03L_274,9,3,1,False,False,False,True,False,0,4,0,0,3,4,8,6,2,2,6,9,3
412,MC_SC_17_s03L_275,9,5,3,False,False,True,False,False,1,75,29,69,69,37,47,34,94,3,42,14,50
413,MC_SC_17_s03L_276,9,3,2,False,False,False,True,False,0,15,29,3,66,101,72,26,46,32,25,67,31
415,MC_SC_17_s03L_277,9,5,3,False,False,True,False,False,68,30,16,64,80,9,10,33,22,76,76,17,30
416,MC_SC_17_s03L_278,9,4,2,False,False,False,True,False,0,8,4,12,95,0,0,19,6,58,25,55,63
417,MC_SC_17_s03L_279,9,2,1,False,False,False,True,False,3,8,2,5,9,4,8,14,10,2,5,5,3
418,MC_SC_17_s03L_280,9,3,2,False,False,True,False,False,73,19,5,64,16,10,5,31,23,6,21,44,4
419,MC_SC_17_s03L_281,9,6,5,False,False,True,False,False,193,70,78,34,134,37,6,28,73,207,103,10,42
420,MC_SC_17_s03L_282,9,4,2,False,False,True,False,False,1,38,9,9,12,13,11,18,19,45,22,5,42
421,MC_SC_17_s03L_283,9,4,3,False,False,False,True,False,1,35,40,7,4,52,8,44,50,55,58,81,67
422,MC_SC_17_s03L_284,9,2,2,False,False,True,False,False,0,46,50,5,28,8,47,8,38,0,25,29,7
424,MC_SC_17_s03L_285,9,4,3,False,False,True,False,False,156,65,46,20,64,61,21,26,62,102,76,12,81
425,MC_SC_17_s03L_286,9,3,2,False,True,True,False,False,0,27,0,5,2,1,6,6,20,4,14,3,49
426,MC_SC_17_s03L_287,9,5,3,False,False,True,False,False,1,39,68,12,52,13,5,34,79,125,34,2,71
427,MC_SC_17_s03L_288,9,5,3,False,False,True,False,False,0,17,11,8,62,90,7,11,49,50,9,29,27
429,MC_SC_17_s03L_289,9,6,3,False,False,True,False,False,0,63,129,6,42,7,74,39,68,0,17,63,6
431,MC_SC_17_s03L_290,9,4,2,False,False,False,True,False,1,96,55,25,32,17,60,30,64,15,37,36,42
432,MC_SC_17_s03L_291,9,4,2,False,False,False,True,False,0,36,70,5,7,19,53,61,86,12,13,58,73
435,MC_SC_17_s03L_292,9,6,5,False,False,True,False,False,145,29,39,34,34,27,2,26,24,111,55,25,39
436,MC_SC_17_s03L_293,9,6,4,False,False,True,False,False,98,40,37,43,31,11,6,17,5,110,37,10,36
437,MC_SC_17_s03L_294,9,4,3,False,False,False,True,False,0,10,18,2,2,0,43,23,37,15,14,50,31
438,MC_SC_17_s03L_295,9,4,2,False,False,True,False,False,0,24,29,14,20,14,62,32,94,1,34,32,40
439,MC_SC_17_s03L_296,9,7,4,False,False,True,False,False,0,37,46,134,200,19,70,28,44,13,38,20,7
440,MC_SC_17_s03L_297,9,2,1,False,False,False,True,False,0,44,57,4,6,9,44,13,31,0,6,28,24
441,MC_SC_17_s03L_298,9,7,5,False,False,False,False,True,40,52,14,10,3,26,61,25,37,135,27,54,14
450,MC_SC_17_s03L_299,10,3,2,False,False,False,True,False,2,5,41,5,8,21,14,21,49,154,41,14,35
453,MC_SC_17_s03L_300,10,5,2,False,False,False,True,False,5,20,9,67,130,27,59,35,45,82,63,6,43
454,MC_SC_17_s03L_301,10,4,3,False,False,False,True,False,0,17,14,8,55,27,20,16,87,65,42,15,18
455,MC_SC_17_s03L_302,10,4,2,False,False,True,False,False,2,16,3,3,4,2,27,32,20,1,28,44,6
456,MC_SC_17_s03L_303,10,5,3,False,False,True,False,False,5,61,22,13,50,12,91,46,40,89,62,33,3
457,MC_SC_17_s03L_304,10,5,4,False,False,False,False,True,291,15,5,5,60,25,54,8,7,2,14,199,37
458,MC_SC_17_s03L_305,10,3,3,False,False,True,False,False,79,17,13,5,1,33,17,20,22,0,8,26,13
459,MC_SC_17_s03L_306,10,4,3,False,False,True,False,False,0,24,5,13,3,0,0,25,27,57,12,5,1
461,MC_SC_17_s03L_307,10,4,3,False,False,False,True,False,0,13,33,3,2,11,23,7,26,87,40,12,35
462,MC_SC_17_s03L_308,10,4,2,False,False,True,False,False,1,75,48,8,23,11,11,6,56,26,13,0,49
464,MC_SC_17_s03L_309,10,4,2,False,False,True,False,False,101,3,40,9,2,61,20,65,58,30,10,66,49
465,MC_SC_17_s03L_310,10,4,2,False,False,True,False,False,2,75,69,25,8,12,7,43,65,97,39,10,47
467,MC_SC_17_s03L_311,10,2,1,False,False,False,True,False,0,34,4,29,12,4,10,4,9,0,12,22,40
468,MC_SC_17_s03L_312,10,5,3,False,True,True,False,False,78,20,16,2,39,12,6,28,8,9,40,25,32
471,MC_SC_17_s03L_313,10,4,3,False,False,False,True,False,1,22,24,2,5,81,33,24,58,8,16,58,25
472,MC_SC_17_s03L_314,10,4,2,False,False,True,False,False,0,117,25,7,80,106,27,39,106,22,46,53,6
473,MC_SC_17_s03L_315,10,4,3,False,False,True,False,False,81,6,5,53,71,11,5,23,19,34,30,53,17
474,MC_SC_17_s03L_316,10,5,4,False,False,True,False,False,79,24,11,1,5,19,0,14,9,46,23,30,43
475,MC_SC_17_s03L_317,10,7,3,False,False,True,False,False,0,21,26,13,43,27,60,15,43,69,17,9,39
476,MC_SC_17_s03L_318,10,7,4,False,False,True,False,False,143,49,34,77,88,21,2,13,3,144,49,21,34
477,MC_SC_17_s03L_319,10,2,1,False,False,False,True,False,0,12,5,17,9,4,13,5,4,5,3,19,18
478,MC_SC_17_s03L_320,10,4,2,False,False,False,True,False,0,25,18,11,22,41,33,33,91,240,52,10,66
479,MC_SC_17_s03L_321,10,4,2,False,False,False,True,False,2,26,19,6,2,4,45,25,47,24,25,77,58
480,MC_SC_17_s03L_322,10,4,3,False,False,False,True,False,1,15,40,3,23,25,59,19,2,48,28,100,58
481,MC_SC_17_s03L_323,10,2,1,False,False,False,True,False,1,27,6,74,35,17,17,17,17,5,8,28,29
482,MC_SC_17_s03L_324,10,3,2,False,False,True,False,False,1,7,16,59,2,0,16,6,19,3,7,49,1
483,MC_SC_17_s03L_325,10,5,3,False,False,False,True,False,0,21,34,2,0,7,2,12,10,24,8,34,24
484,MC_SC_17_s03L_326,10,3,2,False,False,False,True,False,2,9,7,5,1,2,10,8,13,13,5,1,1
485,MC_SC_17_s03L_327,10,7,6,False,False,False,True,False,0,50,25,1,35,30,43,21,0,14,14,79,46
486,MC_SC_17_s03L_328,10,4,3,False,False,True,False,False,0,2,11,13,16,61,2,31,21,0,6,5,18
488,MC_SC_17_s03L_329,10,5,4,False,False,False,True,False,0,46,11,78,51,26,50,23,51,3,34,64,50
489,MC_SC_17_s03L_330,10,5,3,False,False,False,True,False,1,12,41,4,24,28,56,9,2,25,12,33,46
490,MC_SC_17_s03L_331,10,7,4,False,False,True,False,False,120,39,40,74,97,16,3,18,24,114,89,14,54
491,MC_SC_17_s03L_332,10,3,2,False,False,False,True,False,0,5,20,1,0,0,3,4,13,0,14,0,5
492,MC_SC_17_s03L_333,10,2,1,False,False,True,False,False,0,16,31,39,27,2,38,23,17,7,32,33,7
493,MC_SC_17_s03L_334,10,2,2,False,False,False,True,False,0,5,22,7,0,0,12,12,14,2,19,0,2
494,MC_SC_17_s03L_335,11,4,2,False,False,True,False,False,0,7,24,2,33,38,0,6,15,0,11,7,10
497,MC_SC_17_s03L_336,11,2,1,False,False,True,True,False,1,7,6,4,2,1,8,14,1,2,5,17,0
498,MC_SC_17_s03L_337,11,3,3,False,False,True,False,False,1,22,9,4,14,31,29,14,21,0,8,55,1
501,MC_SC_17_s03L_338,11,3,2,False,False,True,False,False,37,1,6,1,35,8,9,4,26,0,1,2,0
504,MC_SC_17_s03L_339,11,5,3,False,False,True,False,False,0,21,62,30,159,20,22,20,53,55,34,29,11
505,MC_SC_17_s03L_340,11,5,3,False,False,True,False,False,0,57,34,15,78,16,0,22,36,18,18,13,6
507,MC_SC_17_s03L_341,11,5,2,False,False,True,False,False,5,41,1,2,11,8,35,24,50,42,31,21,55
509,MC_SC_17_s03L_342,11,5,3,False,False,True,False,False,75,27,61,31,114,25,48,11,70,65,19,50,80
510,MC_SC_17_s03L_343,11,6,2,False,False,True,False,False,22,19,43,6,21,86,113,50,75,77,72,24,44
511,MC_SC_17_s03L_344,11,5,2,False,False,True,False,False,0,54,49,55,103,42,4,40,73,158,104,13,30
512,MC_SC_17_s03L_345,11,4,2,False,False,True,False,False,45,15,8,5,4,7,11,28,0,17,24,38,73
514,MC_SC_17_s03L_346,11,3,3,False,False,True,False,False,40,26,1,51,13,8,17,22,3,0,0,54,2
515,MC_SC_17_s03L_347,11,4,3,False,False,True,False,False,75,7,31,2,6,46,8,62,18,14,12,78,56
516,MC_SC_17_s03L_348,11,6,3,False,False,False,True,False,0,82,32,2,1,99,66,19,66,85,68,8,11
517,MC_SC_17_s03L_349,11,3,1,False,False,True,False,False,4,41,3,4,3,12,7,6,9,25,12,1,24
519,MC_SC_17_s03L_350,11,3,2,False,False,True,False,False,54,11,9,1,30,1,2,21,0,0,4,16,23
521,MC_SC_17_s03L_351,11,4,3,False,False,True,False,False,19,14,17,4,87,7,22,14,19,5,35,24,13
522,MC_SC_17_s03L_352,11,5,3,False,False,False,True,False,0,46,44,9,3,22,18,14,3,67,19,16,6
523,MC_SC_17_s03L_353,11,4,2,False,False,True,False,False,1,1,0,49,6,33,1,50,27,5,16,52,31
524,MC_SC_17_s03L_354,11,5,3,False,False,True,False,False,41,10,7,1,25,11,24,15,21,0,17,10,12
526,MC_SC_17_s03L_355,11,5,3,False,False,False,True,False,0,52,12,22,2,31,3,17,10,20,28,2,12
527,MC_SC_17_s03L_356,11,6,4,False,False,True,False,False,0,16,12,48,61,1,21,10,1,32,5,24,4
528,MC_SC_17_s03L_357,11,5,3,False,False,False,True,False,0,11,59,7,6,39,7,24,65,36,41,51,35
530,MC_SC_17_s03L_358,11,3,3,False,False,True,False,False,1,68,86,16,19,17,21,59,96,12,40,18,93
531,MC_SC_17_s03L_359,11,3,1,False,False,False,True,False,0,2,31,1,1,0,32,13,9,9,13,20,2
532,MC_SC_17_s03L_360,11,2,1,False,False,False,True,False,1,15,2,5,0,6,27,14,2,3,10,38,1
533,MC_SC_17_s03L_361,11,7,5,False,False,False,True,False,4,30,2,61,3,11,14,18,24,0,12,42,17
535,MC_SC_17_s03L_362,11,4,2,False,False,False,True,False,1,82,22,31,1,13,37,23,16,0,11,38,42
536,MC_SC_17_s03L_363,11,6,1,False,False,False,True,False,0,0,2,2,19,0,0,4,0,6,0,15,7
537,MC_SC_17_s03L_364,11,3,2,False,False,False,True,False,0,36,68,0,14,43,37,14,29,3,11,67,37
538,MC_SC_17_s03L_365,11,2,1,False,False,False,True,False,2,11,28,4,0,0,23,12,15,0,4,28,20
539,MC_SC_17_s03L_366,11,1,1,False,False,False,True,False,0,0,18,0,1,0,8,3,1,0,0,9,11
541,MC_SC_17_s03L_367,11,3,2,False,False,False,True,False,0,18,55,1,24,26,73,7,4,11,13,40,39
543,MC_SC_17_s03L_368,11,6,4,False,False,False,True,False,0,28,48,2,2,46,5,30,1,100,51,36,11
544,MC_SC_17_s03L_369,11,6,4,False,False,False,False,True,75,53,7,9,3,33,4,22,51,154,41,13,34
545,MC_SC_17_s03L_370,11,2,2,False,False,False,True,False,0,30,48,13,7,9,77,36,42,4,9,58,37
546,MC_SC_17_s03L_371,11,5,2,False,False,False,False,True,134,60,3,28,69,12,1,8,55,23,9,201,97
547,MC_SC_17_s03L_372,12,5,2,False,False,False,True,False,0,16,30,0,0,13,8,10,15,6,5,23,0
548,MC_SC_17_s03L_373,12,5,2,False,False,True,False,False,30,8,1,3,31,9,2,1,24,0,6,8,1
550,MC_SC_17_s03L_374,12,3,2,False,False,False,True,False,1,0,14,1,5,1,11,2,1,0,10,22,18
553,MC_SC_17_s03L_375,12,4,3,False,False,True,False,False,2,69,8,5,7,0,1,21,48,0,9,59,4
555,MC_SC_17_s03L_376,12,5,2,False,False,True,False,False,1,68,20,4,8,0,3,36,52,42,29,44,2
558,MC_SC_17_s03L_377,12,6,3,True,False,False,True,False,2,13,29,15,53,35,29,21,38,95,40,24,32
560,MC_SC_17_s03L_378,12,4,3,False,False,True,False,False,80,2,15,12,23,30,31,18,19,6,33,32,41
561,MC_SC_17_s03L_379,12,3,2,False,False,False,True,False,0,38,12,51,42,10,70,10,30,21,28,37,51
562,MC_SC_17_s03L_380,12,4,2,False,False,False,True,False,0,10,1,3,0,14,2,8,18,0,20,20,7
563,MC_SC_17_s03L_381,12,3,2,False,False,True,False,False,28,31,15,0,25,0,3,18,0,7,6,11,27
564,MC_SC_17_s03L_382,12,10,3,False,False,False,True,False,1,69,7,11,3,108,52,21,62,124,50,7,15
565,MC_SC_17_s03L_383,12,5,3,False,False,True,False,False,113,66,32,89,133,34,15,25,11,60,55,16,23
566,MC_SC_17_s03L_384,12,3,2,False,False,True,False,False,0,32,6,23,5,6,0,16,34,16,28,22,9
567,MC_SC_17_s03L_385,12,6,3,False,False,True,False,False,5,47,77,67,89,39,8,35,64,149,65,6,40
568,MC_SC_17_s03L_386,12,2,1,False,False,True,False,False,0,28,2,2,0,37,10,17,15,0,7,32,0
569,MC_SC_17_s03L_387,12,5,4,False,False,True,False,False,0,45,15,1,10,33,3,6,25,4,17,27,3
570,MC_SC_17_s03L_388,12,7,6,False,False,True,False,False,4,67,3,7,8,0,5,30,52,24,9,48,2
571,MC_SC_17_s03L_389,12,5,3,False,False,True,False,False,0,83,30,1,12,0,22,15,66,18,17,20,3
572,MC_SC_17_s03L_390,12,6,4,False,False,True,False,False,4,228,159,10,85,35,65,43,131,205,119,40,12
574,MC_SC_17_s03L_391,12,4,3,False,False,False,True,False,0,30,9,7,66,0,2,12,2,43,14,27,41
575,MC_SC_17_s03L_392,12,8,5,False,False,False,True,False,0,54,33,6,25,3,10,4,29,63,33,3,31
576,MC_SC_17_s03L_393,12,5,3,False,False,True,False,False,75,7,1,6,24,11,10,9,27,0,14,13,2
577,MC_SC_17_s03L_394,12,4,3,False,False,True,False,False,0,28,79,4,196,10,20,4,73,8,44,39,57
579,MC_SC_17_s03L_395,12,5,3,False,False,False,True,False,0,38,34,1,36,85,50,20,31,5,41,22,18
580,MC_SC_17_s03L_396,12,4,3,False,False,True,False,False,0,21,3,5,8,5,0,10,28,2,8,0,3
581,MC_SC_17_s03L_397,12,5,4,False,False,True,False,False,21,23,9,2,55,7,13,10,29,0,16,19,1
583,MC_SC_17_s03L_398,12,4,2,False,False,False,True,False,0,5,21,15,3,8,5,15,32,8,27,17,16
588,MC_SC_17_s03L_399,12,3,3,False,False,False,True,False,0,5,16,1,7,26,11,15,24,39,6,28,24
589,MC_SC_17_s03L_400,12,4,2,False,False,False,True,False,0,12,8,3,2,16,13,21,32,38,11,17,24
590,MC_SC_17_s03L_401,12,5,3,False,False,False,True,False,2,34,2,10,1,20,3,13,1,65,23,26,32
591,MC_SC_17_s03L_402,12,3,2,False,False,False,True,False,2,16,28,0,34,25,61,17,3,37,11,48,27
592,MC_SC_17_s03L_403,12,5,3,False,False,True,False,False,56,16,22,23,53,1,59,40,20,0,31,49,18
593,MC_SC_17_s03L_404,12,3,1,False,False,True,False,False,90,36,41,87,66,3,23,16,3,7,20,25,16
595,MC_SC_17_s03L_405,12,5,4,False,False,True,False,False,89,20,26,51,37,9,0,25,0,13,18,79,22
596,MC_SC_17_s03L_406,12,4,2,False,False,False,True,False,0,13,48,2,44,46,57,21,9,48,10,51,54
597,MC_SC_17_s03L_407,12,5,4,False,False,True,False,False,70,17,39,7,31,5,54,56,27,18,40,35,24
598,MC_SC_17_s03L_408,12,4,2,False,False,False,True,False,1,12,5,7,2,13,31,28,2,37,18,27,4
599,MC_SC_17_s03L_409,12,5,3,False,False,True,False,False,0,10,8,37,1,105,41,44,33,8,5,60,47
600,MC_SC_17_s03L_410,12,3,2,False,False,True,False,False,52,29,3,14,13,0,1,6,3,14,16,7,19
601,MC_SC_17_s03L_411,12,7,2,False,False,False,True,False,0,31,41,16,93,46,28,14,51,96,27,19,16
602,MC_SC_17_s03L_412,12,6,4,False,False,True,False,False,0,39,97,16,82,65,8,26,108,86,12,48,13
603,MC_SC_17_s03L_413,12,5,3,False,True,False,True,False,0,26,21,4,1,49,39,30,3,16,15,47,3
604,MC_SC_17_s03L_414,12,7,3,False,False,False,True,False,0,29,31,5,45,34,9,7,37,3,34,4,5
605,MC_SC_17_s03L_415,12,3,2,False,False,False,True,False,1,15,6,6,0,0,6,6,4,5,12,0,0
606,MC_SC_17_s03L_416,12,5,2,False,False,True,False,False,164,64,67,133,91,33,68,59,10,6,41,59,45
607,MC_SC_17_s03L_417,12,5,3,False,False,False,True,False,0,65,10,32,0,7,11,17,14,0,27,32,29
608,MC_SC_17_s03L_418,12,2,1,False,False,True,False,False,0,16,23,29,5,2,29,19,9,0,11,34,1
609,MC_SC_17_s03L_419,12,2,2,False,False,False,True,False,0,49,3,66,27,10,20,25,30,0,16,49,37
610,MC_SC_17_s03L_420,12,4,2,False,True,True,False,False,1,27,79,8,93,82,4,20,57,12,15,73,21
611,MC_SC_17_s03L_421,12,7,5,False,False,False,False,True,80,13,27,0,0,9,5,13,15,15,24,19,4
612,MC_SC_17_s03L_422,12,4,3,False,False,False,True,False,0,51,31,23,24,31,60,17,48,22,34,40,44
613,MC_SC_17_s03L_423,13,5,3,False,False,True,True,False,46,4,2,1,0,4,29,19,8,1,1,6,17
614,MC_SC_17_s03L_424,13,3,2,False,False,False,True,False,6,8,9,18,0,4,12,24,1,5,2,6,2
617,MC_SC_17_s03L_425,13,4,2,False,False,False,True,False,2,22,9,11,1,4,13,13,0,2,4,17,0
620,MC_SC_17_s03L_426,13,5,3,False,False,True,False,False,2,78,19,2,1,0,18,33,96,1,5,17,3
622,MC_SC_17_s03L_427,13,3,2,False,False,False,True,False,1,8,1,2,1,20,43,18,51,4,23,137,5
623,MC_SC_17_s03L_428,13,7,2,False,False,True,False,False,0,3,10,0,48,27,3,3,23,2,2,13,3
625,MC_SC_17_s03L_429,13,3,2,False,False,True,False,False,10,50,14,23,26,21,39,23,12,116,24,19,95
628,MC_SC_17_s03L_430,13,8,5,False,False,False,True,False,4,5,0,2,28,12,36,8,48,13,9,95,7
629,MC_SC_17_s03L_431,13,9,5,False,False,False,True,False,1,97,10,4,9,74,40,25,46,107,39,10,19
631,MC_SC_17_s03L_432,13,8,6,False,False,False,True,False,7,75,7,37,13,35,5,10,2,106,47,41,53
632,MC_SC_17_s03L_433,13,3,2,False,False,True,False,False,25,5,1,4,11,7,11,15,13,0,27,17,24
635,MC_SC_17_s03L_434,13,4,2,False,False,False,True,False,0,63,45,3,34,56,23,12,32,35,19,19,27
636,MC_SC_17_s03L_435,13,6,4,False,False,False,True,False,0,81,72,1,31,2,19,11,45,74,22,4,46
637,MC_SC_17_s03L_436,13,4,3,False,False,True,False,False,0,32,62,13,3,7,8,20,39,7,23,100,16
638,MC_SC_17_s03L_437,13,4,2,False,False,True,False,False,90,32,33,31,25,9,16,2,19,12,30,7,9
640,MC_SC_17_s03L_438,13,3,1,False,False,True,False,False,0,27,6,0,5,2,6,10,12,29,13,2,18
641,MC_SC_17_s03L_439,13,5,3,False,False,False,True,False,0,52,34,0,24,54,49,17,47,18,24,15,20
642,MC_SC_17_s03L_440,13,3,2,False,False,True,False,False,0,23,1,0,10,0,12,8,30,0,13,71,0
643,MC_SC_17_s03L_441,13,7,4,False,False,True,False,False,0,29,13,11,79,3,5,15,38,19,22,8,10
646,MC_SC_17_s03L_442,13,9,4,False,False,False,True,False,2,21,38,15,10,27,4,26,1,74,46,24,10
647,MC_SC_17_s03L_443,13,6,2,False,False,True,False,False,4,2,5,42,41,1,25,20,0,3,24,20,3
649,MC_SC_17_s03L_444,13,7,5,False,False,False,True,False,2,23,17,14,6,18,15,20,3,67,47,39,3
650,MC_SC_17_s03L_445,13,4,2,False,False,False,True,False,0,12,0,9,1,28,9,5,53,17,19,99,7
652,MC_SC_17_s03L_446,13,4,2,False,False,True,False,False,0,38,4,3,52,38,35,30,84,15,13,99,1
653,MC_SC_17_s03L_447,13,6,4,False,False,True,True,True,1,17,6,16,0,12,2,9,0,60,18,10,6
655,MC_SC_17_s03L_448,13,3,2,False,True,True,False,False,17,4,0,3,2,8,7,11,15,8,2,8,14
656,MC_SC_17_s03L_449,13,6,3,False,False,False,True,False,0,25,78,2,22,25,46,5,3,33,13,19,19
658,MC_SC_17_s03L_450,13,6,3,False,False,True,True,False,0,21,26,2,9,26,10,13,36,38,21,56,23
659,MC_SC_17_s03L_451,13,4,2,False,False,True,True,False,0,24,27,15,27,8,28,36,68,30,14,20,40
660,MC_SC_17_s03L_452,13,4,3,False,False,False,True,False,1,7,14,1,0,10,25,9,45,2,24,81,0
661,MC_SC_17_s03L_453,13,3,2,False,False,False,True,False,0,21,35,6,10,41,1,24,34,85,24,26,20
663,MC_SC_17_s03L_454,13,5,3,False,False,True,False,False,73,35,4,82,39,0,2,12,0,4,12,26,6
664,MC_SC_17_s03L_455,13,3,2,False,False,False,True,False,0,16,22,2,2,9,28,38,24,0,12,75,48
665,MC_SC_17_s03L_456,13,3,3,False,False,True,False,False,0,8,67,3,26,16,11,12,39,0,46,20,46
667,MC_SC_17_s03L_457,13,3,3,False,False,False,True,False,0,10,24,1,0,0,15,1,16,0,10,3,0
669,MC_SC_17_s03L_458,13,6,3,False,False,False,True,False,0,50,37,17,8,12,32,10,26,7,9,37,36
670,MC_SC_17_s03L_459,13,12,3,False,False,False,True,False,0,26,69,2,214,32,12,49,108,308,92,15,12
671,MC_SC_17_s03L_460,13,4,3,False,False,False,True,False,1,15,14,8,0,3,34,13,11,8,2,71,38
672,MC_SC_17_s03L_461,13,6,4,False,False,False,False,True,99,40,18,8,13,15,50,22,47,196,44,39,54
673,MC_SC_17_s03L_462,13,5,3,False,False,False,True,False,0,61,56,6,1,19,41,25,42,4,8,34,34
675,MC_SC_17_s03L_463,14,4,3,False,False,True,False,False,64,11,0,0,14,1,5,9,7,0,1,37,27
676,MC_SC_17_s03L_464,14,4,2,False,False,False,True,False,1,1,8,0,0,1,0,0,0,0,4,4,0
680,MC_SC_17_s03L_465,14,2,1,False,False,True,True,False,3,20,6,15,0,20,2,5,0,0,16,35,12
681,MC_SC_17_s03L_466,14,5,4,False,False,False,True,False,0,44,7,4,0,10,5,4,37,0,16,75,7
684,MC_SC_17_s03L_467,14,4,2,False,False,True,False,False,0,13,2,0,1,2,19,17,17,18,29,6,29
688,MC_SC_17_s03L_468,14,3,2,False,False,True,False,False,79,24,0,5,12,2,19,9,1,36,32,25,35
689,MC_SC_17_s03L_469,14,4,2,False,False,True,False,False,105,22,34,13,95,17,49,47,40,31,75,20,23
690,MC_SC_17_s03L_470,14,5,4,False,False,True,False,False,2,33,5,8,27,13,22,12,47,30,9,103,3
691,MC_SC_17_s03L_471,14,6,3,False,False,False,True,False,2,262,22,31,10,196,5,27,79,218,92,9,8
692,MC_SC_17_s03L_472,14,4,3,False,False,False,True,False,0,19,35,6,25,18,15,15,39,26,24,32,10
693,MC_SC_17_s03L_473,14,6,4,False,False,False,True,False,38,24,51,12,84,2,11,59,10,75,61,13,9
694,MC_SC_17_s03L_474,14,4,3,False,False,True,False,False,0,39,7,0,1,16,5,15,15,50,22,5,44
696,MC_SC_17_s03L_475,14,7,4,False,False,False,True,False,4,69,5,33,7,19,5,53,4,127,63,77,29
697,MC_SC_17_s03L_476,14,5,3,False,False,False,True,False,2,11,45,7,3,5,6,13,25,125,34,5,42
698,MC_SC_17_s03L_477,14,8,4,False,False,False,True,False,3,63,43,56,133,19,16,30,30,203,64,18,18
699,MC_SC_17_s03L_478,14,4,2,False,False,False,True,False,0,15,3,5,4,14,17,16,46,4,26,124,8
700,MC_SC_17_s03L_479,14,5,3,False,False,True,False,False,87,46,19,34,58,16,30,21,11,75,37,24,17
701,MC_SC_17_s03L_480,14,4,2,False,False,True,False,False,6,56,22,9,4,9,9,39,11,53,24,1,89
702,MC_SC_17_s03L_481,14,4,3,False,False,True,False,False,0,7,10,40,6,11,5,17,46,19,5,55,6
703,MC_SC_17_s03L_482,14,5,2,False,False,True,False,False,0,66,19,2,15,12,19,17,10,65,20,1,32
704,MC_SC_17_s03L_483,14,4,2,False,True,True,False,False,0,49,44,28,73,38,8,9,54,6,40,9,38
705,MC_SC_17_s03L_484,14,5,3,False,False,True,False,False,0,18,0,68,16,0,10,27,8,6,25,9,6
706,MC_SC_17_s03L_485,14,2,2,False,False,False,True,False,1,20,12,31,20,1,24,3,13,0,3,24,38
708,MC_SC_17_s03L_486,14,4,2,False,False,True,False,False,82,20,14,3,16,3,33,28,20,39,13,37,49
709,MC_SC_17_s03L_487,14,4,3,False,False,True,False,False,0,47,29,31,7,19,4,25,46,0,34,9,28
714,MC_SC_17_s03L_488,14,6,2,False,False,True,False,False,0,46,13,2,13,19,17,14,42,43,19,4,51
715,MC_SC_17_s03L_489,14,5,3,False,False,False,True,False,0,50,74,6,7,3,50,37,49,19,10,30,51
716,MC_SC_17_s03L_490,14,4,2,False,False,True,False,False,0,50,74,66,126,48,20,40,90,0,59,21,22
717,MC_SC_17_s03L_491,14,4,3,False,False,True,False,False,0,73,74,67,248,61,61,41,116,21,96,7,38
718,MC_SC_17_s03L_492,14,1,1,False,False,False,True,False,0,0,6,0,1,4,7,0,3,0,0,0,0
719,MC_SC_17_s03L_493,14,5,3,False,False,False,True,False,0,55,23,58,15,3,20,12,22,2,16,49,30
720,MC_SC_17_s03L_494,14,1,1,False,False,False,True,False,0,7,2,15,4,3,20,7,10,0,5,3,14
721,MC_SC_17_s03L_495,14,7,4,False,False,False,True,False,0,73,49,4,6,39,55,15,46,33,17,24,48
722,MC_SC_17_s03L_496,14,6,4,False,False,False,True,False,2,47,51,7,4,16,49,34,31,10,16,24,9
723,MC_SC_17_s03L_497,15,5,3,False,False,False,True,False,0,24,25,1,0,5,15,5,12,4,6,13,1
726,MC_SC_17_s03L_498,15,5,2,False,False,False,True,False,0,37,35,0,1,0,9,21,19,7,5,4,27
727,MC_SC_17_s03L_499,15,3,2,False,False,True,False,False,0,7,9,3,1,0,3,2,5,0,5,0,0
730,MC_SC_17_s03L_500,15,2,2,False,False,False,True,False,0,1,1,8,2,0,22,14,3,0,1,22,0
731,MC_SC_17_s03L_501,15,5,2,False,False,True,False,False,0,6,5,1,0,4,4,16,26,2,4,24,30
737,MC_SC_17_s03L_502,15,8,3,False,False,True,False,False,1,60,35,64,51,17,12,24,60,159,49,15,22
738,MC_SC_17_s03L_503,15,4,3,False,False,True,False,False,122,79,21,86,73,37,8,14,3,95,20,1,14
739,MC_SC_17_s03L_504,15,3,3,False,False,True,False,False,41,36,9,4,15,1,11,20,18,10,6,23,30
740,MC_SC_17_s03L_505,15,4,3,False,False,True,False,False,121,4,14,9,62,63,27,28,46,32,47,26,42
742,MC_SC_17_s03L_506,15,4,2,False,False,True,False,False,76,13,23,4,32,12,20,23,24,7,28,60,6
743,MC_SC_17_s03L_507,15,4,3,False,False,True,False,False,132,23,19,2,43,19,20,21,22,10,19,16,19
744,MC_SC_17_s03L_508,15,4,3,False,False,True,False,False,88,14,46,7,12,73,33,55,54,28,12,81,30
745,MC_SC_17_s03L_509,15,6,4,False,False,True,False,False,1,47,46,33,169,17,16,66,67,127,46,29,7
746,MC_SC_17_s03L_510,15,4,3,False,False,True,False,False,0,24,0,0,20,0,9,2,27,0,19,92,0
747,MC_SC_17_s03L_511,15,3,3,False,False,True,False,False,29,8,0,10,1,5,1,13,2,3,0,14,0
748,MC_SC_17_s03L_512,15,3,3,False,False,False,True,False,7,158,15,9,7,106,28,32,92,121,90,16,23
749,MC_SC_17_s03L_513,15,4,2,False,False,True,False,False,47,6,10,1,9,0,14,4,23,0,9,16,38
750,MC_SC_17_s03L_514,15,3,2,False,False,True,False,False,30,11,2,1,55,25,12,15,22,0,14,15,0
751,MC_SC_17_s03L_515,15,4,2,False,False,True,False,False,66,34,7,6,30,13,30,14,30,0,28,54,34
752,MC_SC_17_s03L_516,15,3,1,False,False,True,False,False,91,37,19,1,13,5,17,16,17,0,8,25,21
753,MC_SC_17_s03L_517,15,4,2,False,False,True,False,False,0,67,37,6,11,4,20,15,52,0,10,4,53
754,MC_SC_17_s03L_518,15,3,2,False,False,False,True,False,0,23,18,4,5,57,26,15,43,3,27,51,18
755,MC_SC_17_s03L_519,15,5,3,False,False,True,False,False,29,11,13,33,12,1,2,24,4,1,19,60,2
756,MC_SC_17_s03L_520,15,4,3,False,False,False,True,False,0,56,5,45,22,12,45,18,24,32,6,49,38
757,MC_SC_17_s03L_521,15,6,3,False,False,False,True,False,0,14,29,8,34,11,3,15,31,95,45,20,31
758,MC_SC_17_s03L_522,15,3,1,False,False,True,False,False,0,11,73,9,34,75,8,26,40,36,20,66,35
759,MC_SC_17_s03L_523,15,5,2,False,False,True,False,False,93,47,42,11,33,14,6,23,32,65,32,9,24
760,MC_SC_17_s03L_524,15,6,3,True,False,False,True,False,0,177,73,23,91,94,20,26,72,79,79,37,68
761,MC_SC_17_s03L_525,15,5,3,False,False,True,False,False,0,10,0,14,5,65,19,30,26,7,4,53,21
762,MC_SC_17_s03L_526,15,3,2,False,False,False,True,False,1,50,2,14,3,29,45,20,42,27,20,54,51
763,MC_SC_17_s03L_527,15,5,2,False,False,True,False,False,59,32,18,90,33,16,32,18,0,13,16,37,39
764,MC_SC_17_s03L_528,15,6,3,False,False,True,False,False,83,47,19,6,15,6,1,36,0,18,34,40,39
765,MC_SC_17_s03L_529,15,3,2,False,False,True,False,False,0,5,16,13,2,77,16,6,11,0,16,9,8
766,MC_SC_17_s03L_530,15,4,2,False,False,True,False,False,28,15,24,18,18,1,8,9,0,0,13,15,6
767,MC_SC_17_s03L_531,15,8,3,False,True,True,False,False,118,40,12,5,19,1,13,30,42,2,12,8,33
768,MC_SC_17_s03L_532,15,6,3,False,False,False,True,False,2,40,55,4,27,2,29,7,34,27,5,27,29
769,MC_SC_17_s03L_533,15,4,3,False,False,False,True,True,0,2,3,6,4,15,19,5,30,0,18,81,8
771,MC_SC_17_s03L_534,15,3,2,False,False,False,True,False,4,60,47,15,45,44,62,18,87,3,23,49,76
773,MC_SC_17_s03L_535,15,6,4,False,False,True,False,False,0,35,80,17,152,18,21,23,150,6,15,51,5
774,MC_SC_17_s03L_536,15,8,5,False,False,False,True,False,0,38,46,4,16,22,72,38,81,137,48,27,79
775,MC_SC_17_s03L_537,15,6,3,False,False,False,False,True,81,67,7,15,7,16,38,11,52,152,56,15,31
777,MC_SC_17_s03L_538,16,4,2,False,False,True,True,False,10,17,10,0,15,19,1,4,19,0,1,13,4
782,MC_SC_17_s03L_539,16,4,3,False,False,True,False,False,0,11,32,4,43,0,10,16,16,2,14,28,33
786,MC_SC_17_s03L_540,16,6,4,False,False,True,False,False,0,47,36,48,141,40,26,11,54,86,50,3,26
789,MC_SC_17_s03L_541,16,8,3,False,False,True,False,False,0,52,25,24,4,8,2,28,28,22,46,7,31
790,MC_SC_17_s03L_542,16,4,2,False,False,True,False,False,2,34,7,1,1,1,24,39,24,10,15,26,1
791,MC_SC_17_s03L_543,16,5,3,False,False,False,True,False,1,50,34,0,28,68,11,10,15,26,20,7,12
792,MC_SC_17_s03L_544,16,3,3,False,False,True,False,False,44,25,12,2,62,17,14,13,22,6,18,22,5
793,MC_SC_17_s03L_545,16,3,2,False,False,True,False,False,0,32,15,5,3,4,26,28,8,42,24,3,61
794,MC_SC_17_s03L_546,16,3,2,False,False,True,False,False,1,36,68,1,23,40,0,2,32,0,4,23,12
795,MC_SC_17_s03L_547,16,5,3,False,False,True,False,False,74,22,18,5,38,3,32,14,17,0,10,12,11
796,MC_SC_17_s03L_548,16,4,2,False,False,True,False,False,2,56,42,1,17,26,24,26,51,38,15,9,3
797,MC_SC_17_s03L_549,16,4,2,False,False,True,False,False,0,71,7,2,13,9,1,5,31,0,11,2,30
798,MC_SC_17_s03L_550,16,4,3,False,False,True,False,False,60,23,1,39,25,0,16,6,3,1,8,25,20
799,MC_SC_17_s03L_551,16,3,2,False,True,True,False,False,0,16,9,0,2,5,17,9,10,8,10,0,16
800,MC_SC_17_s03L_552,16,6,4,False,False,True,False,False,82,46,13,27,60,35,37,16,19,76,35,17,20
801,MC_SC_17_s03L_553,16,5,3,False,True,True,False,False,101,29,15,50,49,12,4,22,22,0,24,40,7
802,MC_SC_17_s03L_554,16,2,2,False,False,True,False,False,0,24,1,0,8,9,4,7,14,2,2,0,7
803,MC_SC_17_s03L_555,16,6,2,False,False,True,False,False,40,33,18,38,37,13,32,17,3,22,29,11,13
805,MC_SC_17_s03L_556,16,6,4,False,False,False,True,False,1,8,1,2,36,0,0,2,2,12,11,16,22
807,MC_SC_17_s03L_557,16,5,3,False,False,False,True,False,0,27,33,19,123,45,30,26,58,87,59,36,33
808,MC_SC_17_s03L_558,16,5,3,False,False,True,False,False,0,20,7,20,3,0,0,26,29,38,12,3,1
809,MC_SC_17_s03L_559,16,7,2,False,False,False,True,False,1,23,7,5,9,18,1,15,3,16,29,55,11
810,MC_SC_17_s03L_560,16,5,4,False,False,True,False,False,49,31,13,16,39,12,46,16,23,32,31,26,13
812,MC_SC_17_s03L_561,16,6,3,False,False,True,False,False,104,56,24,63,119,14,6,30,39,42,82,30,33
813,MC_SC_17_s03L_562,16,4,2,False,False,True,False,False,41,35,61,3,66,49,8,39,36,32,34,10,3
814,MC_SC_17_s03L_563,16,7,3,False,False,True,False,False,195,53,19,26,103,17,3,14,19,158,48,2,33
815,MC_SC_17_s03L_564,16,4,3,False,False,False,True,False,0,10,2,2,27,1,0,8,0,35,19,85,36
818,MC_SC_17_s03L_565,16,5,2,False,False,False,True,False,0,43,31,2,35,50,20,13,35,25,24,30,39
819,MC_SC_17_s03L_566,16,5,2,False,False,False,True,False,0,18,30,4,6,40,11,4,70,0,43,53,3
821,MC_SC_17_s03L_567,16,4,3,True,False,True,False,False,58,36,51,21,68,35,14,34,37,56,50,27,58
822,MC_SC_17_s03L_568,16,1,1,False,False,True,False,False,0,5,15,48,13,4,23,9,29,0,15,53,0
823,MC_SC_17_s03L_569,16,5,3,False,False,False,True,False,0,79,86,18,13,20,76,25,56,1,34,41,37
824,MC_SC_17_s03L_570,16,4,2,False,False,False,True,False,2,41,6,0,0,0,34,28,47,2,11,50,23
825,MC_SC_17_s03L_571,16,5,3,False,False,False,False,True,120,28,68,5,67,31,26,10,20,0,0,145,44
826,MC_SC_17_s03L_572,16,9,6,False,False,False,True,False,0,114,98,19,39,25,87,36,89,45,45,52,71
827,MC_SC_17_s03L_573,16,6,3,False,False,False,False,True,112,65,5,19,23,71,14,28,107,326,52,57,62
828,MC_SC_17_s03L_574,16,6,4,False,False,False,True,False,3,37,89,27,118,42,15,34,99,206,75,60,64
829,MC_SC_17_s03L_575,16,7,3,False,False,False,False,True,57,29,40,6,2,14,40,9,11,64,9,12,9
830,MC_SC_17_s03L_576,17,4,1,False,False,True,False,False,30,1,0,2,15,2,0,2,2,0,3,0,0
839,MC_SC_17_s03L_577,17,7,4,False,False,True,False,False,0,18,11,14,37,12,10,40,41,112,31,14,7
842,MC_SC_17_s03L_578,17,6,3,False,False,False,True,False,0,10,0,7,0,7,72,24,6,16,20,51,9
844,MC_SC_17_s03L_579,17,6,3,False,False,True,False,False,2,82,56,6,14,22,29,25,43,71,51,33,6
850,MC_SC_17_s03L_580,17,6,3,False,False,True,False,False,85,34,23,29,34,18,15,14,20,49,9,14,9
851,MC_SC_17_s03L_581,17,5,2,False,False,False,True,False,2,28,20,21,15,14,19,15,15,7,12,19,22
852,MC_SC_17_s03L_582,17,4,2,False,False,True,False,False,1,41,9,2,4,2,12,17,1,10,12,0,34
854,MC_SC_17_s03L_583,17,3,2,False,False,False,True,False,0,7,2,18,10,1,12,4,8,0,1,19,11
855,MC_SC_17_s03L_584,17,6,4,False,False,False,True,False,0,22,24,6,2,17,10,13,2,85,8,7,6
857,MC_SC_17_s03L_585,17,8,5,False,False,True,False,False,0,16,12,10,8,3,2,4,20,107,12,1,8
858,MC_SC_17_s03L_586,17,5,2,False,False,True,False,False,0,47,34,2,8,6,4,14,38,96,22,2,36
860,MC_SC_17_s03L_587,17,4,2,False,False,False,True,False,0,20,70,2,51,42,41,24,35,121,40,22,24
861,MC_SC_17_s03L_588,17,7,3,False,False,True,False,False,1,52,18,7,23,5,17,24,1,40,28,5,46
864,MC_SC_17_s03L_589,17,4,3,False,False,False,True,False,0,38,26,26,7,11,26,24,17,23,15,21,7
866,MC_SC_17_s03L_590,17,8,4,False,False,False,False,True,118,49,27,13,7,25,107,12,18,225,44,28,29
867,MC_SC_17_s03L_591,17,5,4,False,False,False,True,False,1,45,18,25,19,4,19,3,13,4,14,38,36
868,MC_SC_17_s03L_592,17,6,3,False,False,False,False,True,12,19,11,5,0,2,35,10,6,60,16,18,7
869,MC_SC_17_s03L_593,17,3,1,False,False,False,True,False,1,11,2,1,1,1,6,9,0,0,5,15,5
870,MC_SC_17_s03L_594,17,3,2,False,False,False,True,False,1,12,5,0,3,0,6,4,8,0,4,0,0
873,MC_SC_17_s03L_595,17,3,2,False,False,False,True,False,0,5,44,1,22,10,9,9,31,0,9,54,42
874,MC_SC_17_s03L_596,17,8,4,False,False,False,False,True,74,66,0,5,28,14,3,19,56,162,8,28,28
878,MC_SC_17_s03L_597,18,5,3,False,False,True,False,False,1,107,32,2,9,0,5,29,56,21,11,39,8
880,MC_SC_17_s03L_598,18,3,2,False,False,False,True,False,1,5,4,2,1,15,0,12,50,0,23,80,13
882,MC_SC_17_s03L_599,18,6,3,False,False,True,False,False,3,55,30,5,2,1,8,33,66,24,12,46,1
884,MC_SC_17_s03L_600,18,5,1,False,False,False,True,False,0,7,10,2,16,38,11,9,14,2,10,11,6
890,MC_SC_17_s03L_601,18,6,4,False,False,False,False,True,316,19,0,5,97,23,58,21,17,29,8,201,67
895,MC_SC_17_s03L_602,18,6,4,False,False,True,False,False,1,89,31,7,10,2,41,58,92,82,37,53,7
896,MC_SC_17_s03L_603,18,2,2,False,False,True,False,False,116,14,1,4,23,4,34,46,16,17,17,57,53
898,MC_SC_17_s03L_604,18,3,2,False,False,True,False,False,9,99,5,6,7,3,2,35,36,13,16,62,4
899,MC_SC_17_s03L_605,18,4,3,False,False,True,False,False,0,92,48,3,16,11,26,14,30,46,18,12,80
902,MC_SC_17_s03L_606,18,3,2,False,False,True,False,False,0,28,9,1,6,6,30,29,27,4,12,51,0
903,MC_SC_17_s03L_607,18,5,2,False,False,True,False,False,0,17,23,7,75,21,5,26,49,90,32,19,3
904,MC_SC_17_s03L_608,18,4,3,False,False,False,True,False,1,27,3,2,21,3,5,15,3,18,11,18,1
905,MC_SC_17_s03L_609,18,5,3,False,False,True,False,False,0,45,31,55,34,64,56,8,32,3,26,23,18
906,MC_SC_17_s03L_610,18,4,3,False,False,False,True,False,0,93,5,1,38,87,46,18,37,25,34,38,23
907,MC_SC_17_s03L_611,18,4,3,False,False,True,False,False,42,18,18,4,10,11,18,7,36,1,16,39,10
908,MC_SC_17_s03L_612,18,1,1,False,False,True,False,False,57,11,8,1,10,4,2,10,25,0,7,4,21
909,MC_SC_17_s03L_613,18,3,2,False,False,True,False,False,0,27,0,0,1,6,0,0,8,0,10,5,29
910,MC_SC_17_s03L_614,18,3,2,False,False,True,False,False,54,18,3,3,6,0,26,49,29,0,0,40,31
911,MC_SC_17_s03L_615,18,5,3,False,False,False,True,False,0,170,32,4,9,136,77,16,78,93,35,9,7
912,MC_SC_17_s03L_616,18,6,4,False,False,False,True,False,0,8,35,1,1,7,2,11,29,57,11,9,19
913,MC_SC_17_s03L_617,18,6,4,False,False,True,False,False,0,23,45,27,160,19,77,33,59,26,24,34,23
914,MC_SC_17_s03L_618,18,4,2,False,False,False,True,False,0,5,49,3,17,30,36,19,13,0,0,20,2
915,MC_SC_17_s03L_619,18,4,2,False,False,False,True,False,2,8,41,2,25,32,41,11,4,18,9,32,33
916,MC_SC_17_s03L_620,18,6,3,False,False,False,True,False,0,21,6,2,2,59,43,18,24,63,15,33,12
917,MC_SC_17_s03L_621,18,6,4,False,False,True,False,False,0,63,22,1,7,10,22,15,29,34,44,14,61
918,MC_SC_17_s03L_622,18,4,3,False,False,False,True,False,0,73,56,0,0,65,6,17,28,73,28,58,45
919,MC_SC_17_s03L_623,18,6,4,False,False,True,False,False,85,53,11,39,9,12,5,13,0,23,20,5,40
920,MC_SC_17_s03L_624,18,2,2,False,False,True,False,False,1,58,12,6,7,14,11,5,29,3,8,28,44
921,MC_SC_17_s03L_625,18,6,2,False,False,False,True,False,0,231,55,16,7,108,8,24,41,169,67,5,9
922,MC_SC_17_s03L_626,18,5,2,False,False,True,False,False,43,34,17,4,15,3,25,18,5,0,24,19,24
923,MC_SC_17_s03L_627,18,3,2,False,False,False,True,False,3,11,70,1,0,9,20,11,13,0,4,13,8
924,MC_SC_17_s03L_628,18,4,2,False,False,False,True,False,0,69,42,18,5,9,18,6,26,2,20,23,42
925,MC_SC_17_s03L_629,18,5,5,False,False,True,False,False,36,7,36,19,18,2,10,5,7,2,5,9,6
926,MC_SC_17_s03L_630,18,6,4,False,False,True,False,False,103,33,26,38,15,4,3,21,7,16,31,12,41
927,MC_SC_17_s03L_631,18,8,6,False,False,False,False,True,60,47,69,2,9,5,26,23,35,68,52,22,22
928,MC_SC_17_s03L_632,18,4,3,False,False,False,False,True,116,29,7,5,76,44,5,13,54,93,15,88,65
930,MC_SC_17_s03L_633,18,8,5,False,False,False,False,True,16,47,20,7,5,15,37,21,16,69,44,37,27
932,MC_SC_17_s03L_634,19,2,2,False,False,True,False,False,1,10,4,1,1,6,3,11,14,0,7,16,0
934,MC_SC_17_s03L_635,19,4,3,False,False,False,True,False,3,6,2,1,1,0,3,5,0,0,8,4,1
938,MC_SC_17_s03L_636,19,6,2,False,False,True,False,False,0,24,13,0,13,17,27,11,29,41,15,21,3
939,MC_SC_17_s03L_637,19,7,4,False,False,True,False,False,5,84,12,5,2,0,9,35,76,19,7,42,7
941,MC_SC_17_s03L_638,19,7,5,False,False,True,False,False,3,131,30,2,1,0,7,34,43,44,18,25,2
942,MC_SC_17_s03L_639,19,4,2,False,False,True,False,False,108,43,40,6,63,9,44,30,30,43,52,12,19
944,MC_SC_17_s03L_640,19,4,3,False,False,True,False,False,1,89,5,67,85,14,77,10,0,27,23,13,8
946,MC_SC_17_s03L_641,19,4,3,False,False,False,False,True,157,29,76,4,14,38,2,4,0,0,2,141,32
947,MC_SC_17_s03L_642,19,4,3,False,False,True,False,False,33,18,0,0,11,19,13,17,30,1,11,8,13
948,MC_SC_17_s03L_643,19,6,3,False,False,True,False,False,0,16,14,40,25,8,26,6,0,3,20,32,0
949,MC_SC_17_s03L_644,19,3,2,False,False,False,False,True,0,15,20,2,2,0,23,9,33,3,21,32,1
950,MC_SC_17_s03L_645,19,4,3,False,False,False,True,False,0,50,9,0,25,65,40,9,22,4,11,23,13
952,MC_SC_17_s03L_646,19,4,2,False,False,True,False,False,0,32,23,14,72,1,10,23,22,0,22,8,1
953,MC_SC_17_s03L_647,19,8,3,False,False,False,True,False,2,35,9,11,1,11,24,30,2,8,20,20,6
954,MC_SC_17_s03L_648,19,4,2,False,False,True,False,False,0,61,20,84,130,36,22,19,60,0,37,29,17
955,MC_SC_17_s03L_649,19,3,1,False,False,True,False,False,0,37,0,1,6,72,14,3,22,0,7,14,1
956,MC_SC_17_s03L_650,19,8,4,False,False,False,True,False,4,19,9,6,17,10,6,9,12,18,32,23,1
957,MC_SC_17_s03L_651,19,8,5,False,False,True,False,False,0,119,34,5,92,55,14,33,109,52,42,24,5
958,MC_SC_17_s03L_652,19,6,3,False,False,False,True,False,1,41,26,18,66,26,23,28,41,3,53,29,41
959,MC_SC_17_s03L_653,19,4,2,False,False,False,True,False,0,14,23,0,1,71,12,16,27,35,48,30,24
960,MC_SC_17_s03L_654,19,6,3,False,False,False,True,False,0,85,54,6,43,80,77,21,42,88,25,27,14
961,MC_SC_17_s03L_655,19,6,3,False,False,True,False,False,3,28,38,9,41,64,62,41,31,75,34,32,45
962,MC_SC_17_s03L_656,19,6,4,False,False,True,False,False,13,28,7,7,6,1,6,20,35,51,21,6,4
963,MC_SC_17_s03L_657,19,5,3,False,False,True,False,False,0,28,0,8,15,1,5,23,42,85,39,9,7
964,MC_SC_17_s03L_658,19,3,1,False,False,True,False,False,3,79,23,7,8,9,31,20,11,57,43,11,76
966,MC_SC_17_s03L_659,19,5,2,False,False,False,True,False,0,75,9,5,12,75,60,30,22,56,57,42,21
967,MC_SC_17_s03L_660,19,5,3,False,False,False,True,False,0,68,48,3,22,85,5,11,24,40,35,45,39
968,MC_SC_17_s03L_661,19,2,1,False,False,False,True,False,0,7,10,0,0,0,0,3,1,0,1,28,1
969,MC_SC_17_s03L_662,19,7,3,False,False,True,False,False,0,20,65,8,15,3,7,18,31,10,26,3,33
970,MC_SC_17_s03L_663,19,3,2,False,False,False,True,False,0,4,40,0,25,29,9,13,0,22,2,18,17
971,MC_SC_17_s03L_664,19,2,1,False,False,False,True,False,2,23,20,3,0,6,27,20,32,2,7,54,26
973,MC_SC_17_s03L_665,19,6,3,False,False,False,True,False,1,53,60,1,3,0,36,24,39,7,7,44,73
974,MC_SC_17_s03L_666,19,9,7,False,False,False,False,True,21,46,13,4,1,6,90,11,11,85,19,59,10
975,MC_SC_17_s03L_667,19,3,2,False,False,False,True,False,0,3,12,0,0,0,19,14,8,0,7,4,3
976,MC_SC_17_s03L_668,19,6,3,False,False,True,False,False,0,15,41,5,15,9,7,26,53,88,51,7,35
978,MC_SC_17_s03L_669,20,4,1,False,False,True,False,False,1,10,45,1,16,21,1,9,17,0,2,38,14
979,MC_SC_17_s03L_670,20,3,2,False,False,False,True,False,0,11,23,1,1,6,3,7,12,0,12,8,1
981,MC_SC_17_s03L_671,20,4,2,False,False,True,False,False,17,16,12,3,0,18,24,15,17,0,8,4,1
982,MC_SC_17_s03L_672,20,6,3,True,False,True,False,False,143,36,19,8,63,31,32,29,45,7,14,52,51
984,MC_SC_17_s03L_673,20,7,5,False,False,True,False,False,7,88,19,4,9,2,2,36,65,0,10,60,2
989,MC_SC_17_s03L_674,20,6,3,False,False,False,True,False,11,11,13,2,8,72,19,50,10,86,19,65,39
990,MC_SC_17_s03L_675,20,5,2,False,False,True,False,False,0,35,3,22,67,14,0,27,45,135,27,6,10
994,MC_SC_17_s03L_676,20,3,2,False,False,True,False,False,64,16,6,35,6,0,1,29,10,17,8,22,2
997,MC_SC_17_s03L_677,20,2,2,False,False,True,False,False,71,33,2,5,39,9,20,12,0,23,31,34,43
998,MC_SC_17_s03L_678,20,2,1,False,False,False,True,False,2,69,30,54,25,22,45,24,30,41,20,33,54
999,MC_SC_17_s03L_679,20,4,3,False,True,True,False,False,0,46,7,0,6,12,7,5,5,4,9,5,41
1001,MC_SC_17_s03L_680,20,5,3,False,False,False,True,False,0,13,22,0,0,1,7,7,14,39,20,10,15
1002,MC_SC_17_s03L_681,20,5,2,False,False,True,False,False,2,15,17,74,55,3,21,25,0,30,15,21,3
1003,MC_SC_17_s03L_682,20,6,3,False,False,True,False,False,0,35,18,0,2,0,19,8,22,0,8,32,5
1004,MC_SC_17_s03L_683,20,4,2,False,False,True,False,False,0,21,6,0,4,3,8,8,5,0,23,3,38
1005,MC_SC_17_s03L_684,20,5,2,False,False,True,False,False,94,76,35,53,92,5,0,13,5,54,16,18,16
1007,MC_SC_17_s03L_685,20,4,3,False,False,True,False,False,1,108,30,2,13,11,16,5,42,0,6,3,35
1008,MC_SC_17_s03L_686,20,5,4,False,False,True,False,False,1,44,54,1,1,32,24,24,59,46,21,23,11
1009,MC_SC_17_s03L_687,20,6,3,False,False,True,False,False,60,32,11,53,74,5,30,43,36,14,37,35,13
1012,MC_SC_17_s03L_688,20,4,3,False,False,False,True,False,19,20,6,13,17,22,25,26,59,12,28,78,11
1013,MC_SC_17_s03L_689,20,5,3,False,False,False,True,False,0,48,42,20,69,84,43,29,56,75,76,36,61
1014,MC_SC_17_s03L_690,20,5,3,False,False,True,False,False,124,79,19,87,87,7,66,32,72,8,49,60,23
1015,MC_SC_17_s03L_691,20,5,2,False,False,False,True,False,0,64,22,21,19,11,26,7,29,51,21,28,47
1020,MC_SC_17_s03L_692,20,5,3,False,False,True,False,False,49,36,25,13,52,8,5,22,25,1,32,12,18
1021,MC_SC_17_s03L_693,20,4,2,False,False,False,True,False,0,33,36,0,0,15,4,19,13,41,12,48,31
1025,MC_SC_17_s03L_694,20,5,3,False,False,False,True,False,1,51,90,2,2,1,37,25,43,20,16,28,67
1026,MC_SC_17_s03L_695,20,4,3,False,False,False,True,True,0,2,12,0,0,0,1,7,6,0,10,0,0
1028,MC_SC_17_s03L_696,20,6,3,False,False,False,False,True,116,16,16,12,8,31,38,37,50,176,12,29,53
1030,MC_SC_17_s03L_697,20,5,2,False,False,True,False,False,0,35,64,6,25,14,25,48,50,82,56,17,34
1031,MC_SC_17_s03L_698,20,5,3,False,False,True,False,False,0,36,100,31,140,72,91,37,43,167,68,5,33
1032,MC_SC_17_s03L_699,20,6,4,False,False,False,False,True,273,50,0,3,106,54,69,41,50,12,29,202,76
1037,MC_SC_17_s03L_700,21,7,4,False,False,True,False,False,1,37,8,31,48,12,2,27,55,61,34,31,4
1038,MC_SC_17_s03L_701,21,5,3,False,False,False,False,True,74,30,15,3,35,5,4,8,2,0,1,58,8
1040,MC_SC_17_s03L_702,21,5,3,False,False,True,False,False,5,39,1,8,4,0,1,24,25,0,5,51,2
1041,MC_SC_17_s03L_703,21,4,3,False,False,False,True,False,1,31,18,32,48,10,30,11,17,9,19,48,35
1043,MC_SC_17_s03L_704,21,6,4,False,False,True,False,False,1,27,1,36,47,7,35,2,3,10,14,3,9
1044,MC_SC_17_s03L_705,21,3,2,False,False,True,False,False,27,34,34,2,27,65,63,27,40,40,34,29,32
1045,MC_SC_17_s03L_706,21,3,2,False,False,True,False,False,58,7,19,4,27,34,24,11,20,17,50,17,26
1046,MC_SC_17_s03L_707,21,3,2,False,False,True,False,False,80,7,37,4,20,52,20,32,19,25,16,46,29
1047,MC_SC_17_s03L_708,21,3,2,False,False,False,True,False,8,31,16,34,47,10,37,18,28,37,20,29,38
1048,MC_SC_17_s03L_709,21,3,1,False,False,True,False,False,80,22,5,2,8,5,22,14,2,17,17,12,25
1049,MC_SC_17_s03L_710,21,4,2,False,False,True,False,False,6,20,25,44,27,7,23,32,21,27,25,6,0
1051,MC_SC_17_s03L_711,21,5,2,False,False,True,False,False,2,30,13,5,3,3,4,19,26,20,3,33,0
1052,MC_SC_17_s03L_712,21,6,4,False,False,True,False,False,1,59,36,0,4,3,11,6,31,36,8,0,63
1054,MC_SC_17_s03L_713,21,6,3,False,False,False,True,False,0,178,20,3,6,57,6,15,9,94,40,1,7
1056,MC_SC_17_s03L_714,21,8,4,False,False,False,True,False,4,33,14,41,31,10,33,20,11,49,35,31,42
1057,MC_SC_17_s03L_715,21,6,4,False,False,True,False,False,144,99,29,57,96,14,2,30,4,92,54,12,25
1058,MC_SC_17_s03L_716,21,3,2,False,False,True,False,False,0,25,4,0,1,36,6,2,12,0,5,19,1
1060,MC_SC_17_s03L_717,21,5,3,False,False,True,False,False,1,61,49,42,48,21,1,12,58,115,72,4,35
1062,MC_SC_17_s03L_718,21,4,3,False,False,True,False,False,0,36,8,58,64,28,26,9,1,8,37,25,46
1063,MC_SC_17_s03L_719,21,3,2,False,False,True,False,False,34,12,1,0,16,7,9,9,12,3,5,3,17
1064,MC_SC_17_s03L_720,21,6,3,False,False,False,True,False,0,16,5,1,31,0,0,11,1,9,8,4,12
1065,MC_SC_17_s03L_721,21,4,2,False,False,False,True,False,2,38,13,18,13,7,26,19,24,4,10,39,17
1066,MC_SC_17_s03L_722,21,4,3,False,False,True,False,False,2,12,6,38,41,8,16,16,0,58,21,25,2
1067,MC_SC_17_s03L_723,21,8,4,False,False,False,True,False,0,101,13,16,1,69,3,13,44,138,28,1,2
1068,MC_SC_17_s03L_724,21,5,3,False,False,False,True,False,3,60,48,33,12,9,35,19,31,1,3,47,55
1069,MC_SC_17_s03L_725,21,8,3,False,False,True,False,False,0,83,49,11,62,10,87,34,81,94,86,60,18
1070,MC_SC_17_s03L_726,21,7,4,False,False,True,False,False,0,33,14,31,95,16,19,45,36,113,31,12,6
1071,MC_SC_17_s03L_727,21,6,3,False,False,True,False,False,0,40,23,17,2,3,10,15,33,18,16,20,35
1072,MC_SC_17_s03L_728,21,4,2,False,False,True,False,False,77,44,16,15,26,15,3,44,25,49,32,9,42
1073,MC_SC_17_s03L_729,21,4,2,False,False,True,False,False,94,38,25,20,35,4,2,7,6,30,25,21,21
1074,MC_SC_17_s03L_730,21,7,4,False,False,True,False,False,78,34,30,67,37,6,32,14,0,1,18,51,38
1075,MC_SC_17_s03L_731,21,4,2,False,False,False,True,False,0,11,52,2,26,12,36,9,2,57,5,48,26
1076,MC_SC_17_s03L_732,21,7,3,False,False,True,False,False,107,46,24,10,26,8,3,15,8,22,17,25,13
1077,MC_SC_17_s03L_733,21,7,4,False,False,True,False,False,0,39,68,10,45,7,25,15,46,24,6,16,4
1078,MC_SC_17_s03L_734,21,4,2,False,False,True,False,False,66,23,7,3,7,1,7,13,2,4,10,13,17
1079,MC_SC_17_s03L_735,21,5,3,False,False,False,True,False,0,7,32,4,1,18,7,13,22,2,13,61,1
1081,MC_SC_17_s03L_736,21,4,2,False,False,False,True,False,0,5,37,28,0,0,14,6,13,0,1,15,0
1083,MC_SC_17_s03L_737,21,6,2,False,False,False,True,False,0,31,10,0,0,2,0,6,5,13,2,19,5
1084,MC_SC_17_s03L_738,21,3,2,False,False,False,True,False,0,8,13,0,0,0,4,3,17,4,9,1,0
1085,MC_SC_17_s03L_739,21,8,4,False,False,False,False,True,0,82,11,1,0,19,98,13,1,160,38,26,6
1086,MC_SC_17_s03L_740,21,7,5,False,False,True,False,False,2,24,15,0,3,2,0,6,29,0,1,0,31
1087,MC_SC_17_s03L_741,21,6,4,False,False,False,False,True,40,47,5,0,1,13,14,19,9,0,12,29,25
1088,MC_SC_17_s03L_742,21,6,3,False,False,False,False,True,110,61,28,5,4,12,15,9,3,29,22,27,45
1089,MC_SC_17_s03L_743,21,6,3,False,False,False,True,False,0,1,77,3,4,30,41,19,45,20,1,96,29
1090,MC_SC_17_s03L_744,22,2,1,False,False,False,True,False,0,2,21,3,2,4,12,7,0,0,4,31,18
1091,MC_SC_17_s03L_745,22,5,2,False,False,True,False,False,1,16,18,0,11,27,3,7,12,0,9,21,7
1092,MC_SC_17_s03L_746,22,5,2,False,False,True,False,False,3,70,3,50,53,6,26,7,0,0,7,0,5
1093,MC_SC_17_s03L_747,22,3,2,False,False,False,True,False,0,8,44,0,0,2,23,12,11,0,3,32,21
1097,MC_SC_17_s03L_748,22,5,2,False,False,True,False,False,0,23,13,2,1,1,3,14,37,0,3,43,1
1100,MC_SC_17_s03L_749,22,3,2,False,False,True,False,False,133,5,0,1,13,0,13,11,1,2,22,16,45
1102,MC_SC_17_s03L_750,22,6,2,False,False,True,False,False,1,57,25,6,2,0,4,39,52,42,26,53,7
1106,MC_SC_17_s03L_751,22,6,2,False,False,True,False,False,102,22,10,3,33,7,2,41,0,18,19,25,38
1107,MC_SC_17_s03L_752,22,3,2,False,False,True,False,False,144,14,73,4,76,36,34,38,41,35,45,19,46
1108,MC_SC_17_s03L_753,22,4,2,False,False,True,False,False,108,41,5,1,14,7,30,24,0,27,44,47,43
1109,MC_SC_17_s03L_754,22,3,2,False,False,True,False,False,38,31,6,2,34,10,7,8,25,0,27,16,1
1110,MC_SC_17_s03L_755,22,5,4,False,True,True,False,False,1,6,78,1,41,63,1,1,22,16,12,25,6
1112,MC_SC_17_s03L_756,22,4,2,False,False,True,False,False,135,99,34,92,102,22,22,38,28,78,46,28,33
1113,MC_SC_17_s03L_757,22,7,4,False,False,False,True,False,0,186,25,8,9,84,37,20,44,173,87,12,17
1114,MC_SC_17_s03L_758,22,5,3,False,False,True,False,False,0,71,70,22,25,11,9,19,20,62,24,4,21
1115,MC_SC_17_s03L_759,22,7,4,False,False,True,False,False,2,48,12,59,54,32,58,19,2,90,41,21,39
1117,MC_SC_17_s03L_760,22,5,3,False,False,True,False,False,84,39,19,2,28,23,4,15,18,2,33,22,32
1119,MC_SC_17_s03L_761,22,5,3,False,False,True,False,False,1,100,32,2,14,0,10,23,64,8,13,16,0
1120,MC_SC_17_s03L_762,22,5,3,False,False,False,True,False,1,43,62,2,2,14,1,10,1,6,25,15,8
1121,MC_SC_17_s03L_763,22,4,2,False,False,True,False,False,5,29,18,44,38,7,16,10,2,2,30,13,1
1122,MC_SC_17_s03L_764,22,3,2,False,False,True,False,False,0,13,2,26,41,0,15,16,1,0,7,35,0
1124,MC_SC_17_s03L_765,22,7,4,False,False,False,True,False,0,124,24,14,8,42,3,22,12,141,34,5,11
1127,MC_SC_17_s03L_766,22,5,3,True,False,True,False,False,91,46,14,52,68,11,33,27,29,23,35,32,13
1129,MC_SC_17_s03L_767,22,4,2,False,False,True,False,False,0,41,24,12,19,4,2,31,28,38,21,44,0
1130,MC_SC_17_s03L_768,22,5,3,False,True,True,False,False,0,19,7,74,94,13,24,32,7,31,29,17,0
1132,MC_SC_17_s03L_769,22,4,2,False,False,True,False,False,129,67,29,122,101,11,18,19,1,0,14,41,45
1133,MC_SC_17_s03L_770,22,2,1,False,False,False,True,False,0,25,7,1,0,0,6,14,10,2,15,0,0
1135,MC_SC_17_s03L_771,22,8,5,False,False,False,True,False,0,22,15,4,1,2,11,11,15,0,7,27,9
1137,MC_SC_17_s03L_772,22,7,4,False,False,False,True,False,4,28,4,29,11,9,12,9,5,1,15,35,35
1138,MC_SC_17_s03L_773,22,6,3,False,False,False,True,False,0,15,37,2,20,24,27,5,1,15,18,30,38
1140,MC_SC_17_s03L_774,22,6,3,False,False,False,True,False,0,101,101,0,33,10,10,11,75,128,48,22,39
1142,MC_SC_17_s03L_775,22,5,3,False,False,False,True,False,0,33,52,9,7,6,30,18,35,0,7,12,16
1145,MC_SC_17_s03L_776,23,9,4,False,False,False,True,False,1,31,53,11,44,32,30,15,0,28,4,15,4
1148,MC_SC_17_s03L_777,23,2,1,False,False,True,False,False,0,3,31,0,1,11,1,4,1,0,0,5,2
1155,MC_SC_17_s03L_778,23,9,6,False,False,True,False,False,95,61,32,9,53,62,29,58,66,160,81,37,37
1159,MC_SC_17_s03L_779,23,4,2,False,False,False,True,True,0,13,9,2,14,0,0,7,2,6,2,18,29
1161,MC_SC_17_s03L_780,23,5,3,False,False,True,False,False,0,25,5,34,0,11,1,18,26,2,2,41,0
1166,MC_SC_17_s03L_781,23,7,4,False,False,False,True,False,1,25,25,8,7,13,13,17,25,186,41,8,40
1167,MC_SC_17_s03L_782,23,5,3,False,False,True,False,False,4,41,1,59,67,9,65,8,1,51,25,12,20
1172,MC_SC_17_s03L_783,23,5,3,False,False,True,True,False,2,81,45,89,108,48,24,28,57,93,42,27,21
1173,MC_SC_17_s03L_784,23,5,3,False,False,False,True,False,2,19,53,8,6,16,7,10,27,141,46,13,29
1174,MC_SC_17_s03L_785,23,7,5,False,False,False,True,False,4,147,16,5,7,90,54,16,56,130,44,9,14
1175,MC_SC_17_s03L_786,23,6,4,False,False,True,False,False,78,19,16,7,20,7,45,12,2,27,15,7,9
1176,MC_SC_17_s03L_787,23,7,4,False,False,True,False,False,129,53,34,33,63,18,14,23,12,86,58,18,19
1177,MC_SC_17_s03L_788,23,4,2,False,False,True,False,False,99,25,25,1,60,23,42,23,38,16,42,24,23
1178,MC_SC_17_s03L_789,23,6,3,False,False,True,False,False,2,61,47,1,3,21,13,23,20,44,40,10,2
1181,MC_SC_17_s03L_790,23,4,3,False,False,False,True,False,2,60,62,44,78,31,23,18,28,0,38,35,54
1183,MC_SC_17_s03L_791,23,5,3,False,False,True,False,False,0,140,20,3,5,0,6,31,72,0,20,24,6
1184,MC_SC_17_s03L_792,23,3,2,False,False,True,False,False,0,27,26,19,12,4,9,9,40,9,9,2,22
1186,MC_SC_17_s03L_793,23,6,4,False,False,False,True,False,0,23,45,5,4,7,10,13,27,3,33,8,17
1187,MC_SC_17_s03L_794,23,5,3,False,False,False,True,False,0,3,26,1,6,6,7,6,10,15,6,7,8
1188,MC_SC_17_s03L_795,23,7,3,False,False,False,True,False,0,148,18,1,3,67,19,8,45,34,28,0,1
1189,MC_SC_17_s03L_796,23,3,2,False,False,True,False,False,52,39,6,35,32,0,7,17,1,4,4,26,25
1192,MC_SC_17_s03L_797,23,5,3,False,False,False,True,False,0,14,11,0,0,40,13,16,17,9,16,45,15
1196,MC_SC_17_s03L_798,23,3,2,False,False,False,True,False,0,28,1,4,3,3,26,17,15,8,8,34,33
1198,MC_SC_17_s03L_799,23,5,2,False,False,True,False,False,60,35,8,12,24,1,2,8,5,8,34,20,17
1200,MC_SC_17_s03L_800,23,3,2,True,False,False,True,False,1,9,8,3,6,1,1,21,0,3,4,7,1
1201,MC_SC_17_s03L_801,23,6,3,False,False,True,False,False,89,18,2,41,14,1,2,18,1,25,15,7,30
1203,MC_SC_17_s03L_802,23,4,2,False,False,False,True,False,0,40,17,2,11,3,11,9,0,21,27,24,20
1204,MC_SC_17_s03L_803,23,6,3,False,False,False,True,False,1,41,2,0,5,13,19,7,25,0,6,28,17
1205,MC_SC_17_s03L_804,23,11,3,True,False,False,True,False,1,32,51,3,108,19,3,14,32,91,40,31,0
1208,MC_SC_17_s03L_805,23,3,1,False,False,False,True,False,0,10,15,0,2,17,16,9,0,4,4,11,5
1209,MC_SC_17_s03L_806,23,8,5,False,False,False,True,False,0,45,107,0,173,29,76,73,100,138,98,34,0
1212,MC_SC_17_s03L_807,24,3,2,False,False,True,False,False,15,24,28,1,10,55,57,17,41,4,33,29,32
1217,MC_SC_17_s03L_808,24,5,3,False,False,True,False,False,24,4,11,7,15,12,10,13,29,0,19,13,6
1218,MC_SC_17_s03L_809,24,7,3,False,False,False,True,False,0,25,59,4,3,4,1,3,17,117,41,12,22
1219,MC_SC_17_s03L_810,24,7,4,False,False,True,False,False,0,20,26,14,94,2,18,26,27,83,30,12,4
1220,MC_SC_17_s03L_811,24,5,3,False,False,False,True,False,7,6,1,2,3,14,11,7,43,29,17,72,10
1223,MC_SC_17_s03L_812,24,4,3,False,False,True,False,False,73,32,23,12,19,6,7,8,16,20,19,37,48
1225,MC_SC_17_s03L_813,24,4,3,False,False,True,False,False,68,35,21,4,23,1,12,9,29,22,21,33,33
1226,MC_SC_17_s03L_814,24,5,2,False,False,False,True,False,0,189,20,2,3,94,28,17,50,65,39,5,6
1227,MC_SC_17_s03L_815,24,4,3,False,False,True,False,False,0,50,11,0,5,0,5,12,25,2,1,33,0
1229,MC_SC_17_s03L_816,24,4,2,False,False,True,False,False,75,48,11,50,51,4,21,15,21,24,17,3,12
1233,MC_SC_17_s03L_817,24,6,3,False,False,False,True,False,0,12,16,10,24,0,0,14,2,29,16,34,24
1234,MC_SC_17_s03L_818,24,4,2,False,False,True,False,False,66,22,23,3,32,3,25,30,21,55,24,9,24
1235,MC_SC_17_s03L_819,24,4,3,False,True,True,False,False,59,22,7,57,67,3,46,23,33,2,50,33,17
1236,MC_SC_17_s03L_820,24,3,2,False,False,True,False,False,95,37,22,49,20,5,1,20,1,37,20,4,39
1238,MC_SC_17_s03L_821,24,6,3,False,False,False,True,False,0,110,71,5,29,28,90,19,58,0,56,56,76
1240,MC_SC_17_s03L_822,24,9,5,False,False,False,False,True,15,107,16,2,0,27,113,10,15,259,63,35,10
1241,MC_SC_17_s03L_823,24,10,4,False,False,False,True,False,0,92,70,8,5,52,2,24,6,60,44,21,23
1242,MC_SC_17_s03L_824,24,4,3,False,False,False,False,True,171,55,122,2,85,74,40,4,32,0,0,167,64
1243,MC_SC_17_s03L_825,24,5,2,False,False,False,True,False,0,44,40,1,5,11,16,14,24,40,11,6,15
1246,MC_SC_17_s03L_826,24,5,3,False,False,False,True,False,0,33,45,4,7,5,44,9,28,0,7,12,19
1248,MC_SC_17_s03L_827,24,6,3,False,False,False,True,False,0,33,71,4,11,20,77,29,40,81,32,33,60
1252,MC_SC_17_s03L_828,25,5,3,False,False,True,False,False,66,22,7,1,19,3,19,24,1,14,11,18,29
1254,MC_SC_17_s03L_829,25,4,3,False,False,True,False,False,0,26,16,0,2,2,16,11,13,0,13,10,24
1258,MC_SC_17_s03L_830,25,7,5,False,False,True,False,False,0,24,22,1,3,1,7,8,8,0,10,3,1
1261,MC_SC_17_s03L_831,25,5,2,False,True,True,False,False,0,10,2,0,2,0,6,11,4,5,11,2,24
1263,MC_SC_17_s03L_832,25,5,2,False,True,True,False,False,0,57,9,7,6,1,10,39,68,49,18,75,1
1267,MC_SC_17_s03L_833,25,7,3,False,False,True,False,False,1,37,32,1,0,4,3,24,33,2,15,67,3
1268,MC_SC_17_s03L_834,25,3,2,False,False,True,False,False,72,21,14,22,26,4,27,16,22,36,44,40,17
1269,MC_SC_17_s03L_835,25,7,4,False,False,True,False,False,278,135,77,96,189,75,100,54,36,269,178,48,59
1271,MC_SC_17_s03L_836,25,3,2,False,False,True,True,False,1,25,10,28,12,3,14,10,15,6,8,13,31
1274,MC_SC_17_s03L_837,25,3,2,False,False,True,False,False,52,5,12,4,4,54,52,24,25,11,1,27,9
1276,MC_SC_17_s03L_838,25,5,3,False,False,True,False,False,0,28,9,0,0,3,15,6,12,8,17,0,25
1277,MC_SC_17_s03L_839,25,6,4,False,True,True,False,False,95,60,28,5,40,17,0,45,0,21,18,18,33
1283,MC_SC_17_s03L_840,25,10,6,False,False,True,False,False,4,33,78,0,46,22,43,15,35,15,22,23,14
1287,MC_SC_17_s03L_841,25,4,3,False,False,True,False,False,142,19,14,1,54,7,31,31,29,34,21,26,46
1288,MC_SC_17_s03L_842,25,3,2,False,False,True,False,False,64,15,16,3,11,6,3,9,7,21,25,3,22
1289,MC_SC_17_s03L_843,25,1,1,False,False,True,False,False,2,12,3,38,6,5,15,22,17,0,6,10,28
1290,MC_SC_17_s03L_844,25,6,4,False,False,True,False,False,0,48,11,6,0,1,5,9,30,29,28,5,30
1291,MC_SC_17_s03L_845,25,4,3,False,False,True,False,False,121,48,46,13,16,24,2,25,16,88,33,6,22
1292,MC_SC_17_s03L_846,25,8,3,False,False,True,False,False,58,44,13,14,32,4,1,25,8,44,20,7,19
1293,MC_SC_17_s03L_847,25,4,3,False,False,False,True,False,0,53,21,1,1,36,9,7,53,26,19,41,87
1294,MC_SC_17_s03L_848,25,9,3,False,False,False,True,False,1,158,0,13,1,90,7,17,44,181,18,1,1
1297,MC_SC_17_s03L_849,25,6,4,False,False,True,False,False,0,79,58,3,11,2,59,22,49,44,56,24,6
1298,MC_SC_17_s03L_850,25,6,4,False,False,False,True,False,0,28,48,5,33,47,5,24,37,0,65,35,1
1299,MC_SC_17_s03L_851,25,6,3,False,True,False,True,False,0,34,20,2,1,12,6,12,42,6,9,40,31
1300,MC_SC_17_s03L_852,25,4,2,False,False,False,True,False,0,12,27,7,32,26,25,10,0,3,3,46,19
1301,MC_SC_17_s03L_853,25,5,3,False,False,False,True,False,0,27,56,2,19,41,21,6,38,13,26,102,17
1303,MC_SC_17_s03L_854,25,3,2,False,False,True,False,False,0,18,39,23,21,9,25,23,19,5,12,14,4
1304,MC_SC_17_s03L_855,25,6,4,False,False,False,False,True,179,47,0,11,53,42,18,25,46,132,17,29,67
1305,MC_SC_17_s03L_856,25,8,4,False,False,False,False,True,28,64,7,4,5,9,3,9,27,145,57,28,33
1309,MC_SC_17_s03L_857,26,4,2,False,False,False,True,False,1,2,3,1,0,0,0,5,0,0,1,0,0
1311,MC_SC_17_s03L_858,26,7,5,False,False,True,False,False,0,52,34,0,1,0,4,20,49,7,9,24,4
1312,MC_SC_17_s03L_859,26,7,3,False,False,True,False,False,0,59,11,0,1,0,2,13,19,0,9,20,0
1315,MC_SC_17_s03L_860,26,7,2,False,False,True,False,False,0,10,12,1,58,10,28,10,18,2,9,2,5
1318,MC_SC_17_s03L_861,26,6,3,False,False,True,False,False,1,63,10,1,6,0,2,19,36,31,18,38,3
1320,MC_SC_17_s03L_862,26,5,2,False,False,False,True,False,2,26,55,9,9,19,5,11,25,158,30,5,40
1322,MC_SC_17_s03L_863,26,8,3,False,False,True,False,False,7,163,23,2,11,0,17,50,96,57,20,83,13
1330,MC_SC_17_s03L_864,26,3,2,False,True,True,False,False,104,64,19,4,49,10,6,47,5,47,30,30,45
1332,MC_SC_17_s03L_865,26,5,2,False,False,True,False,False,1,161,15,1,8,1,7,37,64,44,27,29,1
1335,MC_SC_17_s03L_866,26,8,4,False,False,True,False,False,71,69,36,21,27,11,16,20,15,15,47,30,11
1336,MC_SC_17_s03L_867,26,7,4,False,False,True,False,False,117,74,53,41,71,26,18,18,21,104,32,32,6
1337,MC_SC_17_s03L_868,26,6,3,False,False,False,True,False,0,59,9,0,4,42,25,6,14,1,27,21,12
1338,MC_SC_17_s03L_869,26,4,2,False,False,True,False,False,93,37,37,6,17,10,13,21,24,4,11,22,27
1339,MC_SC_17_s03L_870,26,5,3,False,False,False,True,False,0,15,12,0,14,0,0,3,1,0,13,26,25
1340,MC_SC_17_s03L_871,26,8,3,False,False,False,True,False,0,155,14,0,1,94,23,25,74,0,30,9,8
1341,MC_SC_17_s03L_872,26,2,1,False,False,True,False,False,76,24,13,2,30,4,5,17,16,0,5,31,15
1343,MC_SC_17_s03L_873,26,1,1,False,False,False,True,False,3,14,5,33,14,4,7,3,8,0,8,11,15
1345,MC_SC_17_s03L_874,26,6,3,False,False,True,False,False,0,60,23,31,105,23,1,11,55,0,30,5,5
1346,MC_SC_17_s03L_875,26,4,3,False,False,False,True,False,0,19,9,33,20,4,22,13,14,10,15,18,25
1348,MC_SC_17_s03L_876,26,6,3,False,False,False,True,False,0,11,4,0,1,30,19,11,16,23,29,12,10
1349,MC_SC_17_s03L_877,26,5,3,False,False,False,True,False,0,18,60,2,35,29,40,32,37,74,23,20,28
1350,MC_SC_17_s03L_878,26,4,3,False,False,True,False,False,1,10,11,46,23,0,27,26,3,5,22,26,1
1351,MC_SC_17_s03L_879,26,7,4,False,False,False,True,False,0,29,43,1,35,37,17,12,17,35,18,39,28
1352,MC_SC_17_s03L_880,26,5,3,False,False,False,True,False,0,24,10,2,0,23,9,15,29,26,11,15,15
1355,MC_SC_17_s03L_881,26,4,3,False,False,True,False,False,0,16,23,19,96,10,10,16,34,2,10,2,2
1356,MC_SC_17_s03L_882,26,4,3,False,False,True,False,False,0,20,2,0,0,1,8,10,9,1,6,4,23
1357,MC_SC_17_s03L_883,26,7,4,False,False,False,True,False,0,32,24,3,5,12,27,11,1,40,22,5,27
1358,MC_SC_17_s03L_884,26,5,4,False,False,False,True,False,0,42,6,26,6,3,7,11,14,10,8,21,22
1359,MC_SC_17_s03L_885,26,4,2,False,False,True,False,False,53,43,20,6,15,1,15,26,2,5,22,21,25
1361,MC_SC_17_s03L_886,26,9,4,False,False,True,False,False,1,51,88,16,7,13,0,33,36,5,42,15,76
1363,MC_SC_17_s03L_887,26,6,3,False,False,False,True,False,0,7,30,1,0,11,0,21,10,24,16,12,11
1364,MC_SC_17_s03L_888,26,9,6,False,False,False,True,False,5,130,23,19,1,106,20,20,50,142,63,8,13
1366,MC_SC_17_s03L_889,26,5,3,False,False,False,True,False,1,19,7,13,3,5,11,6,9,6,8,33,33
1369,MC_SC_17_s03L_890,26,6,3,False,False,True,False,False,0,24,5,2,6,6,8,9,12,15,12,4,4
1370,MC_SC_17_s03L_891,26,5,2,False,False,False,True,False,0,36,26,11,0,10,7,8,20,0,6,15,21
1371,MC_SC_17_s03L_892,26,4,2,False,False,False,True,False,0,56,28,3,9,5,12,16,28,2,13,31,25
1372,MC_SC_17_s03L_893,26,6,4,False,False,False,True,False,5,75,11,26,2,11,19,9,17,0,17,23,41
1373,MC_SC_17_s03L_894,26,4,2,False,False,True,False,False,39,39,47,0,38,40,2,17,27,0,35,30,7
1375,MC_SC_17_s03L_895,26,4,2,False,False,False,False,True,123,82,12,7,15,45,14,25,48,250,20,23,24
1376,MC_SC_17_s03L_896,26,7,5,False,False,False,False,True,57,54,10,5,0,21,4,27,20,151,17,48,38
1377,MC_SC_17_s03L_897,26,5,3,False,False,False,True,False,0,39,97,2,6,23,73,32,46,110,47,24,39
1378,MC_SC_17_s03L_898,26,7,4,False,False,False,True,False,0,7,38,0,0,15,11,6,1,2,14,2,30
1379,MC_SC_17_s03L_899,27,4,2,False,False,False,True,False,7,4,7,0,1,3,6,4,0,0,0,16,3
1388,MC_SC_17_s03L_900,27,8,4,False,False,False,True,False,0,12,45,12,19,6,6,25,31,16,31,5,35
1389,MC_SC_17_s03L_901,27,5,2,False,False,True,False,False,77,30,10,9,21,1,20,50,34,13,17,37,23
1390,MC_SC_17_s03L_902,27,4,3,False,False,True,False,False,133,29,18,6,117,28,69,19,25,51,49,22,11
1391,MC_SC_17_s03L_903,27,5,4,False,False,False,True,False,0,66,37,0,16,58,30,19,22,11,28,25,10
1392,MC_SC_17_s03L_904,27,5,3,False,False,False,True,False,0,34,24,1,13,26,31,4,15,14,8,2,20
1393,MC_SC_17_s03L_905,27,5,3,False,False,True,False,False,3,48,1,0,4,35,2,16,52,5,11,61,1
1394,MC_SC_17_s03L_906,27,6,4,False,False,False,True,False,5,97,7,1,10,56,34,17,40,2,18,14,3
1401,MC_SC_17_s03L_907,27,3,2,False,False,True,False,False,1,32,10,2,3,9,19,22,0,76,23,4,41
1402,MC_SC_17_s03L_908,27,5,2,False,False,False,True,False,1,69,9,1,0,5,30,38,38,39,17,27,34
1405,MC_SC_17_s03L_909,27,7,4,False,False,True,False,False,62,38,8,40,70,14,46,36,32,58,47,30,15
1406,MC_SC_17_s03L_910,27,6,2,False,False,False,True,False,1,23,0,2,0,0,22,19,27,1,20,44,20
1409,MC_SC_17_s03L_911,27,4,2,False,False,False,True,False,0,24,30,1,8,9,23,23,2,11,15,16,15
1411,MC_SC_17_s03L_912,27,5,3,False,False,False,True,False,0,36,5,28,1,7,28,9,28,0,17,39,24
1412,MC_SC_17_s03L_913,27,8,4,False,False,False,True,False,0,46,28,8,3,3,25,2,25,0,10,27,19
1417,MC_SC_17_s03L_914,28,4,2,False,False,False,True,False,0,0,4,0,0,6,0,2,15,0,6,22,1
1419,MC_SC_17_s03L_915,28,5,3,False,False,True,False,False,1,67,24,1,6,1,4,25,38,0,21,73,2
1421,MC_SC_17_s03L_916,28,6,4,False,True,True,False,False,7,30,37,3,7,16,21,20,43,3,34,30,8
1422,MC_SC_17_s03L_917,28,5,2,False,False,True,False,False,0,33,39,0,7,0,21,7,46,0,24,31,1
1425,MC_SC_17_s03L_918,28,4,2,False,False,True,False,False,2,82,83,2,17,20,14,27,56,69,62,46,7
1426,MC_SC_17_s03L_919,28,5,3,False,False,True,False,False,11,132,29,13,19,4,15,50,90,79,28,94,10
1428,MC_SC_17_s03L_920,28,3,2,False,False,False,True,False,1,42,1,6,7,0,5,52,0,36,29,33,1
1431,MC_SC_17_s03L_921,28,3,2,False,False,True,False,False,4,101,46,2,8,12,39,41,43,95,49,34,2
1434,MC_SC_17_s03L_922,28,6,3,False,False,True,False,False,3,44,15,3,11,11,19,21,24,51,15,3,55
1437,MC_SC_17_s03L_923,28,5,3,False,False,True,False,False,13,35,8,53,42,21,19,13,0,11,28,7,4
1440,MC_SC_17_s03L_924,28,6,3,False,False,True,False,False,1,15,13,38,46,2,21,22,1,3,29,20,2
1441,MC_SC_17_s03L_925,28,5,4,False,False,True,False,False,0,55,92,11,13,6,5,48,40,30,32,8,55
1442,MC_SC_17_s03L_926,28,3,1,False,False,True,False,False,41,21,5,1,34,0,15,10,5,0,8,9,3
1445,MC_SC_17_s03L_927,28,5,3,False,False,False,True,False,0,36,18,2,2,47,16,15,26,4,10,14,19
1446,MC_SC_17_s03L_928,28,5,2,False,False,True,False,False,1,81,6,61,69,15,54,10,5,72,18,10,11
1450,MC_SC_17_s03L_929,28,8,5,False,False,False,True,False,0,141,16,2,2,104,11,24,58,195,45,15,15
1454,MC_SC_17_s03L_930,28,4,3,False,False,False,True,False,0,48,45,4,35,61,24,31,23,0,14,41,39
1455,MC_SC_17_s03L_931,28,7,4,False,False,False,True,False,0,90,3,7,2,99,22,23,41,41,45,6,13
1456,MC_SC_17_s03L_932,28,4,2,False,False,False,True,False,0,29,35,1,13,32,40,17,34,52,27,33,22
1457,MC_SC_17_s03L_933,28,9,4,False,False,False,True,False,2,93,92,11,18,7,66,61,57,141,34,14,53
1461,MC_SC_17_s03L_934,28,4,3,False,False,True,False,False,85,11,1,35,9,5,1,11,2,17,17,0,38
1462,MC_SC_17_s03L_935,28,6,3,False,False,False,True,False,0,18,11,4,3,2,28,37,40,11,10,37,33
1463,MC_SC_17_s03L_936,28,5,3,False,False,False,True,False,0,5,7,3,3,17,5,16,26,0,15,76,6
1464,MC_SC_17_s03L_937,28,7,3,False,False,True,False,False,60,44,6,15,7,4,1,4,0,21,16,0,13
1465,MC_SC_17_s03L_938,28,6,3,False,False,False,True,False,0,30,31,3,1,4,17,1,6,5,10,21,17
1467,MC_SC_17_s03L_939,28,4,2,False,False,True,False,False,100,35,25,17,48,35,4,13,26,24,21,6,14
1469,MC_SC_17_s03L_940,28,12,6,False,False,False,True,False,0,35,112,1,182,33,2,20,105,181,133,12,19
1476,MC_SC_17_s03L_941,28,7,4,False,False,False,False,True,147,212,216,10,11,66,70,78,7,594,146,86,41
1477,MC_SC_17_s03L_942,28,8,3,False,False,False,True,False,1,43,40,3,2,13,35,13,24,6,22,14,19
1478,MC_SC_17_s03L_943,28,5,3,False,False,False,False,True,100,81,1,10,40,13,6,21,54,143,19,50,44
1483,MC_SC_17_s03L_944,29,4,2,False,False,False,True,False,1,11,0,0,1,0,0,3,0,0,0,6,0
1487,MC_SC_17_s03L_945,29,4,3,False,False,True,False,False,0,44,11,0,0,0,2,29,47,0,18,63,7
1492,MC_SC_17_s03L_946,29,7,6,False,False,True,False,False,0,7,16,6,29,17,5,10,26,6,15,3,1
1494,MC_SC_17_s03L_947,29,5,2,False,False,True,False,False,0,50,10,8,14,10,11,10,16,5,24,7,9
1495,MC_SC_17_s03L_948,29,5,3,False,False,True,False,False,3,14,9,1,32,3,17,6,15,0,21,17,0
1496,MC_SC_17_s03L_949,29,10,4,False,False,False,True,False,0,74,36,0,48,0,6,4,45,30,26,5,18
1498,MC_SC_17_s03L_950,29,5,2,False,False,False,True,False,0,19,28,2,7,10,9,6,18,12,4,8,13
1499,MC_SC_17_s03L_951,29,6,3,False,False,True,False,False,0,71,20,2,61,10,5,6,45,0,7,0,0
1501,MC_SC_17_s03L_952,29,7,4,False,False,True,False,False,0,28,78,31,6,12,45,18,1,7,14,39,3
1502,MC_SC_17_s03L_953,29,8,3,False,False,False,True,False,0,18,15,0,14,0,0,2,14,0,25,5,5
1503,MC_SC_17_s03L_954,29,6,4,False,False,True,False,False,1,18,21,60,41,12,40,19,2,58,24,12,3
1505,MC_SC_17_s03L_955,29,7,4,False,False,True,False,False,0,35,8,1,1,2,7,6,35,6,15,5,31
1506,MC_SC_17_s03L_956,29,4,2,False,False,False,True,False,0,16,35,0,5,3,3,13,11,4,0,15,1
1507,MC_SC_17_s03L_957,29,6,3,False,False,True,False,False,35,25,20,9,25,26,23,20,11,53,26,42,9
1509,MC_SC_17_s03L_958,29,5,3,False,False,True,False,False,126,59,26,23,81,11,2,34,13,176,72,13,43
1510,MC_SC_17_s03L_959,29,5,4,False,False,True,False,False,0,38,45,4,8,7,31,20,42,0,26,24,2
1511,MC_SC_17_s03L_960,29,6,3,False,False,False,True,False,0,50,18,4,48,38,4,14,30,32,20,24,39
1514,MC_SC_17_s03L_961,29,7,5,False,False,True,False,False,30,27,32,9,14,11,1,22,1,8,22,18,15
1516,MC_SC_17_s03L_962,29,5,3,False,False,True,False,False,0,17,19,60,28,3,14,23,0,21,8,2,0
1518,MC_SC_17_s03L_963,29,4,3,False,False,True,False,False,1,17,32,0,58,104,12,12,68,6,14,31,22
1520,MC_SC_17_s03L_964,29,5,3,False,False,True,False,False,0,28,60,2,70,97,4,15,35,33,8,64,28
1522,MC_SC_17_s03L_965,29,7,3,False,False,True,False,False,97,93,93,67,33,38,41,53,4,3,49,67,9
1523,MC_SC_17_s03L_966,29,6,3,False,False,True,False,False,0,42,30,0,22,33,47,20,37,1,39,30,47
1524,MC_SC_17_s03L_967,29,3,2,False,False,False,True,False,0,27,62,6,10,24,51,17,22,0,7,25,5
1525,MC_SC_17_s03L_968,29,5,2,False,False,True,False,False,76,39,17,37,28,5,12,12,2,0,7,36,20
1526,MC_SC_17_s03L_969,29,5,3,False,False,False,True,False,0,23,36,9,34,46,49,12,0,36,12,38,43
1528,MC_SC_17_s03L_970,29,5,4,False,False,False,False,True,104,49,2,9,13,32,49,20,22,131,27,23,44
1529,MC_SC_17_s03L_971,29,3,2,False,False,False,True,False,0,6,15,0,0,0,6,10,22,8,7,0,3
1531,MC_SC_17_s03L_972,29,4,2,False,False,False,True,False,0,42,92,2,17,20,72,31,54,4,11,59,25
1532,MC_SC_17_s03L_973,29,6,3,False,False,False,True,False,1,41,112,2,3,3,54,38,23,38,20,8,12
1533,MC_SC_17_s03L_974,30,3,2,False,False,False,True,False,0,6,5,0,0,0,3,4,0,0,5,14,0
1534,MC_SC_17_s03L_975,30,4,2,False,False,False,True,False,0,10,0,4,0,0,4,9,0,0,4,4,0
1535,MC_SC_17_s03L_976,30,4,2,False,False,True,False,False,0,20,48,0,0,1,4,0,9,0,4,5,1
1536,MC_SC_17_s03L_977,30,4,2,False,False,True,False,False,53,23,5,5,102,11,58,26,49,6,25,47,27
1539,MC_SC_17_s03L_978,30,7,3,False,False,False,True,False,6,19,17,24,6,39,1,11,3,94,55,55,35
1541,MC_SC_17_s03L_979,30,4,3,False,False,False,True,False,11,38,4,1,9,2,4,35,19,45,27,10,5
1542,MC_SC_17_s03L_980,30,5,3,False,False,False,True,False,0,9,12,2,21,16,5,7,19,36,26,5,25
1550,MC_SC_17_s03L_981,30,5,2,False,False,True,False,False,1,69,17,7,14,20,45,24,43,40,22,76,1
1552,MC_SC_17_s03L_982,30,5,3,False,False,True,False,False,2,62,9,6,9,2,59,20,28,60,42,15,2
1553,MC_SC_17_s03L_983,30,6,3,False,False,False,True,False,0,68,2,2,3,39,17,3,15,7,18,4,6
1555,MC_SC_17_s03L_984,30,6,4,False,False,True,False,False,193,88,49,75,94,43,25,38,26,149,51,21,35
1556,MC_SC_17_s03L_985,30,5,4,False,False,True,False,False,94,83,33,92,66,9,11,38,9,69,54,12,12
1557,MC_SC_17_s03L_986,30,6,3,False,False,True,False,False,0,53,15,0,2,7,1,9,25,2,6,9,0
1558,MC_SC_17_s03L_987,30,5,2,False,False,False,True,False,3,23,23,5,5,55,11,27,5,14,23,39,28
1560,MC_SC_17_s03L_988,30,3,2,False,False,False,True,False,0,11,0,3,0,0,7,6,0,0,5,21,0
1561,MC_SC_17_s03L_989,30,5,2,False,False,False,False,True,130,25,9,4,69,9,7,2,3,0,6,74,12
1562,MC_SC_17_s03L_990,30,6,2,False,False,False,True,False,0,118,3,0,0,56,28,17,48,0,28,12,6
1564,MC_SC_17_s03L_991,30,5,3,False,False,True,False,False,0,72,23,44,83,7,1,19,48,13,50,6,22
1565,MC_SC_17_s03L_992,30,7,5,False,False,True,False,False,2,60,46,47,211,34,48,19,84,0,68,4,13
1568,MC_SC_17_s03L_993,30,8,3,False,False,True,False,False,3,97,50,6,18,16,11,18,70,88,37,45,2
1572,MC_SC_17_s03L_994,30,3,1,False,False,False,True,False,0,5,0,0,0,1,2,21,1,7,0,1,0
1574,MC_SC_17_s03L_995,30,6,2,False,False,True,False,False,2,47,28,3,6,14,42,41,71,97,47,43,9
1576,MC_SC_17_s03L_996,30,5,2,False,False,True,False,False,0,20,11,3,16,0,0,21,17,8,23,15,2
1577,MC_SC_17_s03L_997,30,6,4,False,False,True,False,False,118,69,18,43,27,11,4,13,3,101,50,11,47
1578,MC_SC_17_s03L_998,30,6,3,False,False,False,True,False,0,25,10,7,0,18,6,10,45,0,7,6,40
1580,MC_SC_17_s03L_999,30,7,4,False,False,True,False,False,1,32,43,18,10,19,55,37,33,49,71,22,26
1581,MC_SC_17_s03L_1000,30,3,2,False,False,True,False,False,1,19,12,31,0,1,29,25,6,2,12,24,1
1582,MC_SC_17_s03L_1001,30,3,1,False,False,False,True,False,0,39,4,44,13,4,13,21,14,7,8,30,18
1583,MC_SC_17_s03L_1002,30,5,3,False,False,False,True,False,0,38,11,23,14,5,22,14,10,3,7,47,45
1585,MC_SC_17_s03L_1003,30,3,1,False,False,False,True,False,0,15,22,0,1,8,12,6,0,6,6,5,12
1586,MC_SC_17_s03L_1004,30,5,3,False,False,True,False,False,59,40,29,2,13,0,14,28,16,0,12,22,15
1587,MC_SC_17_s03L_1005,30,7,4,False,False,False,True,True,1,124,62,2,3,73,12,19,54,0,35,29,34
1589,MC_SC_17_s03L_1006,30,6,4,False,False,False,True,False,1,40,6,4,1,9,1,7,14,0,3,17,15
1590,MC_SC_17_s03L_1007,30,5,1,False,False,False,False,True,155,77,2,1,68,7,32,9,41,0,7,218,26
1591,MC_SC_17_s03L_1008,30,3,2,False,False,False,True,False,0,7,35,0,1,0,24,13,9,0,7,27,22
1593,MC_SC_17_s03L_1009,30,3,2,False,False,False,False,True,62,54,23,5,3,5,13,21,25,114,31,38,32
1596,MC_SC_17_s03L_1010,30,8,3,False,False,False,True,False,0,11,28,0,1,7,25,10,0,25,24,7,17
1604,MC_SC_17_s03L_1011,31,5,3,False,False,True,False,False,62,25,21,0,49,13,9,11,17,0,17,22,40
1605,MC_SC_17_s03L_1012,31,5,4,False,False,False,True,False,0,5,20,0,0,2,0,4,14,3,11,4,2
1606,MC_SC_17_s03L_1013,31,6,3,False,False,False,True,False,0,1,13,0,0,0,0,2,13,0,14,4,16
1616,MC_SC_17_s03L_1014,31,3,1,False,False,True,False,False,149,48,23,18,71,16,30,23,28,73,16,36,11
1617,MC_SC_17_s03L_1015,31,5,4,False,False,True,False,False,5,47,15,2,3,1,8,32,41,4,5,50,15
1619,MC_SC_17_s03L_1016,31,5,2,False,False,True,False,False,65,49,30,27,9,4,49,21,11,6,42,38,8
1620,MC_SC_17_s03L_1017,31,4,2,False,False,True,False,False,131,23,27,23,30,31,17,10,28,26,24,5,25
1621,MC_SC_17_s03L_1018,31,7,3,False,False,True,False,False,0,48,12,14,29,7,6,7,32,3,27,1,11
1623,MC_SC_17_s03L_1019,31,6,3,False,True,True,False,False,2,171,12,3,54,0,7,21,43,0,27,32,3
1624,MC_SC_17_s03L_1020,31,3,1,False,False,True,False,False,59,17,18,8,37,4,41,39,29,2,20,21,7
1625,MC_SC_17_s03L_1021,31,4,2,False,False,False,True,False,0,5,22,21,12,10,17,13,17,2,12,18,2
1626,MC_SC_17_s03L_1022,31,6,3,False,False,False,True,False,0,16,2,1,38,0,0,19,7,22,11,12,15
1631,MC_SC_17_s03L_1023,31,5,2,False,False,False,True,False,0,10,13,4,5,26,31,26,87,60,11,100,21
1633,MC_SC_17_s03L_1024,31,5,3,False,True,True,False,False,0,24,10,3,0,0,22,21,22,11,18,31,6
1634,MC_SC_17_s03L_1025,31,5,3,False,False,True,False,False,0,69,46,3,2,2,63,21,53,0,35,30,0
1635,MC_SC_17_s03L_1026,31,5,2,False,False,False,True,False,0,24,8,1,0,0,14,6,17,19,8,0,2
1636,MC_SC_17_s03L_1027,31,6,3,False,False,True,False,False,1,29,36,15,7,10,5,15,35,46,19,6,21
1637,MC_SC_17_s03L_1028,31,7,5,False,False,False,True,False,1,32,27,7,1,41,4,24,5,91,35,10,17
1638,MC_SC_17_s03L_1029,31,5,2,False,False,False,True,False,0,37,20,57,15,13,12,8,25,1,6,30,20
1639,MC_SC_17_s03L_1030,31,7,3,False,False,False,True,False,0,11,43,1,0,15,3,17,17,39,20,24,22
1640,MC_SC_17_s03L_1031,31,9,5,False,False,True,False,False,161,56,32,72,68,23,3,35,33,221,97,4,33
1642,MC_SC_17_s03L_1032,31,5,2,False,False,False,True,False,0,17,2,2,0,13,11,12,37,6,9,57,7
1644,MC_SC_17_s03L_1033,31,3,2,False,False,False,True,False,0,16,45,0,12,40,12,7,35,0,24,47,22
1645,MC_SC_17_s03L_1034,31,7,4,False,False,True,False,False,104,34,29,38,31,11,5,28,19,45,34,5,22
1646,MC_SC_17_s03L_1035,31,5,2,False,False,True,False,False,47,16,9,28,5,3,0,17,5,9,14,1,19
1647,MC_SC_17_s03L_1036,31,5,3,False,False,False,True,False,0,19,36,0,12,9,46,12,1,1,5,25,27
1648,MC_SC_17_s03L_1037,31,9,3,False,False,False,False,True,25,30,17,3,1,5,60,11,4,56,32,0,7
1649,MC_SC_17_s03L_1038,31,5,3,False,False,False,False,True,34,40,40,1,4,3,54,12,2,5,18,26,3
1651,MC_SC_17_s03L_1039,31,6,3,False,False,False,False,True,37,57,17,4,2,9,49,12,14,157,29,30,31
1656,MC_SC_17_s03L_1040,32,5,4,False,False,False,True,False,0,4,0,5,1,0,4,11,0,0,0,13,0
1669,MC_SC_17_s03L_1041,32,4,3,False,False,True,False,False,96,28,3,1,19,6,15,15,2,3,23,14,52
1670,MC_SC_17_s03L_1042,32,4,2,False,False,True,False,False,11,9,11,6,41,5,8,10,10,9,4,7,2
1674,MC_SC_17_s03L_1043,32,7,3,False,False,False,True,False,0,15,17,1,0,3,5,5,9,37,13,2,10
1675,MC_SC_17_s03L_1044,32,7,4,False,False,False,True,False,0,19,14,1,23,19,10,9,14,34,30,6,24
1676,MC_SC_17_s03L_1045,32,5,2,False,False,False,True,False,1,22,12,2,48,0,2,22,1,40,21,3,21
1677,MC_SC_17_s03L_1046,32,5,3,False,False,False,True,False,1,26,13,58,37,9,32,9,35,34,16,36,31
1678,MC_SC_17_s03L_1047,32,3,2,False,False,True,False,False,45,31,2,1,7,2,5,14,8,2,0,11,11
1679,MC_SC_17_s03L_1048,32,3,2,False,False,False,True,False,0,29,32,0,0,57,18,11,16,6,17,13,10
1682,MC_SC_17_s03L_1049,32,6,3,False,False,True,False,False,111,22,9,1,21,8,4,20,9,9,12,13,42
1683,MC_SC_17_s03L_1050,32,6,4,False,False,False,True,False,2,60,1,0,0,44,27,6,40,0,28,10,7
1684,MC_SC_17_s03L_1051,32,4,3,False,False,True,False,False,60,22,23,2,30,12,21,13,27,1,21,17,7
1685,MC_SC_17_s03L_1052,32,5,2,False,False,False,True,False,3,113,9,9,6,67,26,6,52,0,23,4,7
1686,MC_SC_17_s03L_1053,32,7,3,False,False,False,True,False,0,41,17,0,19,26,10,10,11,0,15,18,9
1690,MC_SC_17_s03L_1054,32,4,3,False,False,True,False,False,0,14,11,45,22,24,29,13,3,1,27,11,15
1694,MC_SC_17_s03L_1055,32,9,4,False,False,False,True,False,0,33,26,4,2,57,32,25,54,46,42,33,23
1695,MC_SC_17_s03L_1056,32,3,2,False,False,True,False,False,40,22,14,7,5,0,5,5,2,21,16,16,12
1696,MC_SC_17_s03L_1057,32,7,4,False,False,True,False,False,1,34,22,8,47,0,1,28,39,10,45,15,4
1698,MC_SC_17_s03L_1058,32,6,4,False,False,False,True,False,1,129,59,2,20,2,1,8,18,34,49,6,49
1700,MC_SC_17_s03L_1059,32,3,2,False,False,False,True,False,0,14,49,0,0,0,7,6,9,0,16,3,2
1701,MC_SC_17_s03L_1060,32,9,5,False,False,False,True,False,0,53,7,18,31,10,31,5,31,0,32,28,57
1702,MC_SC_17_s03L_1061,32,4,3,False,False,True,False,False,44,26,45,0,35,11,6,27,32,17,19,5,17
1707,MC_SC_17_s03L_1062,33,6,3,False,False,False,True,False,0,32,9,0,2,18,7,3,19,0,22,26,0
1708,MC_SC_17_s03L_1063,33,5,2,False,False,False,True,False,0,4,0,6,1,33,4,6,0,0,7,39,7
1713,MC_SC_17_s03L_1064,33,4,2,False,False,False,False,True,202,32,91,7,11,40,12,11,4,16,19,227,26
1714,MC_SC_17_s03L_1065,33,6,3,False,False,False,True,False,0,11,4,0,0,1,11,7,15,0,12,9,4
1715,MC_SC_17_s03L_1066,33,5,3,False,False,False,True,False,0,63,31,15,1,11,0,8,0,3,6,3,3
1717,MC_SC_17_s03L_1067,33,8,6,False,False,False,True,False,0,21,42,10,17,30,38,23,46,197,85,13,38
1718,MC_SC_17_s03L_1068,33,6,3,False,False,True,False,False,0,43,15,4,1,5,9,23,41,23,18,11,44
1719,MC_SC_17_s03L_1069,33,7,5,False,True,False,True,False,6,41,7,40,13,49,4,18,2,116,35,61,47
1720,MC_SC_17_s03L_1070,33,6,3,False,False,True,False,False,0,79,13,2,9,4,2,6,33,9,20,8,5
1722,MC_SC_17_s03L_1071,33,8,5,False,False,True,False,False,0,160,21,2,24,12,6,28,56,18,25,23,3
1725,MC_SC_17_s03L_1072,33,4,3,False,False,True,False,False,0,16,28,0,10,2,1,10,13,6,7,5,0
1726,MC_SC_17_s03L_1073,33,8,4,False,False,True,False,False,0,75,25,2,7,6,28,21,51,30,29,23,6
1727,MC_SC_17_s03L_1074,33,4,2,False,False,True,False,False,24,63,23,20,31,6,5,4,0,5,27,4,14
1729,MC_SC_17_s03L_1075,33,7,2,False,False,False,True,False,0,24,22,1,19,2,20,11,23,55,27,9,27
1731,MC_SC_17_s03L_1076,33,3,2,False,False,False,True,False,1,16,11,4,1,10,11,13,39,0,12,53,6
1732,MC_SC_17_s03L_1077,33,2,1,False,False,False,True,False,2,61,6,52,18,2,23,11,19,2,12,33,37
1734,MC_SC_17_s03L_1078,33,4,2,False,False,True,False,False,39,22,4,44,31,6,22,20,31,16,28,14,7
1738,MC_SC_17_s03L_1079,33,2,2,False,False,False,True,False,1,44,38,0,0,3,2,10,13,22,21,32,27
1739,MC_SC_17_s03L_1080,33,2,2,False,False,False,True,False,0,13,64,0,10,10,25,9,1,11,9,3,32
1741,MC_SC_17_s03L_1081,33,5,3,False,False,False,True,False,0,16,22,2,6,10,13,4,14,0,9,21,23
1742,MC_SC_17_s03L_1082,33,3,3,False,False,True,False,False,37,20,6,32,8,1,17,12,0,2,15,3,2
1743,MC_SC_17_s03L_1083,33,5,3,False,False,False,True,False,0,29,0,23,0,1,4,5,9,0,0,10,20
1744,MC_SC_17_s03L_1084,33,3,2,False,False,False,True,False,0,20,35,3,16,21,13,4,0,0,4,19,21
1745,MC_SC_17_s03L_1085,33,8,5,False,False,False,True,False,0,40,83,5,7,15,40,17,64,8,18,27,57
1747,MC_SC_17_s03L_1086,33,8,6,False,False,False,True,False,0,53,30,9,0,25,35,11,50,0,17,25,27
1750,MC_SC_17_s03L_1087,33,7,4,False,False,False,False,True,71,75,16,6,7,56,30,37,72,228,31,38,29
1752,MC_SC_17_s03L_1088,33,5,3,False,False,False,False,True,71,25,7,9,1,3,11,14,43,131,29,32,52
1753,MC_SC_17_s03L_1089,33,6,4,False,False,True,False,False,82,45,74,85,54,8,51,42,2,21,27,45,47
1755,MC_SC_17_s03L_1090,33,8,3,False,False,True,False,False,37,42,17,20,5,6,7,18,0,2,17,25,15
1760,MC_SC_17_s03L_1091,34,2,1,False,False,True,False,False,45,31,7,6,30,9,23,13,35,3,12,21,39
1763,MC_SC_17_s03L_1092,34,7,4,False,False,False,True,False,1,11,12,6,6,61,15,39,8,104,61,54,51
1766,MC_SC_17_s03L_1093,34,5,3,False,False,True,False,False,54,7,11,4,21,18,24,24,24,23,36,31,46
1767,MC_SC_17_s03L_1094,34,6,4,False,False,True,False,False,0,14,58,1,34,80,0,13,26,16,23,22,14
1769,MC_SC_17_s03L_1095,34,6,5,False,False,False,True,False,0,42,13,3,19,6,2,8,20,43,23,2,0
1770,MC_SC_17_s03L_1096,34,7,4,False,False,True,False,False,3,15,15,50,41,16,44,10,1,29,30,8,3
1771,MC_SC_17_s03L_1097,34,5,3,False,False,False,True,False,1,43,10,44,0,97,14,15,69,86,28,121,10
1772,MC_SC_17_s03L_1098,34,4,2,False,False,True,False,False,46,62,4,0,34,3,37,8,3,4,19,43,43
1773,MC_SC_17_s03L_1099,34,2,2,False,False,True,False,False,0,34,10,0,0,61,14,15,27,0,16,30,3
1774,MC_SC_17_s03L_1100,34,5,4,False,False,True,False,False,0,114,16,2,23,0,16,11,83,0,6,33,3
1775,MC_SC_17_s03L_1101,34,7,4,False,False,True,False,False,0,146,23,2,41,4,1,10,59,0,23,16,5
1779,MC_SC_17_s03L_1102,34,6,5,False,False,False,True,False,0,16,23,3,0,56,10,20,37,24,21,28,27
1780,MC_SC_17_s03L_1103,34,6,3,False,False,False,True,False,0,30,34,1,1,3,37,18,18,0,27,62,38
1781,MC_SC_17_s03L_1104,34,7,5,False,False,False,False,True,94,103,111,1,12,8,31,5,49,121,22,34,16
1784,MC_SC_17_s03L_1105,34,5,2,False,False,False,True,False,0,11,15,3,8,10,22,4,0,10,7,12,21
1785,MC_SC_17_s03L_1106,34,7,5,False,False,False,True,False,0,50,65,8,6,8,30,22,63,12,30,32,54
1786,MC_SC_17_s03L_1107,34,7,5,False,False,False,False,True,33,46,28,3,0,38,95,12,34,242,60,37,21
1788,MC_SC_17_s03L_1108,34,7,3,False,False,False,False,True,85,42,1,2,6,17,3,14,42,178,16,7,10
1789,MC_SC_17_s03L_1109,34,6,2,False,False,False,False,True,67,72,27,7,3,11,7,11,26,164,41,23,26
1790,MC_SC_17_s03L_1110,34,7,4,False,False,True,False,False,116,53,26,57,60,18,2,24,20,117,119,26,43
1791,MC_SC_17_s03L_1111,34,7,4,False,False,False,True,False,0,20,50,2,4,7,17,12,4,29,17,19,17
1795,MC_SC_17_s03L_1112,35,6,4,False,False,True,False,False,1,109,14,1,1,0,7,21,77,8,1,54,1
1806,MC_SC_17_s03L_1113,35,5,2,False,False,True,False,False,1,52,15,5,13,9,23,22,44,74,25,9,5
1808,MC_SC_17_s03L_1114,35,6,5,False,False,False,True,False,3,135,10,8,2,81,46,18,63,140,62,7,16
1809,MC_SC_17_s03L_1115,35,6,2,False,False,True,False,False,111,17,25,4,43,58,39,33,43,25,34,10,35
1810,MC_SC_17_s03L_1116,35,6,4,False,False,True,False,False,0,126,16,2,9,1,22,14,54,19,29,19,13
1812,MC_SC_17_s03L_1117,35,6,5,False,False,False,True,False,0,150,20,5,3,49,1,5,24,88,29,0,4
1813,MC_SC_17_s03L_1118,35,3,1,False,False,True,False,False,71,39,7,0,19,12,17,13,1,14,40,18,40
1816,MC_SC_17_s03L_1119,35,5,4,False,False,False,True,False,0,13,8,22,1,92,9,12,63,8,8,63,9
1821,MC_SC_17_s03L_1120,35,3,1,False,False,False,True,False,0,24,28,9,10,28,45,16,1,16,10,33,31
1830,MC_SC_17_s03L_1121,35,6,3,False,False,True,False,False,3,51,31,24,50,51,91,38,76,38,51,38,50
1831,MC_SC_17_s03L_1122,35,5,3,False,True,False,True,False,1,13,25,3,0,19,11,21,42,5,10,16,23
1837,MC_SC_17_s03L_1123,35,4,2,False,False,False,True,False,0,26,47,1,0,4,0,3,5,24,10,25,11
1838,MC_SC_17_s03L_1124,35,2,1,False,False,False,True,False,0,5,2,0,0,1,1,1,7,0,2,0,0
1841,MC_SC_17_s03L_1125,35,6,3,False,False,True,False,False,109,19,80,61,48,6,33,39,17,55,49,15,4
1846,MC_SC_17_s03L_1126,36,5,3,False,False,True,False,False,0,8,31,14,57,5,1,8,18,26,19,17,4
1848,MC_SC_17_s03L_1127,36,5,4,False,False,False,True,False,0,14,7,2,20,12,2,3,37,0,29,0,10
1857,MC_SC_17_s03L_1128,36,4,3,False,True,True,False,False,0,20,6,1,1,5,3,6,3,4,20,0,25
1858,MC_SC_17_s03L_1129,36,4,2,False,False,True,False,False,0,46,26,86,73,32,77,22,9,146,47,29,55
1860,MC_SC_17_s03L_1130,36,5,2,False,False,True,False,False,49,36,9,10,28,10,17,16,26,9,11,40,28
1863,MC_SC_17_s03L_1131,36,4,2,False,False,True,False,False,106,74,30,130,104,21,4,36,42,0,48,14,28
1867,MC_SC_17_s03L_1132,36,5,4,False,False,False,True,False,0,20,5,0,3,29,17,1,9,2,18,15,12
1868,MC_SC_17_s03L_1133,36,3,1,False,False,True,False,False,0,9,1,33,11,0,6,2,2,0,4,11,0
1870,MC_SC_17_s03L_1134,36,5,3,False,False,False,True,False,0,100,22,0,13,93,63,18,88,61,26,4,12
1871,MC_SC_17_s03L_1135,36,5,4,False,False,True,False,False,0,67,1,82,67,15,61,13,1,22,20,14,14
1872,MC_SC_17_s03L_1136,36,5,2,False,False,False,True,False,0,10,4,0,0,27,3,7,23,8,10,9,5
1874,MC_SC_17_s03L_1137,36,4,2,False,False,False,True,False,0,2,4,1,3,7,2,8,14,24,29,12,5
1879,MC_SC_17_s03L_1138,36,5,4,False,False,False,True,False,0,11,24,2,1,29,4,9,24,8,25,19,14
1880,MC_SC_17_s03L_1139,36,5,3,False,True,True,False,False,1,29,86,29,1,8,2,22,48,94,22,11,41
1883,MC_SC_17_s03L_1140,36,5,3,False,False,False,True,False,0,17,3,4,28,0,1,23,7,65,37,19,39
1893,MC_SC_17_s03L_1141,36,5,3,False,False,False,False,True,46,38,8,3,0,21,40,5,41,30,14,36,18
1897,MC_SC_17_s03L_1142,37,4,3,False,False,False,True,False,7,14,38,3,11,14,5,17,39,69,45,16,29
1898,MC_SC_17_s03L_1143,37,4,3,False,False,True,False,False,0,43,14,2,7,0,63,30,58,25,29,37,4
1909,MC_SC_17_s03L_1144,37,4,4,False,False,False,True,False,13,39,10,22,10,32,6,33,11,132,66,69,89
1914,MC_SC_17_s03L_1145,37,4,2,False,False,True,False,False,96,25,27,38,18,32,19,29,11,108,45,19,11
1915,MC_SC_17_s03L_1146,37,4,3,False,False,True,False,False,81,56,26,30,35,16,43,15,28,58,25,28,19
1916,MC_SC_17_s03L_1147,37,4,3,False,False,False,True,False,5,11,18,7,7,3,3,9,8,16,44,28,0
1918,MC_SC_17_s03L_1148,37,4,3,False,False,True,False,False,0,103,16,0,2,0,5,21,46,3,8,17,1
1919,MC_SC_17_s03L_1149,37,4,3,False,False,True,False,False,0,145,9,2,2,0,7,12,68,19,16,31,3
1925,MC_SC_17_s03L_1150,37,4,2,False,False,True,False,False,94,77,13,1,18,5,27,13,7,4,22,31,32
1927,MC_SC_17_s03L_1151,37,4,2,False,False,False,True,False,1,36,21,5,1,13,6,18,10,26,16,27,13
1932,MC_SC_17_s03L_1152,37,4,1,False,True,True,False,False,14,59,63,4,14,7,37,31,89,101,38,34,3
1933,MC_SC_17_s03L_1153,37,4,2,False,False,False,True,False,0,4,10,1,2,5,0,3,17,40,12,3,8
1938,MC_SC_17_s03L_1154,37,4,2,False,False,False,True,False,1,8,17,1,0,2,3,10,21,25,15,21,21
1944,MC_SC_17_s03L_1155,37,4,2,False,False,True,False,False,0,30,77,0,4,2,39,7,37,2,7,23,4
1952,MC_SC_17_s03L_1156,38,3,3,False,False,False,True,False,2,30,2,54,5,52,6,21,2,13,3,53,26
1955,MC_SC_17_s03L_1157,38,3,3,False,False,True,False,False,50,14,6,8,22,0,4,22,66,27,28,27,4
1962,MC_SC_17_s03L_1158,38,3,2,False,False,False,True,False,0,24,10,6,0,7,29,13,59,20,24,97,5
1974,MC_SC_17_s03L_1159,38,3,2,False,False,True,False,False,2,15,15,72,14,8,23,20,6,12,30,24,3
1983,MC_SC_17_s03L_1160,38,3,3,False,False,True,False,False,1,86,12,0,2,1,1,1,28,11,12,1,2
1986,MC_SC_17_s03L_1161,38,3,2,False,True,False,True,False,0,1,22,0,2,2,0,0,17,0,13,13,0
2034,MC_SC_17_s03L_1162,39,2,2,False,False,False,True,False,3,9,8,9,2,2,3,3,2,5,10,2,2
2038,MC_SC_17_s03L_1163,39,2,2,False,False,True,False,False,1,18,6,46,24,0,0,0,2,3,26,20,0
2079,MC_SC_17_s03L_1164,28,1,1,True,False,True,False,False,0,21,104,11,22,13,6,17,63,36,6,15,2
2080,MC_SC_17_s03L_1165,32,1,1,False,True,False,True,False,1,127,14,23,0,97,16,27,83,159,48,8,9
2081,MC_SC_17_s03L_1166,13,1,1,False,True,True,False,False,5,28,15,5,0,0,56,27,40,9,25,84,2
2082,MC_SC_17_s03L_1167,11,1,1,False,True,True,False,False,85,13,34,2,34,17,3,35,24,60,21,7,34
2083,MC_SC_17_s03L_1168,29,1,1,False,True,True,False,False,68,16,27,1,19,15,25,23,20,15,12,12,33
2084,MC_SC_17_s03L_1169,20,1,1,False,True,True,False,False,0,66,4,5,3,3,28,31,30,11,36,64,2
2085,MC_SC_17_s03L_1170,31,1,1,False,True,True,False,False,2,32,10,1,14,1,33,26,32,13,30,38,8
2086,MC_SC_17_s03L_1171,33,1,1,False,True,True,False,False,124,98,54,128,136,17,42,51,47,121,66,36,44
2087,MC_SC_17_s03L_1172,39,1,1,True,False,True,False,False,147,16,40,57,93,97,34,44,84,99,82,75,83
2088,MC_SC_17_s03L_1173,33,1,1,True,False,True,False,False,5,120,33,9,16,0,33,41,82,89,15,53,14
2089,MC_SC_17_s03L_1174,30,1,1,False,True,True,False,False,132,70,14,6,32,14,52,25,7,82,37,26,26
2090,MC_SC_17_s03L_1175,29,1,1,True,False,True,False,False,0,71,55,72,96,9,25,34,61,0,49,28,43
2091,MC_SC_17_s03L_1176,14,1,1,False,True,False,True,False,1,14,26,17,3,0,22,10,31,15,11,3,1
